554.257826, 0.099979, 0.042906, 5500, 0, 0
554.259143, 0.099980, 0.040755, 5225, 0, 5
554.258693, 0.099978, 0.038642, 4950, 0, 10
554.258600, 0.099979, 0.036459, 4675, 0, 15
554.258738, 0.099977, 0.034326, 4400, 0, 20
554.259051, 0.099979, 0.032240, 4125, 0, 25
554.259551, 0.099980, 0.029891, 3850, 0, 30
554.258996, 0.099980, 0.027641, 3575, 0, 35
554.259196, 0.099984, 0.025314, 3300, 0, 40
554.258346, 0.099987, 0.023360, 3025, 0, 45
554.257489, 0.099988, 0.021376, 2750, 0, 50
554.256146, 0.100001, 0.019394, 2475, 0, 55
554.255614, 0.100003, 0.017338, 2200, 0, 60
554.258424, 0.100005, 0.015101, 1925, 0, 65
554.258753, 0.099992, 0.012931, 1650, 0, 70
554.261984, 0.099980, 0.010727, 1375, 0, 75
554.264042, 0.099961, 0.008633, 1100, 0, 80
554.277815, 0.099920, 0.006570, 825, 0, 85
554.273662, 0.099922, 0.004473, 550, 0, 90
554.284100, 0.099977, 0.002184, 275, 0, 95
553.010020, 0.139473, 68783.343152, 5500, 2, 0
553.391875, 0.136992, 65039.979350, 5225, 2, 5
553.939568, 0.128679, 61555.373074, 4950, 2, 10
554.539454, 0.119175, 57957.709993, 4675, 2, 15
554.864263, 0.122559, 54031.060996, 4400, 2, 20
555.463824, 0.130584, 51074.418704, 4125, 2, 25
555.991131, 0.145739, 48297.242808, 3850, 2, 30
556.294624, 0.166409, 45464.716022, 3575, 2, 35
556.509230, 0.198515, 42520.521249, 3300, 2, 40
554.777701, 0.203023, 39626.292331, 3025, 2, 45
552.197885, 0.191680, 36696.917501, 2750, 2, 50
548.354419, 0.181255, 33666.649834, 2475, 2, 55
541.159826, 0.195501, 30444.898804, 2200, 2, 60
539.795801, 0.194202, 27024.040819, 1925, 2, 65
543.052672, 0.150665, 23546.047283, 1650, 2, 70
549.609788, 0.072933, 19933.854019, 1375, 2, 75
556.895562, -0.066151, 15925.178063, 1100, 2, 80
558.763366, -0.131681, 11848.815291, 825, 2, 85
559.655532, -0.133431, 7834.129202, 550, 2, 90
560.739883, -0.104100, 3887.966769, 275, 2, 95
609.708673, 0.039780, 253715.316719, 5500, 4, 0
608.497122, 0.040421, 239504.937832, 5225, 4, 5
605.947110, 0.032840, 225797.734585, 4950, 4, 10
602.009959, 0.019361, 211775.429627, 4675, 4, 15
594.646051, -0.011001, 196943.579596, 4400, 4, 20
594.885185, -0.037757, 182240.777993, 4125, 4, 25
596.552706, -0.064995, 167566.413887, 3850, 4, 30
596.939976, -0.100941, 152810.394690, 3575, 4, 35
594.148518, -0.147474, 137863.007003, 3300, 4, 40
596.774612, -0.224873, 127563.971824, 3025, 4, 45
599.386044, -0.259189, 118389.054270, 2750, 4, 50
601.626392, -0.284340, 109211.303435, 2475, 4, 55
605.786269, -0.320110, 99708.336371, 2200, 4, 60
603.472049, -0.337054, 88530.068786, 1925, 4, 65
549.127820, 0.303654, 77466.016664, 1650, 4, 70
536.412934, 0.382115, 65524.959914, 1375, 4, 75
518.182158, 0.417311, 53301.903555, 1100, 4, 80
520.244351, 0.419283, 40151.602235, 825, 4, 85
526.106020, 0.496117, 26732.939409, 550, 4, 90
540.895466, 0.723876, 13316.923474, 275, 4, 95
560.134642, 0.094247, 632682.324969, 5500, 6, 0
559.588154, 0.099388, 600509.912402, 5225, 6, 5
559.857195, 0.099528, 569931.882490, 4950, 6, 10
560.654044, 0.102861, 538472.293777, 4675, 6, 15
564.711942, 0.121528, 505545.632092, 4400, 6, 20
571.385766, 0.110554, 476821.243603, 4125, 6, 25
580.256935, 0.092318, 447980.254960, 3850, 6, 30
588.971260, 0.071207, 417930.205959, 3575, 6, 35
586.026886, 0.034973, 385117.167907, 3300, 6, 40
577.267272, 0.021478, 355057.400127, 3025, 6, 45
568.999585, -0.002030, 325465.148347, 2750, 6, 50
563.045461, -0.057659, 294899.069296, 2475, 6, 55
568.530005, -0.185236, 261460.714891, 2200, 6, 60
575.876496, -0.233031, 229279.149883, 1925, 6, 65
585.537819, -0.245518, 198149.461859, 1650, 6, 70
600.030302, -0.228816, 166806.783465, 1375, 6, 75
624.156973, -0.325639, 134332.760288, 1100, 6, 80
632.345431, -1.108452, 99872.479367, 825, 6, 85
654.829204, -1.462091, 66537.516851, 550, 6, 90
687.573993, -1.865759, 33272.110479, 275, 6, 95
561.170428, 0.091597, 983978.204373, 5500, 8, 0
551.606322, 0.115883, 927501.023303, 5225, 8, 5
542.343644, 0.117619, 870361.428649, 4950, 8, 10
533.501710, 0.110990, 811092.292125, 4675, 8, 15
527.525490, 0.143589, 748778.120338, 4400, 8, 20
528.573752, 0.151492, 692348.490878, 4125, 8, 25
530.065092, 0.146215, 637911.567097, 3850, 8, 30
531.340609, 0.136733, 582726.122249, 3575, 8, 35
549.983175, -0.037791, 524841.141533, 3300, 8, 40
568.638638, 0.007674, 484726.914890, 3025, 8, 45
577.223453, 0.004376, 448083.835879, 2750, 8, 50
534.708983, 0.111544, 408110.834121, 2475, 8, 55
543.714008, 0.103474, 366963.200898, 2200, 8, 60
530.095721, 0.126882, 326172.105433, 1925, 8, 65
520.279002, 0.190768, 285308.769695, 1650, 8, 70
494.927818, 0.321404, 243718.864384, 1375, 8, 75
411.108210, 1.524941, 197999.579162, 1100, 8, 80
411.650912, 1.820141, 148555.263182, 825, 8, 85
405.188454, 2.270639, 99211.349416, 550, 8, 90
399.085846, 2.710247, 49777.521368, 275, 8, 95
558.934709, 0.330270, 1524914.309320, 5500, 10, 0
555.059540, 0.308713, 1444014.503596, 5225, 10, 5
547.450322, 0.285029, 1366943.361085, 4950, 10, 10
536.740571, 0.249164, 1288300.011746, 4675, 10, 15
518.607648, 0.173377, 1206450.956433, 4400, 10, 20
510.678432, 0.127437, 1143769.493913, 4125, 10, 25
504.918247, 0.106784, 1085210.552342, 3850, 10, 30
494.292523, 0.102525, 1025292.035280, 3575, 10, 35
462.605876, 0.077507, 960944.768029, 3300, 10, 40
452.702569, 0.092393, 877058.884253, 3025, 10, 45
451.069931, 0.107256, 786726.250292, 2750, 10, 50
452.091051, 0.133028, 693887.322218, 2475, 10, 55
501.485294, -0.876118, 586128.444362, 2200, 10, 60
498.302677, -0.998015, 508734.863943, 1925, 10, 65
492.736388, -1.068370, 445295.067755, 1650, 10, 70
481.395949, -1.094517, 381564.896027, 1375, 10, 75
477.017029, -1.156142, 315600.967553, 1100, 10, 80
481.398332, -1.238699, 237393.206871, 825, 10, 85
496.874309, -1.349278, 156921.985522, 550, 10, 90
532.517557, -1.218557, 77769.195075, 275, 10, 95
617.679987, -0.112043, 2410900.856043, 5500, 12, 0
620.543355, -0.111600, 2299503.271168, 5225, 12, 5
623.760570, -0.098927, 2208319.861974, 4950, 12, 10
630.009921, -0.079939, 2115245.921946, 4675, 12, 15
631.450316, -0.043435, 2019119.533615, 4400, 12, 20
635.379349, -0.021877, 1907372.686551, 4125, 12, 25
668.238648, -0.296295, 1789920.741945, 3850, 12, 30
736.129965, 0.013203, 1671852.634036, 3575, 12, 35
743.946607, 0.006533, 1544940.618295, 3300, 12, 40
769.961628, 0.004458, 1425217.722771, 3025, 12, 45
712.673665, -0.006906, 1308328.416374, 2750, 12, 50
728.551244, -0.040956, 1189014.783798, 2475, 12, 55
789.849186, -0.110944, 1058580.289512, 2200, 12, 60
513.217223, 1.916991, 950748.022074, 1925, 12, 65
519.550016, 1.930811, 857177.796038, 1650, 12, 70
544.795680, 1.611437, 761919.652650, 1375, 12, 75
617.067570, 0.887231, 660292.302213, 1100, 12, 80
683.258349, 0.236354, 503909.876145, 825, 12, 85
637.591267, -0.402948, 334219.153743, 550, 12, 90
603.895046, -1.627965, 165453.696143, 275, 12, 95
597.265321, 0.159546, 3041193.477507, 5500, 14, 0
588.635672, 0.244116, 2890214.067489, 5225, 14, 5
584.391388, 0.276777, 2745125.109080, 4950, 14, 10
571.081759, 0.322614, 2598343.940365, 4675, 14, 15
526.857091, 0.509372, 2444786.871669, 4400, 14, 20
508.177489, 0.655615, 2289675.222941, 4125, 14, 25
485.285796, 1.046495, 2131182.236808, 3850, 14, 30
464.092221, 1.713054, 1964630.523770, 3575, 14, 35
454.373866, 2.078911, 1777931.163234, 3300, 14, 40
450.661511, 2.301304, 1643043.335879, 3025, 14, 45
444.429745, 2.416210, 1522643.617570, 2750, 14, 50
434.753907, 2.476972, 1399973.586935, 2475, 14, 55
415.226748, 2.146287, 1263937.435222, 2200, 14, 60
396.400008, 1.580796, 1100542.156888, 1925, 14, 65
380.187763, 0.630428, 933046.723868, 1650, 14, 70
378.821338, -0.695403, 760842.069522, 1375, 14, 75
326.643521, -0.888951, 582279.302160, 1100, 14, 80
313.651211, -1.064990, 427489.769821, 825, 14, 85
303.771965, -1.188900, 283236.660566, 550, 14, 90
292.082006, -1.358603, 140763.394065, 275, 14, 95
485.302488, 0.197866, 4010033.006544, 5500, 16, 0
483.136387, 0.184835, 3771562.082600, 5225, 16, 5
481.803209, 0.152059, 3535950.348093, 4950, 16, 10
480.967588, 0.120078, 3296545.440653, 4675, 16, 15
485.426037, 0.096884, 3048717.966328, 4400, 16, 20
523.103574, 0.180978, 2852848.855716, 4125, 16, 25
521.544291, 0.245791, 2678770.620329, 3850, 16, 30
507.559340, 0.306322, 2502256.141444, 3575, 16, 35
469.471908, 0.348500, 2320519.306106, 3300, 16, 40
460.363999, 0.360876, 2116953.416530, 3025, 16, 45
462.891029, 0.373995, 1907443.812762, 2750, 16, 50
475.879563, 0.373920, 1694133.837093, 2475, 16, 55
546.927185, -1.525964, 1476272.796376, 2200, 16, 60
545.446672, -1.643539, 1310316.642782, 1925, 16, 65
528.024968, -1.713688, 1160516.027500, 1650, 16, 70
501.039046, -1.762065, 1010156.204471, 1375, 16, 75
468.698251, -1.947338, 855321.994525, 1100, 16, 80
642.021104, 0.054475, 644243.240891, 825, 16, 85
457.268811, -2.230551, 435175.611316, 550, 16, 90
459.136235, -2.443629, 217408.387420, 275, 16, 95
452.055357, 0.107488, 5433314.846738, 5500, 18, 0
441.281828, 0.234958, 5169941.062997, 5225, 18, 5
461.087152, 0.194339, 4906525.041774, 4950, 18, 10
507.619318, 0.013198, 4638560.613316, 4675, 18, 15
582.417473, -0.043586, 4364490.430384, 4400, 18, 20
523.863867, -0.739282, 4053783.902162, 4125, 18, 25
500.306732, 0.186584, 3744105.215183, 3850, 18, 30
479.283984, 0.176336, 3423913.923969, 3575, 18, 35
448.830312, -0.081973, 3084527.937097, 3300, 18, 40
440.956565, -0.106138, 2824239.198344, 3025, 18, 45
440.727376, -0.218240, 2578922.108982, 2750, 18, 50
439.561771, -0.292469, 2329798.908677, 2475, 18, 55
407.423334, 1.880632, 2066333.463246, 2200, 18, 60
396.708806, 1.884992, 1828277.458482, 1925, 18, 65
379.346607, 1.955497, 1597659.421997, 1650, 18, 70
363.300430, 1.923211, 1364669.181074, 1375, 18, 75
359.595685, -0.370468, 1102482.497054, 1100, 18, 80
341.913724, -0.298762, 830505.151184, 825, 18, 85
245.552404, -0.875955, 550642.313933, 550, 18, 90
293.730425, -1.726501, 271954.137863, 275, 18, 95
812.951707, -0.383034, 6609882.339234, 5500, 20, 0
801.768356, -0.398310, 6301048.568433, 5225, 20, 5
782.918962, -0.393352, 6016456.036330, 4950, 20, 10
756.395740, -0.363286, 5722694.010683, 4675, 20, 15
719.078029, -0.259060, 5407409.372777, 4400, 20, 20
720.975658, -0.285876, 5065798.090971, 4125, 20, 25
729.168771, -0.294431, 4720297.973378, 3850, 20, 30
749.597862, -0.296868, 4372465.910777, 3575, 20, 35
677.475635, -0.065760, 4004851.807260, 3300, 20, 40
701.896589, 0.000732, 3679614.837959, 3025, 20, 45
726.761964, 0.002339, 3406692.845434, 2750, 20, 50
725.077045, 0.012464, 3128974.661345, 2475, 20, 55
686.887249, 0.039749, 2841259.816112, 2200, 20, 60
631.745474, 0.077161, 2509379.289188, 1925, 20, 65
546.822838, 0.112969, 2165265.629275, 1650, 20, 70
477.728011, 0.257387, 1803502.363494, 1375, 20, 75
357.009020, 0.869454, 1436275.198236, 1100, 20, 80
132.611819, 17.051782, 1054092.937634, 825, 20, 85
162.911194, 7.961700, 690879.398884, 550, 20, 90
355.089460, -0.544666, 339401.845060, 275, 20, 95
435.631445, 2.318477, 8414720.522299, 5500, 22, 0
428.317634, 2.593790, 7929767.999886, 5225, 22, 5
426.088331, 2.649262, 7464929.310797, 4950, 22, 10
424.811094, 2.632506, 6994163.043995, 4675, 22, 15
410.287527, 3.056365, 6506115.183499, 4400, 22, 20
396.224543, 3.234724, 6115926.070746, 4125, 22, 25
385.558672, 3.171598, 5746666.703822, 3850, 22, 30
379.456586, 2.808852, 5375029.956092, 3575, 22, 35
397.776578, 2.103549, 4962072.430311, 3300, 22, 40
373.610224, 4.623197, 4624854.470523, 3025, 22, 45
409.651598, 2.107761, 4302094.871204, 2750, 22, 50
394.017399, 2.516234, 3970562.727545, 2475, 22, 55
360.197980, 4.835258, 3610553.953934, 2200, 22, 60
330.280137, 7.662513, 3191078.269027, 1925, 22, 65
313.337778, 8.238234, 2757305.687512, 1650, 22, 70
295.952198, 6.979302, 2314257.494934, 1375, 22, 75
164.821508, 1.698499, 1804895.115416, 1100, 22, 80
120.318745, 3.163303, 1300731.491111, 825, 22, 85
279.534444, 0.573064, 880617.822506, 550, 22, 90
223.195296, 5.285987, 433931.883866, 275, 22, 95
801.029161, 0.166600, 8240919.626398, 5500, 24, 0
783.541687, 0.178040, 7782186.828143, 5225, 24, 5
673.507928, 0.315232, 7381627.232083, 4950, 24, 10
716.465956, 0.171120, 6932690.905405, 4675, 24, 15
627.876948, 0.130692, 6492479.702880, 4400, 24, 20
579.758205, -0.612475, 6141274.773578, 4125, 24, 25
592.384131, -0.727296, 5820202.452344, 3850, 24, 30
615.580945, -0.808397, 5494595.610164, 3575, 24, 35
766.542974, 0.062218, 5162311.679161, 3300, 24, 40
862.743592, 0.166275, 4775449.019927, 3025, 24, 45
910.667127, 0.174481, 4384538.298559, 2750, 24, 50
928.664947, -0.106013, 3988193.689126, 2475, 24, 55
801.966530, 0.856558, 3569807.772567, 2200, 24, 60
741.356740, 0.852925, 3147031.672790, 1925, 24, 65
787.790302, 0.631283, 2721945.269734, 1650, 24, 70
941.357715, 0.280027, 2303165.881471, 1375, 24, 75
1232.159153, 0.054297, 1878969.245779, 1100, 24, 80
1358.758684, 0.036870, 1409035.803833, 825, 24, 85
1414.639705, 0.158425, 931996.662643, 550, 24, 90
509.883216, -5.535988, 411782.092497, 275, 24, 95
606.880217, -0.232655, 9731527.488213, 5500, 26, 0
601.137191, -0.108964, 9192439.932035, 5225, 26, 5
601.538417, -0.016246, 8633469.704836, 4950, 26, 10
603.192246, 0.005767, 8068777.610658, 4675, 26, 15
589.285547, -0.234002, 7478329.198304, 4400, 26, 20
591.217494, -0.242381, 6968743.525740, 4125, 26, 25
591.811229, -0.216696, 6476718.803155, 3850, 26, 30
750.982579, -0.004253, 5959053.191953, 3575, 26, 35
767.381915, -0.005080, 5421320.775192, 3300, 26, 40
754.044051, -0.000691, 4920004.869898, 3025, 26, 45
750.369511, -0.000127, 4427268.539272, 2750, 26, 50
681.902121, -0.054113, 3943567.910828, 2475, 26, 55
568.982899, -0.000029, 3410591.931094, 2200, 26, 60
737.795908, -1.099286, 3005321.095200, 1925, 26, 65
731.537439, -1.140123, 2558939.684574, 1650, 26, 70
706.745337, -1.089756, 2103195.945652, 1375, 26, 75
581.604103, -0.865887, 1619961.318313, 1100, 26, 80
544.764883, -1.025036, 1191795.782636, 825, 26, 85
535.112075, -1.226496, 791442.113151, 550, 26, 90
527.775297, -1.456116, 394023.967185, 275, 26, 95
512.928998, 1.677072, 13478758.406267, 5500, 28, 0
581.726455, -0.401909, 12793985.199630, 5225, 28, 5
493.819424, 1.986691, 11909614.894118, 4950, 28, 10
531.581749, -0.264947, 11139164.147370, 4675, 28, 15
523.911010, -0.024162, 10217618.353180, 4400, 28, 20
541.454249, -0.018365, 9543617.967688, 4125, 28, 25
549.371223, 0.001079, 8928427.318319, 3850, 28, 30
412.998694, 0.982941, 8324055.879943, 3575, 28, 35
360.647376, 0.697511, 7701544.885881, 3300, 28, 40
337.520447, 0.096319, 7003874.442071, 3025, 28, 45
320.890354, -0.518149, 6275689.481661, 2750, 28, 50
298.553077, -0.837421, 5551391.634301, 2475, 28, 55
263.605894, -1.119050, 4800055.852349, 2200, 28, 60
251.948415, -0.321571, 4248315.977694, 1925, 28, 65
244.990371, -0.637632, 3722189.239025, 1650, 28, 70
249.519332, -0.841613, 3208145.843659, 1375, 28, 75
256.792709, -1.019003, 2692946.832777, 1100, 28, 80
275.739258, -1.490183, 2039093.147547, 825, 28, 85
317.638073, -2.141369, 1342175.706833, 550, 28, 90
366.713820, -2.599743, 660904.197437, 275, 28, 95
531.885474, 0.453883, 14430140.173823, 5500, 30, 0
541.201805, 0.395537, 13633463.964983, 5225, 30, 5
566.326245, 0.300079, 12841955.818993, 4950, 30, 10
617.005252, 0.121613, 12034109.546980, 4675, 30, 15
534.544022, 0.234016, 11166963.405024, 4400, 30, 20
863.933937, -0.621878, 10449106.421143, 4125, 30, 25
834.104020, -0.597852, 9793532.626562, 3850, 30, 30
816.395002, -0.576295, 9104327.577675, 3575, 30, 35
860.786080, -0.591536, 8380099.622678, 3300, 30, 40
403.919622, 5.320813, 7743693.894533, 3025, 30, 45
527.891069, 2.414564, 7059029.840774, 2750, 30, 50
769.090353, 0.382590, 6367561.805518, 2475, 30, 55
849.918966, -0.950171, 5560867.391230, 2200, 30, 60
889.878630, -0.942082, 4913274.157379, 1925, 30, 65
682.578254, 1.415779, 4349276.819688, 1650, 30, 70
715.744458, 1.290544, 3685207.959028, 1375, 30, 75
1428.766765, -0.259440, 2979126.417278, 1100, 30, 80
1309.341453, -1.807688, 2119462.321318, 825, 30, 85
1672.328568, -1.963160, 1402739.348287, 550, 30, 90
2402.455092, -2.027148, 697880.416535, 275, 30, 95
537.583765, -0.542705, 16523378.283549, 5500, 32, 0
543.017236, -0.540052, 15643442.542101, 5225, 32, 5
555.889162, -0.007326, 14724197.524281, 4950, 32, 10
568.437880, -0.003826, 13842405.539486, 4675, 32, 15
614.331442, -0.001363, 12924139.211107, 4400, 32, 20
636.941703, -0.000341, 12091522.714357, 4125, 32, 25
655.404854, -0.000099, 11273857.361243, 3850, 32, 30
695.358267, -0.000045, 10459362.238698, 3575, 32, 35
154.301555, 73.381577, 9622666.510973, 3300, 32, 40
121.461843, 120.447310, 8839112.699505, 3025, 32, 45
1034.180267, -1.018685, 8054144.388380, 2750, 32, 50
1098.329054, -0.846954, 7228369.063147, 2475, 32, 55
1226.234881, -0.609803, 6291606.457268, 2200, 32, 60
1312.268378, -0.590188, 5519736.606598, 1925, 32, 65
1325.269151, -0.612324, 4808184.173288, 1650, 32, 70
1294.926841, -0.649370, 4090380.210541, 1375, 32, 75
688.279369, -1.203593, 3344383.913163, 1100, 32, 80
610.728086, -1.270997, 2507946.092754, 825, 32, 85
607.607685, -1.774095, 1665020.130780, 550, 32, 90
590.908721, -2.388924, 827915.700600, 275, 32, 95
331.147475, 0.338862, 18073092.234905, 5500, 34, 0
327.481570, 0.345898, 17122221.067667, 5225, 34, 5
322.889473, 0.362488, 16203014.042261, 4950, 34, 10
314.036347, 0.376585, 15260292.157875, 4675, 34, 15
296.017307, 0.359140, 14257657.164578, 4400, 34, 20
291.708775, 0.262733, 13392192.164320, 4125, 34, 25
288.437232, 0.227094, 12547624.406617, 3850, 34, 30
288.317525, 0.113854, 11677902.045047, 3575, 34, 35
289.644390, 0.065066, 10761017.711182, 3300, 34, 40
291.119248, 0.191485, 9915643.219513, 3025, 34, 45
285.010885, 0.442276, 9086736.819742, 2750, 34, 50
282.050777, 0.718724, 8244854.313172, 2475, 34, 55
298.254598, 0.906851, 7352783.111470, 2200, 34, 60
308.211922, 0.778559, 6453094.397051, 1925, 34, 65
337.815626, 0.408016, 5562429.522601, 1650, 34, 70
376.244972, 0.167003, 4651996.510042, 1375, 34, 75
478.755742, -0.272028, 3676334.123825, 1100, 34, 80
473.524781, -0.767521, 2668316.749703, 825, 34, 85
487.940533, -0.917766, 1759670.676121, 550, 34, 90
477.481833, -0.755745, 871846.936095, 275, 34, 95
560.599469, 0.019841, 22654984.926042, 5500, 36, 0
547.021830, 0.041479, 21451074.560013, 5225, 36, 5
557.732034, 0.055434, 20366800.971255, 4950, 36, 10
531.698394, 0.274068, 19275883.733109, 4675, 36, 15
510.005146, 1.119679, 18112565.672774, 4400, 36, 20
507.098070, 1.332489, 16846766.648483, 4125, 36, 25
498.662430, 1.245621, 15545906.305792, 3850, 36, 30
482.821718, 1.107674, 14223043.775376, 3575, 36, 35
470.079320, 1.002269, 12853520.052499, 3300, 36, 40
503.637935, 0.917973, 11873618.286271, 3025, 36, 45
533.234693, 0.898330, 10990809.469832, 2750, 36, 50
560.931799, 0.746344, 10100334.091299, 2475, 36, 55
359.196536, 0.201778, 9157883.157006, 2200, 36, 60
374.713209, 0.070159, 8263726.912119, 1925, 36, 65
378.497134, 0.065876, 7395038.356372, 1650, 36, 70
1091.062375, 0.477995, 6546874.679626, 1375, 36, 75
3075.949482, -1.634050, 5289313.042827, 1100, 36, 80
3522.676561, -1.616999, 3982840.372738, 825, 36, 85
3325.164215, -1.708447, 2623342.506873, 550, 36, 90
2999.943044, -1.711643, 1291826.474175, 275, 36, 95
1204.010821, -0.326460, 26991434.309732, 5500, 38, 0
1205.752758, -0.314564, 25616284.989804, 5225, 38, 5
1211.556624, -0.270754, 24241463.701176, 4950, 38, 10
1217.086383, -0.223128, 22870005.432264, 4675, 38, 15
1249.602000, -0.108168, 21454085.727342, 4400, 38, 20
1342.339271, -0.156969, 20006137.865120, 4125, 38, 25
1449.289649, -0.221037, 18559697.091865, 3850, 38, 30
1675.144545, -0.381002, 17094501.884888, 3575, 38, 35
2070.491263, -0.447770, 15568079.127705, 3300, 38, 40
2280.041738, -0.503873, 14251214.251321, 3025, 38, 45
2246.820777, -0.560922, 12953211.977478, 2750, 38, 50
1936.944858, -0.608716, 11591062.958338, 2475, 38, 55
3317.494230, -1.618446, 9995910.972118, 2200, 38, 60
2352.675231, -1.523766, 8629380.838524, 1925, 38, 65
1813.579611, -1.161621, 7339384.290207, 1650, 38, 70
1554.925800, -0.689063, 6010296.605877, 1375, 38, 75
1049.254091, 14.041496, 4611721.231489, 1100, 38, 80
837.279282, 17.820990, 3432964.949298, 825, 38, 85
935.479323, 29.215548, 2299608.267279, 550, 38, 90
920.374826, 53.848851, 1154943.206324, 275, 38, 95
260.897143, -0.207888, 26361935.732964, 5500, 40, 0
262.806260, -0.194320, 24685452.088235, 5225, 40, 5
265.198865, -0.173961, 23010170.756335, 4950, 40, 10
268.929845, -0.155382, 21319599.230471, 4675, 40, 15
275.229107, -0.158561, 19577069.605075, 4400, 40, 20
269.590364, -0.186771, 18535953.697196, 4125, 40, 25
261.072383, -0.235067, 17635429.689145, 3850, 40, 30
248.824085, -0.262344, 16721636.493422, 3575, 40, 35
224.306246, -0.390121, 15726157.292378, 3300, 40, 40
214.589044, -0.435010, 14522373.081082, 3025, 40, 45
199.733086, -0.501155, 13260494.303027, 2750, 40, 50
186.150379, -0.526012, 11897475.461872, 2475, 40, 55
191.489777, -1.055557, 10276365.365947, 2200, 40, 60
203.926523, -1.071531, 8909874.938015, 1925, 40, 65
199.912094, -0.962114, 7694552.165212, 1650, 40, 70
204.599747, -0.793791, 6453959.747220, 1375, 40, 75
149.770220, -0.392741, 5055627.444167, 1100, 40, 80
42.728112, -0.676379, 3541137.052957, 825, 40, 85
44.250002, -0.742340, 2349040.215860, 550, 40, 90
54.514480, -0.806123, 1171840.640809, 275, 40, 95
446.555597, -0.059685, 34749791.846688, 5500, 42, 0
450.358121, -0.059309, 32956681.704901, 5225, 42, 5
468.424411, -0.051089, 31365905.112303, 4950, 42, 10
491.957767, -0.045532, 29731078.419599, 4675, 42, 15
644.138461, -0.623247, 28056367.361709, 4400, 42, 20
695.119092, -0.905931, 26217903.243127, 4125, 42, 25
672.799451, -1.057190, 24335668.548203, 3850, 42, 30
614.743502, -1.262778, 22393576.203010, 3575, 42, 35
489.982896, -1.453573, 20328638.182459, 3300, 42, 40
472.463654, -1.602290, 18677556.806894, 3025, 42, 45
477.973029, -1.660689, 17127312.732399, 2750, 42, 50
514.319598, -1.750760, 15567429.387965, 2475, 42, 55
658.936209, -2.139300, 13958391.646741, 2200, 42, 60
771.261246, -2.390869, 12573286.232748, 1925, 42, 65
919.741785, -2.663911, 11269025.508263, 1650, 42, 70
1487710.503854, 6.129085, 9848945.919031, 1375, 42, 75
17321.372460, -4.077583, 8249269.289678, 1100, 42, 80
28354.363633, -3.011802, 6039889.139657, 825, 42, 85
2526.174744, -4.548584, 3993681.883067, 550, 42, 90
430.395076, -2.827938, 1971287.144884, 275, 42, 95
355.970931, -0.440771, 36695920.084490, 5500, 44, 0
331.572568, -0.477144, 34592379.210576, 5225, 44, 5
316.705093, -0.507641, 32406488.265236, 4950, 44, 10
320.566028, -0.517102, 30180073.177298, 4675, 44, 15
370.835374, -0.701770, 27824893.892423, 4400, 44, 20
371.006382, -0.691145, 25810821.541036, 4125, 44, 25
390.051332, -0.671277, 23883727.845042, 3850, 44, 30
409.690395, -0.638822, 21924452.733234, 3575, 44, 35
585.269416, -0.854251, 19508295.560378, 3300, 44, 40
481.285632, -0.740934, 17789556.861349, 3025, 44, 45
594.596929, -1.022801, 15571391.954380, 2750, 44, 50
669.160073, -1.120383, 13316048.707502, 2475, 44, 55
661.107100, -1.188786, 10978757.898285, 2200, 44, 60
652.969777, -1.388954, 9587536.600383, 1925, 44, 65
635.155510, -1.604594, 8453387.523606, 1650, 44, 70
663.751395, -1.146991, 7287683.447699, 1375, 44, 75
467.554793, -1.231300, 6033354.768355, 1100, 44, 80
377.889036, -1.147908, 4542921.039207, 825, 44, 85
408.146889, -1.261252, 3017041.817623, 550, 44, 90
496.561288, -1.453006, 1505737.420962, 275, 44, 95
416.150808, 1.433379, 34667141.350964, 5500, 46, 0
411.904586, 1.444229, 32975197.196265, 5225, 46, 5
408.026465, 1.294253, 31359944.444467, 4950, 46, 10
423.278456, 0.855166, 29717541.220628, 4675, 46, 15
532.937542, 0.216970, 27976280.576793, 4400, 46, 20
532.684360, 0.158890, 26225993.371028, 4125, 46, 25
419.272804, 0.513150, 24513915.984623, 3850, 46, 30
451.198611, 0.151429, 22791833.837724, 3575, 46, 35
412.509321, 0.169847, 21060605.136605, 3300, 46, 40
391.425238, 0.361384, 19439884.786025, 3025, 46, 45
391.410248, 0.415737, 17804583.154745, 2750, 46, 50
387.034092, 0.400229, 16132115.372155, 2475, 46, 55
376.874847, 4.106532, 14064516.298038, 2200, 46, 60
270.317905, 7.396894, 12086446.425117, 1925, 46, 65
332.253991, 0.486791, 10485963.175667, 1650, 46, 70
321.023912, 0.316345, 8587101.631044, 1375, 46, 75
322.455521, -0.816010, 6653041.038601, 1100, 46, 80
249.476304, -0.254730, 4850889.547430, 825, 46, 85
259.723184, -0.410995, 3224203.948223, 550, 46, 90
300.440442, -1.067443, 1608986.930518, 275, 46, 95
354.599177, -0.001074, 42968987.267824, 5500, 48, 0
370.699024, -0.013224, 40478874.630956, 5225, 48, 5
923.882448, -1.200086, 39025136.443262, 4950, 48, 10
1030.962087, -1.199316, 36735275.542538, 4675, 48, 15
1066.438493, -1.121776, 34293326.870333, 4400, 48, 20
942.110702, -1.041390, 32324620.658899, 4125, 48, 25
907.341739, -1.086563, 30458697.812434, 3850, 48, 30
896.611114, -1.136814, 28589023.326145, 3575, 48, 35
716.913637, -1.318912, 26649461.465354, 3300, 48, 40
618.109035, -1.377935, 24431142.878735, 3025, 48, 45
348.895182, 4.596995, 21901098.068149, 2750, 48, 50
413.587564, -0.051122, 19241559.420954, 2475, 48, 55
220.005160, -0.262326, 15996258.272790, 2200, 48, 60
225.954146, -0.211179, 14025326.742621, 1925, 48, 65
231.344816, -0.147793, 12314083.761061, 1650, 48, 70
395.194614, -1.080700, 11496167.684291, 1375, 48, 75
399.730483, -1.495164, 9528057.502629, 1100, 48, 80
187.780090, -0.558951, 6512871.632797, 825, 48, 85
178.434624, -0.706062, 4296656.884157, 550, 48, 90
171.113189, -0.877375, 2128282.647887, 275, 48, 95
345.646969, -0.399757, 54848457.592677, 5500, 50, 0
368.087436, -0.346046, 52166156.614435, 5225, 50, 5
295.446558, 2.084702, 49887350.387642, 4950, 50, 10
270.539762, 3.352103, 47328019.688972, 4675, 50, 15
264.382305, 3.444073, 44672321.956114, 4400, 50, 20
262.330685, 3.604805, 42419307.728007, 4125, 50, 25
261.841376, 3.832067, 40247965.456659, 3850, 50, 30
287.773634, 0.320241, 38137068.511535, 3575, 50, 35
197.516173, 1.639777, 35647337.337294, 3300, 50, 40
189.800430, 2.202244, 33350555.214275, 3025, 50, 45
197.175717, 1.806221, 31144494.175981, 2750, 50, 50
246.889765, 5.847692, 28887925.815756, 2475, 50, 55
254.117814, 7.348951, 26472122.938958, 2200, 50, 60
252.136186, 7.226548, 23257079.031444, 1925, 50, 65
267.386270, 3.984356, 19847693.404833, 1650, 50, 70
272.445112, 2.159670, 16434665.080335, 1375, 50, 75
187.613488, -0.352274, 12438599.652145, 1100, 50, 80
147.650594, -0.590396, 9140287.699306, 825, 50, 85
154.133662, -0.645144, 6046614.223282, 550, 50, 90
43.164693, 74.180136, 3009780.665293, 275, 50, 95
