-1,0,0,0,0,168,395
-1,0,0,0,0,188,320
-1,0,0,0,0,188,338
-1,0,0,0,0,188,357
-1,0,0,0,0,188,376
-1,0,0,0,0,187,395
-1,0,0,0,0,127,416
-1,0,0,0,0,126,435
-1,0,0,0,0,126,455
-1,0,0,0,0,125,475
-1,0,0,0,0,124,496
-1,0,0,0,0,147,415
-1,0,0,0,0,147,435
-1,0,0,0,0,146,454
-1,0,0,0,0,145,474
-1,0,0,0,0,144,495
-1,0,0,0,0,167,415
-1,0,0,0,0,167,434
-1,0,0,0,0,166,454
-1,0,0,0,0,165,474
-1,0,0,0,0,165,494
-1,0,0,0,0,187,414
-1,0,0,0,0,187,433
-1,0,0,0,0,186,453
-1,0,0,0,0,185,473
-1,0,0,0,0,185,493
-1,0,0,0,0,122,517
-1,0,0,0,0,121,538
-1,0,0,0,0,120,559
-1,0,0,0,0,118,581
-1,0,0,0,0,117,604
-1,0,0,0,0,143,515
-1,0,0,0,0,142,536
-1,0,0,0,0,141,558
-1,0,0,0,0,139,580
-1,0,0,0,0,138,602
-1,0,0,0,0,164,514
-1,0,0,0,0,163,535
-1,0,0,0,0,161,557
-1,0,0,0,0,160,578
-1,0,0,0,0,159,601
-1,0,0,0,0,184,513
-1,0,0,0,0,183,534
-1,0,0,0,0,182,555
-1,0,0,0,0,181,577
-1,0,0,0,0,264,394
-1,0,0,0,0,283,320
-1,0,0,0,0,282,338
-1,0,0,0,0,282,357
-1,0,0,0,0,282,375
-1,0,0,0,0,282,394
-1,0,0,0,0,226,413
-1,0,0,0,0,225,433
-1,0,0,0,0,225,452
-1,0,0,0,0,224,472
-1,0,0,0,0,224,492
-1,0,0,0,0,245,413
-1,0,0,0,0,244,432
-1,0,0,0,0,244,452
-1,0,0,0,0,244,471
-1,0,0,0,0,243,491
-1,0,0,0,0,263,413
-1,0,0,0,0,263,432
-1,0,0,0,0,263,451
-1,0,0,0,0,263,471
-1,0,0,0,0,262,491
-1,0,0,0,0,282,413
-1,0,0,0,0,282,432
-1,0,0,0,0,282,451
-1,0,0,0,0,282,471
-1,0,0,0,0,282,490
-1,0,0,0,0,223,512
-1,0,0,0,0,223,533
-1,0,0,0,0,222,554
-1,0,0,0,0,221,575
-1,0,0,0,0,220,597
-1,0,0,0,0,243,511
-1,0,0,0,0,242,532
-1,0,0,0,0,242,553
-1,0,0,0,0,241,574
-1,0,0,0,0,240,596
-1,0,0,0,0,262,511
-1,0,0,0,0,262,532
-1,0,0,0,0,261,553
-1,0,0,0,0,261,574
-1,0,0,0,0,260,596
-1,0,0,0,0,281,511
-1,0,0,0,0,281,531
-1,0,0,0,0,281,552
-1,0,0,0,0,280,574
0,0,0,0,0,357,394
0,0,0,0,0,375,320
0,0,0,0,0,375,338
0,0,0,0,0,375,357
0,0,0,0,0,375,375
0,0,0,0,0,375,394
0,0,0,0,0,320,413
0,0,0,0,0,320,432
0,0,0,0,0,320,451
0,0,0,0,0,320,470
0,0,0,0,0,320,490
0,0,0,0,0,338,413
0,0,0,0,0,338,432
0,0,0,0,0,338,451
0,0,0,0,0,338,471
0,0,0,0,0,338,490
0,0,0,0,0,357,413
0,0,0,0,0,357,432
0,0,0,0,0,357,451
0,0,0,0,0,357,471
0,0,0,0,0,357,490
0,0,0,0,0,376,413
0,0,0,0,0,376,432
0,0,0,0,0,376,451
0,0,0,0,0,376,471
0,0,0,0,0,377,491
0,0,0,0,0,320,510
0,0,0,0,0,320,531
0,0,0,0,0,320,552
0,0,0,0,0,320,573
0,0,0,0,0,320,595
0,0,0,0,0,339,510
0,0,0,0,0,339,531
0,0,0,0,0,339,552
0,0,0,0,0,339,573
0,0,0,0,0,339,595
0,0,0,0,0,358,511
0,0,0,0,0,358,531
0,0,0,0,0,358,552
0,0,0,0,0,359,574
0,0,0,0,0,359,595
0,0,0,0,0,377,511
0,0,0,0,0,377,532
0,0,0,0,0,378,553
0,0,0,0,0,378,574
0,0,0,0,0,452,395
0,0,0,0,0,470,320
0,0,0,0,0,471,338
0,0,0,0,0,471,357
0,0,0,0,0,471,376
0,0,0,0,0,471,395
0,0,0,0,0,413,413
0,0,0,0,0,414,433
0,0,0,0,0,414,452
0,0,0,0,0,415,472
0,0,0,0,0,415,492
0,0,0,0,0,433,414
0,0,0,0,0,433,433
0,0,0,0,0,433,452
0,0,0,0,0,434,472
0,0,0,0,0,435,492
0,0,0,0,0,452,414
0,0,0,0,0,452,433
0,0,0,0,0,453,453
0,0,0,0,0,454,473
0,0,0,0,0,454,493
0,0,0,0,0,472,415
0,0,0,0,0,472,434
0,0,0,0,0,473,454
0,0,0,0,0,474,474
0,0,0,0,0,474,494
0,0,0,0,0,416,512
0,0,0,0,0,416,533
0,0,0,0,0,417,554
0,0,0,0,0,418,575
0,0,0,0,0,419,597
0,0,0,0,0,435,513
0,0,0,0,0,436,533
0,0,0,0,0,437,555
0,0,0,0,0,438,576
0,0,0,0,0,439,598
0,0,0,0,0,455,513
0,0,0,0,0,456,534
0,0,0,0,0,457,555
0,0,0,0,0,458,577
0,0,0,0,0,459,599
0,0,0,0,0,475,514
0,0,0,0,0,476,535
0,0,0,0,0,478,557
0,0,0,0,0,479,578
0,0,0,0,0,553,397
0,0,0,0,0,573,320
0,0,0,0,0,573,339
0,0,0,0,0,574,359
0,0,0,0,0,574,378
0,0,0,0,0,574,398
0,0,0,0,0,512,416
0,0,0,0,0,513,435
0,0,0,0,0,513,455
0,0,0,0,0,514,475
0,0,0,0,0,515,496
0,0,0,0,0,533,416
0,0,0,0,0,533,436
0,0,0,0,0,534,456
0,0,0,0,0,535,476
0,0,0,0,0,536,497
0,0,0,0,0,554,417
0,0,0,0,0,555,437
0,0,0,0,0,555,457
0,0,0,0,0,557,478
0,0,0,0,0,558,498
0,0,0,0,0,575,418
0,0,0,0,0,576,438
0,0,0,0,0,577,458
0,0,0,0,0,578,479
0,0,0,0,0,580,500
0,0,0,0,0,517,517
0,0,0,0,0,518,538
0,0,0,0,0,519,559
0,0,0,0,0,521,581
0,0,0,0,0,522,604
0,0,0,0,0,538,518
0,0,0,0,0,539,539
0,0,0,0,0,541,561
0,0,0,0,0,542,583
0,0,0,0,0,544,605
0,0,0,0,0,559,519
0,0,0,0,0,561,541
0,0,0,0,0,562,562
0,0,0,0,0,564,585
0,0,0,0,0,566,607
0,0,0,0,0,581,521
0,0,0,0,0,583,542
0,0,0,0,0,585,564
0,0,0,0,0,587,587
-1,0,0,0,0,173,393
-1,0,0,0,0,192,320
-1,0,0,0,0,192,338
-1,0,0,0,0,192,356
-1,0,0,0,0,192,374
-1,0,0,0,0,192,392
-1,0,0,0,0,134,412
-1,0,0,0,0,133,431
-1,0,0,0,0,132,450
-1,0,0,0,0,132,470
-1,0,0,0,0,131,490
-1,0,0,0,0,153,412
-1,0,0,0,0,153,431
-1,0,0,0,0,152,450
-1,0,0,0,0,151,469
-1,0,0,0,0,150,489
-1,0,0,0,0,172,411
-1,0,0,0,0,172,430
-1,0,0,0,0,171,449
-1,0,0,0,0,171,468
-1,0,0,0,0,170,488
-1,0,0,0,0,191,411
-1,0,0,0,0,191,430
-1,0,0,0,0,191,448
-1,0,0,0,0,190,468
-1,0,0,0,0,189,487
-1,0,0,0,0,130,509
-1,0,0,0,0,128,530
-1,0,0,0,0,127,550
-1,0,0,0,0,126,571
-1,0,0,0,0,124,593
-1,0,0,0,0,149,508
-1,0,0,0,0,148,529
-1,0,0,0,0,147,549
-1,0,0,0,0,146,570
-1,0,0,0,0,145,591
-1,0,0,0,0,169,507
-1,0,0,0,0,168,528
-1,0,0,0,0,167,548
-1,0,0,0,0,166,569
-1,0,0,0,0,165,590
-1,0,0,0,0,189,507
-1,0,0,0,0,188,527
-1,0,0,0,0,187,547
-1,0,0,0,0,186,568
-1,0,0,0,0,265,392
-1,0,0,0,0,284,320
-1,0,0,0,0,284,337
-1,0,0,0,0,284,355
-1,0,0,0,0,284,373
-1,0,0,0,0,284,391
-1,0,0,0,0,229,410
-1,0,0,0,0,228,429
-1,0,0,0,0,228,448
-1,0,0,0,0,228,467
-1,0,0,0,0,227,486
-1,0,0,0,0,247,410
-1,0,0,0,0,247,429
-1,0,0,0,0,247,447
-1,0,0,0,0,246,466
-1,0,0,0,0,246,485
-1,0,0,0,0,265,410
-1,0,0,0,0,265,428
-1,0,0,0,0,265,447
-1,0,0,0,0,265,466
-1,0,0,0,0,264,485
-1,0,0,0,0,283,410
-1,0,0,0,0,283,428
-1,0,0,0,0,283,447
-1,0,0,0,0,283,466
-1,0,0,0,0,283,485
-1,0,0,0,0,227,505
-1,0,0,0,0,226,525
-1,0,0,0,0,225,545
-1,0,0,0,0,225,566
-1,0,0,0,0,224,587
-1,0,0,0,0,245,505
-1,0,0,0,0,245,525
-1,0,0,0,0,244,545
-1,0,0,0,0,244,565
-1,0,0,0,0,243,586
-1,0,0,0,0,264,504
-1,0,0,0,0,264,524
-1,0,0,0,0,263,544
-1,0,0,0,0,263,565
-1,0,0,0,0,262,586
-1,0,0,0,0,283,504
-1,0,0,0,0,282,524
-1,0,0,0,0,282,544
-1,0,0,0,0,282,564
0,0,0,0,0,355,391
0,0,0,0,0,373,320
0,0,0,0,0,373,337
0,0,0,0,0,373,355
0,0,0,0,0,373,373
0,0,0,0,0,374,392
0,0,0,0,0,320,410
0,0,0,0,0,320,428
0,0,0,0,0,320,447
0,0,0,0,0,320,465
0,0,0,0,0,320,484
0,0,0,0,0,338,410
0,0,0,0,0,338,428
0,0,0,0,0,338,447
0,0,0,0,0,338,465
0,0,0,0,0,338,485
0,0,0,0,0,356,410
0,0,0,0,0,356,428
0,0,0,0,0,356,447
0,0,0,0,0,356,466
0,0,0,0,0,356,485
0,0,0,0,0,374,410
0,0,0,0,0,374,428
0,0,0,0,0,374,447
0,0,0,0,0,374,466
0,0,0,0,0,375,485
0,0,0,0,0,320,504
0,0,0,0,0,320,524
0,0,0,0,0,320,544
0,0,0,0,0,320,564
0,0,0,0,0,320,585
0,0,0,0,0,338,504
0,0,0,0,0,338,524
0,0,0,0,0,338,544
0,0,0,0,0,338,564
0,0,0,0,0,338,585
0,0,0,0,0,356,504
0,0,0,0,0,357,524
0,0,0,0,0,357,544
0,0,0,0,0,357,564
0,0,0,0,0,357,585
0,0,0,0,0,375,504
0,0,0,0,0,375,524
0,0,0,0,0,376,544
0,0,0,0,0,376,565
0,0,0,0,0,447,392
0,0,0,0,0,465,320
0,0,0,0,0,465,338
0,0,0,0,0,466,356
0,0,0,0,0,466,374
0,0,0,0,0,466,393
0,0,0,0,0,410,410
0,0,0,0,0,411,429
0,0,0,0,0,411,448
0,0,0,0,0,411,467
0,0,0,0,0,412,486
0,0,0,0,0,429,411
0,0,0,0,0,429,429
0,0,0,0,0,430,448
0,0,0,0,0,430,467
0,0,0,0,0,431,486
0,0,0,0,0,448,411
0,0,0,0,0,448,430
0,0,0,0,0,448,448
0,0,0,0,0,449,468
0,0,0,0,0,450,487
0,0,0,0,0,467,411
0,0,0,0,0,467,430
0,0,0,0,0,468,449
0,0,0,0,0,468,468
0,0,0,0,0,469,488
0,0,0,0,0,412,505
0,0,0,0,0,413,525
0,0,0,0,0,414,545
0,0,0,0,0,414,566
0,0,0,0,0,415,587
0,0,0,0,0,431,506
0,0,0,0,0,432,526
0,0,0,0,0,433,546
0,0,0,0,0,434,567
0,0,0,0,0,435,588
0,0,0,0,0,450,507
0,0,0,0,0,451,527
0,0,0,0,0,452,547
0,0,0,0,0,453,568
0,0,0,0,0,454,589
0,0,0,0,0,470,507
0,0,0,0,0,471,528
0,0,0,0,0,472,548
0,0,0,0,0,473,569
0,0,0,0,0,545,395
0,0,0,0,0,564,320
0,0,0,0,0,564,338
0,0,0,0,0,564,357
0,0,0,0,0,565,376
0,0,0,0,0,565,395
0,0,0,0,0,505,412
0,0,0,0,0,506,431
0,0,0,0,0,507,450
0,0,0,0,0,507,470
0,0,0,0,0,508,490
0,0,0,0,0,525,413
0,0,0,0,0,526,432
0,0,0,0,0,527,451
0,0,0,0,0,528,471
0,0,0,0,0,529,491
0,0,0,0,0,545,414
0,0,0,0,0,546,433
0,0,0,0,0,547,452
0,0,0,0,0,548,472
0,0,0,0,0,549,492
0,0,0,0,0,566,414
0,0,0,0,0,567,434
0,0,0,0,0,568,453
0,0,0,0,0,569,473
0,0,0,0,0,570,493
0,0,0,0,0,509,509
0,0,0,0,0,511,530
0,0,0,0,0,512,550
0,0,0,0,0,513,571
0,0,0,0,0,515,593
0,0,0,0,0,530,511
0,0,0,0,0,531,531
0,0,0,0,0,532,552
0,0,0,0,0,534,573
0,0,0,0,0,536,595
0,0,0,0,0,550,512
0,0,0,0,0,552,532
0,0,0,0,0,553,553
0,0,0,0,0,555,575
0,0,0,0,0,557,596
0,0,0,0,0,571,513
0,0,0,0,0,573,534
0,0,0,0,0,575,555
0,0,0,0,0,576,576
-1,0,0,0,0,178,390
-1,0,0,0,0,197,320
-1,0,0,0,0,196,337
-1,0,0,0,0,196,355
-1,0,0,0,0,196,372
-1,0,0,0,0,196,390
-1,0,0,0,0,140,409
-1,0,0,0,0,139,428
-1,0,0,0,0,139,446
-1,0,0,0,0,138,465
-1,0,0,0,0,137,484
-1,0,0,0,0,159,409
-1,0,0,0,0,158,427
-1,0,0,0,0,158,445
-1,0,0,0,0,157,464
-1,0,0,0,0,156,483
-1,0,0,0,0,177,408
-1,0,0,0,0,177,426
-1,0,0,0,0,176,445
-1,0,0,0,0,176,463
-1,0,0,0,0,175,482
-1,0,0,0,0,196,408
-1,0,0,0,0,195,426
-1,0,0,0,0,195,444
-1,0,0,0,0,194,463
-1,0,0,0,0,194,481
-1,0,0,0,0,136,503
-1,0,0,0,0,135,522
-1,0,0,0,0,134,542
-1,0,0,0,0,133,562
-1,0,0,0,0,131,583
-1,0,0,0,0,155,502
-1,0,0,0,0,154,521
-1,0,0,0,0,153,541
-1,0,0,0,0,152,561
-1,0,0,0,0,151,582
-1,0,0,0,0,174,501
-1,0,0,0,0,173,520
-1,0,0,0,0,172,540
-1,0,0,0,0,171,560
-1,0,0,0,0,170,580
-1,0,0,0,0,193,500
-1,0,0,0,0,192,520
-1,0,0,0,0,191,539
-1,0,0,0,0,191,559
-1,0,0,0,0,267,389
-1,0,0,0,0,285,320
-1,0,0,0,0,285,337
-1,0,0,0,0,285,354
-1,0,0,0,0,285,372
-1,0,0,0,0,285,389
-1,0,0,0,0,232,407
-1,0,0,0,0,231,425
-1,0,0,0,0,231,443
-1,0,0,0,0,231,462
-1,0,0,0,0,230,480
-1,0,0,0,0,249,407
-1,0,0,0,0,249,425
-1,0,0,0,0,249,443
-1,0,0,0,0,249,461
-1,0,0,0,0,248,480
-1,0,0,0,0,267,407
-1,0,0,0,0,267,425
-1,0,0,0,0,267,443
-1,0,0,0,0,266,461
-1,0,0,0,0,266,479
-1,0,0,0,0,285,407
-1,0,0,0,0,284,425
-1,0,0,0,0,284,443
-1,0,0,0,0,284,461
-1,0,0,0,0,284,479
-1,0,0,0,0,230,499
-1,0,0,0,0,229,518
-1,0,0,0,0,229,538
-1,0,0,0,0,228,557
-1,0,0,0,0,227,578
-1,0,0,0,0,248,499
-1,0,0,0,0,247,518
-1,0,0,0,0,247,537
-1,0,0,0,0,246,557
-1,0,0,0,0,246,577
-1,0,0,0,0,266,498
-1,0,0,0,0,266,517
-1,0,0,0,0,265,537
-1,0,0,0,0,265,556
-1,0,0,0,0,264,577
-1,0,0,0,0,284,498
-1,0,0,0,0,284,517
-1,0,0,0,0,283,536
-1,0,0,0,0,283,556
0,0,0,0,0,354,389
0,0,0,0,0,372,320
0,0,0,0,0,372,337
0,0,0,0,0,372,354
0,0,0,0,0,372,372
0,0,0,0,0,372,389
0,0,0,0,0,320,407
0,0,0,0,0,320,425
0,0,0,0,0,320,442
0,0,0,0,0,320,461
0,0,0,0,0,320,479
0,0,0,0,0,337,407
0,0,0,0,0,337,425
0,0,0,0,0,337,443
0,0,0,0,0,337,461
0,0,0,0,0,337,479
0,0,0,0,0,354,407
0,0,0,0,0,355,425
0,0,0,0,0,355,443
0,0,0,0,0,355,461
0,0,0,0,0,355,479
0,0,0,0,0,372,407
0,0,0,0,0,372,425
0,0,0,0,0,372,443
0,0,0,0,0,373,461
0,0,0,0,0,373,479
0,0,0,0,0,320,498
0,0,0,0,0,320,517
0,0,0,0,0,320,536
0,0,0,0,0,320,556
0,0,0,0,0,320,576
0,0,0,0,0,337,498
0,0,0,0,0,337,517
0,0,0,0,0,338,536
0,0,0,0,0,338,556
0,0,0,0,0,338,576
0,0,0,0,0,355,498
0,0,0,0,0,355,517
0,0,0,0,0,356,536
0,0,0,0,0,356,556
0,0,0,0,0,356,576
0,0,0,0,0,373,498
0,0,0,0,0,373,517
0,0,0,0,0,374,537
0,0,0,0,0,374,556
0,0,0,0,0,443,390
0,0,0,0,0,461,320
0,0,0,0,0,461,337
0,0,0,0,0,461,355
0,0,0,0,0,461,373
0,0,0,0,0,461,390
0,0,0,0,0,407,407
0,0,0,0,0,408,425
0,0,0,0,0,408,443
0,0,0,0,0,408,462
0,0,0,0,0,409,480
0,0,0,0,0,425,408
0,0,0,0,0,426,426
0,0,0,0,0,426,444
0,0,0,0,0,426,462
0,0,0,0,0,427,481
0,0,0,0,0,443,408
0,0,0,0,0,444,426
0,0,0,0,0,444,444
0,0,0,0,0,445,463
0,0,0,0,0,445,481
0,0,0,0,0,462,408
0,0,0,0,0,462,426
0,0,0,0,0,463,445
0,0,0,0,0,463,463
0,0,0,0,0,464,482
0,0,0,0,0,409,499
0,0,0,0,0,410,518
0,0,0,0,0,410,538
0,0,0,0,0,411,557
0,0,0,0,0,412,578
0,0,0,0,0,428,500
0,0,0,0,0,428,519
0,0,0,0,0,429,538
0,0,0,0,0,430,558
0,0,0,0,0,430,578
0,0,0,0,0,446,500
0,0,0,0,0,447,520
0,0,0,0,0,448,539
0,0,0,0,0,448,559
0,0,0,0,0,449,579
0,0,0,0,0,465,501
0,0,0,0,0,466,520
0,0,0,0,0,467,540
0,0,0,0,0,468,560
0,0,0,0,0,537,392
0,0,0,0,0,556,320
0,0,0,0,0,556,338
0,0,0,0,0,556,356
0,0,0,0,0,556,374
0,0,0,0,0,557,393
0,0,0,0,0,499,409
0,0,0,0,0,500,428
0,0,0,0,0,500,446
0,0,0,0,0,501,465
0,0,0,0,0,502,484
0,0,0,0,0,518,410
0,0,0,0,0,519,428
0,0,0,0,0,520,447
0,0,0,0,0,520,466
0,0,0,0,0,521,485
0,0,0,0,0,538,410
0,0,0,0,0,538,429
0,0,0,0,0,539,448
0,0,0,0,0,540,467
0,0,0,0,0,541,486
0,0,0,0,0,557,411
0,0,0,0,0,558,430
0,0,0,0,0,559,448
0,0,0,0,0,560,468
0,0,0,0,0,561,487
0,0,0,0,0,503,503
0,0,0,0,0,504,522
0,0,0,0,0,505,542
0,0,0,0,0,506,562
0,0,0,0,0,508,583
0,0,0,0,0,522,504
0,0,0,0,0,524,524
0,0,0,0,0,525,543
0,0,0,0,0,526,564
0,0,0,0,0,528,585
0,0,0,0,0,542,505
0,0,0,0,0,543,525
0,0,0,0,0,545,545
0,0,0,0,0,546,565
0,0,0,0,0,548,586
0,0,0,0,0,562,506
0,0,0,0,0,564,526
0,0,0,0,0,565,546
0,0,0,0,0,567,567
-1,0,0,0,0,182,388
-1,0,0,0,0,200,320
-1,0,0,0,0,200,337
-1,0,0,0,0,200,354
-1,0,0,0,0,200,371
-1,0,0,0,0,200,388
-1,0,0,0,0,146,406
-1,0,0,0,0,145,424
-1,0,0,0,0,145,442
-1,0,0,0,0,144,460
-1,0,0,0,0,143,478
-1,0,0,0,0,164,406
-1,0,0,0,0,163,424
-1,0,0,0,0,163,441
-1,0,0,0,0,162,459
-1,0,0,0,0,162,477
-1,0,0,0,0,182,406
-1,0,0,0,0,181,423
-1,0,0,0,0,181,441
-1,0,0,0,0,180,459
-1,0,0,0,0,180,477
-1,0,0,0,0,200,405
-1,0,0,0,0,199,423
-1,0,0,0,0,199,440
-1,0,0,0,0,198,458
-1,0,0,0,0,198,476
-1,0,0,0,0,142,497
-1,0,0,0,0,141,516
-1,0,0,0,0,140,535
-1,0,0,0,0,139,554
-1,0,0,0,0,138,574
-1,0,0,0,0,161,496
-1,0,0,0,0,160,515
-1,0,0,0,0,159,534
-1,0,0,0,0,158,553
-1,0,0,0,0,157,573
-1,0,0,0,0,179,495
-1,0,0,0,0,178,514
-1,0,0,0,0,177,533
-1,0,0,0,0,177,552
-1,0,0,0,0,176,571
-1,0,0,0,0,197,494
-1,0,0,0,0,196,513
-1,0,0,0,0,196,532
-1,0,0,0,0,195,551
-1,0,0,0,0,269,387
-1,0,0,0,0,286,320
-1,0,0,0,0,286,336
-1,0,0,0,0,286,353
-1,0,0,0,0,286,370
-1,0,0,0,0,286,387
-1,0,0,0,0,234,405
-1,0,0,0,0,234,422
-1,0,0,0,0,234,439
-1,0,0,0,0,233,457
-1,0,0,0,0,233,475
-1,0,0,0,0,252,404
-1,0,0,0,0,251,422
-1,0,0,0,0,251,439
-1,0,0,0,0,251,457
-1,0,0,0,0,251,475
-1,0,0,0,0,269,404
-1,0,0,0,0,268,422
-1,0,0,0,0,268,439
-1,0,0,0,0,268,457
-1,0,0,0,0,268,474
-1,0,0,0,0,286,404
-1,0,0,0,0,286,421
-1,0,0,0,0,285,439
-1,0,0,0,0,285,456
-1,0,0,0,0,285,474
-1,0,0,0,0,233,493
-1,0,0,0,0,232,512
-1,0,0,0,0,232,530
-1,0,0,0,0,231,550
-1,0,0,0,0,230,569
-1,0,0,0,0,250,493
-1,0,0,0,0,250,511
-1,0,0,0,0,249,530
-1,0,0,0,0,249,549
-1,0,0,0,0,248,568
-1,0,0,0,0,268,492
-1,0,0,0,0,267,511
-1,0,0,0,0,267,530
-1,0,0,0,0,267,549
-1,0,0,0,0,266,568
-1,0,0,0,0,285,492
-1,0,0,0,0,285,511
-1,0,0,0,0,285,529
-1,0,0,0,0,284,548
0,0,0,0,0,353,387
0,0,0,0,0,370,320
0,0,0,0,0,370,336
0,0,0,0,0,370,353
0,0,0,0,0,370,370
0,0,0,0,0,370,387
0,0,0,0,0,320,404
0,0,0,0,0,320,421
0,0,0,0,0,320,439
0,0,0,0,0,320,456
0,0,0,0,0,320,474
0,0,0,0,0,336,404
0,0,0,0,0,336,421
0,0,0,0,0,337,439
0,0,0,0,0,337,456
0,0,0,0,0,337,474
0,0,0,0,0,353,404
0,0,0,0,0,353,421
0,0,0,0,0,354,439
0,0,0,0,0,354,456
0,0,0,0,0,354,474
0,0,0,0,0,370,404
0,0,0,0,0,371,422
0,0,0,0,0,371,439
0,0,0,0,0,371,457
0,0,0,0,0,371,474
0,0,0,0,0,320,492
0,0,0,0,0,320,510
0,0,0,0,0,320,529
0,0,0,0,0,320,548
0,0,0,0,0,320,567
0,0,0,0,0,337,492
0,0,0,0,0,337,510
0,0,0,0,0,337,529
0,0,0,0,0,337,548
0,0,0,0,0,337,567
0,0,0,0,0,354,492
0,0,0,0,0,354,511
0,0,0,0,0,354,529
0,0,0,0,0,355,548
0,0,0,0,0,355,568
0,0,0,0,0,371,492
0,0,0,0,0,372,511
0,0,0,0,0,372,530
0,0,0,0,0,372,549
0,0,0,0,0,439,388
0,0,0,0,0,456,320
0,0,0,0,0,456,337
0,0,0,0,0,456,354
0,0,0,0,0,457,371
0,0,0,0,0,457,388
0,0,0,0,0,405,405
0,0,0,0,0,405,422
0,0,0,0,0,405,439
0,0,0,0,0,406,457
0,0,0,0,0,406,475
0,0,0,0,0,422,405
0,0,0,0,0,422,422
0,0,0,0,0,423,440
0,0,0,0,0,423,458
0,0,0,0,0,424,476
0,0,0,0,0,439,405
0,0,0,0,0,440,423
0,0,0,0,0,440,440
0,0,0,0,0,441,458
0,0,0,0,0,441,476
0,0,0,0,0,457,406
0,0,0,0,0,458,423
0,0,0,0,0,458,441
0,0,0,0,0,459,459
0,0,0,0,0,459,477
0,0,0,0,0,406,493
0,0,0,0,0,407,512
0,0,0,0,0,407,530
0,0,0,0,0,408,550
0,0,0,0,0,409,569
0,0,0,0,0,424,494
0,0,0,0,0,425,512
0,0,0,0,0,425,531
0,0,0,0,0,426,550
0,0,0,0,0,427,570
0,0,0,0,0,442,494
0,0,0,0,0,443,513
0,0,0,0,0,443,532
0,0,0,0,0,444,551
0,0,0,0,0,445,571
0,0,0,0,0,460,495
0,0,0,0,0,461,514
0,0,0,0,0,462,533
0,0,0,0,0,462,552
0,0,0,0,0,530,390
0,0,0,0,0,548,320
0,0,0,0,0,548,337
0,0,0,0,0,548,355
0,0,0,0,0,549,372
0,0,0,0,0,549,390
0,0,0,0,0,493,406
0,0,0,0,0,494,424
0,0,0,0,0,494,442
0,0,0,0,0,495,460
0,0,0,0,0,496,478
0,0,0,0,0,512,407
0,0,0,0,0,512,425
0,0,0,0,0,513,443
0,0,0,0,0,514,461
0,0,0,0,0,515,479
0,0,0,0,0,530,407
0,0,0,0,0,531,425
0,0,0,0,0,532,443
0,0,0,0,0,533,462
0,0,0,0,0,534,480
0,0,0,0,0,550,408
0,0,0,0,0,550,426
0,0,0,0,0,551,444
0,0,0,0,0,552,462
0,0,0,0,0,553,481
0,0,0,0,0,497,497
0,0,0,0,0,498,516
0,0,0,0,0,499,535
0,0,0,0,0,500,554
0,0,0,0,0,501,574
0,0,0,0,0,516,498
0,0,0,0,0,517,517
0,0,0,0,0,518,536
0,0,0,0,0,519,555
0,0,0,0,0,520,575
0,0,0,0,0,535,499
0,0,0,0,0,536,518
0,0,0,0,0,537,537
0,0,0,0,0,538,557
0,0,0,0,0,540,577
0,0,0,0,0,554,500
0,0,0,0,0,555,519
0,0,0,0,0,557,538
0,0,0,0,0,558,558
-1,0,0,0,0,186,386
-1,0,0,0,0,204,320
-1,0,0,0,0,204,336
-1,0,0,0,0,204,353
-1,0,0,0,0,204,369
-1,0,0,0,0,203,386
-1,0,0,0,0,151,404
-1,0,0,0,0,151,421
-1,0,0,0,0,150,438
-1,0,0,0,0,150,455
-1,0,0,0,0,149,473
-1,0,0,0,0,169,403
-1,0,0,0,0,168,420
-1,0,0,0,0,168,437
-1,0,0,0,0,167,455
-1,0,0,0,0,167,472
-1,0,0,0,0,186,403
-1,0,0,0,0,186,420
-1,0,0,0,0,185,437
-1,0,0,0,0,185,454
-1,0,0,0,0,184,472
-1,0,0,0,0,203,403
-1,0,0,0,0,203,419
-1,0,0,0,0,202,437
-1,0,0,0,0,202,454
-1,0,0,0,0,202,471
-1,0,0,0,0,148,491
-1,0,0,0,0,147,509
-1,0,0,0,0,146,528
-1,0,0,0,0,145,546
-1,0,0,0,0,144,565
-1,0,0,0,0,166,490
-1,0,0,0,0,165,508
-1,0,0,0,0,164,527
-1,0,0,0,0,163,545
-1,0,0,0,0,162,564
-1,0,0,0,0,184,489
-1,0,0,0,0,183,507
-1,0,0,0,0,182,526
-1,0,0,0,0,181,544
-1,0,0,0,0,180,563
-1,0,0,0,0,201,489
-1,0,0,0,0,200,507
-1,0,0,0,0,200,525
-1,0,0,0,0,199,543
-1,0,0,0,0,270,385
-1,0,0,0,0,287,320
-1,0,0,0,0,287,336
-1,0,0,0,0,287,352
-1,0,0,0,0,287,369
-1,0,0,0,0,287,385
-1,0,0,0,0,237,402
-1,0,0,0,0,237,419
-1,0,0,0,0,236,436
-1,0,0,0,0,236,453
-1,0,0,0,0,236,470
-1,0,0,0,0,254,402
-1,0,0,0,0,253,419
-1,0,0,0,0,253,436
-1,0,0,0,0,253,453
-1,0,0,0,0,253,470
-1,0,0,0,0,270,402
-1,0,0,0,0,270,418
-1,0,0,0,0,270,435
-1,0,0,0,0,270,452
-1,0,0,0,0,269,470
-1,0,0,0,0,287,402
-1,0,0,0,0,287,418
-1,0,0,0,0,286,435
-1,0,0,0,0,286,452
-1,0,0,0,0,286,469
-1,0,0,0,0,235,488
-1,0,0,0,0,235,506
-1,0,0,0,0,234,524
-1,0,0,0,0,234,542
-1,0,0,0,0,233,561
-1,0,0,0,0,252,487
-1,0,0,0,0,252,505
-1,0,0,0,0,252,523
-1,0,0,0,0,251,542
-1,0,0,0,0,251,560
-1,0,0,0,0,269,487
-1,0,0,0,0,269,505
-1,0,0,0,0,269,523
-1,0,0,0,0,268,541
-1,0,0,0,0,268,560
-1,0,0,0,0,286,487
-1,0,0,0,0,286,505
-1,0,0,0,0,286,523
-1,0,0,0,0,285,541
0,0,0,0,0,352,385
0,0,0,0,0,369,320
0,0,0,0,0,369,336
0,0,0,0,0,369,352
0,0,0,0,0,369,369
0,0,0,0,0,369,385
0,0,0,0,0,320,402
0,0,0,0,0,320,418
0,0,0,0,0,320,435
0,0,0,0,0,320,452
0,0,0,0,0,320,469
0,0,0,0,0,336,402
0,0,0,0,0,336,418
0,0,0,0,0,336,435
0,0,0,0,0,336,452
0,0,0,0,0,336,469
0,0,0,0,0,352,402
0,0,0,0,0,352,418
0,0,0,0,0,353,435
0,0,0,0,0,353,452
0,0,0,0,0,353,469
0,0,0,0,0,369,402
0,0,0,0,0,369,418
0,0,0,0,0,369,435
0,0,0,0,0,369,452
0,0,0,0,0,370,470
0,0,0,0,0,320,487
0,0,0,0,0,320,504
0,0,0,0,0,320,522
0,0,0,0,0,320,541
0,0,0,0,0,320,559
0,0,0,0,0,336,487
0,0,0,0,0,336,504
0,0,0,0,0,336,522
0,0,0,0,0,337,541
0,0,0,0,0,337,559
0,0,0,0,0,353,487
0,0,0,0,0,353,505
0,0,0,0,0,353,523
0,0,0,0,0,354,541
0,0,0,0,0,354,560
0,0,0,0,0,370,487
0,0,0,0,0,370,505
0,0,0,0,0,370,523
0,0,0,0,0,371,541
0,0,0,0,0,436,386
0,0,0,0,0,452,320
0,0,0,0,0,452,336
0,0,0,0,0,452,353
0,0,0,0,0,452,369
0,0,0,0,0,453,386
0,0,0,0,0,402,402
0,0,0,0,0,402,419
0,0,0,0,0,403,436
0,0,0,0,0,403,453
0,0,0,0,0,403,470
0,0,0,0,0,419,402
0,0,0,0,0,419,419
0,0,0,0,0,419,436
0,0,0,0,0,420,453
0,0,0,0,0,420,471
0,0,0,0,0,436,403
0,0,0,0,0,436,419
0,0,0,0,0,437,437
0,0,0,0,0,437,454
0,0,0,0,0,437,471
0,0,0,0,0,453,403
0,0,0,0,0,453,420
0,0,0,0,0,454,437
0,0,0,0,0,454,454
0,0,0,0,0,455,472
0,0,0,0,0,404,488
0,0,0,0,0,404,506
0,0,0,0,0,405,524
0,0,0,0,0,405,542
0,0,0,0,0,406,561
0,0,0,0,0,421,488
0,0,0,0,0,421,506
0,0,0,0,0,422,524
0,0,0,0,0,423,543
0,0,0,0,0,423,561
0,0,0,0,0,438,489
0,0,0,0,0,439,507
0,0,0,0,0,439,525
0,0,0,0,0,440,543
0,0,0,0,0,441,562
0,0,0,0,0,455,489
0,0,0,0,0,456,507
0,0,0,0,0,457,526
0,0,0,0,0,458,544
0,0,0,0,0,523,387
0,0,0,0,0,541,320
0,0,0,0,0,541,337
0,0,0,0,0,541,354
0,0,0,0,0,541,371
0,0,0,0,0,542,388
0,0,0,0,0,488,404
0,0,0,0,0,488,421
0,0,0,0,0,489,438
0,0,0,0,0,489,455
0,0,0,0,0,490,473
0,0,0,0,0,506,404
0,0,0,0,0,506,421
0,0,0,0,0,507,439
0,0,0,0,0,507,456
0,0,0,0,0,508,474
0,0,0,0,0,524,405
0,0,0,0,0,524,422
0,0,0,0,0,525,439
0,0,0,0,0,526,457
0,0,0,0,0,527,475
0,0,0,0,0,542,405
0,0,0,0,0,543,423
0,0,0,0,0,543,440
0,0,0,0,0,544,458
0,0,0,0,0,545,476
0,0,0,0,0,491,491
0,0,0,0,0,492,509
0,0,0,0,0,493,528
0,0,0,0,0,494,546
0,0,0,0,0,495,565
0,0,0,0,0,509,492
0,0,0,0,0,510,510
0,0,0,0,0,511,529
0,0,0,0,0,512,547
0,0,0,0,0,514,566
0,0,0,0,0,528,493
0,0,0,0,0,529,511
0,0,0,0,0,530,530
0,0,0,0,0,531,549
0,0,0,0,0,532,568
0,0,0,0,0,546,494
0,0,0,0,0,547,512
0,0,0,0,0,549,531
0,0,0,0,0,550,550
-1,0,0,0,0,190,384
-1,0,0,0,0,207,320
-1,0,0,0,0,207,336
-1,0,0,0,0,207,352
-1,0,0,0,0,207,368
-1,0,0,0,0,207,384
-1,0,0,0,0,156,401
-1,0,0,0,0,156,418
-1,0,0,0,0,155,434
-1,0,0,0,0,155,451
-1,0,0,0,0,154,468
-1,0,0,0,0,173,401
-1,0,0,0,0,173,417
-1,0,0,0,0,172,434
-1,0,0,0,0,172,451
-1,0,0,0,0,171,468
-1,0,0,0,0,190,400
-1,0,0,0,0,190,417
-1,0,0,0,0,189,433
-1,0,0,0,0,189,450
-1,0,0,0,0,188,467
-1,0,0,0,0,207,400
-1,0,0,0,0,206,416
-1,0,0,0,0,206,433
-1,0,0,0,0,206,450
-1,0,0,0,0,205,467
-1,0,0,0,0,153,486
-1,0,0,0,0,153,503
-1,0,0,0,0,152,521
-1,0,0,0,0,151,539
-1,0,0,0,0,150,557
-1,0,0,0,0,171,485
-1,0,0,0,0,170,502
-1,0,0,0,0,169,520
-1,0,0,0,0,168,538
-1,0,0,0,0,167,556
-1,0,0,0,0,188,484
-1,0,0,0,0,187,502
-1,0,0,0,0,186,519
-1,0,0,0,0,186,537
-1,0,0,0,0,185,555
-1,0,0,0,0,205,484
-1,0,0,0,0,204,501
-1,0,0,0,0,203,519
-1,0,0,0,0,203,536
-1,0,0,0,0,272,383
-1,0,0,0,0,288,320
-1,0,0,0,0,288,335
-1,0,0,0,0,288,351
-1,0,0,0,0,288,367
-1,0,0,0,0,288,383
-1,0,0,0,0,239,400
-1,0,0,0,0,239,416
-1,0,0,0,0,239,432
-1,0,0,0,0,239,449
-1,0,0,0,0,238,466
-1,0,0,0,0,256,399
-1,0,0,0,0,255,416
-1,0,0,0,0,255,432
-1,0,0,0,0,255,449
-1,0,0,0,0,255,465
-1,0,0,0,0,272,399
-1,0,0,0,0,271,416
-1,0,0,0,0,271,432
-1,0,0,0,0,271,448
-1,0,0,0,0,271,465
-1,0,0,0,0,288,399
-1,0,0,0,0,288,415
-1,0,0,0,0,287,432
-1,0,0,0,0,287,448
-1,0,0,0,0,287,465
-1,0,0,0,0,238,483
-1,0,0,0,0,237,500
-1,0,0,0,0,237,517
-1,0,0,0,0,237,535
-1,0,0,0,0,236,553
-1,0,0,0,0,254,482
-1,0,0,0,0,254,500
-1,0,0,0,0,254,517
-1,0,0,0,0,253,535
-1,0,0,0,0,253,553
-1,0,0,0,0,271,482
-1,0,0,0,0,270,499
-1,0,0,0,0,270,517
-1,0,0,0,0,270,534
-1,0,0,0,0,270,552
-1,0,0,0,0,287,482
-1,0,0,0,0,287,499
-1,0,0,0,0,287,516
-1,0,0,0,0,286,534
0,0,0,0,0,351,383
0,0,0,0,0,367,320
0,0,0,0,0,367,335
0,0,0,0,0,367,351
0,0,0,0,0,367,367
0,0,0,0,0,367,383
0,0,0,0,0,320,399
0,0,0,0,0,320,415
0,0,0,0,0,320,432
0,0,0,0,0,320,448
0,0,0,0,0,320,465
0,0,0,0,0,335,399
0,0,0,0,0,335,415
0,0,0,0,0,336,432
0,0,0,0,0,336,448
0,0,0,0,0,336,465
0,0,0,0,0,351,399
0,0,0,0,0,351,415
0,0,0,0,0,352,432
0,0,0,0,0,352,448
0,0,0,0,0,352,465
0,0,0,0,0,367,399
0,0,0,0,0,368,416
0,0,0,0,0,368,432
0,0,0,0,0,368,448
0,0,0,0,0,368,465
0,0,0,0,0,320,482
0,0,0,0,0,320,499
0,0,0,0,0,320,516
0,0,0,0,0,320,534
0,0,0,0,0,320,552
0,0,0,0,0,336,482
0,0,0,0,0,336,499
0,0,0,0,0,336,516
0,0,0,0,0,336,534
0,0,0,0,0,336,552
0,0,0,0,0,352,482
0,0,0,0,0,352,499
0,0,0,0,0,352,516
0,0,0,0,0,353,534
0,0,0,0,0,353,552
0,0,0,0,0,368,482
0,0,0,0,0,369,499
0,0,0,0,0,369,517
0,0,0,0,0,369,534
0,0,0,0,0,432,384
0,0,0,0,0,448,320
0,0,0,0,0,448,336
0,0,0,0,0,448,352
0,0,0,0,0,448,368
0,0,0,0,0,449,384
0,0,0,0,0,400,400
0,0,0,0,0,400,416
0,0,0,0,0,400,432
0,0,0,0,0,400,449
0,0,0,0,0,401,466
0,0,0,0,0,416,400
0,0,0,0,0,416,416
0,0,0,0,0,416,433
0,0,0,0,0,417,449
0,0,0,0,0,417,466
0,0,0,0,0,432,400
0,0,0,0,0,433,416
0,0,0,0,0,433,433
0,0,0,0,0,433,450
0,0,0,0,0,434,467
0,0,0,0,0,449,400
0,0,0,0,0,449,417
0,0,0,0,0,450,433
0,0,0,0,0,450,450
0,0,0,0,0,451,467
0,0,0,0,0,401,483
0,0,0,0,0,402,500
0,0,0,0,0,402,517
0,0,0,0,0,402,535
0,0,0,0,0,403,553
0,0,0,0,0,418,483
0,0,0,0,0,418,500
0,0,0,0,0,419,518
0,0,0,0,0,419,536
0,0,0,0,0,420,554
0,0,0,0,0,434,484
0,0,0,0,0,435,501
0,0,0,0,0,436,519
0,0,0,0,0,436,536
0,0,0,0,0,437,555
0,0,0,0,0,451,484
0,0,0,0,0,452,502
0,0,0,0,0,453,519
0,0,0,0,0,453,537
0,0,0,0,0,517,385
0,0,0,0,0,534,320
0,0,0,0,0,534,336
0,0,0,0,0,534,353
0,0,0,0,0,534,369
0,0,0,0,0,535,386
0,0,0,0,0,483,401
0,0,0,0,0,483,418
0,0,0,0,0,484,434
0,0,0,0,0,484,451
0,0,0,0,0,485,468
0,0,0,0,0,500,402
0,0,0,0,0,500,418
0,0,0,0,0,501,435
0,0,0,0,0,502,452
0,0,0,0,0,502,469
0,0,0,0,0,517,402
0,0,0,0,0,518,419
0,0,0,0,0,519,436
0,0,0,0,0,519,453
0,0,0,0,0,520,470
0,0,0,0,0,535,402
0,0,0,0,0,536,419
0,0,0,0,0,536,436
0,0,0,0,0,537,453
0,0,0,0,0,538,471
0,0,0,0,0,486,486
0,0,0,0,0,486,503
0,0,0,0,0,487,521
0,0,0,0,0,488,539
0,0,0,0,0,489,557
0,0,0,0,0,503,486
0,0,0,0,0,504,504
0,0,0,0,0,505,522
0,0,0,0,0,506,540
0,0,0,0,0,507,558
0,0,0,0,0,521,487
0,0,0,0,0,522,505
0,0,0,0,0,523,523
0,0,0,0,0,524,541
0,0,0,0,0,525,560
0,0,0,0,0,539,488
0,0,0,0,0,540,506
0,0,0,0,0,541,524
0,0,0,0,0,542,542
-1,0,0,0,0,194,382
-1,0,0,0,0,211,320
-1,0,0,0,0,210,335
-1,0,0,0,0,210,351
-1,0,0,0,0,210,366
-1,0,0,0,0,210,382
-1,0,0,0,0,161,399
-1,0,0,0,0,161,415
-1,0,0,0,0,160,431
-1,0,0,0,0,160,447
-1,0,0,0,0,159,464
-1,0,0,0,0,178,398
-1,0,0,0,0,177,414
-1,0,0,0,0,177,431
-1,0,0,0,0,176,447
-1,0,0,0,0,176,463
-1,0,0,0,0,194,398
-1,0,0,0,0,193,414
-1,0,0,0,0,193,430
-1,0,0,0,0,193,446
-1,0,0,0,0,192,463
-1,0,0,0,0,210,398
-1,0,0,0,0,210,414
-1,0,0,0,0,209,430
-1,0,0,0,0,209,446
-1,0,0,0,0,208,462
-1,0,0,0,0,158,481
-1,0,0,0,0,158,498
-1,0,0,0,0,157,515
-1,0,0,0,0,156,532
-1,0,0,0,0,155,550
-1,0,0,0,0,175,480
-1,0,0,0,0,174,497
-1,0,0,0,0,174,514
-1,0,0,0,0,173,531
-1,0,0,0,0,172,549
-1,0,0,0,0,192,479
-1,0,0,0,0,191,496
-1,0,0,0,0,190,513
-1,0,0,0,0,190,530
-1,0,0,0,0,189,548
-1,0,0,0,0,208,479
-1,0,0,0,0,207,496
-1,0,0,0,0,207,513
-1,0,0,0,0,206,530
-1,0,0,0,0,273,381
-1,0,0,0,0,289,320
-1,0,0,0,0,289,335
-1,0,0,0,0,289,350
-1,0,0,0,0,289,366
-1,0,0,0,0,289,381
-1,0,0,0,0,242,397
-1,0,0,0,0,241,413
-1,0,0,0,0,241,429
-1,0,0,0,0,241,445
-1,0,0,0,0,241,461
-1,0,0,0,0,257,397
-1,0,0,0,0,257,413
-1,0,0,0,0,257,429
-1,0,0,0,0,257,445
-1,0,0,0,0,257,461
-1,0,0,0,0,273,397
-1,0,0,0,0,273,413
-1,0,0,0,0,273,429
-1,0,0,0,0,273,445
-1,0,0,0,0,272,461
-1,0,0,0,0,289,397
-1,0,0,0,0,288,413
-1,0,0,0,0,288,429
-1,0,0,0,0,288,445
-1,0,0,0,0,288,461
-1,0,0,0,0,240,478
-1,0,0,0,0,240,495
-1,0,0,0,0,240,511
-1,0,0,0,0,239,529
-1,0,0,0,0,239,546
-1,0,0,0,0,256,478
-1,0,0,0,0,256,494
-1,0,0,0,0,256,511
-1,0,0,0,0,255,528
-1,0,0,0,0,255,546
-1,0,0,0,0,272,477
-1,0,0,0,0,272,494
-1,0,0,0,0,272,511
-1,0,0,0,0,271,528
-1,0,0,0,0,271,545
-1,0,0,0,0,288,477
-1,0,0,0,0,288,494
-1,0,0,0,0,288,511
-1,0,0,0,0,287,528
0,0,0,0,0,350,381
0,0,0,0,0,366,320
0,0,0,0,0,366,335
0,0,0,0,0,366,350
0,0,0,0,0,366,366
0,0,0,0,0,366,381
0,0,0,0,0,320,397
0,0,0,0,0,320,413
0,0,0,0,0,320,428
0,0,0,0,0,320,444
0,0,0,0,0,320,461
0,0,0,0,0,335,397
0,0,0,0,0,335,413
0,0,0,0,0,335,429
0,0,0,0,0,335,445
0,0,0,0,0,335,461
0,0,0,0,0,350,397
0,0,0,0,0,351,413
0,0,0,0,0,351,429
0,0,0,0,0,351,445
0,0,0,0,0,351,461
0,0,0,0,0,366,397
0,0,0,0,0,366,413
0,0,0,0,0,366,429
0,0,0,0,0,366,445
0,0,0,0,0,367,461
0,0,0,0,0,320,477
0,0,0,0,0,320,494
0,0,0,0,0,320,510
0,0,0,0,0,320,527
0,0,0,0,0,320,545
0,0,0,0,0,335,477
0,0,0,0,0,335,494
0,0,0,0,0,335,510
0,0,0,0,0,336,528
0,0,0,0,0,336,545
0,0,0,0,0,351,477
0,0,0,0,0,351,494
0,0,0,0,0,351,511
0,0,0,0,0,352,528
0,0,0,0,0,352,545
0,0,0,0,0,367,477
0,0,0,0,0,367,494
0,0,0,0,0,367,511
0,0,0,0,0,368,528
0,0,0,0,0,429,382
0,0,0,0,0,444,320
0,0,0,0,0,445,335
0,0,0,0,0,445,351
0,0,0,0,0,445,366
0,0,0,0,0,445,382
0,0,0,0,0,397,397
0,0,0,0,0,398,413
0,0,0,0,0,398,429
0,0,0,0,0,398,445
0,0,0,0,0,398,461
0,0,0,0,0,413,398
0,0,0,0,0,413,413
0,0,0,0,0,414,429
0,0,0,0,0,414,446
0,0,0,0,0,414,462
0,0,0,0,0,429,398
0,0,0,0,0,429,414
0,0,0,0,0,430,430
0,0,0,0,0,430,446
0,0,0,0,0,431,462
0,0,0,0,0,445,398
0,0,0,0,0,446,414
0,0,0,0,0,446,430
0,0,0,0,0,446,446
0,0,0,0,0,447,463
0,0,0,0,0,399,478
0,0,0,0,0,399,495
0,0,0,0,0,399,511
0,0,0,0,0,400,529
0,0,0,0,0,400,546
0,0,0,0,0,415,478
0,0,0,0,0,415,495
0,0,0,0,0,416,512
0,0,0,0,0,416,529
0,0,0,0,0,417,547
0,0,0,0,0,431,479
0,0,0,0,0,432,496
0,0,0,0,0,432,513
0,0,0,0,0,433,530
0,0,0,0,0,433,547
0,0,0,0,0,447,479
0,0,0,0,0,448,496
0,0,0,0,0,449,513
0,0,0,0,0,449,530
0,0,0,0,0,511,383
0,0,0,0,0,527,320
0,0,0,0,0,528,336
0,0,0,0,0,528,352
0,0,0,0,0,528,368
0,0,0,0,0,528,384
0,0,0,0,0,478,399
0,0,0,0,0,478,415
0,0,0,0,0,479,431
0,0,0,0,0,479,447
0,0,0,0,0,480,464
0,0,0,0,0,495,399
0,0,0,0,0,495,415
0,0,0,0,0,496,432
0,0,0,0,0,496,448
0,0,0,0,0,497,465
0,0,0,0,0,511,399
0,0,0,0,0,512,416
0,0,0,0,0,513,432
0,0,0,0,0,513,449
0,0,0,0,0,514,465
0,0,0,0,0,529,400
0,0,0,0,0,529,416
0,0,0,0,0,530,433
0,0,0,0,0,530,449
0,0,0,0,0,531,466
0,0,0,0,0,481,481
0,0,0,0,0,481,498
0,0,0,0,0,482,515
0,0,0,0,0,483,532
0,0,0,0,0,484,550
0,0,0,0,0,498,481
0,0,0,0,0,498,498
0,0,0,0,0,499,516
0,0,0,0,0,500,533
0,0,0,0,0,501,551
0,0,0,0,0,515,482
0,0,0,0,0,516,499
0,0,0,0,0,517,517
0,0,0,0,0,518,534
0,0,0,0,0,519,552
0,0,0,0,0,532,483
0,0,0,0,0,533,500
0,0,0,0,0,534,518
0,0,0,0,0,535,535
-1,0,0,0,0,198,380
-1,0,0,0,0,214,320
-1,0,0,0,0,213,335
-1,0,0,0,0,213,350
-1,0,0,0,0,213,365
-1,0,0,0,0,213,380
-1,0,0,0,0,166,396
-1,0,0,0,0,165,412
-1,0,0,0,0,165,428
-1,0,0,0,0,164,444
-1,0,0,0,0,164,460
-1,0,0,0,0,182,396
-1,0,0,0,0,181,412
-1,0,0,0,0,181,427
-1,0,0,0,0,180,443
-1,0,0,0,0,180,459
-1,0,0,0,0,197,396
-1,0,0,0,0,197,411
-1,0,0,0,0,197,427
-1,0,0,0,0,196,443
-1,0,0,0,0,196,459
-1,0,0,0,0,213,396
-1,0,0,0,0,213,411
-1,0,0,0,0,212,427
-1,0,0,0,0,212,442
-1,0,0,0,0,212,458
-1,0,0,0,0,163,476
-1,0,0,0,0,162,492
-1,0,0,0,0,162,509
-1,0,0,0,0,161,526
-1,0,0,0,0,160,543
-1,0,0,0,0,179,475
-1,0,0,0,0,179,492
-1,0,0,0,0,178,508
-1,0,0,0,0,177,525
-1,0,0,0,0,176,542
-1,0,0,0,0,195,475
-1,0,0,0,0,195,491
-1,0,0,0,0,194,507
-1,0,0,0,0,194,524
-1,0,0,0,0,193,541
-1,0,0,0,0,211,474
-1,0,0,0,0,211,490
-1,0,0,0,0,210,507
-1,0,0,0,0,210,524
-1,0,0,0,0,274,380
-1,0,0,0,0,290,320
-1,0,0,0,0,290,334
-1,0,0,0,0,289,350
-1,0,0,0,0,289,365
-1,0,0,0,0,289,380
-1,0,0,0,0,244,395
-1,0,0,0,0,244,411
-1,0,0,0,0,243,426
-1,0,0,0,0,243,442
-1,0,0,0,0,243,457
-1,0,0,0,0,259,395
-1,0,0,0,0,259,410
-1,0,0,0,0,259,426
-1,0,0,0,0,259,441
-1,0,0,0,0,258,457
-1,0,0,0,0,274,395
-1,0,0,0,0,274,410
-1,0,0,0,0,274,426
-1,0,0,0,0,274,441
-1,0,0,0,0,274,457
-1,0,0,0,0,289,395
-1,0,0,0,0,289,410
-1,0,0,0,0,289,426
-1,0,0,0,0,289,441
-1,0,0,0,0,289,457
-1,0,0,0,0,243,473
-1,0,0,0,0,242,490
-1,0,0,0,0,242,506
-1,0,0,0,0,241,523
-1,0,0,0,0,241,539
-1,0,0,0,0,258,473
-1,0,0,0,0,258,489
-1,0,0,0,0,257,506
-1,0,0,0,0,257,522
-1,0,0,0,0,257,539
-1,0,0,0,0,273,473
-1,0,0,0,0,273,489
-1,0,0,0,0,273,505
-1,0,0,0,0,273,522
-1,0,0,0,0,273,539
-1,0,0,0,0,289,473
-1,0,0,0,0,289,489
-1,0,0,0,0,289,505
-1,0,0,0,0,288,522
0,0,0,0,0,350,380
0,0,0,0,0,365,320
0,0,0,0,0,365,335
0,0,0,0,0,365,350
0,0,0,0,0,365,365
0,0,0,0,0,365,380
0,0,0,0,0,320,395
0,0,0,0,0,320,410
0,0,0,0,0,320,425
0,0,0,0,0,320,441
0,0,0,0,0,320,457
0,0,0,0,0,335,395
0,0,0,0,0,335,410
0,0,0,0,0,335,426
0,0,0,0,0,335,441
0,0,0,0,0,335,457
0,0,0,0,0,350,395
0,0,0,0,0,350,410
0,0,0,0,0,350,426
0,0,0,0,0,350,441
0,0,0,0,0,350,457
0,0,0,0,0,365,395
0,0,0,0,0,365,410
0,0,0,0,0,365,426
0,0,0,0,0,365,441
0,0,0,0,0,365,457
0,0,0,0,0,320,473
0,0,0,0,0,320,489
0,0,0,0,0,320,505
0,0,0,0,0,320,521
0,0,0,0,0,320,538
0,0,0,0,0,335,473
0,0,0,0,0,335,489
0,0,0,0,0,335,505
0,0,0,0,0,335,521
0,0,0,0,0,335,538
0,0,0,0,0,350,473
0,0,0,0,0,350,489
0,0,0,0,0,350,505
0,0,0,0,0,351,522
0,0,0,0,0,351,538
0,0,0,0,0,366,473
0,0,0,0,0,366,489
0,0,0,0,0,366,505
0,0,0,0,0,366,522
0,0,0,0,0,426,380
0,0,0,0,0,441,320
0,0,0,0,0,441,335
0,0,0,0,0,441,350
0,0,0,0,0,441,365
0,0,0,0,0,441,380
0,0,0,0,0,395,395
0,0,0,0,0,395,411
0,0,0,0,0,396,426
0,0,0,0,0,396,442
0,0,0,0,0,396,457
0,0,0,0,0,411,395
0,0,0,0,0,411,411
0,0,0,0,0,411,426
0,0,0,0,0,411,442
0,0,0,0,0,412,458
0,0,0,0,0,426,396
0,0,0,0,0,426,411
0,0,0,0,0,427,427
0,0,0,0,0,427,442
0,0,0,0,0,427,458
0,0,0,0,0,442,396
0,0,0,0,0,442,411
0,0,0,0,0,442,427
0,0,0,0,0,443,443
0,0,0,0,0,443,459
0,0,0,0,0,396,473
0,0,0,0,0,397,490
0,0,0,0,0,397,506
0,0,0,0,0,398,523
0,0,0,0,0,398,539
0,0,0,0,0,412,474
0,0,0,0,0,412,490
0,0,0,0,0,413,506
0,0,0,0,0,413,523
0,0,0,0,0,414,540
0,0,0,0,0,428,474
0,0,0,0,0,428,490
0,0,0,0,0,429,507
0,0,0,0,0,429,524
0,0,0,0,0,430,540
0,0,0,0,0,444,475
0,0,0,0,0,444,491
0,0,0,0,0,445,507
0,0,0,0,0,445,524
0,0,0,0,0,506,382
0,0,0,0,0,521,320
0,0,0,0,0,521,335
0,0,0,0,0,522,351
0,0,0,0,0,522,366
0,0,0,0,0,522,382
0,0,0,0,0,473,396
0,0,0,0,0,474,412
0,0,0,0,0,474,428
0,0,0,0,0,475,444
0,0,0,0,0,475,460
0,0,0,0,0,490,397
0,0,0,0,0,490,412
0,0,0,0,0,490,428
0,0,0,0,0,491,444
0,0,0,0,0,492,460
0,0,0,0,0,506,397
0,0,0,0,0,506,413
0,0,0,0,0,507,429
0,0,0,0,0,507,445
0,0,0,0,0,508,461
0,0,0,0,0,523,398
0,0,0,0,0,523,413
0,0,0,0,0,524,429
0,0,0,0,0,524,445
0,0,0,0,0,525,462
0,0,0,0,0,476,476
0,0,0,0,0,477,492
0,0,0,0,0,477,509
0,0,0,0,0,478,526
0,0,0,0,0,479,543
0,0,0,0,0,492,477
0,0,0,0,0,493,493
0,0,0,0,0,494,510
0,0,0,0,0,495,527
0,0,0,0,0,496,544
0,0,0,0,0,509,477
0,0,0,0,0,510,494
0,0,0,0,0,511,511
0,0,0,0,0,512,528
0,0,0,0,0,513,545
0,0,0,0,0,526,478
0,0,0,0,0,527,495
0,0,0,0,0,528,512
0,0,0,0,0,529,529
-1,0,0,0,0,201,379
-1,0,0,0,0,216,320
-1,0,0,0,0,216,334
-1,0,0,0,0,216,349
-1,0,0,0,0,216,364
-1,0,0,0,0,216,379
-1,0,0,0,0,170,394
-1,0,0,0,0,170,409
-1,0,0,0,0,169,425
-1,0,0,0,0,169,440
-1,0,0,0,0,168,456
-1,0,0,0,0,185,394
-1,0,0,0,0,185,409
-1,0,0,0,0,185,424
-1,0,0,0,0,184,440
-1,0,0,0,0,184,455
-1,0,0,0,0,201,394
-1,0,0,0,0,200,409
-1,0,0,0,0,200,424
-1,0,0,0,0,200,439
-1,0,0,0,0,199,455
-1,0,0,0,0,216,394
-1,0,0,0,0,216,409
-1,0,0,0,0,215,424
-1,0,0,0,0,215,439
-1,0,0,0,0,215,454
-1,0,0,0,0,168,471
-1,0,0,0,0,167,487
-1,0,0,0,0,166,503
-1,0,0,0,0,165,520
-1,0,0,0,0,165,536
-1,0,0,0,0,183,471
-1,0,0,0,0,183,487
-1,0,0,0,0,182,503
-1,0,0,0,0,181,519
-1,0,0,0,0,181,535
-1,0,0,0,0,199,470
-1,0,0,0,0,198,486
-1,0,0,0,0,198,502
-1,0,0,0,0,197,518
-1,0,0,0,0,197,535
-1,0,0,0,0,214,470
-1,0,0,0,0,214,486
-1,0,0,0,0,213,502
-1,0,0,0,0,213,518
-1,0,0,0,0,276,378
-1,0,0,0,0,290,320
-1,0,0,0,0,290,334
-1,0,0,0,0,290,349
-1,0,0,0,0,290,363
-1,0,0,0,0,290,378
-1,0,0,0,0,246,393
-1,0,0,0,0,246,408
-1,0,0,0,0,245,423
-1,0,0,0,0,245,438
-1,0,0,0,0,245,454
-1,0,0,0,0,261,393
-1,0,0,0,0,261,408
-1,0,0,0,0,260,423
-1,0,0,0,0,260,438
-1,0,0,0,0,260,453
-1,0,0,0,0,275,393
-1,0,0,0,0,275,408
-1,0,0,0,0,275,423
-1,0,0,0,0,275,438
-1,0,0,0,0,275,453
-1,0,0,0,0,290,393
-1,0,0,0,0,290,408
-1,0,0,0,0,290,423
-1,0,0,0,0,290,438
-1,0,0,0,0,290,453
-1,0,0,0,0,245,469
-1,0,0,0,0,244,485
-1,0,0,0,0,244,501
-1,0,0,0,0,244,517
-1,0,0,0,0,243,533
-1,0,0,0,0,260,469
-1,0,0,0,0,259,485
-1,0,0,0,0,259,500
-1,0,0,0,0,259,516
-1,0,0,0,0,259,533
-1,0,0,0,0,275,469
-1,0,0,0,0,275,484
-1,0,0,0,0,274,500
-1,0,0,0,0,274,516
-1,0,0,0,0,274,532
-1,0,0,0,0,290,469
-1,0,0,0,0,290,484
-1,0,0,0,0,289,500
-1,0,0,0,0,289,516
0,0,0,0,0,349,378
0,0,0,0,0,363,320
0,0,0,0,0,363,334
0,0,0,0,0,363,349
0,0,0,0,0,363,363
0,0,0,0,0,363,378
0,0,0,0,0,320,393
0,0,0,0,0,320,408
0,0,0,0,0,320,423
0,0,0,0,0,320,438
0,0,0,0,0,320,453
0,0,0,0,0,334,393
0,0,0,0,0,334,408
0,0,0,0,0,334,423
0,0,0,0,0,334,438
0,0,0,0,0,334,453
0,0,0,0,0,349,393
0,0,0,0,0,349,408
0,0,0,0,0,349,423
0,0,0,0,0,349,438
0,0,0,0,0,349,453
0,0,0,0,0,364,393
0,0,0,0,0,364,408
0,0,0,0,0,364,423
0,0,0,0,0,364,438
0,0,0,0,0,364,453
0,0,0,0,0,320,468
0,0,0,0,0,320,484
0,0,0,0,0,320,500
0,0,0,0,0,320,516
0,0,0,0,0,320,532
0,0,0,0,0,334,468
0,0,0,0,0,334,484
0,0,0,0,0,335,500
0,0,0,0,0,335,516
0,0,0,0,0,335,532
0,0,0,0,0,349,469
0,0,0,0,0,349,484
0,0,0,0,0,350,500
0,0,0,0,0,350,516
0,0,0,0,0,350,532
0,0,0,0,0,364,469
0,0,0,0,0,364,484
0,0,0,0,0,365,500
0,0,0,0,0,365,516
0,0,0,0,0,423,379
0,0,0,0,0,438,320
0,0,0,0,0,438,334
0,0,0,0,0,438,349
0,0,0,0,0,438,364
0,0,0,0,0,438,379
0,0,0,0,0,393,393
0,0,0,0,0,393,408
0,0,0,0,0,394,423
0,0,0,0,0,394,438
0,0,0,0,0,394,454
0,0,0,0,0,408,393
0,0,0,0,0,408,408
0,0,0,0,0,409,423
0,0,0,0,0,409,439
0,0,0,0,0,409,454
0,0,0,0,0,423,394
0,0,0,0,0,423,409
0,0,0,0,0,424,424
0,0,0,0,0,424,439
0,0,0,0,0,424,454
0,0,0,0,0,438,394
0,0,0,0,0,439,409
0,0,0,0,0,439,424
0,0,0,0,0,439,439
0,0,0,0,0,440,455
0,0,0,0,0,394,469
0,0,0,0,0,395,485
0,0,0,0,0,395,501
0,0,0,0,0,395,517
0,0,0,0,0,396,533
0,0,0,0,0,409,469
0,0,0,0,0,410,485
0,0,0,0,0,410,501
0,0,0,0,0,411,517
0,0,0,0,0,411,534
0,0,0,0,0,425,470
0,0,0,0,0,425,486
0,0,0,0,0,426,502
0,0,0,0,0,426,518
0,0,0,0,0,427,534
0,0,0,0,0,440,470
0,0,0,0,0,441,486
0,0,0,0,0,441,502
0,0,0,0,0,442,518
0,0,0,0,0,500,380
0,0,0,0,0,516,320
0,0,0,0,0,516,335
0,0,0,0,0,516,350
0,0,0,0,0,516,365
0,0,0,0,0,516,380
0,0,0,0,0,469,394
0,0,0,0,0,469,409
0,0,0,0,0,470,425
0,0,0,0,0,470,440
0,0,0,0,0,471,456
0,0,0,0,0,485,395
0,0,0,0,0,485,410
0,0,0,0,0,486,425
0,0,0,0,0,486,441
0,0,0,0,0,487,456
0,0,0,0,0,501,395
0,0,0,0,0,501,410
0,0,0,0,0,502,426
0,0,0,0,0,502,441
0,0,0,0,0,503,457
0,0,0,0,0,517,395
0,0,0,0,0,517,411
0,0,0,0,0,518,426
0,0,0,0,0,518,442
0,0,0,0,0,519,458
0,0,0,0,0,471,471
0,0,0,0,0,472,487
0,0,0,0,0,473,503
0,0,0,0,0,474,520
0,0,0,0,0,474,536
0,0,0,0,0,487,472
0,0,0,0,0,488,488
0,0,0,0,0,489,504
0,0,0,0,0,490,521
0,0,0,0,0,491,537
0,0,0,0,0,503,473
0,0,0,0,0,504,489
0,0,0,0,0,505,505
0,0,0,0,0,506,521
0,0,0,0,0,507,538
0,0,0,0,0,520,474
0,0,0,0,0,521,490
0,0,0,0,0,521,506
0,0,0,0,0,522,522
-1,0,0,0,0,204,377
-1,0,0,0,0,219,320
-1,0,0,0,0,219,334
-1,0,0,0,0,219,348
-1,0,0,0,0,219,363
-1,0,0,0,0,219,377
-1,0,0,0,0,174,392
-1,0,0,0,0,174,407
-1,0,0,0,0,173,422
-1,0,0,0,0,173,437
-1,0,0,0,0,172,452
-1,0,0,0,0,189,392
-1,0,0,0,0,189,407
-1,0,0,0,0,188,422
-1,0,0,0,0,188,436
-1,0,0,0,0,188,451
-1,0,0,0,0,204,392
-1,0,0,0,0,204,406
-1,0,0,0,0,203,421
-1,0,0,0,0,203,436
-1,0,0,0,0,203,451
-1,0,0,0,0,219,392
-1,0,0,0,0,218,406
-1,0,0,0,0,218,421
-1,0,0,0,0,218,436
-1,0,0,0,0,217,451
-1,0,0,0,0,172,467
-1,0,0,0,0,171,483
-1,0,0,0,0,171,498
-1,0,0,0,0,170,514
-1,0,0,0,0,169,530
-1,0,0,0,0,187,467
-1,0,0,0,0,186,482
-1,0,0,0,0,186,498
-1,0,0,0,0,185,513
-1,0,0,0,0,185,529
-1,0,0,0,0,202,466
-1,0,0,0,0,202,482
-1,0,0,0,0,201,497
-1,0,0,0,0,201,513
-1,0,0,0,0,200,529
-1,0,0,0,0,217,466
-1,0,0,0,0,217,481
-1,0,0,0,0,216,497
-1,0,0,0,0,216,512
-1,0,0,0,0,277,377
-1,0,0,0,0,291,320
-1,0,0,0,0,291,334
-1,0,0,0,0,291,348
-1,0,0,0,0,291,362
-1,0,0,0,0,291,377
-1,0,0,0,0,248,391
-1,0,0,0,0,248,406
-1,0,0,0,0,247,420
-1,0,0,0,0,247,435
-1,0,0,0,0,247,450
-1,0,0,0,0,262,391
-1,0,0,0,0,262,406
-1,0,0,0,0,262,420
-1,0,0,0,0,262,435
-1,0,0,0,0,262,450
-1,0,0,0,0,277,391
-1,0,0,0,0,276,406
-1,0,0,0,0,276,420
-1,0,0,0,0,276,435
-1,0,0,0,0,276,450
-1,0,0,0,0,291,391
-1,0,0,0,0,291,405
-1,0,0,0,0,291,420
-1,0,0,0,0,291,435
-1,0,0,0,0,291,450
-1,0,0,0,0,247,465
-1,0,0,0,0,246,480
-1,0,0,0,0,246,496
-1,0,0,0,0,246,511
-1,0,0,0,0,245,527
-1,0,0,0,0,261,465
-1,0,0,0,0,261,480
-1,0,0,0,0,261,495
-1,0,0,0,0,261,511
-1,0,0,0,0,260,527
-1,0,0,0,0,276,465
-1,0,0,0,0,276,480
-1,0,0,0,0,276,495
-1,0,0,0,0,275,511
-1,0,0,0,0,275,527
-1,0,0,0,0,290,465
-1,0,0,0,0,290,480
-1,0,0,0,0,290,495
-1,0,0,0,0,290,511
0,0,0,0,0,348,377
0,0,0,0,0,362,320
0,0,0,0,0,362,334
0,0,0,0,0,362,348
0,0,0,0,0,362,362
0,0,0,0,0,362,377
0,0,0,0,0,320,391
0,0,0,0,0,320,405
0,0,0,0,0,320,420
0,0,0,0,0,320,435
0,0,0,0,0,320,449
0,0,0,0,0,334,391
0,0,0,0,0,334,405
0,0,0,0,0,334,420
0,0,0,0,0,334,435
0,0,0,0,0,334,449
0,0,0,0,0,348,391
0,0,0,0,0,348,405
0,0,0,0,0,348,420
0,0,0,0,0,348,435
0,0,0,0,0,348,450
0,0,0,0,0,362,391
0,0,0,0,0,363,406
0,0,0,0,0,363,420
0,0,0,0,0,363,435
0,0,0,0,0,363,450
0,0,0,0,0,320,464
0,0,0,0,0,320,480
0,0,0,0,0,320,495
0,0,0,0,0,320,510
0,0,0,0,0,320,526
0,0,0,0,0,334,464
0,0,0,0,0,334,480
0,0,0,0,0,334,495
0,0,0,0,0,334,510
0,0,0,0,0,334,526
0,0,0,0,0,349,465
0,0,0,0,0,349,480
0,0,0,0,0,349,495
0,0,0,0,0,349,511
0,0,0,0,0,349,526
0,0,0,0,0,363,465
0,0,0,0,0,363,480
0,0,0,0,0,363,495
0,0,0,0,0,364,511
0,0,0,0,0,420,377
0,0,0,0,0,435,320
0,0,0,0,0,435,334
0,0,0,0,0,435,348
0,0,0,0,0,435,363
0,0,0,0,0,435,377
0,0,0,0,0,391,391
0,0,0,0,0,391,406
0,0,0,0,0,392,420
0,0,0,0,0,392,435
0,0,0,0,0,392,450
0,0,0,0,0,406,391
0,0,0,0,0,406,406
0,0,0,0,0,406,421
0,0,0,0,0,406,435
0,0,0,0,0,407,450
0,0,0,0,0,420,392
0,0,0,0,0,421,406
0,0,0,0,0,421,421
0,0,0,0,0,421,436
0,0,0,0,0,422,451
0,0,0,0,0,435,392
0,0,0,0,0,435,406
0,0,0,0,0,436,421
0,0,0,0,0,436,436
0,0,0,0,0,436,451
0,0,0,0,0,392,465
0,0,0,0,0,393,480
0,0,0,0,0,393,496
0,0,0,0,0,393,511
0,0,0,0,0,394,527
0,0,0,0,0,407,465
0,0,0,0,0,407,481
0,0,0,0,0,408,496
0,0,0,0,0,408,512
0,0,0,0,0,409,528
0,0,0,0,0,422,466
0,0,0,0,0,422,481
0,0,0,0,0,423,497
0,0,0,0,0,423,512
0,0,0,0,0,424,528
0,0,0,0,0,437,466
0,0,0,0,0,437,482
0,0,0,0,0,438,497
0,0,0,0,0,438,513
0,0,0,0,0,495,378
0,0,0,0,0,510,320
0,0,0,0,0,510,334
0,0,0,0,0,511,349
0,0,0,0,0,511,364
0,0,0,0,0,511,378
0,0,0,0,0,465,392
0,0,0,0,0,465,407
0,0,0,0,0,466,422
0,0,0,0,0,466,437
0,0,0,0,0,467,452
0,0,0,0,0,480,393
0,0,0,0,0,481,407
0,0,0,0,0,481,422
0,0,0,0,0,482,437
0,0,0,0,0,482,453
0,0,0,0,0,496,393
0,0,0,0,0,496,408
0,0,0,0,0,497,423
0,0,0,0,0,497,438
0,0,0,0,0,498,453
0,0,0,0,0,511,393
0,0,0,0,0,512,408
0,0,0,0,0,512,423
0,0,0,0,0,513,438
0,0,0,0,0,513,454
0,0,0,0,0,467,467
0,0,0,0,0,468,483
0,0,0,0,0,468,498
0,0,0,0,0,469,514
0,0,0,0,0,470,530
0,0,0,0,0,483,468
0,0,0,0,0,483,483
0,0,0,0,0,484,499
0,0,0,0,0,485,515
0,0,0,0,0,486,531
0,0,0,0,0,498,468
0,0,0,0,0,499,484
0,0,0,0,0,500,500
0,0,0,0,0,501,516
0,0,0,0,0,501,532
0,0,0,0,0,514,469
0,0,0,0,0,515,485
0,0,0,0,0,516,501
0,0,0,0,0,517,517
-1,0,0,0,0,207,376
-1,0,0,0,0,222,320
-1,0,0,0,0,222,333
-1,0,0,0,0,222,347
-1,0,0,0,0,221,362
-1,0,0,0,0,221,376
-1,0,0,0,0,178,390
-1,0,0,0,0,177,405
-1,0,0,0,0,177,419
-1,0,0,0,0,177,434
-1,0,0,0,0,176,448
-1,0,0,0,0,192,390
-1,0,0,0,0,192,404
-1,0,0,0,0,192,419
-1,0,0,0,0,191,433
-1,0,0,0,0,191,448
-1,0,0,0,0,207,390
-1,0,0,0,0,207,404
-1,0,0,0,0,206,419
-1,0,0,0,0,206,433
-1,0,0,0,0,206,448
-1,0,0,0,0,221,390
-1,0,0,0,0,221,404
-1,0,0,0,0,221,418
-1,0,0,0,0,220,433
-1,0,0,0,0,220,447
-1,0,0,0,0,176,463
-1,0,0,0,0,175,478
-1,0,0,0,0,175,493
-1,0,0,0,0,174,509
-1,0,0,0,0,173,524
-1,0,0,0,0,191,463
-1,0,0,0,0,190,478
-1,0,0,0,0,190,493
-1,0,0,0,0,189,508
-1,0,0,0,0,188,524
-1,0,0,0,0,205,462
-1,0,0,0,0,205,477
-1,0,0,0,0,204,492
-1,0,0,0,0,204,508
-1,0,0,0,0,203,523
-1,0,0,0,0,220,462
-1,0,0,0,0,219,477
-1,0,0,0,0,219,492
-1,0,0,0,0,219,507
-1,0,0,0,0,278,375
-1,0,0,0,0,292,320
-1,0,0,0,0,292,333
-1,0,0,0,0,292,347
-1,0,0,0,0,292,361
-1,0,0,0,0,292,375
-1,0,0,0,0,250,389
-1,0,0,0,0,249,404
-1,0,0,0,0,249,418
-1,0,0,0,0,249,432
-1,0,0,0,0,249,447
-1,0,0,0,0,264,389
-1,0,0,0,0,264,403
-1,0,0,0,0,263,418
-1,0,0,0,0,263,432
-1,0,0,0,0,263,446
-1,0,0,0,0,278,389
-1,0,0,0,0,278,403
-1,0,0,0,0,277,418
-1,0,0,0,0,277,432
-1,0,0,0,0,277,446
-1,0,0,0,0,292,389
-1,0,0,0,0,292,403
-1,0,0,0,0,292,417
-1,0,0,0,0,291,432
-1,0,0,0,0,291,446
-1,0,0,0,0,249,461
-1,0,0,0,0,248,476
-1,0,0,0,0,248,491
-1,0,0,0,0,248,506
-1,0,0,0,0,247,522
-1,0,0,0,0,263,461
-1,0,0,0,0,263,476
-1,0,0,0,0,262,491
-1,0,0,0,0,262,506
-1,0,0,0,0,262,521
-1,0,0,0,0,277,461
-1,0,0,0,0,277,476
-1,0,0,0,0,277,491
-1,0,0,0,0,277,506
-1,0,0,0,0,276,521
-1,0,0,0,0,291,461
-1,0,0,0,0,291,475
-1,0,0,0,0,291,490
-1,0,0,0,0,291,505
0,0,0,0,0,347,375
0,0,0,0,0,361,320
0,0,0,0,0,361,333
0,0,0,0,0,361,347
0,0,0,0,0,361,361
0,0,0,0,0,361,375
0,0,0,0,0,320,389
0,0,0,0,0,320,403
0,0,0,0,0,320,417
0,0,0,0,0,320,432
0,0,0,0,0,320,446
0,0,0,0,0,333,389
0,0,0,0,0,333,403
0,0,0,0,0,333,417
0,0,0,0,0,334,432
0,0,0,0,0,334,446
0,0,0,0,0,347,389
0,0,0,0,0,347,403
0,0,0,0,0,347,417
0,0,0,0,0,348,432
0,0,0,0,0,348,446
0,0,0,0,0,361,389
0,0,0,0,0,361,403
0,0,0,0,0,362,418
0,0,0,0,0,362,432
0,0,0,0,0,362,446
0,0,0,0,0,320,461
0,0,0,0,0,320,475
0,0,0,0,0,320,490
0,0,0,0,0,320,505
0,0,0,0,0,320,521
0,0,0,0,0,334,461
0,0,0,0,0,334,475
0,0,0,0,0,334,490
0,0,0,0,0,334,505
0,0,0,0,0,334,521
0,0,0,0,0,348,461
0,0,0,0,0,348,475
0,0,0,0,0,348,490
0,0,0,0,0,348,505
0,0,0,0,0,348,521
0,0,0,0,0,362,461
0,0,0,0,0,362,476
0,0,0,0,0,362,491
0,0,0,0,0,362,506
0,0,0,0,0,418,376
0,0,0,0,0,432,320
0,0,0,0,0,432,334
0,0,0,0,0,432,348
0,0,0,0,0,432,362
0,0,0,0,0,432,376
0,0,0,0,0,389,389
0,0,0,0,0,390,404
0,0,0,0,0,390,418
0,0,0,0,0,390,432
0,0,0,0,0,390,447
0,0,0,0,0,404,390
0,0,0,0,0,404,404
0,0,0,0,0,404,418
0,0,0,0,0,404,432
0,0,0,0,0,404,447
0,0,0,0,0,418,390
0,0,0,0,0,418,404
0,0,0,0,0,418,418
0,0,0,0,0,419,433
0,0,0,0,0,419,447
0,0,0,0,0,432,390
0,0,0,0,0,432,404
0,0,0,0,0,433,419
0,0,0,0,0,433,433
0,0,0,0,0,433,448
0,0,0,0,0,390,461
0,0,0,0,0,391,476
0,0,0,0,0,391,491
0,0,0,0,0,391,506
0,0,0,0,0,392,522
0,0,0,0,0,405,462
0,0,0,0,0,405,476
0,0,0,0,0,405,491
0,0,0,0,0,406,507
0,0,0,0,0,406,522
0,0,0,0,0,419,462
0,0,0,0,0,420,477
0,0,0,0,0,420,492
0,0,0,0,0,420,507
0,0,0,0,0,421,522
0,0,0,0,0,434,462
0,0,0,0,0,434,477
0,0,0,0,0,435,492
0,0,0,0,0,435,508
0,0,0,0,0,491,377
0,0,0,0,0,505,320
0,0,0,0,0,505,334
0,0,0,0,0,505,348
0,0,0,0,0,506,362
0,0,0,0,0,506,377
0,0,0,0,0,461,390
0,0,0,0,0,462,405
0,0,0,0,0,462,419
0,0,0,0,0,462,434
0,0,0,0,0,463,448
0,0,0,0,0,476,391
0,0,0,0,0,476,405
0,0,0,0,0,477,420
0,0,0,0,0,477,434
0,0,0,0,0,478,449
0,0,0,0,0,491,391
0,0,0,0,0,491,405
0,0,0,0,0,492,420
0,0,0,0,0,492,435
0,0,0,0,0,493,449
0,0,0,0,0,506,391
0,0,0,0,0,507,406
0,0,0,0,0,507,420
0,0,0,0,0,508,435
0,0,0,0,0,508,450
0,0,0,0,0,463,463
0,0,0,0,0,464,478
0,0,0,0,0,464,493
0,0,0,0,0,465,509
0,0,0,0,0,466,524
0,0,0,0,0,478,464
0,0,0,0,0,479,479
0,0,0,0,0,479,494
0,0,0,0,0,480,509
0,0,0,0,0,481,525
0,0,0,0,0,493,464
0,0,0,0,0,494,479
0,0,0,0,0,495,495
0,0,0,0,0,496,510
0,0,0,0,0,496,526
0,0,0,0,0,509,465
0,0,0,0,0,509,480
0,0,0,0,0,510,496
0,0,0,0,0,511,511
