-1.4,-1.4,0,0,0,152.6,301
-1.4,-1.4,0,0,0,170.8,226.8
-1.4,-1.4,0,0,0,170.8,245
-1.4,-1.4,0,0,0,170.8,263.2
-1.4,-1.4,0,0,0,170.8,282.8
-1.4,-1.4,0,0,0,170.8,301
-1.4,-1.4,0,0,0,190.4,226.8
-1.4,-1.4,0,0,0,190.4,245
-1.4,-1.4,0,0,0,190.4,263.2
-1.4,-1.4,0,0,0,190.4,282.8
-1.4,-1.4,0,0,0,190.4,301
-1.4,0,0,0,0,134.4,319.2
-1.4,0,0,0,0,134.4,337.4
-1.4,0,0,0,0,134.4,355.6
-1.4,0,0,0,0,134.4,375.2
-1.4,0,0,0,0,134.4,393.4
-1.4,0,0,0,0,152.6,319.2
-1.4,0,0,0,0,152.6,337.4
-1.4,0,0,0,0,152.6,355.6
-1.4,0,0,0,0,152.6,375.2
-1.4,0,0,0,0,152.6,393.4
-1.4,0,0,0,0,170.8,319.2
-1.4,0,0,0,0,170.8,337.4
-1.4,0,0,0,0,170.8,355.6
-1.4,0,0,0,0,170.8,375.2
-1.4,0,0,0,0,170.8,393.4
-1.4,0,0,0,0,190.4,319.2
-1.4,0,0,0,0,190.4,337.4
-1.4,0,0,0,0,190.4,355.6
-1.4,0,0,0,0,190.4,375.2
-1.4,0,0,0,0,190.4,393.4
-1.4,0,0,0,0,134.4,411.6
-1.4,0,0,0,0,134.4,429.8
-1.4,0,0,0,0,134.4,448
-1.4,0,0,0,0,134.4,467.6
-1.4,0,0,0,0,134.4,485.8
-1.4,0,0,0,0,152.6,411.6
-1.4,0,0,0,0,152.6,429.8
-1.4,0,0,0,0,152.6,448
-1.4,0,0,0,0,152.6,467.6
-1.4,0,0,0,0,152.6,485.8
-1.4,0,0,0,0,170.8,411.6
-1.4,0,0,0,0,170.8,429.8
-1.4,0,0,0,0,170.8,448
-1.4,0,0,0,0,170.8,467.6
-1.4,0,0,0,0,170.8,485.8
-1.4,0,0,0,0,190.4,411.6
-1.4,0,0,0,0,190.4,429.8
-1.4,0,0,0,0,190.4,448
-1.4,0,0,0,0,190.4,467.6
-1.4,0,0,0,0,190.4,485.8
-1.4,0,0,0,0,134.4,504
-1.4,0,0,0,0,134.4,522.2
-1.4,0,0,0,0,134.4,540.4
-1.4,0,0,0,0,134.4,560
-1.4,0,0,0,0,134.4,578.2
-1.4,0,0,0,0,152.6,504
-1.4,0,0,0,0,152.6,522.2
-1.4,0,0,0,0,152.6,540.4
-1.4,0,0,0,0,152.6,560
-1.4,0,0,0,0,152.6,578.2
-1.4,0,0,0,0,170.8,504
-1.4,0,0,0,0,170.8,522.2
-1.4,0,0,0,0,170.8,540.4
-1.4,0,0,0,0,170.8,560
-1.4,0,0,0,0,170.8,578.2
-1.4,0,0,0,0,190.4,504
-1.4,0,0,0,0,190.4,522.2
-1.4,0,0,0,0,190.4,540.4
-1.4,0,0,0,0,190.4,560
-1.4,-1.4,0,0,0,245,301
-1.4,-1.4,0,0,0,263.2,226.8
-1.4,-1.4,0,0,0,263.2,245
-1.4,-1.4,0,0,0,263.2,263.2
-1.4,-1.4,0,0,0,263.2,282.8
-1.4,-1.4,0,0,0,263.2,301
-1.4,-1.4,0,0,0,282.8,226.8
-1.4,-1.4,0,0,0,282.8,245
-1.4,-1.4,0,0,0,282.8,263.2
-1.4,-1.4,0,0,0,282.8,282.8
-1.4,-1.4,0,0,0,282.8,301
-1.4,0,0,0,0,226.8,319.2
-1.4,0,0,0,0,226.8,337.4
-1.4,0,0,0,0,226.8,355.6
-1.4,0,0,0,0,226.8,375.2
-1.4,0,0,0,0,226.8,393.4
-1.4,0,0,0,0,245,319.2
-1.4,0,0,0,0,245,337.4
-1.4,0,0,0,0,245,355.6
-1.4,0,0,0,0,245,375.2
-1.4,0,0,0,0,245,393.4
-1.4,0,0,0,0,263.2,319.2
-1.4,0,0,0,0,263.2,337.4
-1.4,0,0,0,0,263.2,355.6
-1.4,0,0,0,0,263.2,375.2
-1.4,0,0,0,0,263.2,393.4
-1.4,0,0,0,0,282.8,319.2
-1.4,0,0,0,0,282.8,337.4
-1.4,0,0,0,0,282.8,355.6
-1.4,0,0,0,0,282.8,375.2
-1.4,0,0,0,0,282.8,393.4
-1.4,0,0,0,0,226.8,411.6
-1.4,0,0,0,0,226.8,429.8
-1.4,0,0,0,0,226.8,448
-1.4,0,0,0,0,226.8,467.6
-1.4,0,0,0,0,226.8,485.8
-1.4,0,0,0,0,245,411.6
-1.4,0,0,0,0,245,429.8
-1.4,0,0,0,0,245,448
-1.4,0,0,0,0,245,467.6
-1.4,0,0,0,0,245,485.8
-1.4,0,0,0,0,263.2,411.6
-1.4,0,0,0,0,263.2,429.8
-1.4,0,0,0,0,263.2,448
-1.4,0,0,0,0,263.2,467.6
-1.4,0,0,0,0,263.2,485.8
-1.4,0,0,0,0,282.8,411.6
-1.4,0,0,0,0,282.8,429.8
-1.4,0,0,0,0,282.8,448
-1.4,0,0,0,0,282.8,467.6
-1.4,0,0,0,0,282.8,485.8
-1.4,0,0,0,0,226.8,504
-1.4,0,0,0,0,226.8,522.2
-1.4,0,0,0,0,226.8,540.4
-1.4,0,0,0,0,226.8,560
-1.4,0,0,0,0,226.8,578.2
-1.4,0,0,0,0,245,504
-1.4,0,0,0,0,245,522.2
-1.4,0,0,0,0,245,540.4
-1.4,0,0,0,0,245,560
-1.4,0,0,0,0,245,578.2
-1.4,0,0,0,0,263.2,504
-1.4,0,0,0,0,263.2,522.2
-1.4,0,0,0,0,263.2,540.4
-1.4,0,0,0,0,263.2,560
-1.4,0,0,0,0,263.2,578.2
-1.4,0,0,0,0,282.8,504
-1.4,0,0,0,0,282.8,522.2
-1.4,0,0,0,0,282.8,540.4
-1.4,0,0,0,0,282.8,560
0,-1.4,0,0,0,337.4,301
0,-1.4,0,0,0,355.6,226.8
0,-1.4,0,0,0,355.6,245
0,-1.4,0,0,0,355.6,263.2
0,-1.4,0,0,0,355.6,282.8
0,-1.4,0,0,0,355.6,301
0,-1.4,0,0,0,375.2,226.8
0,-1.4,0,0,0,375.2,245
0,-1.4,0,0,0,375.2,263.2
0,-1.4,0,0,0,375.2,282.8
0,-1.4,0,0,0,375.2,301
0,0,0,0,0,319.2,319.2
0,0,0,0,0,319.2,337.4
0,0,0,0,0,319.2,355.6
0,0,0,0,0,319.2,375.2
0,0,0,0,0,319.2,393.4
0,0,0,0,0,337.4,319.2
0,0,0,0,0,337.4,337.4
0,0,0,0,0,337.4,355.6
0,0,0,0,0,337.4,375.2
0,0,0,0,0,337.4,393.4
0,0,0,0,0,355.6,319.2
0,0,0,0,0,355.6,337.4
0,0,0,0,0,355.6,355.6
0,0,0,0,0,355.6,375.2
0,0,0,0,0,355.6,393.4
0,0,0,0,0,375.2,319.2
0,0,0,0,0,375.2,337.4
0,0,0,0,0,375.2,355.6
0,0,0,0,0,375.2,375.2
0,0,0,0,0,375.2,393.4
0,0,0,0,0,319.2,411.6
0,0,0,0,0,319.2,429.8
0,0,0,0,0,319.2,448
0,0,0,0,0,319.2,467.6
0,0,0,0,0,319.2,485.8
0,0,0,0,0,337.4,411.6
0,0,0,0,0,337.4,429.8
0,0,0,0,0,337.4,448
0,0,0,0,0,337.4,467.6
0,0,0,0,0,337.4,485.8
0,0,0,0,0,355.6,411.6
0,0,0,0,0,355.6,429.8
0,0,0,0,0,355.6,448
0,0,0,0,0,355.6,467.6
0,0,0,0,0,355.6,485.8
0,0,0,0,0,375.2,411.6
0,0,0,0,0,375.2,429.8
0,0,0,0,0,375.2,448
0,0,0,0,0,375.2,467.6
0,0,0,0,0,375.2,485.8
0,0,0,0,0,319.2,504
0,0,0,0,0,319.2,522.2
0,0,0,0,0,319.2,540.4
0,0,0,0,0,319.2,560
0,0,0,0,0,319.2,578.2
0,0,0,0,0,337.4,504
0,0,0,0,0,337.4,522.2
0,0,0,0,0,337.4,540.4
0,0,0,0,0,337.4,560
0,0,0,0,0,337.4,578.2
0,0,0,0,0,355.6,504
0,0,0,0,0,355.6,522.2
0,0,0,0,0,355.6,540.4
0,0,0,0,0,355.6,560
0,0,0,0,0,355.6,578.2
0,0,0,0,0,375.2,504
0,0,0,0,0,375.2,522.2
0,0,0,0,0,375.2,540.4
0,0,0,0,0,375.2,560
0,-1.4,0,0,0,429.8,301
0,-1.4,0,0,0,448,226.8
0,-1.4,0,0,0,448,245
0,-1.4,0,0,0,448,263.2
0,-1.4,0,0,0,448,282.8
0,-1.4,0,0,0,448,301
0,-1.4,0,0,0,467.6,226.8
0,-1.4,0,0,0,467.6,245
0,-1.4,0,0,0,467.6,263.2
0,-1.4,0,0,0,467.6,282.8
0,-1.4,0,0,0,467.6,301
0,0,0,0,0,411.6,319.2
0,0,0,0,0,411.6,337.4
0,0,0,0,0,411.6,355.6
0,0,0,0,0,411.6,375.2
0,0,0,0,0,411.6,393.4
0,0,0,0,0,429.8,319.2
0,0,0,0,0,429.8,337.4
0,0,0,0,0,429.8,355.6
0,0,0,0,0,429.8,375.2
0,0,0,0,0,429.8,393.4
0,0,0,0,0,448,319.2
0,0,0,0,0,448,337.4
0,0,0,0,0,448,355.6
0,0,0,0,0,448,375.2
0,0,0,0,0,448,393.4
0,0,0,0,0,467.6,319.2
0,0,0,0,0,467.6,337.4
0,0,0,0,0,467.6,355.6
0,0,0,0,0,467.6,375.2
0,0,0,0,0,467.6,393.4
0,0,0,0,0,411.6,411.6
0,0,0,0,0,411.6,429.8
0,0,0,0,0,411.6,448
0,0,0,0,0,411.6,467.6
0,0,0,0,0,411.6,485.8
0,0,0,0,0,429.8,411.6
0,0,0,0,0,429.8,429.8
0,0,0,0,0,429.8,448
0,0,0,0,0,429.8,467.6
0,0,0,0,0,429.8,485.8
0,0,0,0,0,448,411.6
0,0,0,0,0,448,429.8
0,0,0,0,0,448,448
0,0,0,0,0,448,467.6
0,0,0,0,0,448,485.8
0,0,0,0,0,467.6,411.6
0,0,0,0,0,467.6,429.8
0,0,0,0,0,467.6,448
0,0,0,0,0,467.6,467.6
0,0,0,0,0,467.6,485.8
0,0,0,0,0,411.6,504
0,0,0,0,0,411.6,522.2
0,0,0,0,0,411.6,540.4
0,0,0,0,0,411.6,560
0,0,0,0,0,411.6,578.2
0,0,0,0,0,429.8,504
0,0,0,0,0,429.8,522.2
0,0,0,0,0,429.8,540.4
0,0,0,0,0,429.8,560
0,0,0,0,0,429.8,578.2
0,0,0,0,0,448,504
0,0,0,0,0,448,522.2
0,0,0,0,0,448,540.4
0,0,0,0,0,448,560
0,0,0,0,0,448,578.2
0,0,0,0,0,467.6,504
0,0,0,0,0,467.6,522.2
0,0,0,0,0,467.6,540.4
0,0,0,0,0,467.6,560
0,-1.4,0,0,0,522.2,301
0,-1.4,0,0,0,540.4,226.8
0,-1.4,0,0,0,540.4,245
0,-1.4,0,0,0,540.4,263.2
0,-1.4,0,0,0,540.4,282.8
0,-1.4,0,0,0,540.4,301
0,-1.4,0,0,0,560,226.8
0,-1.4,0,0,0,560,245
0,-1.4,0,0,0,560,263.2
0,-1.4,0,0,0,560,282.8
0,-1.4,0,0,0,560,301
0,0,0,0,0,504,319.2
0,0,0,0,0,504,337.4
0,0,0,0,0,504,355.6
0,0,0,0,0,504,375.2
0,0,0,0,0,504,393.4
0,0,0,0,0,522.2,319.2
0,0,0,0,0,522.2,337.4
0,0,0,0,0,522.2,355.6
0,0,0,0,0,522.2,375.2
0,0,0,0,0,522.2,393.4
0,0,0,0,0,540.4,319.2
0,0,0,0,0,540.4,337.4
0,0,0,0,0,540.4,355.6
0,0,0,0,0,540.4,375.2
0,0,0,0,0,540.4,393.4
0,0,0,0,0,560,319.2
0,0,0,0,0,560,337.4
0,0,0,0,0,560,355.6
0,0,0,0,0,560,375.2
0,0,0,0,0,560,393.4
0,0,0,0,0,504,411.6
0,0,0,0,0,504,429.8
0,0,0,0,0,504,448
0,0,0,0,0,504,467.6
0,0,0,0,0,504,485.8
0,0,0,0,0,522.2,411.6
0,0,0,0,0,522.2,429.8
0,0,0,0,0,522.2,448
0,0,0,0,0,522.2,467.6
0,0,0,0,0,522.2,485.8
0,0,0,0,0,540.4,411.6
0,0,0,0,0,540.4,429.8
0,0,0,0,0,540.4,448
0,0,0,0,0,540.4,467.6
0,0,0,0,0,540.4,485.8
0,0,0,0,0,560,411.6
0,0,0,0,0,560,429.8
0,0,0,0,0,560,448
0,0,0,0,0,560,467.6
0,0,0,0,0,560,485.8
0,0,0,0,0,504,504
0,0,0,0,0,504,522.2
0,0,0,0,0,504,540.4
0,0,0,0,0,504,560
0,0,0,0,0,504,578.2
0,0,0,0,0,522.2,504
0,0,0,0,0,522.2,522.2
0,0,0,0,0,522.2,540.4
0,0,0,0,0,522.2,560
0,0,0,0,0,522.2,578.2
0,0,0,0,0,540.4,504
0,0,0,0,0,540.4,522.2
0,0,0,0,0,540.4,540.4
0,0,0,0,0,540.4,560
0,0,0,0,0,540.4,578.2
0,0,0,0,0,560,504
0,0,0,0,0,560,522.2
0,0,0,0,0,560,540.4
0,0,0,0,0,560,560
-1.4,-1.4,0,0,0,158.2,301
-1.4,-1.4,0,0,0,176.4,229.6
-1.4,-1.4,0,0,0,176.4,247.8
-1.4,-1.4,0,0,0,176.4,266
-1.4,-1.4,0,0,0,176.4,284.2
-1.4,-1.4,0,0,0,176.4,301
-1.4,-1.4,0,0,0,194.6,229.6
-1.4,-1.4,0,0,0,194.6,247.8
-1.4,-1.4,0,0,0,194.6,266
-1.4,-1.4,0,0,0,194.6,284.2
-1.4,-1.4,0,0,0,194.6,301
-1.4,0,0,0,0,140,319.2
-1.4,0,0,0,0,140,337.4
-1.4,0,0,0,0,140,355.6
-1.4,0,0,0,0,140,372.4
-1.4,0,0,0,0,140,390.6
-1.4,0,0,0,0,158.2,319.2
-1.4,0,0,0,0,158.2,337.4
-1.4,0,0,0,0,158.2,355.6
-1.4,0,0,0,0,158.2,372.4
-1.4,0,0,0,0,158.2,390.6
-1.4,0,0,0,0,176.4,319.2
-1.4,0,0,0,0,176.4,337.4
-1.4,0,0,0,0,176.4,355.6
-1.4,0,0,0,0,176.4,372.4
-1.4,0,0,0,0,176.4,390.6
-1.4,0,0,0,0,194.6,319.2
-1.4,0,0,0,0,194.6,337.4
-1.4,0,0,0,0,194.6,355.6
-1.4,0,0,0,0,194.6,372.4
-1.4,0,0,0,0,194.6,390.6
-1.4,0,0,0,0,140,408.8
-1.4,0,0,0,0,140,427
-1.4,0,0,0,0,140,443.8
-1.4,0,0,0,0,140,462
-1.4,0,0,0,0,140,480.2
-1.4,0,0,0,0,158.2,408.8
-1.4,0,0,0,0,158.2,427
-1.4,0,0,0,0,158.2,443.8
-1.4,0,0,0,0,158.2,462
-1.4,0,0,0,0,158.2,480.2
-1.4,0,0,0,0,176.4,408.8
-1.4,0,0,0,0,176.4,427
-1.4,0,0,0,0,176.4,443.8
-1.4,0,0,0,0,176.4,462
-1.4,0,0,0,0,176.4,480.2
-1.4,0,0,0,0,194.6,408.8
-1.4,0,0,0,0,194.6,427
-1.4,0,0,0,0,194.6,443.8
-1.4,0,0,0,0,194.6,462
-1.4,0,0,0,0,194.6,480.2
-1.4,0,0,0,0,140,498.4
-1.4,0,0,0,0,140,516.6
-1.4,0,0,0,0,140,533.4
-1.4,0,0,0,0,140,551.6
-1.4,0,0,0,0,140,569.8
-1.4,0,0,0,0,158.2,498.4
-1.4,0,0,0,0,158.2,516.6
-1.4,0,0,0,0,158.2,533.4
-1.4,0,0,0,0,158.2,551.6
-1.4,0,0,0,0,158.2,569.8
-1.4,0,0,0,0,176.4,498.4
-1.4,0,0,0,0,176.4,516.6
-1.4,0,0,0,0,176.4,533.4
-1.4,0,0,0,0,176.4,551.6
-1.4,0,0,0,0,176.4,569.8
-1.4,0,0,0,0,194.6,498.4
-1.4,0,0,0,0,194.6,516.6
-1.4,0,0,0,0,194.6,533.4
-1.4,0,0,0,0,194.6,551.6
-1.4,-1.4,0,0,0,247.8,301
-1.4,-1.4,0,0,0,266,229.6
-1.4,-1.4,0,0,0,266,247.8
-1.4,-1.4,0,0,0,266,266
-1.4,-1.4,0,0,0,266,284.2
-1.4,-1.4,0,0,0,266,301
-1.4,-1.4,0,0,0,284.2,229.6
-1.4,-1.4,0,0,0,284.2,247.8
-1.4,-1.4,0,0,0,284.2,266
-1.4,-1.4,0,0,0,284.2,284.2
-1.4,-1.4,0,0,0,284.2,301
-1.4,0,0,0,0,229.6,319.2
-1.4,0,0,0,0,229.6,337.4
-1.4,0,0,0,0,229.6,355.6
-1.4,0,0,0,0,229.6,372.4
-1.4,0,0,0,0,229.6,390.6
-1.4,0,0,0,0,247.8,319.2
-1.4,0,0,0,0,247.8,337.4
-1.4,0,0,0,0,247.8,355.6
-1.4,0,0,0,0,247.8,372.4
-1.4,0,0,0,0,247.8,390.6
-1.4,0,0,0,0,266,319.2
-1.4,0,0,0,0,266,337.4
-1.4,0,0,0,0,266,355.6
-1.4,0,0,0,0,266,372.4
-1.4,0,0,0,0,266,390.6
-1.4,0,0,0,0,284.2,319.2
-1.4,0,0,0,0,284.2,337.4
-1.4,0,0,0,0,284.2,355.6
-1.4,0,0,0,0,284.2,372.4
-1.4,0,0,0,0,284.2,390.6
-1.4,0,0,0,0,229.6,408.8
-1.4,0,0,0,0,229.6,427
-1.4,0,0,0,0,229.6,443.8
-1.4,0,0,0,0,229.6,462
-1.4,0,0,0,0,229.6,480.2
-1.4,0,0,0,0,247.8,408.8
-1.4,0,0,0,0,247.8,427
-1.4,0,0,0,0,247.8,443.8
-1.4,0,0,0,0,247.8,462
-1.4,0,0,0,0,247.8,480.2
-1.4,0,0,0,0,266,408.8
-1.4,0,0,0,0,266,427
-1.4,0,0,0,0,266,443.8
-1.4,0,0,0,0,266,462
-1.4,0,0,0,0,266,480.2
-1.4,0,0,0,0,284.2,408.8
-1.4,0,0,0,0,284.2,427
-1.4,0,0,0,0,284.2,443.8
-1.4,0,0,0,0,284.2,462
-1.4,0,0,0,0,284.2,480.2
-1.4,0,0,0,0,229.6,498.4
-1.4,0,0,0,0,229.6,516.6
-1.4,0,0,0,0,229.6,533.4
-1.4,0,0,0,0,229.6,551.6
-1.4,0,0,0,0,229.6,569.8
-1.4,0,0,0,0,247.8,498.4
-1.4,0,0,0,0,247.8,516.6
-1.4,0,0,0,0,247.8,533.4
-1.4,0,0,0,0,247.8,551.6
-1.4,0,0,0,0,247.8,569.8
-1.4,0,0,0,0,266,498.4
-1.4,0,0,0,0,266,516.6
-1.4,0,0,0,0,266,533.4
-1.4,0,0,0,0,266,551.6
-1.4,0,0,0,0,266,569.8
-1.4,0,0,0,0,284.2,498.4
-1.4,0,0,0,0,284.2,516.6
-1.4,0,0,0,0,284.2,533.4
-1.4,0,0,0,0,284.2,551.6
0,-1.4,0,0,0,337.4,301
0,-1.4,0,0,0,355.6,229.6
0,-1.4,0,0,0,355.6,247.8
0,-1.4,0,0,0,355.6,266
0,-1.4,0,0,0,355.6,284.2
0,-1.4,0,0,0,355.6,301
0,-1.4,0,0,0,372.4,229.6
0,-1.4,0,0,0,372.4,247.8
0,-1.4,0,0,0,372.4,266
0,-1.4,0,0,0,372.4,284.2
0,-1.4,0,0,0,372.4,301
0,0,0,0,0,319.2,319.2
0,0,0,0,0,319.2,337.4
0,0,0,0,0,319.2,355.6
0,0,0,0,0,319.2,372.4
0,0,0,0,0,319.2,390.6
0,0,0,0,0,337.4,319.2
0,0,0,0,0,337.4,337.4
0,0,0,0,0,337.4,355.6
0,0,0,0,0,337.4,372.4
0,0,0,0,0,337.4,390.6
0,0,0,0,0,355.6,319.2
0,0,0,0,0,355.6,337.4
0,0,0,0,0,355.6,355.6
0,0,0,0,0,355.6,372.4
0,0,0,0,0,355.6,390.6
0,0,0,0,0,372.4,319.2
0,0,0,0,0,372.4,337.4
0,0,0,0,0,372.4,355.6
0,0,0,0,0,372.4,372.4
0,0,0,0,0,372.4,390.6
0,0,0,0,0,319.2,408.8
0,0,0,0,0,319.2,427
0,0,0,0,0,319.2,443.8
0,0,0,0,0,319.2,462
0,0,0,0,0,319.2,480.2
0,0,0,0,0,337.4,408.8
0,0,0,0,0,337.4,427
0,0,0,0,0,337.4,443.8
0,0,0,0,0,337.4,462
0,0,0,0,0,337.4,480.2
0,0,0,0,0,355.6,408.8
0,0,0,0,0,355.6,427
0,0,0,0,0,355.6,443.8
0,0,0,0,0,355.6,462
0,0,0,0,0,355.6,480.2
0,0,0,0,0,372.4,408.8
0,0,0,0,0,372.4,427
0,0,0,0,0,372.4,443.8
0,0,0,0,0,372.4,462
0,0,0,0,0,372.4,480.2
0,0,0,0,0,319.2,498.4
0,0,0,0,0,319.2,516.6
0,0,0,0,0,319.2,533.4
0,0,0,0,0,319.2,551.6
0,0,0,0,0,319.2,569.8
0,0,0,0,0,337.4,498.4
0,0,0,0,0,337.4,516.6
0,0,0,0,0,337.4,533.4
0,0,0,0,0,337.4,551.6
0,0,0,0,0,337.4,569.8
0,0,0,0,0,355.6,498.4
0,0,0,0,0,355.6,516.6
0,0,0,0,0,355.6,533.4
0,0,0,0,0,355.6,551.6
0,0,0,0,0,355.6,569.8
0,0,0,0,0,372.4,498.4
0,0,0,0,0,372.4,516.6
0,0,0,0,0,372.4,533.4
0,0,0,0,0,372.4,551.6
0,-1.4,0,0,0,427,301
0,-1.4,0,0,0,443.8,229.6
0,-1.4,0,0,0,443.8,247.8
0,-1.4,0,0,0,443.8,266
0,-1.4,0,0,0,443.8,284.2
0,-1.4,0,0,0,443.8,301
0,-1.4,0,0,0,462,229.6
0,-1.4,0,0,0,462,247.8
0,-1.4,0,0,0,462,266
0,-1.4,0,0,0,462,284.2
0,-1.4,0,0,0,462,301
0,0,0,0,0,408.8,319.2
0,0,0,0,0,408.8,337.4
0,0,0,0,0,408.8,355.6
0,0,0,0,0,408.8,372.4
0,0,0,0,0,408.8,390.6
0,0,0,0,0,427,319.2
0,0,0,0,0,427,337.4
0,0,0,0,0,427,355.6
0,0,0,0,0,427,372.4
0,0,0,0,0,427,390.6
0,0,0,0,0,443.8,319.2
0,0,0,0,0,443.8,337.4
0,0,0,0,0,443.8,355.6
0,0,0,0,0,443.8,372.4
0,0,0,0,0,443.8,390.6
0,0,0,0,0,462,319.2
0,0,0,0,0,462,337.4
0,0,0,0,0,462,355.6
0,0,0,0,0,462,372.4
0,0,0,0,0,462,390.6
0,0,0,0,0,408.8,408.8
0,0,0,0,0,408.8,427
0,0,0,0,0,408.8,443.8
0,0,0,0,0,408.8,462
0,0,0,0,0,408.8,480.2
0,0,0,0,0,427,408.8
0,0,0,0,0,427,427
0,0,0,0,0,427,443.8
0,0,0,0,0,427,462
0,0,0,0,0,427,480.2
0,0,0,0,0,443.8,408.8
0,0,0,0,0,443.8,427
0,0,0,0,0,443.8,443.8
0,0,0,0,0,443.8,462
0,0,0,0,0,443.8,480.2
0,0,0,0,0,462,408.8
0,0,0,0,0,462,427
0,0,0,0,0,462,443.8
0,0,0,0,0,462,462
0,0,0,0,0,462,480.2
0,0,0,0,0,408.8,498.4
0,0,0,0,0,408.8,516.6
0,0,0,0,0,408.8,533.4
0,0,0,0,0,408.8,551.6
0,0,0,0,0,408.8,569.8
0,0,0,0,0,427,498.4
0,0,0,0,0,427,516.6
0,0,0,0,0,427,533.4
0,0,0,0,0,427,551.6
0,0,0,0,0,427,569.8
0,0,0,0,0,443.8,498.4
0,0,0,0,0,443.8,516.6
0,0,0,0,0,443.8,533.4
0,0,0,0,0,443.8,551.6
0,0,0,0,0,443.8,569.8
0,0,0,0,0,462,498.4
0,0,0,0,0,462,516.6
0,0,0,0,0,462,533.4
0,0,0,0,0,462,551.6
0,-1.4,0,0,0,516.6,301
0,-1.4,0,0,0,533.4,229.6
0,-1.4,0,0,0,533.4,247.8
0,-1.4,0,0,0,533.4,266
0,-1.4,0,0,0,533.4,284.2
0,-1.4,0,0,0,533.4,301
0,-1.4,0,0,0,551.6,229.6
0,-1.4,0,0,0,551.6,247.8
0,-1.4,0,0,0,551.6,266
0,-1.4,0,0,0,551.6,284.2
0,-1.4,0,0,0,551.6,301
0,0,0,0,0,498.4,319.2
0,0,0,0,0,498.4,337.4
0,0,0,0,0,498.4,355.6
0,0,0,0,0,498.4,372.4
0,0,0,0,0,498.4,390.6
0,0,0,0,0,516.6,319.2
0,0,0,0,0,516.6,337.4
0,0,0,0,0,516.6,355.6
0,0,0,0,0,516.6,372.4
0,0,0,0,0,516.6,390.6
0,0,0,0,0,533.4,319.2
0,0,0,0,0,533.4,337.4
0,0,0,0,0,533.4,355.6
0,0,0,0,0,533.4,372.4
0,0,0,0,0,533.4,390.6
0,0,0,0,0,551.6,319.2
0,0,0,0,0,551.6,337.4
0,0,0,0,0,551.6,355.6
0,0,0,0,0,551.6,372.4
0,0,0,0,0,551.6,390.6
0,0,0,0,0,498.4,408.8
0,0,0,0,0,498.4,427
0,0,0,0,0,498.4,443.8
0,0,0,0,0,498.4,462
0,0,0,0,0,498.4,480.2
0,0,0,0,0,516.6,408.8
0,0,0,0,0,516.6,427
0,0,0,0,0,516.6,443.8
0,0,0,0,0,516.6,462
0,0,0,0,0,516.6,480.2
0,0,0,0,0,533.4,408.8
0,0,0,0,0,533.4,427
0,0,0,0,0,533.4,443.8
0,0,0,0,0,533.4,462
0,0,0,0,0,533.4,480.2
0,0,0,0,0,551.6,408.8
0,0,0,0,0,551.6,427
0,0,0,0,0,551.6,443.8
0,0,0,0,0,551.6,462
0,0,0,0,0,551.6,480.2
0,0,0,0,0,498.4,498.4
0,0,0,0,0,498.4,516.6
0,0,0,0,0,498.4,533.4
0,0,0,0,0,498.4,551.6
0,0,0,0,0,498.4,569.8
0,0,0,0,0,516.6,498.4
0,0,0,0,0,516.6,516.6
0,0,0,0,0,516.6,533.4
0,0,0,0,0,516.6,551.6
0,0,0,0,0,516.6,569.8
0,0,0,0,0,533.4,498.4
0,0,0,0,0,533.4,516.6
0,0,0,0,0,533.4,533.4
0,0,0,0,0,533.4,551.6
0,0,0,0,0,533.4,569.8
0,0,0,0,0,551.6,498.4
0,0,0,0,0,551.6,516.6
0,0,0,0,0,551.6,533.4
0,0,0,0,0,551.6,551.6
-1.4,-1.4,0,0,0,163.8,302.4
-1.4,-1.4,0,0,0,180.6,232.4
-1.4,-1.4,0,0,0,180.6,250.6
-1.4,-1.4,0,0,0,180.6,267.4
-1.4,-1.4,0,0,0,180.6,284.2
-1.4,-1.4,0,0,0,180.6,302.4
-1.4,-1.4,0,0,0,197.4,232.4
-1.4,-1.4,0,0,0,197.4,250.6
-1.4,-1.4,0,0,0,197.4,267.4
-1.4,-1.4,0,0,0,197.4,284.2
-1.4,-1.4,0,0,0,197.4,302.4
-1.4,0,0,0,0,145.6,319.2
-1.4,0,0,0,0,145.6,336
-1.4,0,0,0,0,145.6,354.2
-1.4,0,0,0,0,145.6,371
-1.4,0,0,0,0,145.6,389.2
-1.4,0,0,0,0,163.8,319.2
-1.4,0,0,0,0,163.8,336
-1.4,0,0,0,0,163.8,354.2
-1.4,0,0,0,0,163.8,371
-1.4,0,0,0,0,163.8,389.2
-1.4,0,0,0,0,180.6,319.2
-1.4,0,0,0,0,180.6,336
-1.4,0,0,0,0,180.6,354.2
-1.4,0,0,0,0,180.6,371
-1.4,0,0,0,0,180.6,389.2
-1.4,0,0,0,0,197.4,319.2
-1.4,0,0,0,0,197.4,336
-1.4,0,0,0,0,197.4,354.2
-1.4,0,0,0,0,197.4,371
-1.4,0,0,0,0,197.4,389.2
-1.4,0,0,0,0,145.6,406
-1.4,0,0,0,0,145.6,422.8
-1.4,0,0,0,0,145.6,441
-1.4,0,0,0,0,145.6,457.8
-1.4,0,0,0,0,145.6,474.6
-1.4,0,0,0,0,163.8,406
-1.4,0,0,0,0,163.8,422.8
-1.4,0,0,0,0,163.8,441
-1.4,0,0,0,0,163.8,457.8
-1.4,0,0,0,0,163.8,474.6
-1.4,0,0,0,0,180.6,406
-1.4,0,0,0,0,180.6,422.8
-1.4,0,0,0,0,180.6,441
-1.4,0,0,0,0,180.6,457.8
-1.4,0,0,0,0,180.6,474.6
-1.4,0,0,0,0,197.4,406
-1.4,0,0,0,0,197.4,422.8
-1.4,0,0,0,0,197.4,441
-1.4,0,0,0,0,197.4,457.8
-1.4,0,0,0,0,197.4,474.6
-1.4,0,0,0,0,145.6,492.8
-1.4,0,0,0,0,145.6,509.6
-1.4,0,0,0,0,145.6,527.8
-1.4,0,0,0,0,145.6,544.6
-1.4,0,0,0,0,145.6,561.4
-1.4,0,0,0,0,163.8,492.8
-1.4,0,0,0,0,163.8,509.6
-1.4,0,0,0,0,163.8,527.8
-1.4,0,0,0,0,163.8,544.6
-1.4,0,0,0,0,163.8,561.4
-1.4,0,0,0,0,180.6,492.8
-1.4,0,0,0,0,180.6,509.6
-1.4,0,0,0,0,180.6,527.8
-1.4,0,0,0,0,180.6,544.6
-1.4,0,0,0,0,180.6,561.4
-1.4,0,0,0,0,197.4,492.8
-1.4,0,0,0,0,197.4,509.6
-1.4,0,0,0,0,197.4,527.8
-1.4,0,0,0,0,197.4,544.6
-1.4,-1.4,0,0,0,250.6,302.4
-1.4,-1.4,0,0,0,267.4,232.4
-1.4,-1.4,0,0,0,267.4,250.6
-1.4,-1.4,0,0,0,267.4,267.4
-1.4,-1.4,0,0,0,267.4,284.2
-1.4,-1.4,0,0,0,267.4,302.4
-1.4,-1.4,0,0,0,284.2,232.4
-1.4,-1.4,0,0,0,284.2,250.6
-1.4,-1.4,0,0,0,284.2,267.4
-1.4,-1.4,0,0,0,284.2,284.2
-1.4,-1.4,0,0,0,284.2,302.4
-1.4,0,0,0,0,232.4,319.2
-1.4,0,0,0,0,232.4,336
-1.4,0,0,0,0,232.4,354.2
-1.4,0,0,0,0,232.4,371
-1.4,0,0,0,0,232.4,389.2
-1.4,0,0,0,0,250.6,319.2
-1.4,0,0,0,0,250.6,336
-1.4,0,0,0,0,250.6,354.2
-1.4,0,0,0,0,250.6,371
-1.4,0,0,0,0,250.6,389.2
-1.4,0,0,0,0,267.4,319.2
-1.4,0,0,0,0,267.4,336
-1.4,0,0,0,0,267.4,354.2
-1.4,0,0,0,0,267.4,371
-1.4,0,0,0,0,267.4,389.2
-1.4,0,0,0,0,284.2,319.2
-1.4,0,0,0,0,284.2,336
-1.4,0,0,0,0,284.2,354.2
-1.4,0,0,0,0,284.2,371
-1.4,0,0,0,0,284.2,389.2
-1.4,0,0,0,0,232.4,406
-1.4,0,0,0,0,232.4,422.8
-1.4,0,0,0,0,232.4,441
-1.4,0,0,0,0,232.4,457.8
-1.4,0,0,0,0,232.4,474.6
-1.4,0,0,0,0,250.6,406
-1.4,0,0,0,0,250.6,422.8
-1.4,0,0,0,0,250.6,441
-1.4,0,0,0,0,250.6,457.8
-1.4,0,0,0,0,250.6,474.6
-1.4,0,0,0,0,267.4,406
-1.4,0,0,0,0,267.4,422.8
-1.4,0,0,0,0,267.4,441
-1.4,0,0,0,0,267.4,457.8
-1.4,0,0,0,0,267.4,474.6
-1.4,0,0,0,0,284.2,406
-1.4,0,0,0,0,284.2,422.8
-1.4,0,0,0,0,284.2,441
-1.4,0,0,0,0,284.2,457.8
-1.4,0,0,0,0,284.2,474.6
-1.4,0,0,0,0,232.4,492.8
-1.4,0,0,0,0,232.4,509.6
-1.4,0,0,0,0,232.4,527.8
-1.4,0,0,0,0,232.4,544.6
-1.4,0,0,0,0,232.4,561.4
-1.4,0,0,0,0,250.6,492.8
-1.4,0,0,0,0,250.6,509.6
-1.4,0,0,0,0,250.6,527.8
-1.4,0,0,0,0,250.6,544.6
-1.4,0,0,0,0,250.6,561.4
-1.4,0,0,0,0,267.4,492.8
-1.4,0,0,0,0,267.4,509.6
-1.4,0,0,0,0,267.4,527.8
-1.4,0,0,0,0,267.4,544.6
-1.4,0,0,0,0,267.4,561.4
-1.4,0,0,0,0,284.2,492.8
-1.4,0,0,0,0,284.2,509.6
-1.4,0,0,0,0,284.2,527.8
-1.4,0,0,0,0,284.2,544.6
0,-1.4,0,0,0,336,302.4
0,-1.4,0,0,0,354.2,232.4
0,-1.4,0,0,0,354.2,250.6
0,-1.4,0,0,0,354.2,267.4
0,-1.4,0,0,0,354.2,284.2
0,-1.4,0,0,0,354.2,302.4
0,-1.4,0,0,0,371,232.4
0,-1.4,0,0,0,371,250.6
0,-1.4,0,0,0,371,267.4
0,-1.4,0,0,0,371,284.2
0,-1.4,0,0,0,371,302.4
0,0,0,0,0,319.2,319.2
0,0,0,0,0,319.2,336
0,0,0,0,0,319.2,354.2
0,0,0,0,0,319.2,371
0,0,0,0,0,319.2,389.2
0,0,0,0,0,336,319.2
0,0,0,0,0,336,336
0,0,0,0,0,336,354.2
0,0,0,0,0,336,371
0,0,0,0,0,336,389.2
0,0,0,0,0,354.2,319.2
0,0,0,0,0,354.2,336
0,0,0,0,0,354.2,354.2
0,0,0,0,0,354.2,371
0,0,0,0,0,354.2,389.2
0,0,0,0,0,371,319.2
0,0,0,0,0,371,336
0,0,0,0,0,371,354.2
0,0,0,0,0,371,371
0,0,0,0,0,371,389.2
0,0,0,0,0,319.2,406
0,0,0,0,0,319.2,422.8
0,0,0,0,0,319.2,441
0,0,0,0,0,319.2,457.8
0,0,0,0,0,319.2,474.6
0,0,0,0,0,336,406
0,0,0,0,0,336,422.8
0,0,0,0,0,336,441
0,0,0,0,0,336,457.8
0,0,0,0,0,336,474.6
0,0,0,0,0,354.2,406
0,0,0,0,0,354.2,422.8
0,0,0,0,0,354.2,441
0,0,0,0,0,354.2,457.8
0,0,0,0,0,354.2,474.6
0,0,0,0,0,371,406
0,0,0,0,0,371,422.8
0,0,0,0,0,371,441
0,0,0,0,0,371,457.8
0,0,0,0,0,371,474.6
0,0,0,0,0,319.2,492.8
0,0,0,0,0,319.2,509.6
0,0,0,0,0,319.2,527.8
0,0,0,0,0,319.2,544.6
0,0,0,0,0,319.2,561.4
0,0,0,0,0,336,492.8
0,0,0,0,0,336,509.6
0,0,0,0,0,336,527.8
0,0,0,0,0,336,544.6
0,0,0,0,0,336,561.4
0,0,0,0,0,354.2,492.8
0,0,0,0,0,354.2,509.6
0,0,0,0,0,354.2,527.8
0,0,0,0,0,354.2,544.6
0,0,0,0,0,354.2,561.4
0,0,0,0,0,371,492.8
0,0,0,0,0,371,509.6
0,0,0,0,0,371,527.8
0,0,0,0,0,371,544.6
0,-1.4,0,0,0,422.8,302.4
0,-1.4,0,0,0,441,232.4
0,-1.4,0,0,0,441,250.6
0,-1.4,0,0,0,441,267.4
0,-1.4,0,0,0,441,284.2
0,-1.4,0,0,0,441,302.4
0,-1.4,0,0,0,457.8,232.4
0,-1.4,0,0,0,457.8,250.6
0,-1.4,0,0,0,457.8,267.4
0,-1.4,0,0,0,457.8,284.2
0,-1.4,0,0,0,457.8,302.4
0,0,0,0,0,406,319.2
0,0,0,0,0,406,336
0,0,0,0,0,406,354.2
0,0,0,0,0,406,371
0,0,0,0,0,406,389.2
0,0,0,0,0,422.8,319.2
0,0,0,0,0,422.8,336
0,0,0,0,0,422.8,354.2
0,0,0,0,0,422.8,371
0,0,0,0,0,422.8,389.2
0,0,0,0,0,441,319.2
0,0,0,0,0,441,336
0,0,0,0,0,441,354.2
0,0,0,0,0,441,371
0,0,0,0,0,441,389.2
0,0,0,0,0,457.8,319.2
0,0,0,0,0,457.8,336
0,0,0,0,0,457.8,354.2
0,0,0,0,0,457.8,371
0,0,0,0,0,457.8,389.2
0,0,0,0,0,406,406
0,0,0,0,0,406,422.8
0,0,0,0,0,406,441
0,0,0,0,0,406,457.8
0,0,0,0,0,406,474.6
0,0,0,0,0,422.8,406
0,0,0,0,0,422.8,422.8
0,0,0,0,0,422.8,441
0,0,0,0,0,422.8,457.8
0,0,0,0,0,422.8,474.6
0,0,0,0,0,441,406
0,0,0,0,0,441,422.8
0,0,0,0,0,441,441
0,0,0,0,0,441,457.8
0,0,0,0,0,441,474.6
0,0,0,0,0,457.8,406
0,0,0,0,0,457.8,422.8
0,0,0,0,0,457.8,441
0,0,0,0,0,457.8,457.8
0,0,0,0,0,457.8,474.6
0,0,0,0,0,406,492.8
0,0,0,0,0,406,509.6
0,0,0,0,0,406,527.8
0,0,0,0,0,406,544.6
0,0,0,0,0,406,561.4
0,0,0,0,0,422.8,492.8
0,0,0,0,0,422.8,509.6
0,0,0,0,0,422.8,527.8
0,0,0,0,0,422.8,544.6
0,0,0,0,0,422.8,561.4
0,0,0,0,0,441,492.8
0,0,0,0,0,441,509.6
0,0,0,0,0,441,527.8
0,0,0,0,0,441,544.6
0,0,0,0,0,441,561.4
0,0,0,0,0,457.8,492.8
0,0,0,0,0,457.8,509.6
0,0,0,0,0,457.8,527.8
0,0,0,0,0,457.8,544.6
0,-1.4,0,0,0,509.6,302.4
0,-1.4,0,0,0,527.8,232.4
0,-1.4,0,0,0,527.8,250.6
0,-1.4,0,0,0,527.8,267.4
0,-1.4,0,0,0,527.8,284.2
0,-1.4,0,0,0,527.8,302.4
0,-1.4,0,0,0,544.6,232.4
0,-1.4,0,0,0,544.6,250.6
0,-1.4,0,0,0,544.6,267.4
0,-1.4,0,0,0,544.6,284.2
0,-1.4,0,0,0,544.6,302.4
0,0,0,0,0,492.8,319.2
0,0,0,0,0,492.8,336
0,0,0,0,0,492.8,354.2
0,0,0,0,0,492.8,371
0,0,0,0,0,492.8,389.2
0,0,0,0,0,509.6,319.2
0,0,0,0,0,509.6,336
0,0,0,0,0,509.6,354.2
0,0,0,0,0,509.6,371
0,0,0,0,0,509.6,389.2
0,0,0,0,0,527.8,319.2
0,0,0,0,0,527.8,336
0,0,0,0,0,527.8,354.2
0,0,0,0,0,527.8,371
0,0,0,0,0,527.8,389.2
0,0,0,0,0,544.6,319.2
0,0,0,0,0,544.6,336
0,0,0,0,0,544.6,354.2
0,0,0,0,0,544.6,371
0,0,0,0,0,544.6,389.2
0,0,0,0,0,492.8,406
0,0,0,0,0,492.8,422.8
0,0,0,0,0,492.8,441
0,0,0,0,0,492.8,457.8
0,0,0,0,0,492.8,474.6
0,0,0,0,0,509.6,406
0,0,0,0,0,509.6,422.8
0,0,0,0,0,509.6,441
0,0,0,0,0,509.6,457.8
0,0,0,0,0,509.6,474.6
0,0,0,0,0,527.8,406
0,0,0,0,0,527.8,422.8
0,0,0,0,0,527.8,441
0,0,0,0,0,527.8,457.8
0,0,0,0,0,527.8,474.6
0,0,0,0,0,544.6,406
0,0,0,0,0,544.6,422.8
0,0,0,0,0,544.6,441
0,0,0,0,0,544.6,457.8
0,0,0,0,0,544.6,474.6
0,0,0,0,0,492.8,492.8
0,0,0,0,0,492.8,509.6
0,0,0,0,0,492.8,527.8
0,0,0,0,0,492.8,544.6
0,0,0,0,0,492.8,561.4
0,0,0,0,0,509.6,492.8
0,0,0,0,0,509.6,509.6
0,0,0,0,0,509.6,527.8
0,0,0,0,0,509.6,544.6
0,0,0,0,0,509.6,561.4
0,0,0,0,0,527.8,492.8
0,0,0,0,0,527.8,509.6
0,0,0,0,0,527.8,527.8
0,0,0,0,0,527.8,544.6
0,0,0,0,0,527.8,561.4
0,0,0,0,0,544.6,492.8
0,0,0,0,0,544.6,509.6
0,0,0,0,0,544.6,527.8
0,0,0,0,0,544.6,544.6
-1.4,-1.4,0,0,0,168,302.4
-1.4,-1.4,0,0,0,184.8,235.2
-1.4,-1.4,0,0,0,184.8,252
-1.4,-1.4,0,0,0,184.8,268.8
-1.4,-1.4,0,0,0,184.8,285.6
-1.4,-1.4,0,0,0,184.8,302.4
-1.4,-1.4,0,0,0,201.6,235.2
-1.4,-1.4,0,0,0,201.6,252
-1.4,-1.4,0,0,0,201.6,268.8
-1.4,-1.4,0,0,0,201.6,285.6
-1.4,-1.4,0,0,0,201.6,302.4
-1.4,0,0,0,0,151.2,319.2
-1.4,0,0,0,0,151.2,336
-1.4,0,0,0,0,151.2,352.8
-1.4,0,0,0,0,151.2,369.6
-1.4,0,0,0,0,151.2,386.4
-1.4,0,0,0,0,168,319.2
-1.4,0,0,0,0,168,336
-1.4,0,0,0,0,168,352.8
-1.4,0,0,0,0,168,369.6
-1.4,0,0,0,0,168,386.4
-1.4,0,0,0,0,184.8,319.2
-1.4,0,0,0,0,184.8,336
-1.4,0,0,0,0,184.8,352.8
-1.4,0,0,0,0,184.8,369.6
-1.4,0,0,0,0,184.8,386.4
-1.4,0,0,0,0,201.6,319.2
-1.4,0,0,0,0,201.6,336
-1.4,0,0,0,0,201.6,352.8
-1.4,0,0,0,0,201.6,369.6
-1.4,0,0,0,0,201.6,386.4
-1.4,0,0,0,0,151.2,403.2
-1.4,0,0,0,0,151.2,420
-1.4,0,0,0,0,151.2,436.8
-1.4,0,0,0,0,151.2,453.6
-1.4,0,0,0,0,151.2,470.4
-1.4,0,0,0,0,168,403.2
-1.4,0,0,0,0,168,420
-1.4,0,0,0,0,168,436.8
-1.4,0,0,0,0,168,453.6
-1.4,0,0,0,0,168,470.4
-1.4,0,0,0,0,184.8,403.2
-1.4,0,0,0,0,184.8,420
-1.4,0,0,0,0,184.8,436.8
-1.4,0,0,0,0,184.8,453.6
-1.4,0,0,0,0,184.8,470.4
-1.4,0,0,0,0,201.6,403.2
-1.4,0,0,0,0,201.6,420
-1.4,0,0,0,0,201.6,436.8
-1.4,0,0,0,0,201.6,453.6
-1.4,0,0,0,0,201.6,470.4
-1.4,0,0,0,0,151.2,487.2
-1.4,0,0,0,0,151.2,504
-1.4,0,0,0,0,151.2,520.8
-1.4,0,0,0,0,151.2,537.6
-1.4,0,0,0,0,151.2,554.4
-1.4,0,0,0,0,168,487.2
-1.4,0,0,0,0,168,504
-1.4,0,0,0,0,168,520.8
-1.4,0,0,0,0,168,537.6
-1.4,0,0,0,0,168,554.4
-1.4,0,0,0,0,184.8,487.2
-1.4,0,0,0,0,184.8,504
-1.4,0,0,0,0,184.8,520.8
-1.4,0,0,0,0,184.8,537.6
-1.4,0,0,0,0,184.8,554.4
-1.4,0,0,0,0,201.6,487.2
-1.4,0,0,0,0,201.6,504
-1.4,0,0,0,0,201.6,520.8
-1.4,0,0,0,0,201.6,537.6
-1.4,-1.4,0,0,0,252,302.4
-1.4,-1.4,0,0,0,268.8,235.2
-1.4,-1.4,0,0,0,268.8,252
-1.4,-1.4,0,0,0,268.8,268.8
-1.4,-1.4,0,0,0,268.8,285.6
-1.4,-1.4,0,0,0,268.8,302.4
-1.4,-1.4,0,0,0,285.6,235.2
-1.4,-1.4,0,0,0,285.6,252
-1.4,-1.4,0,0,0,285.6,268.8
-1.4,-1.4,0,0,0,285.6,285.6
-1.4,-1.4,0,0,0,285.6,302.4
-1.4,0,0,0,0,235.2,319.2
-1.4,0,0,0,0,235.2,336
-1.4,0,0,0,0,235.2,352.8
-1.4,0,0,0,0,235.2,369.6
-1.4,0,0,0,0,235.2,386.4
-1.4,0,0,0,0,252,319.2
-1.4,0,0,0,0,252,336
-1.4,0,0,0,0,252,352.8
-1.4,0,0,0,0,252,369.6
-1.4,0,0,0,0,252,386.4
-1.4,0,0,0,0,268.8,319.2
-1.4,0,0,0,0,268.8,336
-1.4,0,0,0,0,268.8,352.8
-1.4,0,0,0,0,268.8,369.6
-1.4,0,0,0,0,268.8,386.4
-1.4,0,0,0,0,285.6,319.2
-1.4,0,0,0,0,285.6,336
-1.4,0,0,0,0,285.6,352.8
-1.4,0,0,0,0,285.6,369.6
-1.4,0,0,0,0,285.6,386.4
-1.4,0,0,0,0,235.2,403.2
-1.4,0,0,0,0,235.2,420
-1.4,0,0,0,0,235.2,436.8
-1.4,0,0,0,0,235.2,453.6
-1.4,0,0,0,0,235.2,470.4
-1.4,0,0,0,0,252,403.2
-1.4,0,0,0,0,252,420
-1.4,0,0,0,0,252,436.8
-1.4,0,0,0,0,252,453.6
-1.4,0,0,0,0,252,470.4
-1.4,0,0,0,0,268.8,403.2
-1.4,0,0,0,0,268.8,420
-1.4,0,0,0,0,268.8,436.8
-1.4,0,0,0,0,268.8,453.6
-1.4,0,0,0,0,268.8,470.4
-1.4,0,0,0,0,285.6,403.2
-1.4,0,0,0,0,285.6,420
-1.4,0,0,0,0,285.6,436.8
-1.4,0,0,0,0,285.6,453.6
-1.4,0,0,0,0,285.6,470.4
-1.4,0,0,0,0,235.2,487.2
-1.4,0,0,0,0,235.2,504
-1.4,0,0,0,0,235.2,520.8
-1.4,0,0,0,0,235.2,537.6
-1.4,0,0,0,0,235.2,554.4
-1.4,0,0,0,0,252,487.2
-1.4,0,0,0,0,252,504
-1.4,0,0,0,0,252,520.8
-1.4,0,0,0,0,252,537.6
-1.4,0,0,0,0,252,554.4
-1.4,0,0,0,0,268.8,487.2
-1.4,0,0,0,0,268.8,504
-1.4,0,0,0,0,268.8,520.8
-1.4,0,0,0,0,268.8,537.6
-1.4,0,0,0,0,268.8,554.4
-1.4,0,0,0,0,285.6,487.2
-1.4,0,0,0,0,285.6,504
-1.4,0,0,0,0,285.6,520.8
-1.4,0,0,0,0,285.6,537.6
0,-1.4,0,0,0,336,302.4
0,-1.4,0,0,0,352.8,235.2
0,-1.4,0,0,0,352.8,252
0,-1.4,0,0,0,352.8,268.8
0,-1.4,0,0,0,352.8,285.6
0,-1.4,0,0,0,352.8,302.4
0,-1.4,0,0,0,369.6,235.2
0,-1.4,0,0,0,369.6,252
0,-1.4,0,0,0,369.6,268.8
0,-1.4,0,0,0,369.6,285.6
0,-1.4,0,0,0,369.6,302.4
0,0,0,0,0,319.2,319.2
0,0,0,0,0,319.2,336
0,0,0,0,0,319.2,352.8
0,0,0,0,0,319.2,369.6
0,0,0,0,0,319.2,386.4
0,0,0,0,0,336,319.2
0,0,0,0,0,336,336
0,0,0,0,0,336,352.8
0,0,0,0,0,336,369.6
0,0,0,0,0,336,386.4
0,0,0,0,0,352.8,319.2
0,0,0,0,0,352.8,336
0,0,0,0,0,352.8,352.8
0,0,0,0,0,352.8,369.6
0,0,0,0,0,352.8,386.4
0,0,0,0,0,369.6,319.2
0,0,0,0,0,369.6,336
0,0,0,0,0,369.6,352.8
0,0,0,0,0,369.6,369.6
0,0,0,0,0,369.6,386.4
0,0,0,0,0,319.2,403.2
0,0,0,0,0,319.2,420
0,0,0,0,0,319.2,436.8
0,0,0,0,0,319.2,453.6
0,0,0,0,0,319.2,470.4
0,0,0,0,0,336,403.2
0,0,0,0,0,336,420
0,0,0,0,0,336,436.8
0,0,0,0,0,336,453.6
0,0,0,0,0,336,470.4
0,0,0,0,0,352.8,403.2
0,0,0,0,0,352.8,420
0,0,0,0,0,352.8,436.8
0,0,0,0,0,352.8,453.6
0,0,0,0,0,352.8,470.4
0,0,0,0,0,369.6,403.2
0,0,0,0,0,369.6,420
0,0,0,0,0,369.6,436.8
0,0,0,0,0,369.6,453.6
0,0,0,0,0,369.6,470.4
0,0,0,0,0,319.2,487.2
0,0,0,0,0,319.2,504
0,0,0,0,0,319.2,520.8
0,0,0,0,0,319.2,537.6
0,0,0,0,0,319.2,554.4
0,0,0,0,0,336,487.2
0,0,0,0,0,336,504
0,0,0,0,0,336,520.8
0,0,0,0,0,336,537.6
0,0,0,0,0,336,554.4
0,0,0,0,0,352.8,487.2
0,0,0,0,0,352.8,504
0,0,0,0,0,352.8,520.8
0,0,0,0,0,352.8,537.6
0,0,0,0,0,352.8,554.4
0,0,0,0,0,369.6,487.2
0,0,0,0,0,369.6,504
0,0,0,0,0,369.6,520.8
0,0,0,0,0,369.6,537.6
0,-1.4,0,0,0,420,302.4
0,-1.4,0,0,0,436.8,235.2
0,-1.4,0,0,0,436.8,252
0,-1.4,0,0,0,436.8,268.8
0,-1.4,0,0,0,436.8,285.6
0,-1.4,0,0,0,436.8,302.4
0,-1.4,0,0,0,453.6,235.2
0,-1.4,0,0,0,453.6,252
0,-1.4,0,0,0,453.6,268.8
0,-1.4,0,0,0,453.6,285.6
0,-1.4,0,0,0,453.6,302.4
0,0,0,0,0,403.2,319.2
0,0,0,0,0,403.2,336
0,0,0,0,0,403.2,352.8
0,0,0,0,0,403.2,369.6
0,0,0,0,0,403.2,386.4
0,0,0,0,0,420,319.2
0,0,0,0,0,420,336
0,0,0,0,0,420,352.8
0,0,0,0,0,420,369.6
0,0,0,0,0,420,386.4
0,0,0,0,0,436.8,319.2
0,0,0,0,0,436.8,336
0,0,0,0,0,436.8,352.8
0,0,0,0,0,436.8,369.6
0,0,0,0,0,436.8,386.4
0,0,0,0,0,453.6,319.2
0,0,0,0,0,453.6,336
0,0,0,0,0,453.6,352.8
0,0,0,0,0,453.6,369.6
0,0,0,0,0,453.6,386.4
0,0,0,0,0,403.2,403.2
0,0,0,0,0,403.2,420
0,0,0,0,0,403.2,436.8
0,0,0,0,0,403.2,453.6
0,0,0,0,0,403.2,470.4
0,0,0,0,0,420,403.2
0,0,0,0,0,420,420
0,0,0,0,0,420,436.8
0,0,0,0,0,420,453.6
0,0,0,0,0,420,470.4
0,0,0,0,0,436.8,403.2
0,0,0,0,0,436.8,420
0,0,0,0,0,436.8,436.8
0,0,0,0,0,436.8,453.6
0,0,0,0,0,436.8,470.4
0,0,0,0,0,453.6,403.2
0,0,0,0,0,453.6,420
0,0,0,0,0,453.6,436.8
0,0,0,0,0,453.6,453.6
0,0,0,0,0,453.6,470.4
0,0,0,0,0,403.2,487.2
0,0,0,0,0,403.2,504
0,0,0,0,0,403.2,520.8
0,0,0,0,0,403.2,537.6
0,0,0,0,0,403.2,554.4
0,0,0,0,0,420,487.2
0,0,0,0,0,420,504
0,0,0,0,0,420,520.8
0,0,0,0,0,420,537.6
0,0,0,0,0,420,554.4
0,0,0,0,0,436.8,487.2
0,0,0,0,0,436.8,504
0,0,0,0,0,436.8,520.8
0,0,0,0,0,436.8,537.6
0,0,0,0,0,436.8,554.4
0,0,0,0,0,453.6,487.2
0,0,0,0,0,453.6,504
0,0,0,0,0,453.6,520.8
0,0,0,0,0,453.6,537.6
0,-1.4,0,0,0,504,302.4
0,-1.4,0,0,0,520.8,235.2
0,-1.4,0,0,0,520.8,252
0,-1.4,0,0,0,520.8,268.8
0,-1.4,0,0,0,520.8,285.6
0,-1.4,0,0,0,520.8,302.4
0,-1.4,0,0,0,537.6,235.2
0,-1.4,0,0,0,537.6,252
0,-1.4,0,0,0,537.6,268.8
0,-1.4,0,0,0,537.6,285.6
0,-1.4,0,0,0,537.6,302.4
0,0,0,0,0,487.2,319.2
0,0,0,0,0,487.2,336
0,0,0,0,0,487.2,352.8
0,0,0,0,0,487.2,369.6
0,0,0,0,0,487.2,386.4
0,0,0,0,0,504,319.2
0,0,0,0,0,504,336
0,0,0,0,0,504,352.8
0,0,0,0,0,504,369.6
0,0,0,0,0,504,386.4
0,0,0,0,0,520.8,319.2
0,0,0,0,0,520.8,336
0,0,0,0,0,520.8,352.8
0,0,0,0,0,520.8,369.6
0,0,0,0,0,520.8,386.4
0,0,0,0,0,537.6,319.2
0,0,0,0,0,537.6,336
0,0,0,0,0,537.6,352.8
0,0,0,0,0,537.6,369.6
0,0,0,0,0,537.6,386.4
0,0,0,0,0,487.2,403.2
0,0,0,0,0,487.2,420
0,0,0,0,0,487.2,436.8
0,0,0,0,0,487.2,453.6
0,0,0,0,0,487.2,470.4
0,0,0,0,0,504,403.2
0,0,0,0,0,504,420
0,0,0,0,0,504,436.8
0,0,0,0,0,504,453.6
0,0,0,0,0,504,470.4
0,0,0,0,0,520.8,403.2
0,0,0,0,0,520.8,420
0,0,0,0,0,520.8,436.8
0,0,0,0,0,520.8,453.6
0,0,0,0,0,520.8,470.4
0,0,0,0,0,537.6,403.2
0,0,0,0,0,537.6,420
0,0,0,0,0,537.6,436.8
0,0,0,0,0,537.6,453.6
0,0,0,0,0,537.6,470.4
0,0,0,0,0,487.2,487.2
0,0,0,0,0,487.2,504
0,0,0,0,0,487.2,520.8
0,0,0,0,0,487.2,537.6
0,0,0,0,0,487.2,554.4
0,0,0,0,0,504,487.2
0,0,0,0,0,504,504
0,0,0,0,0,504,520.8
0,0,0,0,0,504,537.6
0,0,0,0,0,504,554.4
0,0,0,0,0,520.8,487.2
0,0,0,0,0,520.8,504
0,0,0,0,0,520.8,520.8
0,0,0,0,0,520.8,537.6
0,0,0,0,0,520.8,554.4
0,0,0,0,0,537.6,487.2
0,0,0,0,0,537.6,504
0,0,0,0,0,537.6,520.8
0,0,0,0,0,537.6,537.6
-1.4,-1.4,0,0,0,172.2,302.4
-1.4,-1.4,0,0,0,189,238
-1.4,-1.4,0,0,0,189,253.4
-1.4,-1.4,0,0,0,189,270.2
-1.4,-1.4,0,0,0,189,287
-1.4,-1.4,0,0,0,189,302.4
-1.4,-1.4,0,0,0,205.8,238
-1.4,-1.4,0,0,0,205.8,253.4
-1.4,-1.4,0,0,0,205.8,270.2
-1.4,-1.4,0,0,0,205.8,287
-1.4,-1.4,0,0,0,205.8,302.4
-1.4,0,0,0,0,156.8,319.2
-1.4,0,0,0,0,156.8,336
-1.4,0,0,0,0,156.8,351.4
-1.4,0,0,0,0,156.8,368.2
-1.4,0,0,0,0,156.8,385
-1.4,0,0,0,0,172.2,319.2
-1.4,0,0,0,0,172.2,336
-1.4,0,0,0,0,172.2,351.4
-1.4,0,0,0,0,172.2,368.2
-1.4,0,0,0,0,172.2,385
-1.4,0,0,0,0,189,319.2
-1.4,0,0,0,0,189,336
-1.4,0,0,0,0,189,351.4
-1.4,0,0,0,0,189,368.2
-1.4,0,0,0,0,189,385
-1.4,0,0,0,0,205.8,319.2
-1.4,0,0,0,0,205.8,336
-1.4,0,0,0,0,205.8,351.4
-1.4,0,0,0,0,205.8,368.2
-1.4,0,0,0,0,205.8,385
-1.4,0,0,0,0,156.8,400.4
-1.4,0,0,0,0,156.8,417.2
-1.4,0,0,0,0,156.8,434
-1.4,0,0,0,0,156.8,449.4
-1.4,0,0,0,0,156.8,466.2
-1.4,0,0,0,0,172.2,400.4
-1.4,0,0,0,0,172.2,417.2
-1.4,0,0,0,0,172.2,434
-1.4,0,0,0,0,172.2,449.4
-1.4,0,0,0,0,172.2,466.2
-1.4,0,0,0,0,189,400.4
-1.4,0,0,0,0,189,417.2
-1.4,0,0,0,0,189,434
-1.4,0,0,0,0,189,449.4
-1.4,0,0,0,0,189,466.2
-1.4,0,0,0,0,205.8,400.4
-1.4,0,0,0,0,205.8,417.2
-1.4,0,0,0,0,205.8,434
-1.4,0,0,0,0,205.8,449.4
-1.4,0,0,0,0,205.8,466.2
-1.4,0,0,0,0,156.8,483
-1.4,0,0,0,0,156.8,498.4
-1.4,0,0,0,0,156.8,515.2
-1.4,0,0,0,0,156.8,530.6
-1.4,0,0,0,0,156.8,547.4
-1.4,0,0,0,0,172.2,483
-1.4,0,0,0,0,172.2,498.4
-1.4,0,0,0,0,172.2,515.2
-1.4,0,0,0,0,172.2,530.6
-1.4,0,0,0,0,172.2,547.4
-1.4,0,0,0,0,189,483
-1.4,0,0,0,0,189,498.4
-1.4,0,0,0,0,189,515.2
-1.4,0,0,0,0,189,530.6
-1.4,0,0,0,0,189,547.4
-1.4,0,0,0,0,205.8,483
-1.4,0,0,0,0,205.8,498.4
-1.4,0,0,0,0,205.8,515.2
-1.4,0,0,0,0,205.8,530.6
-1.4,-1.4,0,0,0,253.4,302.4
-1.4,-1.4,0,0,0,270.2,238
-1.4,-1.4,0,0,0,270.2,253.4
-1.4,-1.4,0,0,0,270.2,270.2
-1.4,-1.4,0,0,0,270.2,287
-1.4,-1.4,0,0,0,270.2,302.4
-1.4,-1.4,0,0,0,287,238
-1.4,-1.4,0,0,0,287,253.4
-1.4,-1.4,0,0,0,287,270.2
-1.4,-1.4,0,0,0,287,287
-1.4,-1.4,0,0,0,287,302.4
-1.4,0,0,0,0,238,319.2
-1.4,0,0,0,0,238,336
-1.4,0,0,0,0,238,351.4
-1.4,0,0,0,0,238,368.2
-1.4,0,0,0,0,238,385
-1.4,0,0,0,0,253.4,319.2
-1.4,0,0,0,0,253.4,336
-1.4,0,0,0,0,253.4,351.4
-1.4,0,0,0,0,253.4,368.2
-1.4,0,0,0,0,253.4,385
-1.4,0,0,0,0,270.2,319.2
-1.4,0,0,0,0,270.2,336
-1.4,0,0,0,0,270.2,351.4
-1.4,0,0,0,0,270.2,368.2
-1.4,0,0,0,0,270.2,385
-1.4,0,0,0,0,287,319.2
-1.4,0,0,0,0,287,336
-1.4,0,0,0,0,287,351.4
-1.4,0,0,0,0,287,368.2
-1.4,0,0,0,0,287,385
-1.4,0,0,0,0,238,400.4
-1.4,0,0,0,0,238,417.2
-1.4,0,0,0,0,238,434
-1.4,0,0,0,0,238,449.4
-1.4,0,0,0,0,238,466.2
-1.4,0,0,0,0,253.4,400.4
-1.4,0,0,0,0,253.4,417.2
-1.4,0,0,0,0,253.4,434
-1.4,0,0,0,0,253.4,449.4
-1.4,0,0,0,0,253.4,466.2
-1.4,0,0,0,0,270.2,400.4
-1.4,0,0,0,0,270.2,417.2
-1.4,0,0,0,0,270.2,434
-1.4,0,0,0,0,270.2,449.4
-1.4,0,0,0,0,270.2,466.2
-1.4,0,0,0,0,287,400.4
-1.4,0,0,0,0,287,417.2
-1.4,0,0,0,0,287,434
-1.4,0,0,0,0,287,449.4
-1.4,0,0,0,0,287,466.2
-1.4,0,0,0,0,238,483
-1.4,0,0,0,0,238,498.4
-1.4,0,0,0,0,238,515.2
-1.4,0,0,0,0,238,530.6
-1.4,0,0,0,0,238,547.4
-1.4,0,0,0,0,253.4,483
-1.4,0,0,0,0,253.4,498.4
-1.4,0,0,0,0,253.4,515.2
-1.4,0,0,0,0,253.4,530.6
-1.4,0,0,0,0,253.4,547.4
-1.4,0,0,0,0,270.2,483
-1.4,0,0,0,0,270.2,498.4
-1.4,0,0,0,0,270.2,515.2
-1.4,0,0,0,0,270.2,530.6
-1.4,0,0,0,0,270.2,547.4
-1.4,0,0,0,0,287,483
-1.4,0,0,0,0,287,498.4
-1.4,0,0,0,0,287,515.2
-1.4,0,0,0,0,287,530.6
0,-1.4,0,0,0,336,302.4
0,-1.4,0,0,0,351.4,238
0,-1.4,0,0,0,351.4,253.4
0,-1.4,0,0,0,351.4,270.2
0,-1.4,0,0,0,351.4,287
0,-1.4,0,0,0,351.4,302.4
0,-1.4,0,0,0,368.2,238
0,-1.4,0,0,0,368.2,253.4
0,-1.4,0,0,0,368.2,270.2
0,-1.4,0,0,0,368.2,287
0,-1.4,0,0,0,368.2,302.4
0,0,0,0,0,319.2,319.2
0,0,0,0,0,319.2,336
0,0,0,0,0,319.2,351.4
0,0,0,0,0,319.2,368.2
0,0,0,0,0,319.2,385
0,0,0,0,0,336,319.2
0,0,0,0,0,336,336
0,0,0,0,0,336,351.4
0,0,0,0,0,336,368.2
0,0,0,0,0,336,385
0,0,0,0,0,351.4,319.2
0,0,0,0,0,351.4,336
0,0,0,0,0,351.4,351.4
0,0,0,0,0,351.4,368.2
0,0,0,0,0,351.4,385
0,0,0,0,0,368.2,319.2
0,0,0,0,0,368.2,336
0,0,0,0,0,368.2,351.4
0,0,0,0,0,368.2,368.2
0,0,0,0,0,368.2,385
0,0,0,0,0,319.2,400.4
0,0,0,0,0,319.2,417.2
0,0,0,0,0,319.2,434
0,0,0,0,0,319.2,449.4
0,0,0,0,0,319.2,466.2
0,0,0,0,0,336,400.4
0,0,0,0,0,336,417.2
0,0,0,0,0,336,434
0,0,0,0,0,336,449.4
0,0,0,0,0,336,466.2
0,0,0,0,0,351.4,400.4
0,0,0,0,0,351.4,417.2
0,0,0,0,0,351.4,434
0,0,0,0,0,351.4,449.4
0,0,0,0,0,351.4,466.2
0,0,0,0,0,368.2,400.4
0,0,0,0,0,368.2,417.2
0,0,0,0,0,368.2,434
0,0,0,0,0,368.2,449.4
0,0,0,0,0,368.2,466.2
0,0,0,0,0,319.2,483
0,0,0,0,0,319.2,498.4
0,0,0,0,0,319.2,515.2
0,0,0,0,0,319.2,530.6
0,0,0,0,0,319.2,547.4
0,0,0,0,0,336,483
0,0,0,0,0,336,498.4
0,0,0,0,0,336,515.2
0,0,0,0,0,336,530.6
0,0,0,0,0,336,547.4
0,0,0,0,0,351.4,483
0,0,0,0,0,351.4,498.4
0,0,0,0,0,351.4,515.2
0,0,0,0,0,351.4,530.6
0,0,0,0,0,351.4,547.4
0,0,0,0,0,368.2,483
0,0,0,0,0,368.2,498.4
0,0,0,0,0,368.2,515.2
0,0,0,0,0,368.2,530.6
0,-1.4,0,0,0,417.2,302.4
0,-1.4,0,0,0,434,238
0,-1.4,0,0,0,434,253.4
0,-1.4,0,0,0,434,270.2
0,-1.4,0,0,0,434,287
0,-1.4,0,0,0,434,302.4
0,-1.4,0,0,0,449.4,238
0,-1.4,0,0,0,449.4,253.4
0,-1.4,0,0,0,449.4,270.2
0,-1.4,0,0,0,449.4,287
0,-1.4,0,0,0,449.4,302.4
0,0,0,0,0,400.4,319.2
0,0,0,0,0,400.4,336
0,0,0,0,0,400.4,351.4
0,0,0,0,0,400.4,368.2
0,0,0,0,0,400.4,385
0,0,0,0,0,417.2,319.2
0,0,0,0,0,417.2,336
0,0,0,0,0,417.2,351.4
0,0,0,0,0,417.2,368.2
0,0,0,0,0,417.2,385
0,0,0,0,0,434,319.2
0,0,0,0,0,434,336
0,0,0,0,0,434,351.4
0,0,0,0,0,434,368.2
0,0,0,0,0,434,385
0,0,0,0,0,449.4,319.2
0,0,0,0,0,449.4,336
0,0,0,0,0,449.4,351.4
0,0,0,0,0,449.4,368.2
0,0,0,0,0,449.4,385
0,0,0,0,0,400.4,400.4
0,0,0,0,0,400.4,417.2
0,0,0,0,0,400.4,434
0,0,0,0,0,400.4,449.4
0,0,0,0,0,400.4,466.2
0,0,0,0,0,417.2,400.4
0,0,0,0,0,417.2,417.2
0,0,0,0,0,417.2,434
0,0,0,0,0,417.2,449.4
0,0,0,0,0,417.2,466.2
0,0,0,0,0,434,400.4
0,0,0,0,0,434,417.2
0,0,0,0,0,434,434
0,0,0,0,0,434,449.4
0,0,0,0,0,434,466.2
0,0,0,0,0,449.4,400.4
0,0,0,0,0,449.4,417.2
0,0,0,0,0,449.4,434
0,0,0,0,0,449.4,449.4
0,0,0,0,0,449.4,466.2
0,0,0,0,0,400.4,483
0,0,0,0,0,400.4,498.4
0,0,0,0,0,400.4,515.2
0,0,0,0,0,400.4,530.6
0,0,0,0,0,400.4,547.4
0,0,0,0,0,417.2,483
0,0,0,0,0,417.2,498.4
0,0,0,0,0,417.2,515.2
0,0,0,0,0,417.2,530.6
0,0,0,0,0,417.2,547.4
0,0,0,0,0,434,483
0,0,0,0,0,434,498.4
0,0,0,0,0,434,515.2
0,0,0,0,0,434,530.6
0,0,0,0,0,434,547.4
0,0,0,0,0,449.4,483
0,0,0,0,0,449.4,498.4
0,0,0,0,0,449.4,515.2
0,0,0,0,0,449.4,530.6
0,-1.4,0,0,0,498.4,302.4
0,-1.4,0,0,0,515.2,238
0,-1.4,0,0,0,515.2,253.4
0,-1.4,0,0,0,515.2,270.2
0,-1.4,0,0,0,515.2,287
0,-1.4,0,0,0,515.2,302.4
0,-1.4,0,0,0,530.6,238
0,-1.4,0,0,0,530.6,253.4
0,-1.4,0,0,0,530.6,270.2
0,-1.4,0,0,0,530.6,287
0,-1.4,0,0,0,530.6,302.4
0,0,0,0,0,483,319.2
0,0,0,0,0,483,336
0,0,0,0,0,483,351.4
0,0,0,0,0,483,368.2
0,0,0,0,0,483,385
0,0,0,0,0,498.4,319.2
0,0,0,0,0,498.4,336
0,0,0,0,0,498.4,351.4
0,0,0,0,0,498.4,368.2
0,0,0,0,0,498.4,385
0,0,0,0,0,515.2,319.2
0,0,0,0,0,515.2,336
0,0,0,0,0,515.2,351.4
0,0,0,0,0,515.2,368.2
0,0,0,0,0,515.2,385
0,0,0,0,0,530.6,319.2
0,0,0,0,0,530.6,336
0,0,0,0,0,530.6,351.4
0,0,0,0,0,530.6,368.2
0,0,0,0,0,530.6,385
0,0,0,0,0,483,400.4
0,0,0,0,0,483,417.2
0,0,0,0,0,483,434
0,0,0,0,0,483,449.4
0,0,0,0,0,483,466.2
0,0,0,0,0,498.4,400.4
0,0,0,0,0,498.4,417.2
0,0,0,0,0,498.4,434
0,0,0,0,0,498.4,449.4
0,0,0,0,0,498.4,466.2
0,0,0,0,0,515.2,400.4
0,0,0,0,0,515.2,417.2
0,0,0,0,0,515.2,434
0,0,0,0,0,515.2,449.4
0,0,0,0,0,515.2,466.2
0,0,0,0,0,530.6,400.4
0,0,0,0,0,530.6,417.2
0,0,0,0,0,530.6,434
0,0,0,0,0,530.6,449.4
0,0,0,0,0,530.6,466.2
0,0,0,0,0,483,483
0,0,0,0,0,483,498.4
0,0,0,0,0,483,515.2
0,0,0,0,0,483,530.6
0,0,0,0,0,483,547.4
0,0,0,0,0,498.4,483
0,0,0,0,0,498.4,498.4
0,0,0,0,0,498.4,515.2
0,0,0,0,0,498.4,530.6
0,0,0,0,0,498.4,547.4
0,0,0,0,0,515.2,483
0,0,0,0,0,515.2,498.4
0,0,0,0,0,515.2,515.2
0,0,0,0,0,515.2,530.6
0,0,0,0,0,515.2,547.4
0,0,0,0,0,530.6,483
0,0,0,0,0,530.6,498.4
0,0,0,0,0,530.6,515.2
0,0,0,0,0,530.6,530.6
-1.4,-1.4,0,0,0,176.4,303.8
-1.4,-1.4,0,0,0,193.2,240.8
-1.4,-1.4,0,0,0,193.2,256.2
-1.4,-1.4,0,0,0,193.2,271.6
-1.4,-1.4,0,0,0,193.2,287
-1.4,-1.4,0,0,0,193.2,303.8
-1.4,-1.4,0,0,0,208.6,240.8
-1.4,-1.4,0,0,0,208.6,256.2
-1.4,-1.4,0,0,0,208.6,271.6
-1.4,-1.4,0,0,0,208.6,287
-1.4,-1.4,0,0,0,208.6,303.8
-1.4,0,0,0,0,161,319.2
-1.4,0,0,0,0,161,334.6
-1.4,0,0,0,0,161,351.4
-1.4,0,0,0,0,161,366.8
-1.4,0,0,0,0,161,382.2
-1.4,0,0,0,0,176.4,319.2
-1.4,0,0,0,0,176.4,334.6
-1.4,0,0,0,0,176.4,351.4
-1.4,0,0,0,0,176.4,366.8
-1.4,0,0,0,0,176.4,382.2
-1.4,0,0,0,0,193.2,319.2
-1.4,0,0,0,0,193.2,334.6
-1.4,0,0,0,0,193.2,351.4
-1.4,0,0,0,0,193.2,366.8
-1.4,0,0,0,0,193.2,382.2
-1.4,0,0,0,0,208.6,319.2
-1.4,0,0,0,0,208.6,334.6
-1.4,0,0,0,0,208.6,351.4
-1.4,0,0,0,0,208.6,366.8
-1.4,0,0,0,0,208.6,382.2
-1.4,0,0,0,0,161,399
-1.4,0,0,0,0,161,414.4
-1.4,0,0,0,0,161,429.8
-1.4,0,0,0,0,161,446.6
-1.4,0,0,0,0,161,462
-1.4,0,0,0,0,176.4,399
-1.4,0,0,0,0,176.4,414.4
-1.4,0,0,0,0,176.4,429.8
-1.4,0,0,0,0,176.4,446.6
-1.4,0,0,0,0,176.4,462
-1.4,0,0,0,0,193.2,399
-1.4,0,0,0,0,193.2,414.4
-1.4,0,0,0,0,193.2,429.8
-1.4,0,0,0,0,193.2,446.6
-1.4,0,0,0,0,193.2,462
-1.4,0,0,0,0,208.6,399
-1.4,0,0,0,0,208.6,414.4
-1.4,0,0,0,0,208.6,429.8
-1.4,0,0,0,0,208.6,446.6
-1.4,0,0,0,0,208.6,462
-1.4,0,0,0,0,161,477.4
-1.4,0,0,0,0,161,492.8
-1.4,0,0,0,0,161,509.6
-1.4,0,0,0,0,161,525
-1.4,0,0,0,0,161,540.4
-1.4,0,0,0,0,176.4,477.4
-1.4,0,0,0,0,176.4,492.8
-1.4,0,0,0,0,176.4,509.6
-1.4,0,0,0,0,176.4,525
-1.4,0,0,0,0,176.4,540.4
-1.4,0,0,0,0,193.2,477.4
-1.4,0,0,0,0,193.2,492.8
-1.4,0,0,0,0,193.2,509.6
-1.4,0,0,0,0,193.2,525
-1.4,0,0,0,0,193.2,540.4
-1.4,0,0,0,0,208.6,477.4
-1.4,0,0,0,0,208.6,492.8
-1.4,0,0,0,0,208.6,509.6
-1.4,0,0,0,0,208.6,525
-1.4,-1.4,0,0,0,256.2,303.8
-1.4,-1.4,0,0,0,271.6,240.8
-1.4,-1.4,0,0,0,271.6,256.2
-1.4,-1.4,0,0,0,271.6,271.6
-1.4,-1.4,0,0,0,271.6,287
-1.4,-1.4,0,0,0,271.6,303.8
-1.4,-1.4,0,0,0,287,240.8
-1.4,-1.4,0,0,0,287,256.2
-1.4,-1.4,0,0,0,287,271.6
-1.4,-1.4,0,0,0,287,287
-1.4,-1.4,0,0,0,287,303.8
-1.4,0,0,0,0,240.8,319.2
-1.4,0,0,0,0,240.8,334.6
-1.4,0,0,0,0,240.8,351.4
-1.4,0,0,0,0,240.8,366.8
-1.4,0,0,0,0,240.8,382.2
-1.4,0,0,0,0,256.2,319.2
-1.4,0,0,0,0,256.2,334.6
-1.4,0,0,0,0,256.2,351.4
-1.4,0,0,0,0,256.2,366.8
-1.4,0,0,0,0,256.2,382.2
-1.4,0,0,0,0,271.6,319.2
-1.4,0,0,0,0,271.6,334.6
-1.4,0,0,0,0,271.6,351.4
-1.4,0,0,0,0,271.6,366.8
-1.4,0,0,0,0,271.6,382.2
-1.4,0,0,0,0,287,319.2
-1.4,0,0,0,0,287,334.6
-1.4,0,0,0,0,287,351.4
-1.4,0,0,0,0,287,366.8
-1.4,0,0,0,0,287,382.2
-1.4,0,0,0,0,240.8,399
-1.4,0,0,0,0,240.8,414.4
-1.4,0,0,0,0,240.8,429.8
-1.4,0,0,0,0,240.8,446.6
-1.4,0,0,0,0,240.8,462
-1.4,0,0,0,0,256.2,399
-1.4,0,0,0,0,256.2,414.4
-1.4,0,0,0,0,256.2,429.8
-1.4,0,0,0,0,256.2,446.6
-1.4,0,0,0,0,256.2,462
-1.4,0,0,0,0,271.6,399
-1.4,0,0,0,0,271.6,414.4
-1.4,0,0,0,0,271.6,429.8
-1.4,0,0,0,0,271.6,446.6
-1.4,0,0,0,0,271.6,462
-1.4,0,0,0,0,287,399
-1.4,0,0,0,0,287,414.4
-1.4,0,0,0,0,287,429.8
-1.4,0,0,0,0,287,446.6
-1.4,0,0,0,0,287,462
-1.4,0,0,0,0,240.8,477.4
-1.4,0,0,0,0,240.8,492.8
-1.4,0,0,0,0,240.8,509.6
-1.4,0,0,0,0,240.8,525
-1.4,0,0,0,0,240.8,540.4
-1.4,0,0,0,0,256.2,477.4
-1.4,0,0,0,0,256.2,492.8
-1.4,0,0,0,0,256.2,509.6
-1.4,0,0,0,0,256.2,525
-1.4,0,0,0,0,256.2,540.4
-1.4,0,0,0,0,271.6,477.4
-1.4,0,0,0,0,271.6,492.8
-1.4,0,0,0,0,271.6,509.6
-1.4,0,0,0,0,271.6,525
-1.4,0,0,0,0,271.6,540.4
-1.4,0,0,0,0,287,477.4
-1.4,0,0,0,0,287,492.8
-1.4,0,0,0,0,287,509.6
-1.4,0,0,0,0,287,525
0,-1.4,0,0,0,334.6,303.8
0,-1.4,0,0,0,351.4,240.8
0,-1.4,0,0,0,351.4,256.2
0,-1.4,0,0,0,351.4,271.6
0,-1.4,0,0,0,351.4,287
0,-1.4,0,0,0,351.4,303.8
0,-1.4,0,0,0,366.8,240.8
0,-1.4,0,0,0,366.8,256.2
0,-1.4,0,0,0,366.8,271.6
0,-1.4,0,0,0,366.8,287
0,-1.4,0,0,0,366.8,303.8
0,0,0,0,0,319.2,319.2
0,0,0,0,0,319.2,334.6
0,0,0,0,0,319.2,351.4
0,0,0,0,0,319.2,366.8
0,0,0,0,0,319.2,382.2
0,0,0,0,0,334.6,319.2
0,0,0,0,0,334.6,334.6
0,0,0,0,0,334.6,351.4
0,0,0,0,0,334.6,366.8
0,0,0,0,0,334.6,382.2
0,0,0,0,0,351.4,319.2
0,0,0,0,0,351.4,334.6
0,0,0,0,0,351.4,351.4
0,0,0,0,0,351.4,366.8
0,0,0,0,0,351.4,382.2
0,0,0,0,0,366.8,319.2
0,0,0,0,0,366.8,334.6
0,0,0,0,0,366.8,351.4
0,0,0,0,0,366.8,366.8
0,0,0,0,0,366.8,382.2
0,0,0,0,0,319.2,399
0,0,0,0,0,319.2,414.4
0,0,0,0,0,319.2,429.8
0,0,0,0,0,319.2,446.6
0,0,0,0,0,319.2,462
0,0,0,0,0,334.6,399
0,0,0,0,0,334.6,414.4
0,0,0,0,0,334.6,429.8
0,0,0,0,0,334.6,446.6
0,0,0,0,0,334.6,462
0,0,0,0,0,351.4,399
0,0,0,0,0,351.4,414.4
0,0,0,0,0,351.4,429.8
0,0,0,0,0,351.4,446.6
0,0,0,0,0,351.4,462
0,0,0,0,0,366.8,399
0,0,0,0,0,366.8,414.4
0,0,0,0,0,366.8,429.8
0,0,0,0,0,366.8,446.6
0,0,0,0,0,366.8,462
0,0,0,0,0,319.2,477.4
0,0,0,0,0,319.2,492.8
0,0,0,0,0,319.2,509.6
0,0,0,0,0,319.2,525
0,0,0,0,0,319.2,540.4
0,0,0,0,0,334.6,477.4
0,0,0,0,0,334.6,492.8
0,0,0,0,0,334.6,509.6
0,0,0,0,0,334.6,525
0,0,0,0,0,334.6,540.4
0,0,0,0,0,351.4,477.4
0,0,0,0,0,351.4,492.8
0,0,0,0,0,351.4,509.6
0,0,0,0,0,351.4,525
0,0,0,0,0,351.4,540.4
0,0,0,0,0,366.8,477.4
0,0,0,0,0,366.8,492.8
0,0,0,0,0,366.8,509.6
0,0,0,0,0,366.8,525
0,-1.4,0,0,0,414.4,303.8
0,-1.4,0,0,0,429.8,240.8
0,-1.4,0,0,0,429.8,256.2
0,-1.4,0,0,0,429.8,271.6
0,-1.4,0,0,0,429.8,287
0,-1.4,0,0,0,429.8,303.8
0,-1.4,0,0,0,446.6,240.8
0,-1.4,0,0,0,446.6,256.2
0,-1.4,0,0,0,446.6,271.6
0,-1.4,0,0,0,446.6,287
0,-1.4,0,0,0,446.6,303.8
0,0,0,0,0,399,319.2
0,0,0,0,0,399,334.6
0,0,0,0,0,399,351.4
0,0,0,0,0,399,366.8
0,0,0,0,0,399,382.2
0,0,0,0,0,414.4,319.2
0,0,0,0,0,414.4,334.6
0,0,0,0,0,414.4,351.4
0,0,0,0,0,414.4,366.8
0,0,0,0,0,414.4,382.2
0,0,0,0,0,429.8,319.2
0,0,0,0,0,429.8,334.6
0,0,0,0,0,429.8,351.4
0,0,0,0,0,429.8,366.8
0,0,0,0,0,429.8,382.2
0,0,0,0,0,446.6,319.2
0,0,0,0,0,446.6,334.6
0,0,0,0,0,446.6,351.4
0,0,0,0,0,446.6,366.8
0,0,0,0,0,446.6,382.2
0,0,0,0,0,399,399
0,0,0,0,0,399,414.4
0,0,0,0,0,399,429.8
0,0,0,0,0,399,446.6
0,0,0,0,0,399,462
0,0,0,0,0,414.4,399
0,0,0,0,0,414.4,414.4
0,0,0,0,0,414.4,429.8
0,0,0,0,0,414.4,446.6
0,0,0,0,0,414.4,462
0,0,0,0,0,429.8,399
0,0,0,0,0,429.8,414.4
0,0,0,0,0,429.8,429.8
0,0,0,0,0,429.8,446.6
0,0,0,0,0,429.8,462
0,0,0,0,0,446.6,399
0,0,0,0,0,446.6,414.4
0,0,0,0,0,446.6,429.8
0,0,0,0,0,446.6,446.6
0,0,0,0,0,446.6,462
0,0,0,0,0,399,477.4
0,0,0,0,0,399,492.8
0,0,0,0,0,399,509.6
0,0,0,0,0,399,525
0,0,0,0,0,399,540.4
0,0,0,0,0,414.4,477.4
0,0,0,0,0,414.4,492.8
0,0,0,0,0,414.4,509.6
0,0,0,0,0,414.4,525
0,0,0,0,0,414.4,540.4
0,0,0,0,0,429.8,477.4
0,0,0,0,0,429.8,492.8
0,0,0,0,0,429.8,509.6
0,0,0,0,0,429.8,525
0,0,0,0,0,429.8,540.4
0,0,0,0,0,446.6,477.4
0,0,0,0,0,446.6,492.8
0,0,0,0,0,446.6,509.6
0,0,0,0,0,446.6,525
0,-1.4,0,0,0,492.8,303.8
0,-1.4,0,0,0,509.6,240.8
0,-1.4,0,0,0,509.6,256.2
0,-1.4,0,0,0,509.6,271.6
0,-1.4,0,0,0,509.6,287
0,-1.4,0,0,0,509.6,303.8
0,-1.4,0,0,0,525,240.8
0,-1.4,0,0,0,525,256.2
0,-1.4,0,0,0,525,271.6
0,-1.4,0,0,0,525,287
0,-1.4,0,0,0,525,303.8
0,0,0,0,0,477.4,319.2
0,0,0,0,0,477.4,334.6
0,0,0,0,0,477.4,351.4
0,0,0,0,0,477.4,366.8
0,0,0,0,0,477.4,382.2
0,0,0,0,0,492.8,319.2
0,0,0,0,0,492.8,334.6
0,0,0,0,0,492.8,351.4
0,0,0,0,0,492.8,366.8
0,0,0,0,0,492.8,382.2
0,0,0,0,0,509.6,319.2
0,0,0,0,0,509.6,334.6
0,0,0,0,0,509.6,351.4
0,0,0,0,0,509.6,366.8
0,0,0,0,0,509.6,382.2
0,0,0,0,0,525,319.2
0,0,0,0,0,525,334.6
0,0,0,0,0,525,351.4
0,0,0,0,0,525,366.8
0,0,0,0,0,525,382.2
0,0,0,0,0,477.4,399
0,0,0,0,0,477.4,414.4
0,0,0,0,0,477.4,429.8
0,0,0,0,0,477.4,446.6
0,0,0,0,0,477.4,462
0,0,0,0,0,492.8,399
0,0,0,0,0,492.8,414.4
0,0,0,0,0,492.8,429.8
0,0,0,0,0,492.8,446.6
0,0,0,0,0,492.8,462
0,0,0,0,0,509.6,399
0,0,0,0,0,509.6,414.4
0,0,0,0,0,509.6,429.8
0,0,0,0,0,509.6,446.6
0,0,0,0,0,509.6,462
0,0,0,0,0,525,399
0,0,0,0,0,525,414.4
0,0,0,0,0,525,429.8
0,0,0,0,0,525,446.6
0,0,0,0,0,525,462
0,0,0,0,0,477.4,477.4
0,0,0,0,0,477.4,492.8
0,0,0,0,0,477.4,509.6
0,0,0,0,0,477.4,525
0,0,0,0,0,477.4,540.4
0,0,0,0,0,492.8,477.4
0,0,0,0,0,492.8,492.8
0,0,0,0,0,492.8,509.6
0,0,0,0,0,492.8,525
0,0,0,0,0,492.8,540.4
0,0,0,0,0,509.6,477.4
0,0,0,0,0,509.6,492.8
0,0,0,0,0,509.6,509.6
0,0,0,0,0,509.6,525
0,0,0,0,0,509.6,540.4
0,0,0,0,0,525,477.4
0,0,0,0,0,525,492.8
0,0,0,0,0,525,509.6
0,0,0,0,0,525,525
-1.4,-1.4,0,0,0,180.6,303.8
-1.4,-1.4,0,0,0,196,242.2
-1.4,-1.4,0,0,0,196,257.6
-1.4,-1.4,0,0,0,196,273
-1.4,-1.4,0,0,0,196,288.4
-1.4,-1.4,0,0,0,196,303.8
-1.4,-1.4,0,0,0,211.4,242.2
-1.4,-1.4,0,0,0,211.4,257.6
-1.4,-1.4,0,0,0,211.4,273
-1.4,-1.4,0,0,0,211.4,288.4
-1.4,-1.4,0,0,0,211.4,303.8
-1.4,0,0,0,0,165.2,319.2
-1.4,0,0,0,0,165.2,334.6
-1.4,0,0,0,0,165.2,350
-1.4,0,0,0,0,165.2,365.4
-1.4,0,0,0,0,165.2,380.8
-1.4,0,0,0,0,180.6,319.2
-1.4,0,0,0,0,180.6,334.6
-1.4,0,0,0,0,180.6,350
-1.4,0,0,0,0,180.6,365.4
-1.4,0,0,0,0,180.6,380.8
-1.4,0,0,0,0,196,319.2
-1.4,0,0,0,0,196,334.6
-1.4,0,0,0,0,196,350
-1.4,0,0,0,0,196,365.4
-1.4,0,0,0,0,196,380.8
-1.4,0,0,0,0,211.4,319.2
-1.4,0,0,0,0,211.4,334.6
-1.4,0,0,0,0,211.4,350
-1.4,0,0,0,0,211.4,365.4
-1.4,0,0,0,0,211.4,380.8
-1.4,0,0,0,0,165.2,396.2
-1.4,0,0,0,0,165.2,411.6
-1.4,0,0,0,0,165.2,427
-1.4,0,0,0,0,165.2,442.4
-1.4,0,0,0,0,165.2,457.8
-1.4,0,0,0,0,180.6,396.2
-1.4,0,0,0,0,180.6,411.6
-1.4,0,0,0,0,180.6,427
-1.4,0,0,0,0,180.6,442.4
-1.4,0,0,0,0,180.6,457.8
-1.4,0,0,0,0,196,396.2
-1.4,0,0,0,0,196,411.6
-1.4,0,0,0,0,196,427
-1.4,0,0,0,0,196,442.4
-1.4,0,0,0,0,196,457.8
-1.4,0,0,0,0,211.4,396.2
-1.4,0,0,0,0,211.4,411.6
-1.4,0,0,0,0,211.4,427
-1.4,0,0,0,0,211.4,442.4
-1.4,0,0,0,0,211.4,457.8
-1.4,0,0,0,0,165.2,473.2
-1.4,0,0,0,0,165.2,488.6
-1.4,0,0,0,0,165.2,504
-1.4,0,0,0,0,165.2,519.4
-1.4,0,0,0,0,165.2,534.8
-1.4,0,0,0,0,180.6,473.2
-1.4,0,0,0,0,180.6,488.6
-1.4,0,0,0,0,180.6,504
-1.4,0,0,0,0,180.6,519.4
-1.4,0,0,0,0,180.6,534.8
-1.4,0,0,0,0,196,473.2
-1.4,0,0,0,0,196,488.6
-1.4,0,0,0,0,196,504
-1.4,0,0,0,0,196,519.4
-1.4,0,0,0,0,196,534.8
-1.4,0,0,0,0,211.4,473.2
-1.4,0,0,0,0,211.4,488.6
-1.4,0,0,0,0,211.4,504
-1.4,0,0,0,0,211.4,519.4
-1.4,-1.4,0,0,0,257.6,303.8
-1.4,-1.4,0,0,0,273,242.2
-1.4,-1.4,0,0,0,273,257.6
-1.4,-1.4,0,0,0,273,273
-1.4,-1.4,0,0,0,273,288.4
-1.4,-1.4,0,0,0,273,303.8
-1.4,-1.4,0,0,0,288.4,242.2
-1.4,-1.4,0,0,0,288.4,257.6
-1.4,-1.4,0,0,0,288.4,273
-1.4,-1.4,0,0,0,288.4,288.4
-1.4,-1.4,0,0,0,288.4,303.8
-1.4,0,0,0,0,242.2,319.2
-1.4,0,0,0,0,242.2,334.6
-1.4,0,0,0,0,242.2,350
-1.4,0,0,0,0,242.2,365.4
-1.4,0,0,0,0,242.2,380.8
-1.4,0,0,0,0,257.6,319.2
-1.4,0,0,0,0,257.6,334.6
-1.4,0,0,0,0,257.6,350
-1.4,0,0,0,0,257.6,365.4
-1.4,0,0,0,0,257.6,380.8
-1.4,0,0,0,0,273,319.2
-1.4,0,0,0,0,273,334.6
-1.4,0,0,0,0,273,350
-1.4,0,0,0,0,273,365.4
-1.4,0,0,0,0,273,380.8
-1.4,0,0,0,0,288.4,319.2
-1.4,0,0,0,0,288.4,334.6
-1.4,0,0,0,0,288.4,350
-1.4,0,0,0,0,288.4,365.4
-1.4,0,0,0,0,288.4,380.8
-1.4,0,0,0,0,242.2,396.2
-1.4,0,0,0,0,242.2,411.6
-1.4,0,0,0,0,242.2,427
-1.4,0,0,0,0,242.2,442.4
-1.4,0,0,0,0,242.2,457.8
-1.4,0,0,0,0,257.6,396.2
-1.4,0,0,0,0,257.6,411.6
-1.4,0,0,0,0,257.6,427
-1.4,0,0,0,0,257.6,442.4
-1.4,0,0,0,0,257.6,457.8
-1.4,0,0,0,0,273,396.2
-1.4,0,0,0,0,273,411.6
-1.4,0,0,0,0,273,427
-1.4,0,0,0,0,273,442.4
-1.4,0,0,0,0,273,457.8
-1.4,0,0,0,0,288.4,396.2
-1.4,0,0,0,0,288.4,411.6
-1.4,0,0,0,0,288.4,427
-1.4,0,0,0,0,288.4,442.4
-1.4,0,0,0,0,288.4,457.8
-1.4,0,0,0,0,242.2,473.2
-1.4,0,0,0,0,242.2,488.6
-1.4,0,0,0,0,242.2,504
-1.4,0,0,0,0,242.2,519.4
-1.4,0,0,0,0,242.2,534.8
-1.4,0,0,0,0,257.6,473.2
-1.4,0,0,0,0,257.6,488.6
-1.4,0,0,0,0,257.6,504
-1.4,0,0,0,0,257.6,519.4
-1.4,0,0,0,0,257.6,534.8
-1.4,0,0,0,0,273,473.2
-1.4,0,0,0,0,273,488.6
-1.4,0,0,0,0,273,504
-1.4,0,0,0,0,273,519.4
-1.4,0,0,0,0,273,534.8
-1.4,0,0,0,0,288.4,473.2
-1.4,0,0,0,0,288.4,488.6
-1.4,0,0,0,0,288.4,504
-1.4,0,0,0,0,288.4,519.4
0,-1.4,0,0,0,334.6,303.8
0,-1.4,0,0,0,350,242.2
0,-1.4,0,0,0,350,257.6
0,-1.4,0,0,0,350,273
0,-1.4,0,0,0,350,288.4
0,-1.4,0,0,0,350,303.8
0,-1.4,0,0,0,365.4,242.2
0,-1.4,0,0,0,365.4,257.6
0,-1.4,0,0,0,365.4,273
0,-1.4,0,0,0,365.4,288.4
0,-1.4,0,0,0,365.4,303.8
0,0,0,0,0,319.2,319.2
0,0,0,0,0,319.2,334.6
0,0,0,0,0,319.2,350
0,0,0,0,0,319.2,365.4
0,0,0,0,0,319.2,380.8
0,0,0,0,0,334.6,319.2
0,0,0,0,0,334.6,334.6
0,0,0,0,0,334.6,350
0,0,0,0,0,334.6,365.4
0,0,0,0,0,334.6,380.8
0,0,0,0,0,350,319.2
0,0,0,0,0,350,334.6
0,0,0,0,0,350,350
0,0,0,0,0,350,365.4
0,0,0,0,0,350,380.8
0,0,0,0,0,365.4,319.2
0,0,0,0,0,365.4,334.6
0,0,0,0,0,365.4,350
0,0,0,0,0,365.4,365.4
0,0,0,0,0,365.4,380.8
0,0,0,0,0,319.2,396.2
0,0,0,0,0,319.2,411.6
0,0,0,0,0,319.2,427
0,0,0,0,0,319.2,442.4
0,0,0,0,0,319.2,457.8
0,0,0,0,0,334.6,396.2
0,0,0,0,0,334.6,411.6
0,0,0,0,0,334.6,427
0,0,0,0,0,334.6,442.4
0,0,0,0,0,334.6,457.8
0,0,0,0,0,350,396.2
0,0,0,0,0,350,411.6
0,0,0,0,0,350,427
0,0,0,0,0,350,442.4
0,0,0,0,0,350,457.8
0,0,0,0,0,365.4,396.2
0,0,0,0,0,365.4,411.6
0,0,0,0,0,365.4,427
0,0,0,0,0,365.4,442.4
0,0,0,0,0,365.4,457.8
0,0,0,0,0,319.2,473.2
0,0,0,0,0,319.2,488.6
0,0,0,0,0,319.2,504
0,0,0,0,0,319.2,519.4
0,0,0,0,0,319.2,534.8
0,0,0,0,0,334.6,473.2
0,0,0,0,0,334.6,488.6
0,0,0,0,0,334.6,504
0,0,0,0,0,334.6,519.4
0,0,0,0,0,334.6,534.8
0,0,0,0,0,350,473.2
0,0,0,0,0,350,488.6
0,0,0,0,0,350,504
0,0,0,0,0,350,519.4
0,0,0,0,0,350,534.8
0,0,0,0,0,365.4,473.2
0,0,0,0,0,365.4,488.6
0,0,0,0,0,365.4,504
0,0,0,0,0,365.4,519.4
0,-1.4,0,0,0,411.6,303.8
0,-1.4,0,0,0,427,242.2
0,-1.4,0,0,0,427,257.6
0,-1.4,0,0,0,427,273
0,-1.4,0,0,0,427,288.4
0,-1.4,0,0,0,427,303.8
0,-1.4,0,0,0,442.4,242.2
0,-1.4,0,0,0,442.4,257.6
0,-1.4,0,0,0,442.4,273
0,-1.4,0,0,0,442.4,288.4
0,-1.4,0,0,0,442.4,303.8
0,0,0,0,0,396.2,319.2
0,0,0,0,0,396.2,334.6
0,0,0,0,0,396.2,350
0,0,0,0,0,396.2,365.4
0,0,0,0,0,396.2,380.8
0,0,0,0,0,411.6,319.2
0,0,0,0,0,411.6,334.6
0,0,0,0,0,411.6,350
0,0,0,0,0,411.6,365.4
0,0,0,0,0,411.6,380.8
0,0,0,0,0,427,319.2
0,0,0,0,0,427,334.6
0,0,0,0,0,427,350
0,0,0,0,0,427,365.4
0,0,0,0,0,427,380.8
0,0,0,0,0,442.4,319.2
0,0,0,0,0,442.4,334.6
0,0,0,0,0,442.4,350
0,0,0,0,0,442.4,365.4
0,0,0,0,0,442.4,380.8
0,0,0,0,0,396.2,396.2
0,0,0,0,0,396.2,411.6
0,0,0,0,0,396.2,427
0,0,0,0,0,396.2,442.4
0,0,0,0,0,396.2,457.8
0,0,0,0,0,411.6,396.2
0,0,0,0,0,411.6,411.6
0,0,0,0,0,411.6,427
0,0,0,0,0,411.6,442.4
0,0,0,0,0,411.6,457.8
0,0,0,0,0,427,396.2
0,0,0,0,0,427,411.6
0,0,0,0,0,427,427
0,0,0,0,0,427,442.4
0,0,0,0,0,427,457.8
0,0,0,0,0,442.4,396.2
0,0,0,0,0,442.4,411.6
0,0,0,0,0,442.4,427
0,0,0,0,0,442.4,442.4
0,0,0,0,0,442.4,457.8
0,0,0,0,0,396.2,473.2
0,0,0,0,0,396.2,488.6
0,0,0,0,0,396.2,504
0,0,0,0,0,396.2,519.4
0,0,0,0,0,396.2,534.8
0,0,0,0,0,411.6,473.2
0,0,0,0,0,411.6,488.6
0,0,0,0,0,411.6,504
0,0,0,0,0,411.6,519.4
0,0,0,0,0,411.6,534.8
0,0,0,0,0,427,473.2
0,0,0,0,0,427,488.6
0,0,0,0,0,427,504
0,0,0,0,0,427,519.4
0,0,0,0,0,427,534.8
0,0,0,0,0,442.4,473.2
0,0,0,0,0,442.4,488.6
0,0,0,0,0,442.4,504
0,0,0,0,0,442.4,519.4
0,-1.4,0,0,0,488.6,303.8
0,-1.4,0,0,0,504,242.2
0,-1.4,0,0,0,504,257.6
0,-1.4,0,0,0,504,273
0,-1.4,0,0,0,504,288.4
0,-1.4,0,0,0,504,303.8
0,-1.4,0,0,0,519.4,242.2
0,-1.4,0,0,0,519.4,257.6
0,-1.4,0,0,0,519.4,273
0,-1.4,0,0,0,519.4,288.4
0,-1.4,0,0,0,519.4,303.8
0,0,0,0,0,473.2,319.2
0,0,0,0,0,473.2,334.6
0,0,0,0,0,473.2,350
0,0,0,0,0,473.2,365.4
0,0,0,0,0,473.2,380.8
0,0,0,0,0,488.6,319.2
0,0,0,0,0,488.6,334.6
0,0,0,0,0,488.6,350
0,0,0,0,0,488.6,365.4
0,0,0,0,0,488.6,380.8
0,0,0,0,0,504,319.2
0,0,0,0,0,504,334.6
0,0,0,0,0,504,350
0,0,0,0,0,504,365.4
0,0,0,0,0,504,380.8
0,0,0,0,0,519.4,319.2
0,0,0,0,0,519.4,334.6
0,0,0,0,0,519.4,350
0,0,0,0,0,519.4,365.4
0,0,0,0,0,519.4,380.8
0,0,0,0,0,473.2,396.2
0,0,0,0,0,473.2,411.6
0,0,0,0,0,473.2,427
0,0,0,0,0,473.2,442.4
0,0,0,0,0,473.2,457.8
0,0,0,0,0,488.6,396.2
0,0,0,0,0,488.6,411.6
0,0,0,0,0,488.6,427
0,0,0,0,0,488.6,442.4
0,0,0,0,0,488.6,457.8
0,0,0,0,0,504,396.2
0,0,0,0,0,504,411.6
0,0,0,0,0,504,427
0,0,0,0,0,504,442.4
0,0,0,0,0,504,457.8
0,0,0,0,0,519.4,396.2
0,0,0,0,0,519.4,411.6
0,0,0,0,0,519.4,427
0,0,0,0,0,519.4,442.4
0,0,0,0,0,519.4,457.8
0,0,0,0,0,473.2,473.2
0,0,0,0,0,473.2,488.6
0,0,0,0,0,473.2,504
0,0,0,0,0,473.2,519.4
0,0,0,0,0,473.2,534.8
0,0,0,0,0,488.6,473.2
0,0,0,0,0,488.6,488.6
0,0,0,0,0,488.6,504
0,0,0,0,0,488.6,519.4
0,0,0,0,0,488.6,534.8
0,0,0,0,0,504,473.2
0,0,0,0,0,504,488.6
0,0,0,0,0,504,504
0,0,0,0,0,504,519.4
0,0,0,0,0,504,534.8
0,0,0,0,0,519.4,473.2
0,0,0,0,0,519.4,488.6
0,0,0,0,0,519.4,504
0,0,0,0,0,519.4,519.4
-1.4,-1.4,0,0,0,184.8,303.8
-1.4,-1.4,0,0,0,198.8,245
-1.4,-1.4,0,0,0,198.8,259
-1.4,-1.4,0,0,0,198.8,274.4
-1.4,-1.4,0,0,0,198.8,289.8
-1.4,-1.4,0,0,0,198.8,303.8
-1.4,-1.4,0,0,0,214.2,245
-1.4,-1.4,0,0,0,214.2,259
-1.4,-1.4,0,0,0,214.2,274.4
-1.4,-1.4,0,0,0,214.2,289.8
-1.4,-1.4,0,0,0,214.2,303.8
-1.4,0,0,0,0,169.4,319.2
-1.4,0,0,0,0,169.4,334.6
-1.4,0,0,0,0,169.4,348.6
-1.4,0,0,0,0,169.4,364
-1.4,0,0,0,0,169.4,379.4
-1.4,0,0,0,0,184.8,319.2
-1.4,0,0,0,0,184.8,334.6
-1.4,0,0,0,0,184.8,348.6
-1.4,0,0,0,0,184.8,364
-1.4,0,0,0,0,184.8,379.4
-1.4,0,0,0,0,198.8,319.2
-1.4,0,0,0,0,198.8,334.6
-1.4,0,0,0,0,198.8,348.6
-1.4,0,0,0,0,198.8,364
-1.4,0,0,0,0,198.8,379.4
-1.4,0,0,0,0,214.2,319.2
-1.4,0,0,0,0,214.2,334.6
-1.4,0,0,0,0,214.2,348.6
-1.4,0,0,0,0,214.2,364
-1.4,0,0,0,0,214.2,379.4
-1.4,0,0,0,0,169.4,394.8
-1.4,0,0,0,0,169.4,408.8
-1.4,0,0,0,0,169.4,424.2
-1.4,0,0,0,0,169.4,439.6
-1.4,0,0,0,0,169.4,453.6
-1.4,0,0,0,0,184.8,394.8
-1.4,0,0,0,0,184.8,408.8
-1.4,0,0,0,0,184.8,424.2
-1.4,0,0,0,0,184.8,439.6
-1.4,0,0,0,0,184.8,453.6
-1.4,0,0,0,0,198.8,394.8
-1.4,0,0,0,0,198.8,408.8
-1.4,0,0,0,0,198.8,424.2
-1.4,0,0,0,0,198.8,439.6
-1.4,0,0,0,0,198.8,453.6
-1.4,0,0,0,0,214.2,394.8
-1.4,0,0,0,0,214.2,408.8
-1.4,0,0,0,0,214.2,424.2
-1.4,0,0,0,0,214.2,439.6
-1.4,0,0,0,0,214.2,453.6
-1.4,0,0,0,0,169.4,469
-1.4,0,0,0,0,169.4,484.4
-1.4,0,0,0,0,169.4,498.4
-1.4,0,0,0,0,169.4,513.8
-1.4,0,0,0,0,169.4,529.2
-1.4,0,0,0,0,184.8,469
-1.4,0,0,0,0,184.8,484.4
-1.4,0,0,0,0,184.8,498.4
-1.4,0,0,0,0,184.8,513.8
-1.4,0,0,0,0,184.8,529.2
-1.4,0,0,0,0,198.8,469
-1.4,0,0,0,0,198.8,484.4
-1.4,0,0,0,0,198.8,498.4
-1.4,0,0,0,0,198.8,513.8
-1.4,0,0,0,0,198.8,529.2
-1.4,0,0,0,0,214.2,469
-1.4,0,0,0,0,214.2,484.4
-1.4,0,0,0,0,214.2,498.4
-1.4,0,0,0,0,214.2,513.8
-1.4,-1.4,0,0,0,259,303.8
-1.4,-1.4,0,0,0,274.4,245
-1.4,-1.4,0,0,0,274.4,259
-1.4,-1.4,0,0,0,274.4,274.4
-1.4,-1.4,0,0,0,274.4,289.8
-1.4,-1.4,0,0,0,274.4,303.8
-1.4,-1.4,0,0,0,289.8,245
-1.4,-1.4,0,0,0,289.8,259
-1.4,-1.4,0,0,0,289.8,274.4
-1.4,-1.4,0,0,0,289.8,289.8
-1.4,-1.4,0,0,0,289.8,303.8
-1.4,0,0,0,0,245,319.2
-1.4,0,0,0,0,245,334.6
-1.4,0,0,0,0,245,348.6
-1.4,0,0,0,0,245,364
-1.4,0,0,0,0,245,379.4
-1.4,0,0,0,0,259,319.2
-1.4,0,0,0,0,259,334.6
-1.4,0,0,0,0,259,348.6
-1.4,0,0,0,0,259,364
-1.4,0,0,0,0,259,379.4
-1.4,0,0,0,0,274.4,319.2
-1.4,0,0,0,0,274.4,334.6
-1.4,0,0,0,0,274.4,348.6
-1.4,0,0,0,0,274.4,364
-1.4,0,0,0,0,274.4,379.4
-1.4,0,0,0,0,289.8,319.2
-1.4,0,0,0,0,289.8,334.6
-1.4,0,0,0,0,289.8,348.6
-1.4,0,0,0,0,289.8,364
-1.4,0,0,0,0,289.8,379.4
-1.4,0,0,0,0,245,394.8
-1.4,0,0,0,0,245,408.8
-1.4,0,0,0,0,245,424.2
-1.4,0,0,0,0,245,439.6
-1.4,0,0,0,0,245,453.6
-1.4,0,0,0,0,259,394.8
-1.4,0,0,0,0,259,408.8
-1.4,0,0,0,0,259,424.2
-1.4,0,0,0,0,259,439.6
-1.4,0,0,0,0,259,453.6
-1.4,0,0,0,0,274.4,394.8
-1.4,0,0,0,0,274.4,408.8
-1.4,0,0,0,0,274.4,424.2
-1.4,0,0,0,0,274.4,439.6
-1.4,0,0,0,0,274.4,453.6
-1.4,0,0,0,0,289.8,394.8
-1.4,0,0,0,0,289.8,408.8
-1.4,0,0,0,0,289.8,424.2
-1.4,0,0,0,0,289.8,439.6
-1.4,0,0,0,0,289.8,453.6
-1.4,0,0,0,0,245,469
-1.4,0,0,0,0,245,484.4
-1.4,0,0,0,0,245,498.4
-1.4,0,0,0,0,245,513.8
-1.4,0,0,0,0,245,529.2
-1.4,0,0,0,0,259,469
-1.4,0,0,0,0,259,484.4
-1.4,0,0,0,0,259,498.4
-1.4,0,0,0,0,259,513.8
-1.4,0,0,0,0,259,529.2
-1.4,0,0,0,0,274.4,469
-1.4,0,0,0,0,274.4,484.4
-1.4,0,0,0,0,274.4,498.4
-1.4,0,0,0,0,274.4,513.8
-1.4,0,0,0,0,274.4,529.2
-1.4,0,0,0,0,289.8,469
-1.4,0,0,0,0,289.8,484.4
-1.4,0,0,0,0,289.8,498.4
-1.4,0,0,0,0,289.8,513.8
0,-1.4,0,0,0,334.6,303.8
0,-1.4,0,0,0,348.6,245
0,-1.4,0,0,0,348.6,259
0,-1.4,0,0,0,348.6,274.4
0,-1.4,0,0,0,348.6,289.8
0,-1.4,0,0,0,348.6,303.8
0,-1.4,0,0,0,364,245
0,-1.4,0,0,0,364,259
0,-1.4,0,0,0,364,274.4
0,-1.4,0,0,0,364,289.8
0,-1.4,0,0,0,364,303.8
0,0,0,0,0,319.2,319.2
0,0,0,0,0,319.2,334.6
0,0,0,0,0,319.2,348.6
0,0,0,0,0,319.2,364
0,0,0,0,0,319.2,379.4
0,0,0,0,0,334.6,319.2
0,0,0,0,0,334.6,334.6
0,0,0,0,0,334.6,348.6
0,0,0,0,0,334.6,364
0,0,0,0,0,334.6,379.4
0,0,0,0,0,348.6,319.2
0,0,0,0,0,348.6,334.6
0,0,0,0,0,348.6,348.6
0,0,0,0,0,348.6,364
0,0,0,0,0,348.6,379.4
0,0,0,0,0,364,319.2
0,0,0,0,0,364,334.6
0,0,0,0,0,364,348.6
0,0,0,0,0,364,364
0,0,0,0,0,364,379.4
0,0,0,0,0,319.2,394.8
0,0,0,0,0,319.2,408.8
0,0,0,0,0,319.2,424.2
0,0,0,0,0,319.2,439.6
0,0,0,0,0,319.2,453.6
0,0,0,0,0,334.6,394.8
0,0,0,0,0,334.6,408.8
0,0,0,0,0,334.6,424.2
0,0,0,0,0,334.6,439.6
0,0,0,0,0,334.6,453.6
0,0,0,0,0,348.6,394.8
0,0,0,0,0,348.6,408.8
0,0,0,0,0,348.6,424.2
0,0,0,0,0,348.6,439.6
0,0,0,0,0,348.6,453.6
0,0,0,0,0,364,394.8
0,0,0,0,0,364,408.8
0,0,0,0,0,364,424.2
0,0,0,0,0,364,439.6
0,0,0,0,0,364,453.6
0,0,0,0,0,319.2,469
0,0,0,0,0,319.2,484.4
0,0,0,0,0,319.2,498.4
0,0,0,0,0,319.2,513.8
0,0,0,0,0,319.2,529.2
0,0,0,0,0,334.6,469
0,0,0,0,0,334.6,484.4
0,0,0,0,0,334.6,498.4
0,0,0,0,0,334.6,513.8
0,0,0,0,0,334.6,529.2
0,0,0,0,0,348.6,469
0,0,0,0,0,348.6,484.4
0,0,0,0,0,348.6,498.4
0,0,0,0,0,348.6,513.8
0,0,0,0,0,348.6,529.2
0,0,0,0,0,364,469
0,0,0,0,0,364,484.4
0,0,0,0,0,364,498.4
0,0,0,0,0,364,513.8
0,-1.4,0,0,0,408.8,303.8
0,-1.4,0,0,0,424.2,245
0,-1.4,0,0,0,424.2,259
0,-1.4,0,0,0,424.2,274.4
0,-1.4,0,0,0,424.2,289.8
0,-1.4,0,0,0,424.2,303.8
0,-1.4,0,0,0,439.6,245
0,-1.4,0,0,0,439.6,259
0,-1.4,0,0,0,439.6,274.4
0,-1.4,0,0,0,439.6,289.8
0,-1.4,0,0,0,439.6,303.8
0,0,0,0,0,394.8,319.2
0,0,0,0,0,394.8,334.6
0,0,0,0,0,394.8,348.6
0,0,0,0,0,394.8,364
0,0,0,0,0,394.8,379.4
0,0,0,0,0,408.8,319.2
0,0,0,0,0,408.8,334.6
0,0,0,0,0,408.8,348.6
0,0,0,0,0,408.8,364
0,0,0,0,0,408.8,379.4
0,0,0,0,0,424.2,319.2
0,0,0,0,0,424.2,334.6
0,0,0,0,0,424.2,348.6
0,0,0,0,0,424.2,364
0,0,0,0,0,424.2,379.4
0,0,0,0,0,439.6,319.2
0,0,0,0,0,439.6,334.6
0,0,0,0,0,439.6,348.6
0,0,0,0,0,439.6,364
0,0,0,0,0,439.6,379.4
0,0,0,0,0,394.8,394.8
0,0,0,0,0,394.8,408.8
0,0,0,0,0,394.8,424.2
0,0,0,0,0,394.8,439.6
0,0,0,0,0,394.8,453.6
0,0,0,0,0,408.8,394.8
0,0,0,0,0,408.8,408.8
0,0,0,0,0,408.8,424.2
0,0,0,0,0,408.8,439.6
0,0,0,0,0,408.8,453.6
0,0,0,0,0,424.2,394.8
0,0,0,0,0,424.2,408.8
0,0,0,0,0,424.2,424.2
0,0,0,0,0,424.2,439.6
0,0,0,0,0,424.2,453.6
0,0,0,0,0,439.6,394.8
0,0,0,0,0,439.6,408.8
0,0,0,0,0,439.6,424.2
0,0,0,0,0,439.6,439.6
0,0,0,0,0,439.6,453.6
0,0,0,0,0,394.8,469
0,0,0,0,0,394.8,484.4
0,0,0,0,0,394.8,498.4
0,0,0,0,0,394.8,513.8
0,0,0,0,0,394.8,529.2
0,0,0,0,0,408.8,469
0,0,0,0,0,408.8,484.4
0,0,0,0,0,408.8,498.4
0,0,0,0,0,408.8,513.8
0,0,0,0,0,408.8,529.2
0,0,0,0,0,424.2,469
0,0,0,0,0,424.2,484.4
0,0,0,0,0,424.2,498.4
0,0,0,0,0,424.2,513.8
0,0,0,0,0,424.2,529.2
0,0,0,0,0,439.6,469
0,0,0,0,0,439.6,484.4
0,0,0,0,0,439.6,498.4
0,0,0,0,0,439.6,513.8
0,-1.4,0,0,0,484.4,303.8
0,-1.4,0,0,0,498.4,245
0,-1.4,0,0,0,498.4,259
0,-1.4,0,0,0,498.4,274.4
0,-1.4,0,0,0,498.4,289.8
0,-1.4,0,0,0,498.4,303.8
0,-1.4,0,0,0,513.8,245
0,-1.4,0,0,0,513.8,259
0,-1.4,0,0,0,513.8,274.4
0,-1.4,0,0,0,513.8,289.8
0,-1.4,0,0,0,513.8,303.8
0,0,0,0,0,469,319.2
0,0,0,0,0,469,334.6
0,0,0,0,0,469,348.6
0,0,0,0,0,469,364
0,0,0,0,0,469,379.4
0,0,0,0,0,484.4,319.2
0,0,0,0,0,484.4,334.6
0,0,0,0,0,484.4,348.6
0,0,0,0,0,484.4,364
0,0,0,0,0,484.4,379.4
0,0,0,0,0,498.4,319.2
0,0,0,0,0,498.4,334.6
0,0,0,0,0,498.4,348.6
0,0,0,0,0,498.4,364
0,0,0,0,0,498.4,379.4
0,0,0,0,0,513.8,319.2
0,0,0,0,0,513.8,334.6
0,0,0,0,0,513.8,348.6
0,0,0,0,0,513.8,364
0,0,0,0,0,513.8,379.4
0,0,0,0,0,469,394.8
0,0,0,0,0,469,408.8
0,0,0,0,0,469,424.2
0,0,0,0,0,469,439.6
0,0,0,0,0,469,453.6
0,0,0,0,0,484.4,394.8
0,0,0,0,0,484.4,408.8
0,0,0,0,0,484.4,424.2
0,0,0,0,0,484.4,439.6
0,0,0,0,0,484.4,453.6
0,0,0,0,0,498.4,394.8
0,0,0,0,0,498.4,408.8
0,0,0,0,0,498.4,424.2
0,0,0,0,0,498.4,439.6
0,0,0,0,0,498.4,453.6
0,0,0,0,0,513.8,394.8
0,0,0,0,0,513.8,408.8
0,0,0,0,0,513.8,424.2
0,0,0,0,0,513.8,439.6
0,0,0,0,0,513.8,453.6
0,0,0,0,0,469,469
0,0,0,0,0,469,484.4
0,0,0,0,0,469,498.4
0,0,0,0,0,469,513.8
0,0,0,0,0,469,529.2
0,0,0,0,0,484.4,469
0,0,0,0,0,484.4,484.4
0,0,0,0,0,484.4,498.4
0,0,0,0,0,484.4,513.8
0,0,0,0,0,484.4,529.2
0,0,0,0,0,498.4,469
0,0,0,0,0,498.4,484.4
0,0,0,0,0,498.4,498.4
0,0,0,0,0,498.4,513.8
0,0,0,0,0,498.4,529.2
0,0,0,0,0,513.8,469
0,0,0,0,0,513.8,484.4
0,0,0,0,0,513.8,498.4
0,0,0,0,0,513.8,513.8
-1.4,-1.4,0,0,0,187.6,305.2
-1.4,-1.4,0,0,0,203,246.4
-1.4,-1.4,0,0,0,203,260.4
-1.4,-1.4,0,0,0,203,275.8
-1.4,-1.4,0,0,0,203,289.8
-1.4,-1.4,0,0,0,203,305.2
-1.4,-1.4,0,0,0,217,246.4
-1.4,-1.4,0,0,0,217,260.4
-1.4,-1.4,0,0,0,217,275.8
-1.4,-1.4,0,0,0,217,289.8
-1.4,-1.4,0,0,0,217,305.2
-1.4,0,0,0,0,173.6,319.2
-1.4,0,0,0,0,173.6,333.2
-1.4,0,0,0,0,173.6,348.6
-1.4,0,0,0,0,173.6,362.6
-1.4,0,0,0,0,173.6,378
-1.4,0,0,0,0,187.6,319.2
-1.4,0,0,0,0,187.6,333.2
-1.4,0,0,0,0,187.6,348.6
-1.4,0,0,0,0,187.6,362.6
-1.4,0,0,0,0,187.6,378
-1.4,0,0,0,0,203,319.2
-1.4,0,0,0,0,203,333.2
-1.4,0,0,0,0,203,348.6
-1.4,0,0,0,0,203,362.6
-1.4,0,0,0,0,203,378
-1.4,0,0,0,0,217,319.2
-1.4,0,0,0,0,217,333.2
-1.4,0,0,0,0,217,348.6
-1.4,0,0,0,0,217,362.6
-1.4,0,0,0,0,217,378
-1.4,0,0,0,0,173.6,392
-1.4,0,0,0,0,173.6,407.4
-1.4,0,0,0,0,173.6,421.4
-1.4,0,0,0,0,173.6,435.4
-1.4,0,0,0,0,173.6,450.8
-1.4,0,0,0,0,187.6,392
-1.4,0,0,0,0,187.6,407.4
-1.4,0,0,0,0,187.6,421.4
-1.4,0,0,0,0,187.6,435.4
-1.4,0,0,0,0,187.6,450.8
-1.4,0,0,0,0,203,392
-1.4,0,0,0,0,203,407.4
-1.4,0,0,0,0,203,421.4
-1.4,0,0,0,0,203,435.4
-1.4,0,0,0,0,203,450.8
-1.4,0,0,0,0,217,392
-1.4,0,0,0,0,217,407.4
-1.4,0,0,0,0,217,421.4
-1.4,0,0,0,0,217,435.4
-1.4,0,0,0,0,217,450.8
-1.4,0,0,0,0,173.6,464.8
-1.4,0,0,0,0,173.6,480.2
-1.4,0,0,0,0,173.6,494.2
-1.4,0,0,0,0,173.6,509.6
-1.4,0,0,0,0,173.6,523.6
-1.4,0,0,0,0,187.6,464.8
-1.4,0,0,0,0,187.6,480.2
-1.4,0,0,0,0,187.6,494.2
-1.4,0,0,0,0,187.6,509.6
-1.4,0,0,0,0,187.6,523.6
-1.4,0,0,0,0,203,464.8
-1.4,0,0,0,0,203,480.2
-1.4,0,0,0,0,203,494.2
-1.4,0,0,0,0,203,509.6
-1.4,0,0,0,0,203,523.6
-1.4,0,0,0,0,217,464.8
-1.4,0,0,0,0,217,480.2
-1.4,0,0,0,0,217,494.2
-1.4,0,0,0,0,217,509.6
-1.4,-1.4,0,0,0,260.4,305.2
-1.4,-1.4,0,0,0,275.8,246.4
-1.4,-1.4,0,0,0,275.8,260.4
-1.4,-1.4,0,0,0,275.8,275.8
-1.4,-1.4,0,0,0,275.8,289.8
-1.4,-1.4,0,0,0,275.8,305.2
-1.4,-1.4,0,0,0,289.8,246.4
-1.4,-1.4,0,0,0,289.8,260.4
-1.4,-1.4,0,0,0,289.8,275.8
-1.4,-1.4,0,0,0,289.8,289.8
-1.4,-1.4,0,0,0,289.8,305.2
-1.4,0,0,0,0,246.4,319.2
-1.4,0,0,0,0,246.4,333.2
-1.4,0,0,0,0,246.4,348.6
-1.4,0,0,0,0,246.4,362.6
-1.4,0,0,0,0,246.4,378
-1.4,0,0,0,0,260.4,319.2
-1.4,0,0,0,0,260.4,333.2
-1.4,0,0,0,0,260.4,348.6
-1.4,0,0,0,0,260.4,362.6
-1.4,0,0,0,0,260.4,378
-1.4,0,0,0,0,275.8,319.2
-1.4,0,0,0,0,275.8,333.2
-1.4,0,0,0,0,275.8,348.6
-1.4,0,0,0,0,275.8,362.6
-1.4,0,0,0,0,275.8,378
-1.4,0,0,0,0,289.8,319.2
-1.4,0,0,0,0,289.8,333.2
-1.4,0,0,0,0,289.8,348.6
-1.4,0,0,0,0,289.8,362.6
-1.4,0,0,0,0,289.8,378
-1.4,0,0,0,0,246.4,392
-1.4,0,0,0,0,246.4,407.4
-1.4,0,0,0,0,246.4,421.4
-1.4,0,0,0,0,246.4,435.4
-1.4,0,0,0,0,246.4,450.8
-1.4,0,0,0,0,260.4,392
-1.4,0,0,0,0,260.4,407.4
-1.4,0,0,0,0,260.4,421.4
-1.4,0,0,0,0,260.4,435.4
-1.4,0,0,0,0,260.4,450.8
-1.4,0,0,0,0,275.8,392
-1.4,0,0,0,0,275.8,407.4
-1.4,0,0,0,0,275.8,421.4
-1.4,0,0,0,0,275.8,435.4
-1.4,0,0,0,0,275.8,450.8
-1.4,0,0,0,0,289.8,392
-1.4,0,0,0,0,289.8,407.4
-1.4,0,0,0,0,289.8,421.4
-1.4,0,0,0,0,289.8,435.4
-1.4,0,0,0,0,289.8,450.8
-1.4,0,0,0,0,246.4,464.8
-1.4,0,0,0,0,246.4,480.2
-1.4,0,0,0,0,246.4,494.2
-1.4,0,0,0,0,246.4,509.6
-1.4,0,0,0,0,246.4,523.6
-1.4,0,0,0,0,260.4,464.8
-1.4,0,0,0,0,260.4,480.2
-1.4,0,0,0,0,260.4,494.2
-1.4,0,0,0,0,260.4,509.6
-1.4,0,0,0,0,260.4,523.6
-1.4,0,0,0,0,275.8,464.8
-1.4,0,0,0,0,275.8,480.2
-1.4,0,0,0,0,275.8,494.2
-1.4,0,0,0,0,275.8,509.6
-1.4,0,0,0,0,275.8,523.6
-1.4,0,0,0,0,289.8,464.8
-1.4,0,0,0,0,289.8,480.2
-1.4,0,0,0,0,289.8,494.2
-1.4,0,0,0,0,289.8,509.6
0,-1.4,0,0,0,333.2,305.2
0,-1.4,0,0,0,348.6,246.4
0,-1.4,0,0,0,348.6,260.4
0,-1.4,0,0,0,348.6,275.8
0,-1.4,0,0,0,348.6,289.8
0,-1.4,0,0,0,348.6,305.2
0,-1.4,0,0,0,362.6,246.4
0,-1.4,0,0,0,362.6,260.4
0,-1.4,0,0,0,362.6,275.8
0,-1.4,0,0,0,362.6,289.8
0,-1.4,0,0,0,362.6,305.2
0,0,0,0,0,319.2,319.2
0,0,0,0,0,319.2,333.2
0,0,0,0,0,319.2,348.6
0,0,0,0,0,319.2,362.6
0,0,0,0,0,319.2,378
0,0,0,0,0,333.2,319.2
0,0,0,0,0,333.2,333.2
0,0,0,0,0,333.2,348.6
0,0,0,0,0,333.2,362.6
0,0,0,0,0,333.2,378
0,0,0,0,0,348.6,319.2
0,0,0,0,0,348.6,333.2
0,0,0,0,0,348.6,348.6
0,0,0,0,0,348.6,362.6
0,0,0,0,0,348.6,378
0,0,0,0,0,362.6,319.2
0,0,0,0,0,362.6,333.2
0,0,0,0,0,362.6,348.6
0,0,0,0,0,362.6,362.6
0,0,0,0,0,362.6,378
0,0,0,0,0,319.2,392
0,0,0,0,0,319.2,407.4
0,0,0,0,0,319.2,421.4
0,0,0,0,0,319.2,435.4
0,0,0,0,0,319.2,450.8
0,0,0,0,0,333.2,392
0,0,0,0,0,333.2,407.4
0,0,0,0,0,333.2,421.4
0,0,0,0,0,333.2,435.4
0,0,0,0,0,333.2,450.8
0,0,0,0,0,348.6,392
0,0,0,0,0,348.6,407.4
0,0,0,0,0,348.6,421.4
0,0,0,0,0,348.6,435.4
0,0,0,0,0,348.6,450.8
0,0,0,0,0,362.6,392
0,0,0,0,0,362.6,407.4
0,0,0,0,0,362.6,421.4
0,0,0,0,0,362.6,435.4
0,0,0,0,0,362.6,450.8
0,0,0,0,0,319.2,464.8
0,0,0,0,0,319.2,480.2
0,0,0,0,0,319.2,494.2
0,0,0,0,0,319.2,509.6
0,0,0,0,0,319.2,523.6
0,0,0,0,0,333.2,464.8
0,0,0,0,0,333.2,480.2
0,0,0,0,0,333.2,494.2
0,0,0,0,0,333.2,509.6
0,0,0,0,0,333.2,523.6
0,0,0,0,0,348.6,464.8
0,0,0,0,0,348.6,480.2
0,0,0,0,0,348.6,494.2
0,0,0,0,0,348.6,509.6
0,0,0,0,0,348.6,523.6
0,0,0,0,0,362.6,464.8
0,0,0,0,0,362.6,480.2
0,0,0,0,0,362.6,494.2
0,0,0,0,0,362.6,509.6
0,-1.4,0,0,0,407.4,305.2
0,-1.4,0,0,0,421.4,246.4
0,-1.4,0,0,0,421.4,260.4
0,-1.4,0,0,0,421.4,275.8
0,-1.4,0,0,0,421.4,289.8
0,-1.4,0,0,0,421.4,305.2
0,-1.4,0,0,0,435.4,246.4
0,-1.4,0,0,0,435.4,260.4
0,-1.4,0,0,0,435.4,275.8
0,-1.4,0,0,0,435.4,289.8
0,-1.4,0,0,0,435.4,305.2
0,0,0,0,0,392,319.2
0,0,0,0,0,392,333.2
0,0,0,0,0,392,348.6
0,0,0,0,0,392,362.6
0,0,0,0,0,392,378
0,0,0,0,0,407.4,319.2
0,0,0,0,0,407.4,333.2
0,0,0,0,0,407.4,348.6
0,0,0,0,0,407.4,362.6
0,0,0,0,0,407.4,378
0,0,0,0,0,421.4,319.2
0,0,0,0,0,421.4,333.2
0,0,0,0,0,421.4,348.6
0,0,0,0,0,421.4,362.6
0,0,0,0,0,421.4,378
0,0,0,0,0,435.4,319.2
0,0,0,0,0,435.4,333.2
0,0,0,0,0,435.4,348.6
0,0,0,0,0,435.4,362.6
0,0,0,0,0,435.4,378
0,0,0,0,0,392,392
0,0,0,0,0,392,407.4
0,0,0,0,0,392,421.4
0,0,0,0,0,392,435.4
0,0,0,0,0,392,450.8
0,0,0,0,0,407.4,392
0,0,0,0,0,407.4,407.4
0,0,0,0,0,407.4,421.4
0,0,0,0,0,407.4,435.4
0,0,0,0,0,407.4,450.8
0,0,0,0,0,421.4,392
0,0,0,0,0,421.4,407.4
0,0,0,0,0,421.4,421.4
0,0,0,0,0,421.4,435.4
0,0,0,0,0,421.4,450.8
0,0,0,0,0,435.4,392
0,0,0,0,0,435.4,407.4
0,0,0,0,0,435.4,421.4
0,0,0,0,0,435.4,435.4
0,0,0,0,0,435.4,450.8
0,0,0,0,0,392,464.8
0,0,0,0,0,392,480.2
0,0,0,0,0,392,494.2
0,0,0,0,0,392,509.6
0,0,0,0,0,392,523.6
0,0,0,0,0,407.4,464.8
0,0,0,0,0,407.4,480.2
0,0,0,0,0,407.4,494.2
0,0,0,0,0,407.4,509.6
0,0,0,0,0,407.4,523.6
0,0,0,0,0,421.4,464.8
0,0,0,0,0,421.4,480.2
0,0,0,0,0,421.4,494.2
0,0,0,0,0,421.4,509.6
0,0,0,0,0,421.4,523.6
0,0,0,0,0,435.4,464.8
0,0,0,0,0,435.4,480.2
0,0,0,0,0,435.4,494.2
0,0,0,0,0,435.4,509.6
0,-1.4,0,0,0,480.2,305.2
0,-1.4,0,0,0,494.2,246.4
0,-1.4,0,0,0,494.2,260.4
0,-1.4,0,0,0,494.2,275.8
0,-1.4,0,0,0,494.2,289.8
0,-1.4,0,0,0,494.2,305.2
0,-1.4,0,0,0,509.6,246.4
0,-1.4,0,0,0,509.6,260.4
0,-1.4,0,0,0,509.6,275.8
0,-1.4,0,0,0,509.6,289.8
0,-1.4,0,0,0,509.6,305.2
0,0,0,0,0,464.8,319.2
0,0,0,0,0,464.8,333.2
0,0,0,0,0,464.8,348.6
0,0,0,0,0,464.8,362.6
0,0,0,0,0,464.8,378
0,0,0,0,0,480.2,319.2
0,0,0,0,0,480.2,333.2
0,0,0,0,0,480.2,348.6
0,0,0,0,0,480.2,362.6
0,0,0,0,0,480.2,378
0,0,0,0,0,494.2,319.2
0,0,0,0,0,494.2,333.2
0,0,0,0,0,494.2,348.6
0,0,0,0,0,494.2,362.6
0,0,0,0,0,494.2,378
0,0,0,0,0,509.6,319.2
0,0,0,0,0,509.6,333.2
0,0,0,0,0,509.6,348.6
0,0,0,0,0,509.6,362.6
0,0,0,0,0,509.6,378
0,0,0,0,0,464.8,392
0,0,0,0,0,464.8,407.4
0,0,0,0,0,464.8,421.4
0,0,0,0,0,464.8,435.4
0,0,0,0,0,464.8,450.8
0,0,0,0,0,480.2,392
0,0,0,0,0,480.2,407.4
0,0,0,0,0,480.2,421.4
0,0,0,0,0,480.2,435.4
0,0,0,0,0,480.2,450.8
0,0,0,0,0,494.2,392
0,0,0,0,0,494.2,407.4
0,0,0,0,0,494.2,421.4
0,0,0,0,0,494.2,435.4
0,0,0,0,0,494.2,450.8
0,0,0,0,0,509.6,392
0,0,0,0,0,509.6,407.4
0,0,0,0,0,509.6,421.4
0,0,0,0,0,509.6,435.4
0,0,0,0,0,509.6,450.8
0,0,0,0,0,464.8,464.8
0,0,0,0,0,464.8,480.2
0,0,0,0,0,464.8,494.2
0,0,0,0,0,464.8,509.6
0,0,0,0,0,464.8,523.6
0,0,0,0,0,480.2,464.8
0,0,0,0,0,480.2,480.2
0,0,0,0,0,480.2,494.2
0,0,0,0,0,480.2,509.6
0,0,0,0,0,480.2,523.6
0,0,0,0,0,494.2,464.8
0,0,0,0,0,494.2,480.2
0,0,0,0,0,494.2,494.2
0,0,0,0,0,494.2,509.6
0,0,0,0,0,494.2,523.6
0,0,0,0,0,509.6,464.8
0,0,0,0,0,509.6,480.2
0,0,0,0,0,509.6,494.2
0,0,0,0,0,509.6,509.6
-1.4,-1.4,0,0,0,191.8,305.2
-1.4,-1.4,0,0,0,205.8,247.8
-1.4,-1.4,0,0,0,205.8,261.8
-1.4,-1.4,0,0,0,205.8,277.2
-1.4,-1.4,0,0,0,205.8,291.2
-1.4,-1.4,0,0,0,205.8,305.2
-1.4,-1.4,0,0,0,219.8,247.8
-1.4,-1.4,0,0,0,219.8,261.8
-1.4,-1.4,0,0,0,219.8,277.2
-1.4,-1.4,0,0,0,219.8,291.2
-1.4,-1.4,0,0,0,219.8,305.2
-1.4,0,0,0,0,177.8,319.2
-1.4,0,0,0,0,177.8,333.2
-1.4,0,0,0,0,177.8,347.2
-1.4,0,0,0,0,177.8,362.6
-1.4,0,0,0,0,177.8,376.6
-1.4,0,0,0,0,191.8,319.2
-1.4,0,0,0,0,191.8,333.2
-1.4,0,0,0,0,191.8,347.2
-1.4,0,0,0,0,191.8,362.6
-1.4,0,0,0,0,191.8,376.6
-1.4,0,0,0,0,205.8,319.2
-1.4,0,0,0,0,205.8,333.2
-1.4,0,0,0,0,205.8,347.2
-1.4,0,0,0,0,205.8,362.6
-1.4,0,0,0,0,205.8,376.6
-1.4,0,0,0,0,219.8,319.2
-1.4,0,0,0,0,219.8,333.2
-1.4,0,0,0,0,219.8,347.2
-1.4,0,0,0,0,219.8,362.6
-1.4,0,0,0,0,219.8,376.6
-1.4,0,0,0,0,177.8,390.6
-1.4,0,0,0,0,177.8,404.6
-1.4,0,0,0,0,177.8,418.6
-1.4,0,0,0,0,177.8,432.6
-1.4,0,0,0,0,177.8,446.6
-1.4,0,0,0,0,191.8,390.6
-1.4,0,0,0,0,191.8,404.6
-1.4,0,0,0,0,191.8,418.6
-1.4,0,0,0,0,191.8,432.6
-1.4,0,0,0,0,191.8,446.6
-1.4,0,0,0,0,205.8,390.6
-1.4,0,0,0,0,205.8,404.6
-1.4,0,0,0,0,205.8,418.6
-1.4,0,0,0,0,205.8,432.6
-1.4,0,0,0,0,205.8,446.6
-1.4,0,0,0,0,219.8,390.6
-1.4,0,0,0,0,219.8,404.6
-1.4,0,0,0,0,219.8,418.6
-1.4,0,0,0,0,219.8,432.6
-1.4,0,0,0,0,219.8,446.6
-1.4,0,0,0,0,177.8,462
-1.4,0,0,0,0,177.8,476
-1.4,0,0,0,0,177.8,490
-1.4,0,0,0,0,177.8,504
-1.4,0,0,0,0,177.8,518
-1.4,0,0,0,0,191.8,462
-1.4,0,0,0,0,191.8,476
-1.4,0,0,0,0,191.8,490
-1.4,0,0,0,0,191.8,504
-1.4,0,0,0,0,191.8,518
-1.4,0,0,0,0,205.8,462
-1.4,0,0,0,0,205.8,476
-1.4,0,0,0,0,205.8,490
-1.4,0,0,0,0,205.8,504
-1.4,0,0,0,0,205.8,518
-1.4,0,0,0,0,219.8,462
-1.4,0,0,0,0,219.8,476
-1.4,0,0,0,0,219.8,490
-1.4,0,0,0,0,219.8,504
-1.4,-1.4,0,0,0,261.8,305.2
-1.4,-1.4,0,0,0,277.2,247.8
-1.4,-1.4,0,0,0,277.2,261.8
-1.4,-1.4,0,0,0,277.2,277.2
-1.4,-1.4,0,0,0,277.2,291.2
-1.4,-1.4,0,0,0,277.2,305.2
-1.4,-1.4,0,0,0,291.2,247.8
-1.4,-1.4,0,0,0,291.2,261.8
-1.4,-1.4,0,0,0,291.2,277.2
-1.4,-1.4,0,0,0,291.2,291.2
-1.4,-1.4,0,0,0,291.2,305.2
-1.4,0,0,0,0,247.8,319.2
-1.4,0,0,0,0,247.8,333.2
-1.4,0,0,0,0,247.8,347.2
-1.4,0,0,0,0,247.8,362.6
-1.4,0,0,0,0,247.8,376.6
-1.4,0,0,0,0,261.8,319.2
-1.4,0,0,0,0,261.8,333.2
-1.4,0,0,0,0,261.8,347.2
-1.4,0,0,0,0,261.8,362.6
-1.4,0,0,0,0,261.8,376.6
-1.4,0,0,0,0,277.2,319.2
-1.4,0,0,0,0,277.2,333.2
-1.4,0,0,0,0,277.2,347.2
-1.4,0,0,0,0,277.2,362.6
-1.4,0,0,0,0,277.2,376.6
-1.4,0,0,0,0,291.2,319.2
-1.4,0,0,0,0,291.2,333.2
-1.4,0,0,0,0,291.2,347.2
-1.4,0,0,0,0,291.2,362.6
-1.4,0,0,0,0,291.2,376.6
-1.4,0,0,0,0,247.8,390.6
-1.4,0,0,0,0,247.8,404.6
-1.4,0,0,0,0,247.8,418.6
-1.4,0,0,0,0,247.8,432.6
-1.4,0,0,0,0,247.8,446.6
-1.4,0,0,0,0,261.8,390.6
-1.4,0,0,0,0,261.8,404.6
-1.4,0,0,0,0,261.8,418.6
-1.4,0,0,0,0,261.8,432.6
-1.4,0,0,0,0,261.8,446.6
-1.4,0,0,0,0,277.2,390.6
-1.4,0,0,0,0,277.2,404.6
-1.4,0,0,0,0,277.2,418.6
-1.4,0,0,0,0,277.2,432.6
-1.4,0,0,0,0,277.2,446.6
-1.4,0,0,0,0,291.2,390.6
-1.4,0,0,0,0,291.2,404.6
-1.4,0,0,0,0,291.2,418.6
-1.4,0,0,0,0,291.2,432.6
-1.4,0,0,0,0,291.2,446.6
-1.4,0,0,0,0,247.8,462
-1.4,0,0,0,0,247.8,476
-1.4,0,0,0,0,247.8,490
-1.4,0,0,0,0,247.8,504
-1.4,0,0,0,0,247.8,518
-1.4,0,0,0,0,261.8,462
-1.4,0,0,0,0,261.8,476
-1.4,0,0,0,0,261.8,490
-1.4,0,0,0,0,261.8,504
-1.4,0,0,0,0,261.8,518
-1.4,0,0,0,0,277.2,462
-1.4,0,0,0,0,277.2,476
-1.4,0,0,0,0,277.2,490
-1.4,0,0,0,0,277.2,504
-1.4,0,0,0,0,277.2,518
-1.4,0,0,0,0,291.2,462
-1.4,0,0,0,0,291.2,476
-1.4,0,0,0,0,291.2,490
-1.4,0,0,0,0,291.2,504
0,-1.4,0,0,0,333.2,305.2
0,-1.4,0,0,0,347.2,247.8
0,-1.4,0,0,0,347.2,261.8
0,-1.4,0,0,0,347.2,277.2
0,-1.4,0,0,0,347.2,291.2
0,-1.4,0,0,0,347.2,305.2
0,-1.4,0,0,0,362.6,247.8
0,-1.4,0,0,0,362.6,261.8
0,-1.4,0,0,0,362.6,277.2
0,-1.4,0,0,0,362.6,291.2
0,-1.4,0,0,0,362.6,305.2
0,0,0,0,0,319.2,319.2
0,0,0,0,0,319.2,333.2
0,0,0,0,0,319.2,347.2
0,0,0,0,0,319.2,362.6
0,0,0,0,0,319.2,376.6
0,0,0,0,0,333.2,319.2
0,0,0,0,0,333.2,333.2
0,0,0,0,0,333.2,347.2
0,0,0,0,0,333.2,362.6
0,0,0,0,0,333.2,376.6
0,0,0,0,0,347.2,319.2
0,0,0,0,0,347.2,333.2
0,0,0,0,0,347.2,347.2
0,0,0,0,0,347.2,362.6
0,0,0,0,0,347.2,376.6
0,0,0,0,0,362.6,319.2
0,0,0,0,0,362.6,333.2
0,0,0,0,0,362.6,347.2
0,0,0,0,0,362.6,362.6
0,0,0,0,0,362.6,376.6
0,0,0,0,0,319.2,390.6
0,0,0,0,0,319.2,404.6
0,0,0,0,0,319.2,418.6
0,0,0,0,0,319.2,432.6
0,0,0,0,0,319.2,446.6
0,0,0,0,0,333.2,390.6
0,0,0,0,0,333.2,404.6
0,0,0,0,0,333.2,418.6
0,0,0,0,0,333.2,432.6
0,0,0,0,0,333.2,446.6
0,0,0,0,0,347.2,390.6
0,0,0,0,0,347.2,404.6
0,0,0,0,0,347.2,418.6
0,0,0,0,0,347.2,432.6
0,0,0,0,0,347.2,446.6
0,0,0,0,0,362.6,390.6
0,0,0,0,0,362.6,404.6
0,0,0,0,0,362.6,418.6
0,0,0,0,0,362.6,432.6
0,0,0,0,0,362.6,446.6
0,0,0,0,0,319.2,462
0,0,0,0,0,319.2,476
0,0,0,0,0,319.2,490
0,0,0,0,0,319.2,504
0,0,0,0,0,319.2,518
0,0,0,0,0,333.2,462
0,0,0,0,0,333.2,476
0,0,0,0,0,333.2,490
0,0,0,0,0,333.2,504
0,0,0,0,0,333.2,518
0,0,0,0,0,347.2,462
0,0,0,0,0,347.2,476
0,0,0,0,0,347.2,490
0,0,0,0,0,347.2,504
0,0,0,0,0,347.2,518
0,0,0,0,0,362.6,462
0,0,0,0,0,362.6,476
0,0,0,0,0,362.6,490
0,0,0,0,0,362.6,504
0,-1.4,0,0,0,404.6,305.2
0,-1.4,0,0,0,418.6,247.8
0,-1.4,0,0,0,418.6,261.8
0,-1.4,0,0,0,418.6,277.2
0,-1.4,0,0,0,418.6,291.2
0,-1.4,0,0,0,418.6,305.2
0,-1.4,0,0,0,432.6,247.8
0,-1.4,0,0,0,432.6,261.8
0,-1.4,0,0,0,432.6,277.2
0,-1.4,0,0,0,432.6,291.2
0,-1.4,0,0,0,432.6,305.2
0,0,0,0,0,390.6,319.2
0,0,0,0,0,390.6,333.2
0,0,0,0,0,390.6,347.2
0,0,0,0,0,390.6,362.6
0,0,0,0,0,390.6,376.6
0,0,0,0,0,404.6,319.2
0,0,0,0,0,404.6,333.2
0,0,0,0,0,404.6,347.2
0,0,0,0,0,404.6,362.6
0,0,0,0,0,404.6,376.6
0,0,0,0,0,418.6,319.2
0,0,0,0,0,418.6,333.2
0,0,0,0,0,418.6,347.2
0,0,0,0,0,418.6,362.6
0,0,0,0,0,418.6,376.6
0,0,0,0,0,432.6,319.2
0,0,0,0,0,432.6,333.2
0,0,0,0,0,432.6,347.2
0,0,0,0,0,432.6,362.6
0,0,0,0,0,432.6,376.6
0,0,0,0,0,390.6,390.6
0,0,0,0,0,390.6,404.6
0,0,0,0,0,390.6,418.6
0,0,0,0,0,390.6,432.6
0,0,0,0,0,390.6,446.6
0,0,0,0,0,404.6,390.6
0,0,0,0,0,404.6,404.6
0,0,0,0,0,404.6,418.6
0,0,0,0,0,404.6,432.6
0,0,0,0,0,404.6,446.6
0,0,0,0,0,418.6,390.6
0,0,0,0,0,418.6,404.6
0,0,0,0,0,418.6,418.6
0,0,0,0,0,418.6,432.6
0,0,0,0,0,418.6,446.6
0,0,0,0,0,432.6,390.6
0,0,0,0,0,432.6,404.6
0,0,0,0,0,432.6,418.6
0,0,0,0,0,432.6,432.6
0,0,0,0,0,432.6,446.6
0,0,0,0,0,390.6,462
0,0,0,0,0,390.6,476
0,0,0,0,0,390.6,490
0,0,0,0,0,390.6,504
0,0,0,0,0,390.6,518
0,0,0,0,0,404.6,462
0,0,0,0,0,404.6,476
0,0,0,0,0,404.6,490
0,0,0,0,0,404.6,504
0,0,0,0,0,404.6,518
0,0,0,0,0,418.6,462
0,0,0,0,0,418.6,476
0,0,0,0,0,418.6,490
0,0,0,0,0,418.6,504
0,0,0,0,0,418.6,518
0,0,0,0,0,432.6,462
0,0,0,0,0,432.6,476
0,0,0,0,0,432.6,490
0,0,0,0,0,432.6,504
0,-1.4,0,0,0,476,305.2
0,-1.4,0,0,0,490,247.8
0,-1.4,0,0,0,490,261.8
0,-1.4,0,0,0,490,277.2
0,-1.4,0,0,0,490,291.2
0,-1.4,0,0,0,490,305.2
0,-1.4,0,0,0,504,247.8
0,-1.4,0,0,0,504,261.8
0,-1.4,0,0,0,504,277.2
0,-1.4,0,0,0,504,291.2
0,-1.4,0,0,0,504,305.2
0,0,0,0,0,462,319.2
0,0,0,0,0,462,333.2
0,0,0,0,0,462,347.2
0,0,0,0,0,462,362.6
0,0,0,0,0,462,376.6
0,0,0,0,0,476,319.2
0,0,0,0,0,476,333.2
0,0,0,0,0,476,347.2
0,0,0,0,0,476,362.6
0,0,0,0,0,476,376.6
0,0,0,0,0,490,319.2
0,0,0,0,0,490,333.2
0,0,0,0,0,490,347.2
0,0,0,0,0,490,362.6
0,0,0,0,0,490,376.6
0,0,0,0,0,504,319.2
0,0,0,0,0,504,333.2
0,0,0,0,0,504,347.2
0,0,0,0,0,504,362.6
0,0,0,0,0,504,376.6
0,0,0,0,0,462,390.6
0,0,0,0,0,462,404.6
0,0,0,0,0,462,418.6
0,0,0,0,0,462,432.6
0,0,0,0,0,462,446.6
0,0,0,0,0,476,390.6
0,0,0,0,0,476,404.6
0,0,0,0,0,476,418.6
0,0,0,0,0,476,432.6
0,0,0,0,0,476,446.6
0,0,0,0,0,490,390.6
0,0,0,0,0,490,404.6
0,0,0,0,0,490,418.6
0,0,0,0,0,490,432.6
0,0,0,0,0,490,446.6
0,0,0,0,0,504,390.6
0,0,0,0,0,504,404.6
0,0,0,0,0,504,418.6
0,0,0,0,0,504,432.6
0,0,0,0,0,504,446.6
0,0,0,0,0,462,462
0,0,0,0,0,462,476
0,0,0,0,0,462,490
0,0,0,0,0,462,504
0,0,0,0,0,462,518
0,0,0,0,0,476,462
0,0,0,0,0,476,476
0,0,0,0,0,476,490
0,0,0,0,0,476,504
0,0,0,0,0,476,518
0,0,0,0,0,490,462
0,0,0,0,0,490,476
0,0,0,0,0,490,490
0,0,0,0,0,490,504
0,0,0,0,0,490,518
0,0,0,0,0,504,462
0,0,0,0,0,504,476
0,0,0,0,0,504,490
0,0,0,0,0,504,504
-1.4,-1.4,0,0,0,194.6,305.2
-1.4,-1.4,0,0,0,208.6,250.6
-1.4,-1.4,0,0,0,208.6,263.2
-1.4,-1.4,0,0,0,208.6,277.2
-1.4,-1.4,0,0,0,208.6,291.2
-1.4,-1.4,0,0,0,208.6,305.2
-1.4,-1.4,0,0,0,222.6,250.6
-1.4,-1.4,0,0,0,222.6,263.2
-1.4,-1.4,0,0,0,222.6,277.2
-1.4,-1.4,0,0,0,222.6,291.2
-1.4,-1.4,0,0,0,222.6,305.2
-1.4,0,0,0,0,180.6,319.2
-1.4,0,0,0,0,180.6,333.2
-1.4,0,0,0,0,180.6,347.2
-1.4,0,0,0,0,180.6,361.2
-1.4,0,0,0,0,180.6,375.2
-1.4,0,0,0,0,194.6,319.2
-1.4,0,0,0,0,194.6,333.2
-1.4,0,0,0,0,194.6,347.2
-1.4,0,0,0,0,194.6,361.2
-1.4,0,0,0,0,194.6,375.2
-1.4,0,0,0,0,208.6,319.2
-1.4,0,0,0,0,208.6,333.2
-1.4,0,0,0,0,208.6,347.2
-1.4,0,0,0,0,208.6,361.2
-1.4,0,0,0,0,208.6,375.2
-1.4,0,0,0,0,222.6,319.2
-1.4,0,0,0,0,222.6,333.2
-1.4,0,0,0,0,222.6,347.2
-1.4,0,0,0,0,222.6,361.2
-1.4,0,0,0,0,222.6,375.2
-1.4,0,0,0,0,180.6,389.2
-1.4,0,0,0,0,180.6,401.8
-1.4,0,0,0,0,180.6,415.8
-1.4,0,0,0,0,180.6,429.8
-1.4,0,0,0,0,180.6,443.8
-1.4,0,0,0,0,194.6,389.2
-1.4,0,0,0,0,194.6,401.8
-1.4,0,0,0,0,194.6,415.8
-1.4,0,0,0,0,194.6,429.8
-1.4,0,0,0,0,194.6,443.8
-1.4,0,0,0,0,208.6,389.2
-1.4,0,0,0,0,208.6,401.8
-1.4,0,0,0,0,208.6,415.8
-1.4,0,0,0,0,208.6,429.8
-1.4,0,0,0,0,208.6,443.8
-1.4,0,0,0,0,222.6,389.2
-1.4,0,0,0,0,222.6,401.8
-1.4,0,0,0,0,222.6,415.8
-1.4,0,0,0,0,222.6,429.8
-1.4,0,0,0,0,222.6,443.8
-1.4,0,0,0,0,180.6,457.8
-1.4,0,0,0,0,180.6,471.8
-1.4,0,0,0,0,180.6,485.8
-1.4,0,0,0,0,180.6,499.8
-1.4,0,0,0,0,180.6,513.8
-1.4,0,0,0,0,194.6,457.8
-1.4,0,0,0,0,194.6,471.8
-1.4,0,0,0,0,194.6,485.8
-1.4,0,0,0,0,194.6,499.8
-1.4,0,0,0,0,194.6,513.8
-1.4,0,0,0,0,208.6,457.8
-1.4,0,0,0,0,208.6,471.8
-1.4,0,0,0,0,208.6,485.8
-1.4,0,0,0,0,208.6,499.8
-1.4,0,0,0,0,208.6,513.8
-1.4,0,0,0,0,222.6,457.8
-1.4,0,0,0,0,222.6,471.8
-1.4,0,0,0,0,222.6,485.8
-1.4,0,0,0,0,222.6,499.8
-1.4,-1.4,0,0,0,263.2,305.2
-1.4,-1.4,0,0,0,277.2,250.6
-1.4,-1.4,0,0,0,277.2,263.2
-1.4,-1.4,0,0,0,277.2,277.2
-1.4,-1.4,0,0,0,277.2,291.2
-1.4,-1.4,0,0,0,277.2,305.2
-1.4,-1.4,0,0,0,291.2,250.6
-1.4,-1.4,0,0,0,291.2,263.2
-1.4,-1.4,0,0,0,291.2,277.2
-1.4,-1.4,0,0,0,291.2,291.2
-1.4,-1.4,0,0,0,291.2,305.2
-1.4,0,0,0,0,250.6,319.2
-1.4,0,0,0,0,250.6,333.2
-1.4,0,0,0,0,250.6,347.2
-1.4,0,0,0,0,250.6,361.2
-1.4,0,0,0,0,250.6,375.2
-1.4,0,0,0,0,263.2,319.2
-1.4,0,0,0,0,263.2,333.2
-1.4,0,0,0,0,263.2,347.2
-1.4,0,0,0,0,263.2,361.2
-1.4,0,0,0,0,263.2,375.2
-1.4,0,0,0,0,277.2,319.2
-1.4,0,0,0,0,277.2,333.2
-1.4,0,0,0,0,277.2,347.2
-1.4,0,0,0,0,277.2,361.2
-1.4,0,0,0,0,277.2,375.2
-1.4,0,0,0,0,291.2,319.2
-1.4,0,0,0,0,291.2,333.2
-1.4,0,0,0,0,291.2,347.2
-1.4,0,0,0,0,291.2,361.2
-1.4,0,0,0,0,291.2,375.2
-1.4,0,0,0,0,250.6,389.2
-1.4,0,0,0,0,250.6,401.8
-1.4,0,0,0,0,250.6,415.8
-1.4,0,0,0,0,250.6,429.8
-1.4,0,0,0,0,250.6,443.8
-1.4,0,0,0,0,263.2,389.2
-1.4,0,0,0,0,263.2,401.8
-1.4,0,0,0,0,263.2,415.8
-1.4,0,0,0,0,263.2,429.8
-1.4,0,0,0,0,263.2,443.8
-1.4,0,0,0,0,277.2,389.2
-1.4,0,0,0,0,277.2,401.8
-1.4,0,0,0,0,277.2,415.8
-1.4,0,0,0,0,277.2,429.8
-1.4,0,0,0,0,277.2,443.8
-1.4,0,0,0,0,291.2,389.2
-1.4,0,0,0,0,291.2,401.8
-1.4,0,0,0,0,291.2,415.8
-1.4,0,0,0,0,291.2,429.8
-1.4,0,0,0,0,291.2,443.8
-1.4,0,0,0,0,250.6,457.8
-1.4,0,0,0,0,250.6,471.8
-1.4,0,0,0,0,250.6,485.8
-1.4,0,0,0,0,250.6,499.8
-1.4,0,0,0,0,250.6,513.8
-1.4,0,0,0,0,263.2,457.8
-1.4,0,0,0,0,263.2,471.8
-1.4,0,0,0,0,263.2,485.8
-1.4,0,0,0,0,263.2,499.8
-1.4,0,0,0,0,263.2,513.8
-1.4,0,0,0,0,277.2,457.8
-1.4,0,0,0,0,277.2,471.8
-1.4,0,0,0,0,277.2,485.8
-1.4,0,0,0,0,277.2,499.8
-1.4,0,0,0,0,277.2,513.8
-1.4,0,0,0,0,291.2,457.8
-1.4,0,0,0,0,291.2,471.8
-1.4,0,0,0,0,291.2,485.8
-1.4,0,0,0,0,291.2,499.8
0,-1.4,0,0,0,333.2,305.2
0,-1.4,0,0,0,347.2,250.6
0,-1.4,0,0,0,347.2,263.2
0,-1.4,0,0,0,347.2,277.2
0,-1.4,0,0,0,347.2,291.2
0,-1.4,0,0,0,347.2,305.2
0,-1.4,0,0,0,361.2,250.6
0,-1.4,0,0,0,361.2,263.2
0,-1.4,0,0,0,361.2,277.2
0,-1.4,0,0,0,361.2,291.2
0,-1.4,0,0,0,361.2,305.2
0,0,0,0,0,319.2,319.2
0,0,0,0,0,319.2,333.2
0,0,0,0,0,319.2,347.2
0,0,0,0,0,319.2,361.2
0,0,0,0,0,319.2,375.2
0,0,0,0,0,333.2,319.2
0,0,0,0,0,333.2,333.2
0,0,0,0,0,333.2,347.2
0,0,0,0,0,333.2,361.2
0,0,0,0,0,333.2,375.2
0,0,0,0,0,347.2,319.2
0,0,0,0,0,347.2,333.2
0,0,0,0,0,347.2,347.2
0,0,0,0,0,347.2,361.2
0,0,0,0,0,347.2,375.2
0,0,0,0,0,361.2,319.2
0,0,0,0,0,361.2,333.2
0,0,0,0,0,361.2,347.2
0,0,0,0,0,361.2,361.2
0,0,0,0,0,361.2,375.2
0,0,0,0,0,319.2,389.2
0,0,0,0,0,319.2,401.8
0,0,0,0,0,319.2,415.8
0,0,0,0,0,319.2,429.8
0,0,0,0,0,319.2,443.8
0,0,0,0,0,333.2,389.2
0,0,0,0,0,333.2,401.8
0,0,0,0,0,333.2,415.8
0,0,0,0,0,333.2,429.8
0,0,0,0,0,333.2,443.8
0,0,0,0,0,347.2,389.2
0,0,0,0,0,347.2,401.8
0,0,0,0,0,347.2,415.8
0,0,0,0,0,347.2,429.8
0,0,0,0,0,347.2,443.8
0,0,0,0,0,361.2,389.2
0,0,0,0,0,361.2,401.8
0,0,0,0,0,361.2,415.8
0,0,0,0,0,361.2,429.8
0,0,0,0,0,361.2,443.8
0,0,0,0,0,319.2,457.8
0,0,0,0,0,319.2,471.8
0,0,0,0,0,319.2,485.8
0,0,0,0,0,319.2,499.8
0,0,0,0,0,319.2,513.8
0,0,0,0,0,333.2,457.8
0,0,0,0,0,333.2,471.8
0,0,0,0,0,333.2,485.8
0,0,0,0,0,333.2,499.8
0,0,0,0,0,333.2,513.8
0,0,0,0,0,347.2,457.8
0,0,0,0,0,347.2,471.8
0,0,0,0,0,347.2,485.8
0,0,0,0,0,347.2,499.8
0,0,0,0,0,347.2,513.8
0,0,0,0,0,361.2,457.8
0,0,0,0,0,361.2,471.8
0,0,0,0,0,361.2,485.8
0,0,0,0,0,361.2,499.8
0,-1.4,0,0,0,401.8,305.2
0,-1.4,0,0,0,415.8,250.6
0,-1.4,0,0,0,415.8,263.2
0,-1.4,0,0,0,415.8,277.2
0,-1.4,0,0,0,415.8,291.2
0,-1.4,0,0,0,415.8,305.2
0,-1.4,0,0,0,429.8,250.6
0,-1.4,0,0,0,429.8,263.2
0,-1.4,0,0,0,429.8,277.2
0,-1.4,0,0,0,429.8,291.2
0,-1.4,0,0,0,429.8,305.2
0,0,0,0,0,389.2,319.2
0,0,0,0,0,389.2,333.2
0,0,0,0,0,389.2,347.2
0,0,0,0,0,389.2,361.2
0,0,0,0,0,389.2,375.2
0,0,0,0,0,401.8,319.2
0,0,0,0,0,401.8,333.2
0,0,0,0,0,401.8,347.2
0,0,0,0,0,401.8,361.2
0,0,0,0,0,401.8,375.2
0,0,0,0,0,415.8,319.2
0,0,0,0,0,415.8,333.2
0,0,0,0,0,415.8,347.2
0,0,0,0,0,415.8,361.2
0,0,0,0,0,415.8,375.2
0,0,0,0,0,429.8,319.2
0,0,0,0,0,429.8,333.2
0,0,0,0,0,429.8,347.2
0,0,0,0,0,429.8,361.2
0,0,0,0,0,429.8,375.2
0,0,0,0,0,389.2,389.2
0,0,0,0,0,389.2,401.8
0,0,0,0,0,389.2,415.8
0,0,0,0,0,389.2,429.8
0,0,0,0,0,389.2,443.8
0,0,0,0,0,401.8,389.2
0,0,0,0,0,401.8,401.8
0,0,0,0,0,401.8,415.8
0,0,0,0,0,401.8,429.8
0,0,0,0,0,401.8,443.8
0,0,0,0,0,415.8,389.2
0,0,0,0,0,415.8,401.8
0,0,0,0,0,415.8,415.8
0,0,0,0,0,415.8,429.8
0,0,0,0,0,415.8,443.8
0,0,0,0,0,429.8,389.2
0,0,0,0,0,429.8,401.8
0,0,0,0,0,429.8,415.8
0,0,0,0,0,429.8,429.8
0,0,0,0,0,429.8,443.8
0,0,0,0,0,389.2,457.8
0,0,0,0,0,389.2,471.8
0,0,0,0,0,389.2,485.8
0,0,0,0,0,389.2,499.8
0,0,0,0,0,389.2,513.8
0,0,0,0,0,401.8,457.8
0,0,0,0,0,401.8,471.8
0,0,0,0,0,401.8,485.8
0,0,0,0,0,401.8,499.8
0,0,0,0,0,401.8,513.8
0,0,0,0,0,415.8,457.8
0,0,0,0,0,415.8,471.8
0,0,0,0,0,415.8,485.8
0,0,0,0,0,415.8,499.8
0,0,0,0,0,415.8,513.8
0,0,0,0,0,429.8,457.8
0,0,0,0,0,429.8,471.8
0,0,0,0,0,429.8,485.8
0,0,0,0,0,429.8,499.8
0,-1.4,0,0,0,471.8,305.2
0,-1.4,0,0,0,485.8,250.6
0,-1.4,0,0,0,485.8,263.2
0,-1.4,0,0,0,485.8,277.2
0,-1.4,0,0,0,485.8,291.2
0,-1.4,0,0,0,485.8,305.2
0,-1.4,0,0,0,499.8,250.6
0,-1.4,0,0,0,499.8,263.2
0,-1.4,0,0,0,499.8,277.2
0,-1.4,0,0,0,499.8,291.2
0,-1.4,0,0,0,499.8,305.2
0,0,0,0,0,457.8,319.2
0,0,0,0,0,457.8,333.2
0,0,0,0,0,457.8,347.2
0,0,0,0,0,457.8,361.2
0,0,0,0,0,457.8,375.2
0,0,0,0,0,471.8,319.2
0,0,0,0,0,471.8,333.2
0,0,0,0,0,471.8,347.2
0,0,0,0,0,471.8,361.2
0,0,0,0,0,471.8,375.2
0,0,0,0,0,485.8,319.2
0,0,0,0,0,485.8,333.2
0,0,0,0,0,485.8,347.2
0,0,0,0,0,485.8,361.2
0,0,0,0,0,485.8,375.2
0,0,0,0,0,499.8,319.2
0,0,0,0,0,499.8,333.2
0,0,0,0,0,499.8,347.2
0,0,0,0,0,499.8,361.2
0,0,0,0,0,499.8,375.2
0,0,0,0,0,457.8,389.2
0,0,0,0,0,457.8,401.8
0,0,0,0,0,457.8,415.8
0,0,0,0,0,457.8,429.8
0,0,0,0,0,457.8,443.8
0,0,0,0,0,471.8,389.2
0,0,0,0,0,471.8,401.8
0,0,0,0,0,471.8,415.8
0,0,0,0,0,471.8,429.8
0,0,0,0,0,471.8,443.8
0,0,0,0,0,485.8,389.2
0,0,0,0,0,485.8,401.8
0,0,0,0,0,485.8,415.8
0,0,0,0,0,485.8,429.8
0,0,0,0,0,485.8,443.8
0,0,0,0,0,499.8,389.2
0,0,0,0,0,499.8,401.8
0,0,0,0,0,499.8,415.8
0,0,0,0,0,499.8,429.8
0,0,0,0,0,499.8,443.8
0,0,0,0,0,457.8,457.8
0,0,0,0,0,457.8,471.8
0,0,0,0,0,457.8,485.8
0,0,0,0,0,457.8,499.8
0,0,0,0,0,457.8,513.8
0,0,0,0,0,471.8,457.8
0,0,0,0,0,471.8,471.8
0,0,0,0,0,471.8,485.8
0,0,0,0,0,471.8,499.8
0,0,0,0,0,471.8,513.8
0,0,0,0,0,485.8,457.8
0,0,0,0,0,485.8,471.8
0,0,0,0,0,485.8,485.8
0,0,0,0,0,485.8,499.8
0,0,0,0,0,485.8,513.8
0,0,0,0,0,499.8,457.8
0,0,0,0,0,499.8,471.8
0,0,0,0,0,499.8,485.8
0,0,0,0,0,499.8,499.8
