-0.1,0.05,0.3,0,0.04,141.99,511.84
-0.1,0.05,0.3,0.01,0,163.86,436.61
-0.1,0.05,0.3,0.01,0.01,163.25,454.82
-0.1,0.05,0.3,0.01,0.02,162.55,473.24
-0.1,0.05,0.3,0.01,0.03,161.77,491.92
-0.1,0.05,0.3,0.01,0.04,160.9,510.87
-0.1,0.05,0.3,0.02,0,182.17,436.08
-0.1,0.05,0.3,0.02,0.01,181.63,454.2
-0.1,0.05,0.3,0.02,0.02,181.01,472.54
-0.1,0.05,0.3,0.02,0.03,180.32,491.14
-0.1,0.05,0.3,0.02,0.04,179.55,510.01
-0.1,0.05,0.3,0.03,0,200.26,435.61
-0.1,0.05,0.3,0.03,0.01,199.78,453.66
-0.1,0.05,0.3,0.03,0.02,199.25,471.93
-0.1,0.05,0.3,0.03,0.03,198.64,490.45
-0.1,0.05,0.3,0.03,0.04,197.97,509.26
-0.1,0.1,0.3,0,0,1.4779,582.93
-0.1,0.1,0.3,0,0.01,-1.1878,607.89
-0.1,0.1,0.3,0,0.02,-4.0729,633.44
-0.1,0.1,0.3,0,0.03,-7.1774,659.63
-0.1,0.1,0.3,0,0.04,-10.501,686.49
-0.1,0.1,0.3,0.01,0,26.822,580.47
-0.1,0.1,0.3,0.01,0.01,24.345,605.22
-0.1,0.1,0.3,0.01,0.02,21.665,630.55
-0.1,0.1,0.3,0.01,0.03,18.78,656.53
-0.1,0.1,0.3,0.01,0.04,15.692,683.18
-0.1,0.1,0.3,0.02,0,51.555,578.18
-0.1,0.1,0.3,0.02,0.01,49.267,602.73
-0.1,0.1,0.3,0.02,0.02,46.791,627.88
-0.1,0.1,0.3,0.02,0.03,44.126,653.65
-0.1,0.1,0.3,0.02,0.04,41.273,680.11
-0.1,0.1,0.3,0.03,0,75.723,576.08
-0.1,0.1,0.3,0.03,0.01,73.624,600.45
-0.1,0.1,0.3,0.03,0.02,71.352,625.41
-0.1,0.1,0.3,0.03,0.03,68.907,651.01
-0.05,0.05,0.3,0,0.04,234.85,475.11
-0.05,0.05,0.3,0.01,0,254.61,399.47
-0.05,0.05,0.3,0.01,0.01,254.41,417.98
-0.05,0.05,0.3,0.01,0.02,254.17,436.66
-0.05,0.05,0.3,0.01,0.03,253.89,455.57
-0.05,0.05,0.3,0.01,0.04,253.56,474.72
-0.05,0.05,0.3,0.02,0,272.9,399.32
-0.05,0.05,0.3,0.02,0.01,272.76,417.79
-0.05,0.05,0.3,0.02,0.02,272.59,436.44
-0.05,0.05,0.3,0.02,0.03,272.38,455.31
-0.05,0.05,0.3,0.02,0.04,272.15,474.43
-0.05,0.05,0.3,0.03,0,291.11,399.22
-0.05,0.05,0.3,0.03,0.01,291.02,417.66
-0.05,0.05,0.3,0.03,0.02,290.91,436.28
-0.05,0.05,0.3,0.03,0.03,290.79,455.13
-0.05,0.05,0.3,0.03,0.04,290.65,474.23
-0.05,0.1,0.3,0,0,262.15,443.72
-0.05,0.1,0.3,0,0.01,261.85,464.73
-0.05,0.1,0.3,0,0.02,261.52,486.07
-0.05,0.1,0.3,0,0.03,261.14,507.78
-0.05,0.1,0.3,0,0.04,260.72,529.92
-0.05,0.1,0.3,0.01,0,282.5,443.5
-0.05,0.1,0.3,0.01,0.01,282.31,464.47
-0.05,0.1,0.3,0.01,0.02,282.09,485.78
-0.05,0.1,0.3,0.01,0.03,281.84,507.45
-0.05,0.1,0.3,0.01,0.04,281.57,529.55
-0.05,0.1,0.3,0.02,0,302.76,443.37
-0.05,0.1,0.3,0.02,0.01,302.67,464.33
-0.05,0.1,0.3,0.02,0.02,302.57,485.61
-0.05,0.1,0.3,0.02,0.03,302.46,507.26
-0.05,0.1,0.3,0.02,0.04,302.33,529.34
-0.05,0.1,0.3,0.03,0,322.99,443.34
-0.05,0.1,0.3,0.03,0.01,323,464.29
-0.05,0.1,0.3,0.03,0.02,323.02,485.56
-0.05,0.1,0.3,0.03,0.03,323.04,507.21
0,0.05,0.3,0,0.04,269.93,535.16
0,0.05,0.3,0.01,0,289.88,454.98
0,0.05,0.3,0.01,0.01,289.73,474.46
0,0.05,0.3,0.01,0.02,289.56,494.25
0,0.05,0.3,0.01,0.03,289.37,514.37
0,0.05,0.3,0.01,0.04,289.16,534.87
0,0.05,0.3,0.02,0,308.61,454.88
0,0.05,0.3,0.02,0.01,308.55,474.35
0,0.05,0.3,0.02,0.02,308.49,494.13
0,0.05,0.3,0.02,0.03,308.42,514.24
0,0.05,0.3,0.02,0.04,308.34,534.72
0,0.05,0.3,0.03,0,327.32,454.87
0,0.05,0.3,0.03,0.01,327.35,474.34
0,0.05,0.3,0.03,0.02,327.39,494.12
0,0.05,0.3,0.03,0.03,327.44,514.22
0,0.05,0.3,0.03,0.04,327.49,534.7
0,0.1,0.3,0,0,318.39,462.85
0,0.1,0.3,0,0.01,318.38,482.12
0,0.1,0.3,0,0.02,318.37,501.69
0,0.1,0.3,0,0.03,318.36,521.6
0,0.1,0.3,0,0.04,318.35,541.88
0,0.1,0.3,0.01,0,336.83,462.89
0,0.1,0.3,0.01,0.01,336.92,482.16
0,0.1,0.3,0.01,0.02,337.02,501.74
0,0.1,0.3,0.01,0.03,337.12,521.65
0,0.1,0.3,0.01,0.04,337.24,541.94
0,0.1,0.3,0.02,0,355.3,463.01
0,0.1,0.3,0.02,0.01,355.48,482.3
0,0.1,0.3,0.02,0.02,355.69,501.89
0,0.1,0.3,0.02,0.03,355.92,521.83
0,0.1,0.3,0.02,0.04,356.16,542.13
0,0.1,0.3,0.03,0,373.84,463.23
0,0.1,0.3,0.03,0.01,374.12,482.55
0,0.1,0.3,0.03,0.02,374.43,502.17
0,0.1,0.3,0.03,0.03,374.77,522.13
0.05,0.05,0.3,0,0.04,380.13,496.98
0.05,0.05,0.3,0.01,0,394.99,431.46
0.05,0.05,0.3,0.01,0.01,395.25,447.64
0.05,0.05,0.3,0.01,0.02,395.55,464
0.05,0.05,0.3,0.01,0.03,395.88,480.55
0.05,0.05,0.3,0.01,0.04,396.24,497.32
0.05,0.05,0.3,0.02,0,410.94,431.73
0.05,0.05,0.3,0.02,0.01,411.26,447.95
0.05,0.05,0.3,0.02,0.02,411.62,464.34
0.05,0.05,0.3,0.02,0.03,412.02,480.93
0.05,0.05,0.3,0.02,0.04,412.46,497.74
0.05,0.05,0.3,0.03,0,427.02,432.05
0.05,0.05,0.3,0.03,0.01,427.4,448.31
0.05,0.05,0.3,0.03,0.02,427.82,464.75
0.05,0.05,0.3,0.03,0.03,428.29,481.39
0.05,0.05,0.3,0.03,0.04,428.8,498.24
0.05,0.1,0.3,0,0,426.2,560.89
0.05,0.1,0.3,0,0.01,427,581.15
0.05,0.1,0.3,0,0.02,427.86,601.83
0.05,0.1,0.3,0,0.03,428.77,622.97
0.05,0.1,0.3,0,0.04,429.74,644.61
0.05,0.1,0.3,0.01,0,444.95,561.72
0.05,0.1,0.3,0.01,0.01,445.88,582.05
0.05,0.1,0.3,0.01,0.02,446.88,602.79
0.05,0.1,0.3,0.01,0.03,447.96,624
0.05,0.1,0.3,0.01,0.04,449.09,645.69
0.05,0.1,0.3,0.02,0,463.9,562.69
0.05,0.1,0.3,0.02,0.01,464.97,583.08
0.05,0.1,0.3,0.02,0.02,466.12,603.91
0.05,0.1,0.3,0.02,0.03,467.35,625.19
0.05,0.1,0.3,0.02,0.04,468.65,646.95
0.05,0.1,0.3,0.03,0,483.08,563.79
0.05,0.1,0.3,0.03,0.01,484.29,584.27
0.05,0.1,0.3,0.03,0.02,485.59,605.17
0.05,0.1,0.3,0.03,0.03,486.97,626.54
0.1,0.05,0.3,0,0.04,461.47,510.38
0.1,0.05,0.3,0.01,0,477.85,433.85
0.1,0.05,0.3,0.01,0.01,478.48,452.82
0.1,0.05,0.3,0.01,0.02,479.21,472.02
0.1,0.05,0.3,0.01,0.03,480.03,491.5
0.1,0.05,0.3,0.01,0.04,480.95,511.28
0.1,0.05,0.3,0.02,0,497.25,434.47
0.1,0.05,0.3,0.02,0.01,497.95,453.54
0.1,0.05,0.3,0.02,0.02,498.76,472.84
0.1,0.05,0.3,0.02,0.03,499.68,492.42
0.1,0.05,0.3,0.02,0.04,500.7,512.3
0.1,0.05,0.3,0.03,0,516.96,435.15
0.1,0.05,0.3,0.03,0.01,517.74,454.33
0.1,0.05,0.3,0.03,0.02,518.64,473.75
0.1,0.05,0.3,0.03,0.03,519.65,493.44
0.1,0.05,0.3,0.03,0.04,520.78,513.43
0.1,0.1,0.3,0,0,441.99,427.34
0.1,0.1,0.3,0,0.01,442.46,445.8
0.1,0.1,0.3,0,0.02,442.99,464.48
0.1,0.1,0.3,0,0.03,443.6,483.42
0.1,0.1,0.3,0,0.04,444.28,502.64
0.1,0.1,0.3,0.01,0,460.58,427.8
0.1,0.1,0.3,0.01,0.01,461.11,446.34
0.1,0.1,0.3,0.01,0.02,461.72,465.1
0.1,0.1,0.3,0.01,0.03,462.42,484.11
0.1,0.1,0.3,0.01,0.04,463.2,503.41
0.1,0.1,0.3,0.02,0,479.41,428.32
0.1,0.1,0.3,0.02,0.01,480.01,446.94
0.1,0.1,0.3,0.02,0.02,480.7,465.79
0.1,0.1,0.3,0.02,0.03,481.49,484.89
0.1,0.1,0.3,0.02,0.04,482.37,504.28
0.1,0.1,0.3,0.03,0,498.52,428.9
0.1,0.1,0.3,0.03,0.01,499.19,447.63
0.1,0.1,0.3,0.03,0.02,499.96,466.57
0.1,0.1,0.3,0.03,0.03,500.84,485.77
-0.1,0.05,0.31,0,0.04,93.809,476.48
-0.1,0.05,0.31,0.01,0,116.36,401.68
-0.1,0.05,0.31,0.01,0.01,115.79,419.86
-0.1,0.05,0.31,0.01,0.02,115.11,438.19
-0.1,0.05,0.31,0.01,0.03,114.32,456.73
-0.1,0.05,0.31,0.01,0.04,113.41,475.48
-0.1,0.05,0.31,0.02,0,135.37,401.19
-0.1,0.05,0.31,0.02,0.01,134.85,419.26
-0.1,0.05,0.31,0.02,0.02,134.23,437.49
-0.1,0.05,0.31,0.02,0.03,133.51,455.91
-0.1,0.05,0.31,0.02,0.04,132.68,474.56
-0.1,0.05,0.31,0.03,0,154.07,400.75
-0.1,0.05,0.31,0.03,0.01,153.6,418.72
-0.1,0.05,0.31,0.03,0.02,153.04,436.85
-0.1,0.05,0.31,0.03,0.03,152.39,455.18
-0.1,0.05,0.31,0.03,0.04,151.64,473.73
-0.1,0.1,0.31,0,0,55.617,532.79
-0.1,0.1,0.31,0,0.01,53.802,555.02
-0.1,0.1,0.31,0,0.02,51.819,577.7
-0.1,0.1,0.31,0,0.03,49.668,600.86
-0.1,0.1,0.31,0,0.04,47.35,624.54
-0.1,0.1,0.31,0.01,0,78.152,531.13
-0.1,0.1,0.31,0.01,0.01,76.478,553.2
-0.1,0.1,0.31,0.01,0.02,74.65,575.71
-0.1,0.1,0.31,0.01,0.03,72.667,598.71
-0.1,0.1,0.31,0.01,0.04,70.529,622.23
-0.1,0.1,0.31,0.02,0,100.22,529.6
-0.1,0.1,0.31,0.02,0.01,98.69,551.52
-0.1,0.1,0.31,0.02,0.02,97.017,573.89
-0.1,0.1,0.31,0.02,0.03,95.201,596.74
-0.1,0.1,0.31,0.02,0.04,93.245,620.11
-0.1,0.1,0.31,0.03,0,121.87,528.21
-0.1,0.1,0.31,0.03,0.01,120.48,549.99
-0.1,0.1,0.31,0.03,0.02,118.96,572.22
-0.1,0.1,0.31,0.03,0.03,117.31,594.94
-0.05,0.05,0.31,0,0.04,265.26,454.87
-0.05,0.05,0.31,0.01,0,284.56,378.95
-0.05,0.05,0.31,0.01,0.01,284.47,397.61
-0.05,0.05,0.31,0.01,0.02,284.36,416.42
-0.05,0.05,0.31,0.01,0.03,284.23,435.43
-0.05,0.05,0.31,0.01,0.04,284.07,454.65
-0.05,0.05,0.31,0.02,0,303.04,378.89
-0.05,0.05,0.31,0.02,0.01,303,397.54
-0.05,0.05,0.31,0.02,0.02,302.95,416.33
-0.05,0.05,0.31,0.02,0.03,302.89,435.32
-0.05,0.05,0.31,0.02,0.04,302.81,454.53
-0.05,0.05,0.31,0.03,0,321.5,378.88
-0.05,0.05,0.31,0.03,0.01,321.5,397.52
-0.05,0.05,0.31,0.03,0.02,321.51,416.31
-0.05,0.05,0.31,0.03,0.03,321.51,435.29
-0.05,0.05,0.31,0.03,0.04,321.52,454.49
-0.05,0.1,0.31,0,0,192.72,548.36
-0.05,0.1,0.31,0,0.01,191.66,571.63
-0.05,0.1,0.31,0,0.02,190.51,595.46
-0.05,0.1,0.31,0,0.03,189.26,619.89
-0.05,0.1,0.31,0,0.04,187.92,644.96
-0.05,0.1,0.31,0.01,0,214.35,547.43
-0.05,0.1,0.31,0.01,0.01,213.46,570.62
-0.05,0.1,0.31,0.01,0.02,212.5,594.36
-0.05,0.1,0.31,0.01,0.03,211.46,618.7
-0.05,0.1,0.31,0.01,0.04,210.35,643.69
-0.05,0.1,0.31,0.02,0,235.74,546.67
-0.05,0.1,0.31,0.02,0.01,235.04,569.79
-0.05,0.1,0.31,0.02,0.02,234.27,593.46
-0.05,0.1,0.31,0.02,0.03,233.43,617.73
-0.05,0.1,0.31,0.02,0.04,232.54,642.64
-0.05,0.1,0.31,0.03,0,256.95,546.08
-0.05,0.1,0.31,0.03,0.01,256.42,569.14
-0.05,0.1,0.31,0.03,0.02,255.84,592.76
-0.05,0.1,0.31,0.03,0.03,255.22,616.97
0,0.05,0.31,0,0.04,331.25,511.61
0,0.05,0.31,0.01,0,346.67,445.81
0,0.05,0.31,0.01,0.01,346.77,461.97
0,0.05,0.31,0.01,0.02,346.89,478.33
0,0.05,0.31,0.01,0.03,347.01,494.9
0,0.05,0.31,0.01,0.04,347.15,511.71
0,0.05,0.31,0.02,0,362.33,445.93
0,0.05,0.31,0.02,0.01,362.49,462.11
0,0.05,0.31,0.02,0.02,362.67,478.49
0,0.05,0.31,0.02,0.03,362.88,495.08
0,0.05,0.31,0.02,0.04,363.1,511.9
0,0.05,0.31,0.03,0,378.04,446.12
0,0.05,0.31,0.03,0.01,378.27,462.32
0,0.05,0.31,0.03,0.02,378.52,478.72
0,0.05,0.31,0.03,0.03,378.8,495.33
0,0.05,0.31,0.03,0.04,379.1,512.17
0,0.1,0.31,0,0,375.19,450.7
0,0.1,0.31,0,0.01,375.44,468.78
0,0.1,0.31,0,0.02,375.71,487.11
0,0.1,0.31,0,0.03,376.02,505.72
0,0.1,0.31,0,0.04,376.36,524.63
0,0.1,0.31,0.01,0,392.75,450.97
0,0.1,0.31,0.01,0.01,393.08,469.09
0,0.1,0.31,0.01,0.02,393.45,487.45
0,0.1,0.31,0.01,0.03,393.85,506.1
0,0.1,0.31,0.01,0.04,394.3,525.05
0,0.1,0.31,0.02,0,410.44,451.31
0,0.1,0.31,0.02,0.01,410.84,469.47
0,0.1,0.31,0.02,0.02,411.3,487.88
0,0.1,0.31,0.02,0.03,411.8,506.57
0,0.1,0.31,0.02,0.04,412.36,525.57
0,0.1,0.31,0.03,0,428.28,451.73
0,0.1,0.31,0.03,0.01,428.76,469.94
0,0.1,0.31,0.03,0.02,429.3,488.41
0,0.1,0.31,0.03,0.03,429.91,507.15
0.05,0.05,0.31,0,0.04,387.6,463.71
0.05,0.05,0.31,0.01,0,405.96,385.24
0.05,0.05,0.31,0.01,0.01,406.19,404.65
0.05,0.05,0.31,0.01,0.02,406.49,424.24
0.05,0.05,0.31,0.01,0.03,406.84,444.04
0.05,0.05,0.31,0.01,0.04,407.25,464.1
0.05,0.05,0.31,0.02,0,425.51,385.47
0.05,0.05,0.31,0.02,0.01,425.79,404.95
0.05,0.05,0.31,0.02,0.02,426.15,424.6
0.05,0.05,0.31,0.02,0.03,426.58,444.47
0.05,0.05,0.31,0.02,0.04,427.09,464.59
0.05,0.05,0.31,0.03,0,445.27,385.74
0.05,0.05,0.31,0.03,0.01,445.61,405.3
0.05,0.05,0.31,0.03,0.02,446.03,425.03
0.05,0.05,0.31,0.03,0.03,446.54,444.98
0.05,0.05,0.31,0.03,0.04,447.14,465.18
0.05,0.1,0.31,0,0,357.47,482.52
0.05,0.1,0.31,0,0.01,357.69,502.04
0.05,0.1,0.31,0,0.02,357.92,521.89
0.05,0.1,0.31,0,0.03,358.19,542.12
0.05,0.1,0.31,0,0.04,358.47,562.74
0.05,0.1,0.31,0.01,0,376.04,482.78
0.05,0.1,0.31,0.01,0.01,376.36,502.32
0.05,0.1,0.31,0.01,0.02,376.71,522.2
0.05,0.1,0.31,0.01,0.03,377.1,542.46
0.05,0.1,0.31,0.01,0.04,377.53,563.11
0.05,0.1,0.31,0.02,0,394.71,483.13
0.05,0.1,0.31,0.02,0.01,395.13,502.72
0.05,0.1,0.31,0.02,0.02,395.61,522.64
0.05,0.1,0.31,0.02,0.03,396.13,542.93
0.05,0.1,0.31,0.02,0.04,396.69,563.63
0.05,0.1,0.31,0.03,0,413.51,483.58
0.05,0.1,0.31,0.03,0.01,414.05,503.22
0.05,0.1,0.31,0.03,0.02,414.64,523.2
0.05,0.1,0.31,0.03,0.03,415.29,543.54
0.1,0.05,0.31,0,0.04,454.87,489.26
0.1,0.05,0.31,0.01,0,469.73,421.71
0.1,0.05,0.31,0.01,0.01,470.21,438.49
0.1,0.05,0.31,0.01,0.02,470.76,455.45
0.1,0.05,0.31,0.01,0.03,471.39,472.59
0.1,0.05,0.31,0.01,0.04,472.09,489.95
0.1,0.05,0.31,0.02,0,486.89,422.19
0.1,0.05,0.31,0.02,0.01,487.43,439.04
0.1,0.05,0.31,0.02,0.02,488.04,456.07
0.1,0.05,0.31,0.02,0.03,488.74,473.29
0.1,0.05,0.31,0.02,0.04,489.51,490.73
0.1,0.05,0.31,0.03,0,504.3,422.7
0.1,0.05,0.31,0.03,0.01,504.89,439.64
0.1,0.05,0.31,0.03,0.02,505.57,456.75
0.1,0.05,0.31,0.03,0.03,506.33,474.06
0.1,0.05,0.31,0.03,0.04,507.18,491.58
0.1,0.1,0.31,0,0,512.74,651.52
0.1,0.1,0.31,0,0.01,514.94,679.25
0.1,0.1,0.31,0,0.02,517.3,707.82
0.1,0.1,0.31,0,0.03,519.81,737.28
0.1,0.1,0.31,0,0.04,522.47,767.7
0.1,0.1,0.31,0.01,0,537.88,653.78
0.1,0.1,0.31,0.01,0.01,540.35,681.67
0.1,0.1,0.31,0.01,0.02,543,710.4
0.1,0.1,0.31,0.01,0.03,545.82,740.02
0.1,0.1,0.31,0.01,0.04,548.8,770.6
0.1,0.1,0.31,0.02,0,563.53,656.3
0.1,0.1,0.31,0.02,0.01,566.28,684.37
0.1,0.1,0.31,0.02,0.02,569.21,713.28
0.1,0.1,0.31,0.02,0.03,572.34,743.08
0.1,0.1,0.31,0.02,0.04,575.65,773.84
0.1,0.1,0.31,0.03,0,589.75,659.08
0.1,0.1,0.31,0.03,0.01,592.77,687.35
0.1,0.1,0.31,0.03,0.02,595.99,716.46
0.1,0.1,0.31,0.03,0.03,599.42,746.46
-0.1,0.05,0.32,0,0.04,94.829,510.27
-0.1,0.05,0.32,0.01,0,118.6,432.56
-0.1,0.05,0.32,0.01,0.01,117.84,451.32
-0.1,0.05,0.32,0.01,0.02,116.96,470.3
-0.1,0.05,0.32,0.01,0.03,115.97,489.53
-0.1,0.05,0.32,0.01,0.04,114.87,509.06
-0.1,0.05,0.32,0.02,0,137.96,431.89
-0.1,0.05,0.32,0.02,0.01,137.26,450.54
-0.1,0.05,0.32,0.02,0.02,136.47,469.41
-0.1,0.05,0.32,0.02,0.03,135.57,488.54
-0.1,0.05,0.32,0.02,0.04,134.56,507.95
-0.1,0.05,0.32,0.03,0,157,431.28
-0.1,0.05,0.32,0.03,0.01,156.38,449.83
-0.1,0.05,0.32,0.03,0.02,155.66,468.6
-0.1,0.05,0.32,0.03,0.03,154.85,487.63
-0.1,0.05,0.32,0.03,0.04,153.95,506.94
-0.1,0.1,0.32,0,0,161.82,531.66
-0.1,0.1,0.32,0,0.01,160.84,550.31
-0.1,0.1,0.32,0,0.02,159.78,569.29
-0.1,0.1,0.32,0,0.03,158.64,588.63
-0.1,0.1,0.32,0,0.04,157.43,608.36
-0.1,0.1,0.32,0.01,0,179.64,530.77
-0.1,0.1,0.32,0.01,0.01,178.76,549.34
-0.1,0.1,0.32,0.01,0.02,177.82,568.25
-0.1,0.1,0.32,0.01,0.03,176.81,587.52
-0.1,0.1,0.32,0.01,0.04,175.73,607.18
-0.1,0.1,0.32,0.02,0,197.26,529.98
-0.1,0.1,0.32,0.02,0.01,196.49,548.49
-0.1,0.1,0.32,0.02,0.02,195.66,567.34
-0.1,0.1,0.32,0.02,0.03,194.77,586.54
-0.1,0.1,0.32,0.02,0.04,193.82,606.13
-0.1,0.1,0.32,0.03,0,214.69,529.29
-0.1,0.1,0.32,0.03,0.01,214.03,547.75
-0.1,0.1,0.32,0.03,0.02,213.32,566.54
-0.1,0.1,0.32,0.03,0.03,212.55,585.68
-0.05,0.05,0.32,0,0.04,176.8,522.16
-0.05,0.05,0.32,0.01,0,197.94,446.54
-0.05,0.05,0.32,0.01,0.01,197.41,464.85
-0.05,0.05,0.32,0.01,0.02,196.82,483.39
-0.05,0.05,0.32,0.01,0.03,196.16,502.21
-0.05,0.05,0.32,0.01,0.04,195.43,521.34
-0.05,0.05,0.32,0.02,0,216,446.09
-0.05,0.05,0.32,0.02,0.01,215.55,464.33
-0.05,0.05,0.32,0.02,0.02,215.04,482.81
-0.05,0.05,0.32,0.02,0.03,214.48,501.57
-0.05,0.05,0.32,0.02,0.04,213.85,520.63
-0.05,0.05,0.32,0.03,0,233.88,445.7
-0.05,0.05,0.32,0.03,0.01,233.51,463.89
-0.05,0.05,0.32,0.03,0.02,233.09,482.32
-0.05,0.05,0.32,0.03,0.03,232.62,501.02
-0.05,0.05,0.32,0.03,0.04,232.1,520.03
-0.05,0.1,0.32,0,0,252.4,457.93
-0.05,0.1,0.32,0,0.01,252.11,474.46
-0.05,0.1,0.32,0,0.02,251.79,491.22
-0.05,0.1,0.32,0,0.03,251.44,508.2
-0.05,0.1,0.32,0,0.04,251.06,525.45
-0.05,0.1,0.32,0.01,0,268.37,457.69
-0.05,0.1,0.32,0.01,0.01,268.16,474.2
-0.05,0.1,0.32,0.01,0.02,267.91,490.92
-0.05,0.1,0.32,0.01,0.03,267.65,507.88
-0.05,0.1,0.32,0.01,0.04,267.35,525.1
-0.05,0.1,0.32,0.02,0,284.28,457.51
-0.05,0.1,0.32,0.02,0.01,284.13,474
-0.05,0.1,0.32,0.02,0.02,283.96,490.71
-0.05,0.1,0.32,0.02,0.03,283.77,507.65
-0.05,0.1,0.32,0.02,0.04,283.57,524.84
-0.05,0.1,0.32,0.03,0,300.13,457.4
-0.05,0.1,0.32,0.03,0.01,300.05,473.88
-0.05,0.1,0.32,0.03,0.02,299.96,490.57
-0.05,0.1,0.32,0.03,0.03,299.85,507.5
0,0.05,0.32,0,0.04,345.64,445.21
0,0.05,0.32,0.01,0,363.69,370.51
0,0.05,0.32,0.01,0.01,363.78,388.99
0,0.05,0.32,0.01,0.02,363.9,407.6
0,0.05,0.32,0.01,0.03,364.05,426.38
0,0.05,0.32,0.01,0.04,364.23,445.36
0,0.05,0.32,0.02,0,382.14,370.61
0,0.05,0.32,0.02,0.01,382.27,389.12
0,0.05,0.32,0.02,0.02,382.44,407.76
0,0.05,0.32,0.02,0.03,382.65,426.57
0,0.05,0.32,0.02,0.04,382.9,445.59
0,0.05,0.32,0.03,0,400.71,370.73
0,0.05,0.32,0.03,0.01,400.88,389.29
0,0.05,0.32,0.03,0.02,401.1,407.98
0,0.05,0.32,0.03,0.03,401.37,426.84
0,0.05,0.32,0.03,0.04,401.7,445.9
0,0.1,0.32,0,0,327.74,543.97
0,0.1,0.32,0,0.01,327.8,563.07
0,0.1,0.32,0,0.02,327.85,582.55
0,0.1,0.32,0,0.03,327.92,602.43
0,0.1,0.32,0,0.04,327.98,622.75
0,0.1,0.32,0.01,0,345.18,544.08
0,0.1,0.32,0.01,0.01,345.36,563.19
0,0.1,0.32,0.01,0.02,345.54,582.68
0,0.1,0.32,0.01,0.03,345.74,602.57
0,0.1,0.32,0.01,0.04,345.96,622.89
0,0.1,0.32,0.02,0,362.66,544.3
0,0.1,0.32,0.02,0.01,362.96,563.43
0,0.1,0.32,0.02,0.02,363.27,582.94
0,0.1,0.32,0.02,0.03,363.61,602.85
0,0.1,0.32,0.02,0.04,363.98,623.19
0,0.1,0.32,0.03,0,380.21,544.64
0,0.1,0.32,0.03,0.01,380.62,563.8
0,0.1,0.32,0.03,0.02,381.07,583.33
0,0.1,0.32,0.03,0.03,381.55,603.27
0.05,0.05,0.32,0,0.04,479.28,499.32
0.05,0.05,0.32,0.01,0,495.16,425.73
0.05,0.05,0.32,0.01,0.01,495.79,444.02
0.05,0.05,0.32,0.01,0.02,496.51,462.51
0.05,0.05,0.32,0.01,0.03,497.33,481.24
0.05,0.05,0.32,0.01,0.04,498.25,500.23
0.05,0.05,0.32,0.02,0,514.11,426.34
0.05,0.05,0.32,0.02,0.01,514.8,444.73
0.05,0.05,0.32,0.02,0.02,515.6,463.32
0.05,0.05,0.32,0.02,0.03,516.51,482.15
0.05,0.05,0.32,0.02,0.04,517.52,501.25
0.05,0.05,0.32,0.03,0,533.39,427
0.05,0.05,0.32,0.03,0.01,534.14,445.5
0.05,0.05,0.32,0.03,0.02,535.01,464.21
0.05,0.05,0.32,0.03,0.03,536,483.16
0.05,0.05,0.32,0.03,0.04,537.11,502.36
0.05,0.1,0.32,0,0,427.26,504.95
0.05,0.1,0.32,0,0.01,427.99,526.61
0.05,0.1,0.32,0,0.02,428.8,548.71
0.05,0.1,0.32,0,0.03,429.69,571.28
0.05,0.1,0.32,0,0.04,430.65,594.38
0.05,0.1,0.32,0.01,0,448.04,505.72
0.05,0.1,0.32,0.01,0.01,448.91,527.46
0.05,0.1,0.32,0.01,0.02,449.87,549.63
0.05,0.1,0.32,0.01,0.03,450.92,572.29
0.05,0.1,0.32,0.01,0.04,452.07,595.47
0.05,0.1,0.32,0.02,0,469.09,506.61
0.05,0.1,0.32,0.02,0.01,470.1,528.45
0.05,0.1,0.32,0.02,0.02,471.21,550.72
0.05,0.1,0.32,0.02,0.03,472.43,573.48
0.05,0.1,0.32,0.02,0.04,473.76,596.76
0.05,0.1,0.32,0.03,0,490.45,507.63
0.05,0.1,0.32,0.03,0.01,491.6,529.58
0.05,0.1,0.32,0.03,0.02,492.87,551.97
0.05,0.1,0.32,0.03,0.03,494.26,574.84
0.1,0.05,0.32,0,0.04,500.71,521.28
0.1,0.05,0.32,0.01,0,516.65,444.41
0.1,0.05,0.32,0.01,0.01,517.47,463.51
0.1,0.05,0.32,0.01,0.02,518.41,482.87
0.1,0.05,0.32,0.01,0.03,519.47,502.5
0.1,0.05,0.32,0.01,0.04,520.64,522.45
0.1,0.05,0.32,0.02,0,536.55,445.21
0.1,0.05,0.32,0.02,0.01,537.45,464.44
0.1,0.05,0.32,0.02,0.02,538.48,483.91
0.1,0.05,0.32,0.02,0.03,539.63,503.67
0.1,0.05,0.32,0.02,0.04,540.91,523.73
0.1,0.05,0.32,0.03,0,556.82,446.09
0.1,0.05,0.32,0.03,0.01,557.8,465.44
0.1,0.05,0.32,0.03,0.02,558.91,485.05
0.1,0.05,0.32,0.03,0.03,560.17,504.93
0.1,0.05,0.32,0.03,0.04,561.55,525.13
0.1,0.1,0.32,0,0,530.43,579.03
0.1,0.1,0.32,0,0.01,531.98,599.36
0.1,0.1,0.32,0,0.02,533.63,620.1
0.1,0.1,0.32,0,0.03,535.39,641.3
0.1,0.1,0.32,0,0.04,537.26,662.96
0.1,0.1,0.32,0.01,0,550.09,580.59
0.1,0.1,0.32,0.01,0.01,551.77,601.03
0.1,0.1,0.32,0.01,0.02,553.58,621.89
0.1,0.1,0.32,0.01,0.03,555.49,643.19
0.1,0.1,0.32,0.01,0.04,557.52,664.96
0.1,0.1,0.32,0.02,0,570.1,582.29
0.1,0.1,0.32,0.02,0.01,571.92,602.84
0.1,0.1,0.32,0.02,0.02,573.86,623.82
0.1,0.1,0.32,0.02,0.03,575.93,645.24
0.1,0.1,0.32,0.02,0.04,578.12,667.13
0.1,0.1,0.32,0.03,0,590.48,584.11
0.1,0.1,0.32,0.03,0.01,592.43,604.8
0.1,0.1,0.32,0.03,0.02,594.52,625.9
0.1,0.1,0.32,0.03,0.03,596.74,647.45
-0.1,0.05,0.33,0,0.04,150.61,517.76
-0.1,0.05,0.33,0.01,0,174.28,435.45
-0.1,0.05,0.33,0.01,0.01,173.66,455.33
-0.1,0.05,0.33,0.01,0.02,172.93,475.48
-0.1,0.05,0.33,0.01,0.03,172.11,495.93
-0.1,0.05,0.33,0.01,0.04,171.2,516.73
-0.1,0.05,0.33,0.02,0,194.17,434.91
-0.1,0.05,0.33,0.02,0.01,193.63,454.7
-0.1,0.05,0.33,0.02,0.02,193,474.76
-0.1,0.05,0.33,0.02,0.03,192.29,495.12
-0.1,0.05,0.33,0.02,0.04,191.5,515.83
-0.1,0.05,0.33,0.03,0,213.81,434.45
-0.1,0.05,0.33,0.03,0.01,213.35,454.16
-0.1,0.05,0.33,0.03,0.02,212.82,474.14
-0.1,0.05,0.33,0.03,0.03,212.22,494.43
-0.1,0.05,0.33,0.03,0.04,211.55,515.06
-0.1,0.1,0.33,0,0,101.46,537.97
-0.1,0.1,0.33,0,0.01,100.04,558.04
-0.1,0.1,0.33,0,0.02,98.491,578.5
-0.1,0.1,0.33,0,0.03,96.831,599.36
-0.1,0.1,0.33,0,0.04,95.054,620.66
-0.1,0.1,0.33,0.01,0,121.2,536.66
-0.1,0.1,0.33,0.01,0.01,119.89,556.62
-0.1,0.1,0.33,0.01,0.02,118.48,576.96
-0.1,0.1,0.33,0.01,0.03,116.96,597.71
-0.1,0.1,0.33,0.01,0.04,115.33,618.9
-0.1,0.1,0.33,0.02,0,140.61,535.46
-0.1,0.1,0.33,0.02,0.01,139.43,555.32
-0.1,0.1,0.33,0.02,0.02,138.14,575.56
-0.1,0.1,0.33,0.02,0.03,136.76,596.21
-0.1,0.1,0.33,0.02,0.04,135.29,617.3
-0.1,0.1,0.33,0.03,0,159.74,534.38
-0.1,0.1,0.33,0.03,0.01,158.67,554.15
-0.1,0.1,0.33,0.03,0.02,157.52,574.3
-0.1,0.1,0.33,0.03,0.03,156.28,594.86
-0.05,0.05,0.33,0,0.04,218.65,552.33
-0.05,0.05,0.33,0.01,0,238.16,478.68
-0.05,0.05,0.33,0.01,0.01,237.75,496.51
-0.05,0.05,0.33,0.01,0.02,237.29,514.6
-0.05,0.05,0.33,0.01,0.03,236.79,533
-0.05,0.05,0.33,0.01,0.04,236.25,551.71
-0.05,0.05,0.33,0.02,0,255.24,478.33
-0.05,0.05,0.33,0.02,0.01,254.91,496.12
-0.05,0.05,0.33,0.02,0.02,254.55,514.18
-0.05,0.05,0.33,0.02,0.03,254.15,532.53
-0.05,0.05,0.33,0.02,0.04,253.72,551.21
-0.05,0.05,0.33,0.03,0,272.22,478.06
-0.05,0.05,0.33,0.03,0.01,271.98,495.82
-0.05,0.05,0.33,0.03,0.02,271.71,513.85
-0.05,0.05,0.33,0.03,0.03,271.42,532.17
-0.05,0.05,0.33,0.03,0.04,271.1,550.82
-0.05,0.1,0.33,0,0,254.65,437.56
-0.05,0.1,0.33,0,0.01,254.4,454.88
-0.05,0.1,0.33,0,0.02,254.11,472.4
-0.05,0.1,0.33,0,0.03,253.78,490.17
-0.05,0.1,0.33,0,0.04,253.42,508.2
-0.05,0.1,0.33,0.01,0,271.53,437.35
-0.05,0.1,0.33,0.01,0.01,271.34,454.64
-0.05,0.1,0.33,0.01,0.02,271.12,472.14
-0.05,0.1,0.33,0.01,0.03,270.88,489.87
-0.05,0.1,0.33,0.01,0.04,270.62,507.87
-0.05,0.1,0.33,0.02,0,288.33,437.2
-0.05,0.1,0.33,0.02,0.01,288.2,454.47
-0.05,0.1,0.33,0.02,0.02,288.06,471.95
-0.05,0.1,0.33,0.02,0.03,287.91,489.66
-0.05,0.1,0.33,0.02,0.04,287.73,507.64
-0.05,0.1,0.33,0.03,0,305.08,437.12
-0.05,0.1,0.33,0.03,0.01,305.02,454.37
-0.05,0.1,0.33,0.03,0.02,304.95,471.84
-0.05,0.1,0.33,0.03,0.03,304.88,489.54
0,0.05,0.33,0,0.04,384.25,446.54
0,0.05,0.33,0.01,0,400.3,378.82
0,0.05,0.33,0.01,0.01,400.47,395.61
0,0.05,0.33,0.01,0.02,400.68,412.53
0,0.05,0.33,0.01,0.03,400.93,429.59
0,0.05,0.33,0.01,0.04,401.23,446.83
0,0.05,0.33,0.02,0,417.21,378.98
0,0.05,0.33,0.02,0.01,417.41,395.83
0,0.05,0.33,0.02,0.02,417.67,412.79
0,0.05,0.33,0.02,0.03,417.97,429.9
0,0.05,0.33,0.02,0.04,418.33,447.18
0,0.05,0.33,0.03,0,434.27,379.18
0,0.05,0.33,0.03,0.01,434.51,396.08
0,0.05,0.33,0.03,0.02,434.81,413.09
0,0.05,0.33,0.03,0.03,435.17,430.26
0,0.05,0.33,0.03,0.04,435.59,447.59
0,0.1,0.33,0,0,285.5,515.68
0,0.1,0.33,0,0.01,285.28,534.22
0,0.1,0.33,0,0.02,285.05,553.08
0,0.1,0.33,0,0.03,284.8,572.31
0,0.1,0.33,0,0.04,284.54,591.92
0,0.1,0.33,0.01,0,302.73,515.53
0,0.1,0.33,0.01,0.01,302.62,534.05
0,0.1,0.33,0.01,0.02,302.5,552.9
0,0.1,0.33,0.01,0.03,302.38,572.11
0,0.1,0.33,0.01,0.04,302.25,591.71
0,0.1,0.33,0.02,0,319.93,515.48
0,0.1,0.33,0.02,0.01,319.93,533.99
0,0.1,0.33,0.02,0.02,319.93,552.84
0,0.1,0.33,0.02,0.03,319.93,572.05
0,0.1,0.33,0.02,0.04,319.93,591.64
0,0.1,0.33,0.03,0,337.14,515.53
0,0.1,0.33,0.03,0.01,337.24,534.05
0,0.1,0.33,0.03,0.02,337.36,552.9
0,0.1,0.33,0.03,0.03,337.48,572.11
0.05,0.05,0.33,0,0.04,423.38,500.12
0.05,0.05,0.33,0.01,0,441.56,418.14
0.05,0.05,0.33,0.01,0.01,442.03,438.39
0.05,0.05,0.33,0.01,0.02,442.59,458.9
0.05,0.05,0.33,0.01,0.03,443.24,479.7
0.05,0.05,0.33,0.01,0.04,443.98,500.83
0.05,0.05,0.33,0.02,0,462.02,418.61
0.05,0.05,0.33,0.02,0.01,462.57,438.95
0.05,0.05,0.33,0.02,0.02,463.22,459.55
0.05,0.05,0.33,0.02,0.03,463.98,480.44
0.05,0.05,0.33,0.02,0.04,464.83,501.67
0.05,0.05,0.33,0.03,0,482.78,419.14
0.05,0.05,0.33,0.03,0.01,483.41,439.6
0.05,0.05,0.33,0.03,0.02,484.16,460.3
0.05,0.05,0.33,0.03,0.03,485.02,481.3
0.05,0.05,0.33,0.03,0.04,485.99,502.64
0.05,0.1,0.33,0,0,400.62,498.89
0.05,0.1,0.33,0,0.01,401.11,518.58
0.05,0.1,0.33,0,0.02,401.66,538.62
0.05,0.1,0.33,0,0.03,402.25,559.05
0.05,0.1,0.33,0,0.04,402.89,579.9
0.05,0.1,0.33,0.01,0,419.39,499.41
0.05,0.1,0.33,0.01,0.01,419.99,519.15
0.05,0.1,0.33,0.01,0.02,420.66,539.25
0.05,0.1,0.33,0.01,0.03,421.39,559.73
0.05,0.1,0.33,0.01,0.04,422.17,580.64
0.05,0.1,0.33,0.02,0,438.33,500.05
0.05,0.1,0.33,0.02,0.01,439.05,519.85
0.05,0.1,0.33,0.02,0.02,439.84,540.01
0.05,0.1,0.33,0.02,0.03,440.7,560.56
0.05,0.1,0.33,0.02,0.04,441.63,581.53
0.05,0.1,0.33,0.03,0,457.49,500.78
0.05,0.1,0.33,0.03,0.01,458.32,520.66
0.05,0.1,0.33,0.03,0.02,459.24,540.9
0.05,0.1,0.33,0.03,0.03,460.23,561.52
0.1,0.05,0.33,0,0.04,552.89,453.59
0.1,0.05,0.33,0.01,0,570.59,378.16
0.1,0.05,0.33,0.01,0.01,571.12,397.03
0.1,0.05,0.33,0.01,0.02,571.78,416.04
0.1,0.05,0.33,0.01,0.03,572.6,435.21
0.1,0.05,0.33,0.01,0.04,573.55,454.58
0.1,0.05,0.33,0.02,0,591.47,378.62
0.1,0.05,0.33,0.02,0.01,592.03,397.65
0.1,0.05,0.33,0.02,0.02,592.75,416.81
0.1,0.05,0.33,0.02,0.03,593.62,436.13
0.1,0.05,0.33,0.02,0.04,594.65,455.65
0.1,0.05,0.33,0.03,0,612.81,379.12
0.1,0.05,0.33,0.03,0.01,613.41,398.31
0.1,0.05,0.33,0.03,0.02,614.18,417.63
0.1,0.05,0.33,0.03,0.03,615.11,437.11
0.1,0.05,0.33,0.03,0.04,616.21,456.8
0.1,0.1,0.33,0,0,511.18,501.47
0.1,0.1,0.33,0,0.01,512.3,521.29
0.1,0.1,0.33,0,0.02,513.52,541.46
0.1,0.1,0.33,0,0.03,514.85,562
0.1,0.1,0.33,0,0.04,516.29,582.95
0.1,0.1,0.33,0.01,0,531.12,502.58
0.1,0.1,0.33,0.01,0.01,532.35,522.52
0.1,0.1,0.33,0.01,0.02,533.69,542.8
0.1,0.1,0.33,0.01,0.03,535.15,563.46
0.1,0.1,0.33,0.01,0.04,536.74,584.52
0.1,0.1,0.33,0.02,0,551.43,503.8
0.1,0.1,0.33,0.02,0.01,552.76,523.86
0.1,0.1,0.33,0.02,0.02,554.22,544.27
0.1,0.1,0.33,0.02,0.03,555.81,565.05
0.1,0.1,0.33,0.02,0.04,557.54,586.23
0.1,0.1,0.33,0.03,0,572.12,505.11
0.1,0.1,0.33,0.03,0.01,573.56,525.31
0.1,0.1,0.33,0.03,0.02,575.14,545.86
0.1,0.1,0.33,0.03,0.03,576.87,566.77
-0.1,0.05,0.34,0,0.04,249.91,452.93
-0.1,0.05,0.34,0.01,0,267.09,386.24
-0.1,0.05,0.34,0.01,0.01,266.97,402.64
-0.1,0.05,0.34,0.01,0.02,266.82,419.16
-0.1,0.05,0.34,0.01,0.03,266.65,435.84
-0.1,0.05,0.34,0.01,0.04,266.45,452.68
-0.1,0.05,0.34,0.02,0,283.35,386.15
-0.1,0.05,0.34,0.02,0.01,283.27,402.53
-0.1,0.05,0.34,0.02,0.02,283.17,419.03
-0.1,0.05,0.34,0.02,0.03,283.04,435.68
-0.1,0.05,0.34,0.02,0.04,282.9,452.5
-0.1,0.05,0.34,0.03,0,299.56,386.09
-0.1,0.05,0.34,0.03,0.01,299.51,402.45
-0.1,0.05,0.34,0.03,0.02,299.45,418.94
-0.1,0.05,0.34,0.03,0.03,299.38,435.57
-0.1,0.05,0.34,0.03,0.04,299.31,452.38
-0.1,0.1,0.34,0,0,163.12,535.21
-0.1,0.1,0.34,0,0.01,162.2,552.54
-0.1,0.1,0.34,0,0.02,161.22,570.16
-0.1,0.1,0.34,0,0.03,160.18,588.09
-0.1,0.1,0.34,0,0.04,159.07,606.35
-0.1,0.1,0.34,0.01,0,179.65,534.37
-0.1,0.1,0.34,0.01,0.01,178.83,551.64
-0.1,0.1,0.34,0.01,0.02,177.95,569.2
-0.1,0.1,0.34,0.01,0.03,177.01,587.07
-0.1,0.1,0.34,0.01,0.04,176.01,605.27
-0.1,0.1,0.34,0.02,0,196,533.62
-0.1,0.1,0.34,0.02,0.01,195.28,550.84
-0.1,0.1,0.34,0.02,0.02,194.5,568.34
-0.1,0.1,0.34,0.02,0.03,193.66,586.16
-0.1,0.1,0.34,0.02,0.04,192.78,604.3
-0.1,0.1,0.34,0.03,0,212.2,532.97
-0.1,0.1,0.34,0.03,0.01,211.57,550.13
-0.1,0.1,0.34,0.03,0.02,210.89,567.59
-0.1,0.1,0.34,0.03,0.03,210.16,585.35
-0.05,0.05,0.34,0,0.04,160.84,511.78
-0.05,0.05,0.34,0.01,0,180.93,441.24
-0.05,0.05,0.34,0.01,0.01,180.4,458.34
-0.05,0.05,0.34,0.01,0.02,179.8,475.65
-0.05,0.05,0.34,0.01,0.03,179.13,493.18
-0.05,0.05,0.34,0.01,0.04,178.39,510.97
-0.05,0.05,0.34,0.02,0,197.98,440.77
-0.05,0.05,0.34,0.02,0.01,197.51,457.81
-0.05,0.05,0.34,0.02,0.02,196.98,475.05
-0.05,0.05,0.34,0.02,0.03,196.39,492.52
-0.05,0.05,0.34,0.02,0.04,195.74,510.24
-0.05,0.05,0.34,0.03,0,214.85,440.36
-0.05,0.05,0.34,0.03,0.01,214.44,457.35
-0.05,0.05,0.34,0.03,0.02,213.99,474.53
-0.05,0.05,0.34,0.03,0.03,213.48,491.95
-0.05,0.05,0.34,0.03,0.04,212.92,509.61
-0.05,0.1,0.34,0,0,320.33,531.28
-0.05,0.1,0.34,0,0.01,320.34,549.91
-0.05,0.1,0.34,0,0.02,320.34,568.89
-0.05,0.1,0.34,0,0.03,320.34,588.24
-0.05,0.1,0.34,0,0.04,320.34,608
-0.05,0.1,0.34,0.01,0,337.48,531.33
-0.05,0.1,0.34,0.01,0.01,337.59,549.97
-0.05,0.1,0.34,0.01,0.02,337.71,568.95
-0.05,0.1,0.34,0.01,0.03,337.84,588.31
-0.05,0.1,0.34,0.01,0.04,337.99,608.07
-0.05,0.1,0.34,0.02,0,354.64,531.5
-0.05,0.1,0.34,0.02,0.01,354.87,550.15
-0.05,0.1,0.34,0.02,0.02,355.11,569.14
-0.05,0.1,0.34,0.02,0.03,355.37,588.51
-0.05,0.1,0.34,0.02,0.04,355.65,608.29
-0.05,0.1,0.34,0.03,0,371.86,531.77
-0.05,0.1,0.34,0.03,0.01,372.2,550.44
-0.05,0.1,0.34,0.03,0.02,372.57,569.46
-0.05,0.1,0.34,0.03,0.03,372.96,588.85
0,0.05,0.34,0,0.04,376.35,507.92
0,0.05,0.34,0.01,0,390.02,447.09
0,0.05,0.34,0.01,0.01,390.28,462.11
0,0.05,0.34,0.01,0.02,390.55,477.3
0,0.05,0.34,0.01,0.03,390.86,492.67
0,0.05,0.34,0.01,0.04,391.19,508.23
0,0.05,0.34,0.02,0,404.71,447.36
0,0.05,0.34,0.02,0.01,405.01,462.41
0,0.05,0.34,0.02,0.02,405.35,477.62
0,0.05,0.34,0.02,0.03,405.72,493.02
0,0.05,0.34,0.02,0.04,406.12,508.61
0,0.05,0.34,0.03,0,419.5,447.67
0,0.05,0.34,0.03,0.01,419.85,462.75
0,0.05,0.34,0.03,0.02,420.25,478
0,0.05,0.34,0.03,0.03,420.68,493.44
0,0.05,0.34,0.03,0.04,421.15,509.07
0,0.1,0.34,0,0,326.11,537.18
0,0.1,0.34,0,0.01,326.15,555.06
0,0.1,0.34,0,0.02,326.19,573.27
0,0.1,0.34,0,0.03,326.23,591.83
0,0.1,0.34,0,0.04,326.28,610.75
0,0.1,0.34,0.01,0,342.51,537.27
0,0.1,0.34,0.01,0.01,342.65,555.16
0,0.1,0.34,0.01,0.02,342.81,573.37
0,0.1,0.34,0.01,0.03,342.97,591.94
0,0.1,0.34,0.01,0.04,343.15,610.87
0,0.1,0.34,0.02,0,358.95,537.46
0,0.1,0.34,0.02,0.01,359.19,555.36
0,0.1,0.34,0.02,0.02,359.46,573.59
0,0.1,0.34,0.02,0.03,359.74,592.17
0,0.1,0.34,0.02,0.04,360.05,611.11
0,0.1,0.34,0.03,0,375.44,537.75
0,0.1,0.34,0.03,0.01,375.79,555.67
0,0.1,0.34,0.03,0.02,376.17,573.92
0,0.1,0.34,0.03,0.03,376.57,592.52
0.05,0.05,0.34,0,0.04,381.74,555.93
0.05,0.05,0.34,0.01,0,398.64,477.38
0.05,0.05,0.34,0.01,0.01,399.07,496.64
0.05,0.05,0.34,0.01,0.02,399.55,516.21
0.05,0.05,0.34,0.01,0.03,400.07,536.14
0.05,0.05,0.34,0.01,0.04,400.65,556.45
0.05,0.05,0.34,0.02,0,417.22,477.83
0.05,0.05,0.34,0.02,0.01,417.75,497.14
0.05,0.05,0.34,0.02,0.02,418.34,516.77
0.05,0.05,0.34,0.02,0.03,418.99,536.75
0.05,0.05,0.34,0.02,0.04,419.69,557.12
0.05,0.05,0.34,0.03,0,435.98,478.38
0.05,0.05,0.34,0.03,0.01,436.61,497.76
0.05,0.05,0.34,0.03,0.02,437.31,517.45
0.05,0.05,0.34,0.03,0.03,438.07,537.49
0.05,0.05,0.34,0.03,0.04,438.91,557.92
0.05,0.1,0.34,0,0,367.67,478.06
0.05,0.1,0.34,0,0.01,367.9,495.24
0.05,0.1,0.34,0,0.02,368.16,512.67
0.05,0.1,0.34,0,0.03,368.44,530.39
0.05,0.1,0.34,0,0.04,368.75,548.4
0.05,0.1,0.34,0.01,0,384.1,478.32
0.05,0.1,0.34,0.01,0.01,384.41,495.53
0.05,0.1,0.34,0.01,0.02,384.76,512.99
0.05,0.1,0.34,0.01,0.03,385.14,530.73
0.05,0.1,0.34,0.01,0.04,385.54,548.76
0.05,0.1,0.34,0.02,0,400.62,478.66
0.05,0.1,0.34,0.02,0.01,401.02,495.9
0.05,0.1,0.34,0.02,0.02,401.45,513.4
0.05,0.1,0.34,0.02,0.03,401.92,531.17
0.05,0.1,0.34,0.02,0.04,402.43,549.24
0.05,0.1,0.34,0.03,0,417.26,479.07
0.05,0.1,0.34,0.03,0.01,417.74,496.36
0.05,0.1,0.34,0.03,0.02,418.26,513.9
0.05,0.1,0.34,0.03,0.03,418.83,531.71
0.1,0.05,0.34,0,0.04,533.92,536.22
0.1,0.05,0.34,0.01,0,548.85,461.4
0.1,0.05,0.34,0.01,0.01,549.86,480.04
0.1,0.05,0.34,0.01,0.02,550.98,498.94
0.1,0.05,0.34,0.01,0.03,552.23,518.11
0.1,0.05,0.34,0.01,0.04,553.59,537.59
0.1,0.05,0.34,0.02,0,568.51,462.38
0.1,0.05,0.34,0.02,0.01,569.59,481.15
0.1,0.05,0.34,0.02,0.02,570.8,500.17
0.1,0.05,0.34,0.02,0.03,572.15,519.47
0.1,0.05,0.34,0.02,0.04,573.62,539.07
0.1,0.05,0.34,0.03,0,588.55,463.44
0.1,0.05,0.34,0.03,0.01,589.72,482.34
0.1,0.05,0.34,0.03,0.02,591.02,501.49
0.1,0.05,0.34,0.03,0.03,592.46,520.92
0.1,0.05,0.34,0.03,0.04,594.04,540.66
0.1,0.1,0.34,0,0,472.68,482.29
0.1,0.1,0.34,0,0.01,473.42,499.82
0.1,0.1,0.34,0,0.02,474.24,517.6
0.1,0.1,0.34,0,0.03,475.13,535.66
0.1,0.1,0.34,0,0.04,476.09,554.03
0.1,0.1,0.34,0.01,0,490.12,483.03
0.1,0.1,0.34,0.01,0.01,490.94,500.64
0.1,0.1,0.34,0.01,0.02,491.85,518.5
0.1,0.1,0.34,0.01,0.03,492.83,536.64
0.1,0.1,0.34,0.01,0.04,493.9,555.08
0.1,0.1,0.34,0.02,0,507.79,483.86
0.1,0.1,0.34,0.02,0.01,508.7,501.55
0.1,0.1,0.34,0.02,0.02,509.69,519.49
0.1,0.1,0.34,0.02,0.03,510.78,537.72
0.1,0.1,0.34,0.02,0.04,511.95,556.24
0.1,0.1,0.34,0.03,0,525.74,484.76
0.1,0.1,0.34,0.03,0.01,526.72,502.54
0.1,0.1,0.34,0.03,0.02,527.81,520.58
0.1,0.1,0.34,0.03,0.03,528.99,538.89
-0.1,0.05,0.35,0,0.04,140.57,419.33
-0.1,0.05,0.35,0.01,0,159.4,351.87
-0.1,0.05,0.35,0.01,0.01,159.21,368.48
-0.1,0.05,0.35,0.01,0.02,158.93,385.16
-0.1,0.05,0.35,0.01,0.03,158.58,401.94
-0.1,0.05,0.35,0.01,0.04,158.15,418.84
-0.1,0.05,0.35,0.02,0,176.61,351.73
-0.1,0.05,0.35,0.02,0.01,176.43,368.26
-0.1,0.05,0.35,0.02,0.02,176.19,384.86
-0.1,0.05,0.35,0.02,0.03,175.87,401.57
-0.1,0.05,0.35,0.02,0.04,175.48,418.39
-0.1,0.05,0.35,0.03,0,193.6,351.6
-0.1,0.05,0.35,0.03,0.01,193.45,368.06
-0.1,0.05,0.35,0.03,0.02,193.23,384.6
-0.1,0.05,0.35,0.03,0.03,192.95,401.23
-0.1,0.05,0.35,0.03,0.04,192.61,417.99
-0.1,0.1,0.35,0,0,143.99,574.13
-0.1,0.1,0.35,0,0.01,142.4,598.56
-0.1,0.1,0.35,0,0.02,140.68,623.61
-0.1,0.1,0.35,0,0.03,138.83,649.33
-0.1,0.1,0.35,0,0.04,136.85,675.77
-0.1,0.1,0.35,0.01,0,166.79,572.7
-0.1,0.1,0.35,0.01,0.01,165.41,597.01
-0.1,0.1,0.35,0.01,0.02,163.9,621.94
-0.1,0.1,0.35,0.01,0.03,162.28,647.54
-0.1,0.1,0.35,0.01,0.04,160.55,673.85
-0.1,0.1,0.35,0.02,0,189.26,571.46
-0.1,0.1,0.35,0.02,0.01,188.07,595.67
-0.1,0.1,0.35,0.02,0.02,186.78,620.49
-0.1,0.1,0.35,0.02,0.03,185.39,645.98
-0.1,0.1,0.35,0.02,0.04,183.9,672.18
-0.1,0.1,0.35,0.03,0,211.43,570.42
-0.1,0.1,0.35,0.03,0.01,210.43,594.53
-0.1,0.1,0.35,0.03,0.02,209.36,619.26
-0.1,0.1,0.35,0.03,0.03,208.2,644.66
-0.05,0.05,0.35,0,0.04,208.67,436.66
-0.05,0.05,0.35,0.01,0,226.66,369.04
-0.05,0.05,0.35,0.01,0.01,226.49,385.67
-0.05,0.05,0.35,0.01,0.02,226.28,402.41
-0.05,0.05,0.35,0.01,0.03,226.02,419.27
-0.05,0.05,0.35,0.01,0.04,225.7,436.29
-0.05,0.05,0.35,0.02,0,243.38,368.91
-0.05,0.05,0.35,0.02,0.01,243.25,385.5
-0.05,0.05,0.35,0.02,0.02,243.07,402.19
-0.05,0.05,0.35,0.02,0.03,242.85,419.01
-0.05,0.05,0.35,0.02,0.04,242.6,435.99
-0.05,0.05,0.35,0.03,0,259.99,368.8
-0.05,0.05,0.35,0.03,0.01,259.88,385.36
-0.05,0.05,0.35,0.03,0.02,259.74,402.02
-0.05,0.05,0.35,0.03,0.03,259.57,418.8
-0.05,0.05,0.35,0.03,0.04,259.37,435.74
-0.05,0.1,0.35,0,0,261.33,500.6
-0.05,0.1,0.35,0,0.01,261.01,517.85
-0.05,0.1,0.35,0,0.02,260.66,535.37
-0.05,0.1,0.35,0,0.03,260.29,553.19
-0.05,0.1,0.35,0,0.04,259.89,571.33
-0.05,0.1,0.35,0.01,0,277.57,500.34
-0.05,0.1,0.35,0.01,0.01,277.34,517.56
-0.05,0.1,0.35,0.01,0.02,277.09,535.06
-0.05,0.1,0.35,0.01,0.03,276.82,552.86
-0.05,0.1,0.35,0.01,0.04,276.54,570.98
-0.05,0.1,0.35,0.02,0,293.76,500.16
-0.05,0.1,0.35,0.02,0.01,293.62,517.37
-0.05,0.1,0.35,0.02,0.02,293.46,534.85
-0.05,0.1,0.35,0.02,0.03,293.3,552.63
-0.05,0.1,0.35,0.02,0.04,293.12,570.73
-0.05,0.1,0.35,0.03,0,309.91,500.06
-0.05,0.1,0.35,0.03,0.01,309.86,517.27
-0.05,0.1,0.35,0.03,0.02,309.8,534.74
-0.05,0.1,0.35,0.03,0.03,309.73,552.51
0,0.05,0.35,0,0.04,362.79,476.24
0,0.05,0.35,0.01,0,379.51,404.85
0,0.05,0.35,0.01,0.01,379.69,422.47
0,0.05,0.35,0.01,0.02,379.91,440.27
0,0.05,0.35,0.01,0.03,380.16,458.27
0,0.05,0.35,0.01,0.04,380.44,476.5
0,0.05,0.35,0.02,0,396.99,405.04
0,0.05,0.35,0.02,0.01,397.23,422.7
0,0.05,0.35,0.02,0.02,397.51,440.54
0,0.05,0.35,0.02,0.03,397.83,458.57
0,0.05,0.35,0.02,0.04,398.2,476.84
0,0.05,0.35,0.03,0,414.6,405.28
0,0.05,0.35,0.03,0.01,414.89,422.99
0,0.05,0.35,0.03,0.02,415.23,440.87
0,0.05,0.35,0.03,0.03,415.63,458.96
0,0.05,0.35,0.03,0.04,416.08,477.28
0,0.1,0.35,0,0,318.9,478.16
0,0.1,0.35,0,0.01,318.89,495.78
0,0.1,0.35,0,0.02,318.88,513.67
0,0.1,0.35,0,0.03,318.88,531.85
0,0.1,0.35,0,0.04,318.87,550.35
0,0.1,0.35,0.01,0,335.63,478.2
0,0.1,0.35,0.01,0.01,335.71,495.82
0,0.1,0.35,0.01,0.02,335.8,513.71
0,0.1,0.35,0.01,0.03,335.89,531.89
0,0.1,0.35,0.01,0.04,336,550.4
0,0.1,0.35,0.02,0,352.39,478.31
0,0.1,0.35,0.02,0.01,352.55,495.95
0,0.1,0.35,0.02,0.02,352.73,513.85
0,0.1,0.35,0.02,0.03,352.93,532.05
0,0.1,0.35,0.02,0.04,353.15,550.56
0,0.1,0.35,0.03,0,369.2,478.51
0,0.1,0.35,0.03,0.01,369.45,496.16
0,0.1,0.35,0.03,0.02,369.72,514.09
0,0.1,0.35,0.03,0.03,370.02,532.31
0.05,0.05,0.35,0,0.04,393.35,441.67
0.05,0.05,0.35,0.01,0,406.03,387.92
0.05,0.05,0.35,0.01,0.01,406.19,401.29
0.05,0.05,0.35,0.01,0.02,406.37,414.73
0.05,0.05,0.35,0.01,0.03,406.59,428.27
0.05,0.05,0.35,0.01,0.04,406.84,441.91
0.05,0.05,0.35,0.02,0,419.47,388.08
0.05,0.05,0.35,0.02,0.01,419.65,401.47
0.05,0.05,0.35,0.02,0.02,419.87,414.95
0.05,0.05,0.35,0.02,0.03,420.12,428.51
0.05,0.05,0.35,0.02,0.04,420.4,442.19
0.05,0.05,0.35,0.03,0,433.01,388.26
0.05,0.05,0.35,0.03,0.01,433.22,401.69
0.05,0.05,0.35,0.03,0.02,433.46,415.2
0.05,0.05,0.35,0.03,0.03,433.75,428.8
0.05,0.05,0.35,0.03,0.04,434.07,442.51
0.05,0.1,0.35,0,0,425.4,468.8
0.05,0.1,0.35,0,0.01,425.91,486.81
0.05,0.1,0.35,0,0.02,426.47,505.09
0.05,0.1,0.35,0,0.03,427.09,523.66
0.05,0.1,0.35,0,0.04,427.77,542.54
0.05,0.1,0.35,0.01,0,443.04,469.32
0.05,0.1,0.35,0.01,0.01,443.63,487.39
0.05,0.1,0.35,0.01,0.02,444.29,505.73
0.05,0.1,0.35,0.01,0.03,445.01,524.36
0.05,0.1,0.35,0.01,0.04,445.8,543.31
0.05,0.1,0.35,0.02,0,460.87,469.92
0.05,0.1,0.35,0.02,0.01,461.55,488.06
0.05,0.1,0.35,0.02,0.02,462.3,506.47
0.05,0.1,0.35,0.02,0.03,463.12,525.17
0.05,0.1,0.35,0.02,0.04,464.02,544.18
0.05,0.1,0.35,0.03,0,478.93,470.6
0.05,0.1,0.35,0.03,0.01,479.69,488.82
0.05,0.1,0.35,0.03,0.02,480.53,507.31
0.05,0.1,0.35,0.03,0.03,481.46,526.08
0.1,0.05,0.35,0,0.04,504.81,491.59
0.1,0.05,0.35,0.01,0,519.63,423.15
0.1,0.05,0.35,0.01,0.01,520.27,440.21
0.1,0.05,0.35,0.01,0.02,521,457.44
0.1,0.05,0.35,0.01,0.03,521.82,474.87
0.1,0.05,0.35,0.01,0.04,522.74,492.52
0.1,0.05,0.35,0.02,0,537.6,423.76
0.1,0.05,0.35,0.02,0.01,538.28,440.92
0.1,0.05,0.35,0.02,0.02,539.08,458.25
0.1,0.05,0.35,0.02,0.03,539.97,475.78
0.1,0.05,0.35,0.02,0.04,540.97,493.52
0.1,0.05,0.35,0.03,0,555.87,424.43
0.1,0.05,0.35,0.03,0.01,556.61,441.69
0.1,0.05,0.35,0.03,0.02,557.46,459.13
0.1,0.05,0.35,0.03,0.03,558.42,476.76
0.1,0.05,0.35,0.03,0.04,559.5,494.61
0.1,0.1,0.35,0,0,494.8,491.53
0.1,0.1,0.35,0,0.01,495.66,508.74
0.1,0.1,0.35,0,0.02,496.59,526.2
0.1,0.1,0.35,0,0.03,497.6,543.92
0.1,0.1,0.35,0,0.04,498.69,561.95
0.1,0.1,0.35,0.01,0,512.04,492.39
0.1,0.1,0.35,0.01,0.01,512.98,509.68
0.1,0.1,0.35,0.01,0.02,514,527.21
0.1,0.1,0.35,0.01,0.03,515.1,545.02
0.1,0.1,0.35,0.01,0.04,516.29,563.13
0.1,0.1,0.35,0.02,0,529.54,493.32
0.1,0.1,0.35,0.02,0.01,530.55,510.7
0.1,0.1,0.35,0.02,0.02,531.66,528.32
0.1,0.1,0.35,0.02,0.03,532.86,546.22
0.1,0.1,0.35,0.02,0.04,534.15,564.41
0.1,0.1,0.35,0.03,0,547.31,494.33
0.1,0.1,0.35,0.03,0.01,548.4,511.8
0.1,0.1,0.35,0.03,0.02,549.6,529.52
0.1,0.1,0.35,0.03,0.03,550.89,547.51
-0.1,0.05,0.36,0,0.04,156.68,453.45
-0.1,0.05,0.36,0.01,0,173.94,392.15
-0.1,0.05,0.36,0.01,0.01,173.63,407.16
-0.1,0.05,0.36,0.01,0.02,173.25,422.28
-0.1,0.05,0.36,0.01,0.03,172.83,437.52
-0.1,0.05,0.36,0.01,0.04,172.34,452.9
-0.1,0.05,0.36,0.02,0,189.26,391.88
-0.1,0.05,0.36,0.02,0.01,188.98,406.84
-0.1,0.05,0.36,0.02,0.02,188.64,421.9
-0.1,0.05,0.36,0.02,0.03,188.26,437.09
-0.1,0.05,0.36,0.02,0.04,187.82,452.41
-0.1,0.05,0.36,0.03,0,204.42,391.64
-0.1,0.05,0.36,0.03,0.01,204.17,406.55
-0.1,0.05,0.36,0.03,0.02,203.87,421.56
-0.1,0.05,0.36,0.03,0.03,203.53,436.7
-0.1,0.05,0.36,0.03,0.04,203.14,451.97
-0.1,0.1,0.36,0,0,149.51,524.57
-0.1,0.1,0.36,0,0.01,148.47,543.42
-0.1,0.1,0.36,0,0.02,147.35,562.6
-0.1,0.1,0.36,0,0.03,146.14,582.14
-0.1,0.1,0.36,0,0.04,144.84,602.06
-0.1,0.1,0.36,0.01,0,167.71,523.63
-0.1,0.1,0.36,0.01,0.01,166.78,542.39
-0.1,0.1,0.36,0.01,0.02,165.77,561.49
-0.1,0.1,0.36,0.01,0.03,164.68,580.95
-0.1,0.1,0.36,0.01,0.04,163.52,600.79
-0.1,0.1,0.36,0.02,0,185.68,522.79
-0.1,0.1,0.36,0.02,0.01,184.85,541.48
-0.1,0.1,0.36,0.02,0.02,183.96,560.5
-0.1,0.1,0.36,0.02,0.03,183,579.89
-0.1,0.1,0.36,0.02,0.04,181.97,599.66
-0.1,0.1,0.36,0.03,0,203.45,522.05
-0.1,0.1,0.36,0.03,0.01,202.73,540.67
-0.1,0.1,0.36,0.03,0.02,201.95,559.64
-0.1,0.1,0.36,0.03,0.03,201.11,578.96
-0.05,0.05,0.36,0,0.04,180.95,421.51
-0.05,0.05,0.36,0.01,0,198.94,354.99
-0.05,0.05,0.36,0.01,0.01,198.79,371.38
-0.05,0.05,0.36,0.01,0.02,198.57,387.85
-0.05,0.05,0.36,0.01,0.03,198.29,404.42
-0.05,0.05,0.36,0.01,0.04,197.95,421.11
-0.05,0.05,0.36,0.02,0,215.63,354.87
-0.05,0.05,0.36,0.02,0.01,215.49,371.2
-0.05,0.05,0.36,0.02,0.02,215.3,387.62
-0.05,0.05,0.36,0.02,0.03,215.06,404.13
-0.05,0.05,0.36,0.02,0.04,214.77,420.77
-0.05,0.05,0.36,0.03,0,232.16,354.76
-0.05,0.05,0.36,0.03,0.01,232.04,371.05
-0.05,0.05,0.36,0.03,0.02,231.88,387.42
-0.05,0.05,0.36,0.03,0.03,231.68,403.88
-0.05,0.05,0.36,0.03,0.04,231.43,420.47
-0.05,0.1,0.36,0,0,242.7,387.86
-0.05,0.1,0.36,0,0.01,242.52,404.39
-0.05,0.1,0.36,0,0.02,242.3,421.04
-0.05,0.1,0.36,0,0.03,242.04,437.85
-0.05,0.1,0.36,0,0.04,241.74,454.84
-0.05,0.1,0.36,0.01,0,259.16,387.71
-0.05,0.1,0.36,0.01,0.01,259.02,404.21
-0.05,0.1,0.36,0.01,0.02,258.84,420.83
-0.05,0.1,0.36,0.01,0.03,258.64,437.6
-0.05,0.1,0.36,0.01,0.04,258.4,454.55
-0.05,0.1,0.36,0.02,0,275.53,387.6
-0.05,0.1,0.36,0.02,0.01,275.42,404.07
-0.05,0.1,0.36,0.02,0.02,275.3,420.66
-0.05,0.1,0.36,0.02,0.03,275.15,437.41
-0.05,0.1,0.36,0.02,0.04,274.97,454.33
-0.05,0.1,0.36,0.03,0,291.83,387.52
-0.05,0.1,0.36,0.03,0.01,291.76,403.97
-0.05,0.1,0.36,0.03,0.02,291.68,420.55
-0.05,0.1,0.36,0.03,0.03,291.59,437.28
0,0.05,0.36,0,0.04,223.71,489.15
0,0.05,0.36,0.01,0,241.48,422.01
0,0.05,0.36,0.01,0.01,241.22,438.41
0,0.05,0.36,0.01,0.02,240.92,454.98
0,0.05,0.36,0.01,0.03,240.59,471.75
0,0.05,0.36,0.01,0.04,240.22,488.72
0,0.05,0.36,0.02,0,257.62,421.8
0,0.05,0.36,0.02,0.01,257.42,438.17
0,0.05,0.36,0.02,0.02,257.18,454.7
0,0.05,0.36,0.02,0.03,256.92,471.43
0,0.05,0.36,0.02,0.04,256.62,488.37
0,0.05,0.36,0.03,0,273.68,421.63
0,0.05,0.36,0.03,0.01,273.52,437.97
0,0.05,0.36,0.03,0.02,273.35,454.48
0,0.05,0.36,0.03,0.03,273.15,471.19
0,0.05,0.36,0.03,0.04,272.93,488.1
0,0.1,0.36,0,0,308.54,409.84
0,0.1,0.36,0,0.01,308.5,425.82
0,0.1,0.36,0,0.02,308.46,441.94
0,0.1,0.36,0,0.03,308.42,458.24
0,0.1,0.36,0,0.04,308.37,474.73
0,0.1,0.36,0.01,0,324.2,409.83
0,0.1,0.36,0.01,0.01,324.22,425.81
0,0.1,0.36,0.01,0.02,324.23,441.93
0,0.1,0.36,0.01,0.03,324.25,458.22
0,0.1,0.36,0.01,0.04,324.27,474.71
0,0.1,0.36,0.02,0,339.88,409.86
0,0.1,0.36,0.02,0.01,339.94,425.85
0,0.1,0.36,0.02,0.02,340,441.97
0,0.1,0.36,0.02,0.03,340.08,458.27
0,0.1,0.36,0.02,0.04,340.17,474.76
0,0.1,0.36,0.03,0,355.58,409.94
0,0.1,0.36,0.03,0.01,355.68,425.93
0,0.1,0.36,0.03,0.02,355.8,442.07
0,0.1,0.36,0.03,0.03,355.94,458.39
0.05,0.05,0.36,0,0.04,403.03,450.7
0.05,0.05,0.36,0.01,0,417.32,389.57
0.05,0.05,0.36,0.01,0.01,417.53,404.76
0.05,0.05,0.36,0.01,0.02,417.78,420.05
0.05,0.05,0.36,0.01,0.03,418.07,435.46
0.05,0.05,0.36,0.01,0.04,418.41,451.02
0.05,0.05,0.36,0.02,0,432.65,389.78
0.05,0.05,0.36,0.02,0.01,432.89,405
0.05,0.05,0.36,0.02,0.02,433.18,420.34
0.05,0.05,0.36,0.02,0.03,433.52,435.8
0.05,0.05,0.36,0.02,0.04,433.91,451.41
0.05,0.05,0.36,0.03,0,448.12,390.01
0.05,0.05,0.36,0.03,0.01,448.4,405.29
0.05,0.05,0.36,0.03,0.02,448.73,420.68
0.05,0.05,0.36,0.03,0.03,449.11,436.19
0.05,0.05,0.36,0.03,0.04,449.55,451.84
0.05,0.1,0.36,0,0,464.02,495.09
0.05,0.1,0.36,0,0.01,464.91,516.03
0.05,0.1,0.36,0,0.02,465.91,537.36
0.05,0.1,0.36,0,0.03,466.99,559.12
0.05,0.1,0.36,0,0.04,468.18,581.34
0.05,0.1,0.36,0.01,0,484.59,496
0.05,0.1,0.36,0.01,0.01,485.61,517.04
0.05,0.1,0.36,0.01,0.02,486.74,538.47
0.05,0.1,0.36,0.01,0.03,487.98,560.33
0.05,0.1,0.36,0.01,0.04,489.32,582.66
0.05,0.1,0.36,0.02,0,505.49,497.03
0.05,0.1,0.36,0.02,0.01,506.63,518.18
0.05,0.1,0.36,0.02,0.02,507.9,539.73
0.05,0.1,0.36,0.02,0.03,509.29,561.7
0.05,0.1,0.36,0.02,0.04,510.79,584.14
0.05,0.1,0.36,0.03,0,526.76,498.17
0.05,0.1,0.36,0.03,0.01,528.02,519.45
0.05,0.1,0.36,0.03,0.02,529.42,541.12
0.05,0.1,0.36,0.03,0.03,530.96,563.23
0.1,0.05,0.36,0,0.04,496.31,441.41
0.1,0.05,0.36,0.01,0,513.08,370.3
0.1,0.05,0.36,0.01,0.01,513.43,388.05
0.1,0.05,0.36,0.01,0.02,513.89,405.92
0.1,0.05,0.36,0.01,0.03,514.46,423.92
0.1,0.05,0.36,0.01,0.04,515.13,442.1
0.1,0.05,0.36,0.02,0,532.03,370.61
0.1,0.05,0.36,0.02,0.01,532.41,388.48
0.1,0.05,0.36,0.02,0.02,532.91,406.45
0.1,0.05,0.36,0.02,0.03,533.53,424.57
0.1,0.05,0.36,0.02,0.04,534.26,442.85
0.1,0.05,0.36,0.03,0,551.32,370.96
0.1,0.05,0.36,0.03,0.01,551.74,388.94
0.1,0.05,0.36,0.03,0.02,552.28,407.04
0.1,0.05,0.36,0.03,0.03,552.95,425.27
0.1,0.05,0.36,0.03,0.04,553.74,443.67
0.1,0.1,0.36,0,0,396.84,445.2
0.1,0.1,0.36,0,0.01,397.1,459.73
0.1,0.1,0.36,0,0.02,397.39,474.41
0.1,0.1,0.36,0,0.03,397.71,489.26
0.1,0.1,0.36,0,0.04,398.05,504.29
0.1,0.1,0.36,0.01,0,411.09,445.47
0.1,0.1,0.36,0.01,0.01,411.4,460.03
0.1,0.1,0.36,0.01,0.02,411.74,474.74
0.1,0.1,0.36,0.01,0.03,412.12,489.62
0.1,0.1,0.36,0.01,0.04,412.53,504.68
0.1,0.1,0.36,0.02,0,425.44,445.79
0.1,0.1,0.36,0.02,0.01,425.79,460.39
0.1,0.1,0.36,0.02,0.02,426.19,475.13
0.1,0.1,0.36,0.02,0.03,426.63,490.05
0.1,0.1,0.36,0.02,0.04,427.1,505.14
0.1,0.1,0.36,0.03,0,439.9,446.15
0.1,0.1,0.36,0.03,0.01,440.31,460.79
0.1,0.1,0.36,0.03,0.02,440.75,475.58
0.1,0.1,0.36,0.03,0.03,441.25,490.53
-0.1,0.05,0.37,0,0.04,160.97,478.98
-0.1,0.05,0.37,0.01,0,179.94,411.88
-0.1,0.05,0.37,0.01,0.01,179.53,428.24
-0.1,0.05,0.37,0.01,0.02,179.06,444.75
-0.1,0.05,0.37,0.01,0.03,178.52,461.43
-0.1,0.05,0.37,0.01,0.04,177.92,478.31
-0.1,0.05,0.37,0.02,0,196.46,411.53
-0.1,0.05,0.37,0.02,0.01,196.1,427.82
-0.1,0.05,0.37,0.02,0.02,195.68,444.27
-0.1,0.05,0.37,0.02,0.03,195.21,460.89
-0.1,0.05,0.37,0.02,0.04,194.67,477.71
-0.1,0.05,0.37,0.03,0,212.8,411.22
-0.1,0.05,0.37,0.03,0.01,212.49,427.46
-0.1,0.05,0.37,0.03,0.02,212.13,443.85
-0.1,0.05,0.37,0.03,0.03,211.71,460.42
-0.1,0.05,0.37,0.03,0.04,211.25,477.18
-0.1,0.1,0.37,0,0,176.29,417.45
-0.1,0.1,0.37,0,0.01,175.92,431.72
-0.1,0.1,0.37,0,0.02,175.49,446.1
-0.1,0.1,0.37,0,0.03,175.01,460.62
-0.1,0.1,0.37,0,0.04,174.48,475.28
-0.1,0.1,0.37,0.01,0,190.71,417.12
-0.1,0.1,0.37,0.01,0.01,190.37,431.33
-0.1,0.1,0.37,0.01,0.02,189.99,445.67
-0.1,0.1,0.37,0.01,0.03,189.56,460.14
-0.1,0.1,0.37,0.01,0.04,189.08,474.75
-0.1,0.1,0.37,0.02,0,205,416.82
-0.1,0.1,0.37,0.02,0.01,204.69,430.99
-0.1,0.1,0.37,0.02,0.02,204.35,445.28
-0.1,0.1,0.37,0.02,0.03,203.96,459.71
-0.1,0.1,0.37,0.02,0.04,203.54,474.28
-0.1,0.1,0.37,0.03,0,219.16,416.55
-0.1,0.1,0.37,0.03,0.01,218.89,430.69
-0.1,0.1,0.37,0.03,0.02,218.59,444.94
-0.1,0.1,0.37,0.03,0.03,218.25,459.33
-0.05,0.05,0.37,0,0.04,222.31,405.12
-0.05,0.05,0.37,0.01,0,237.53,346.82
-0.05,0.05,0.37,0.01,0.01,237.46,361.25
-0.05,0.05,0.37,0.01,0.02,237.35,375.74
-0.05,0.05,0.37,0.01,0.03,237.2,390.28
-0.05,0.05,0.37,0.01,0.04,237.03,404.91
-0.05,0.05,0.37,0.02,0,252.07,346.76
-0.05,0.05,0.37,0.02,0.01,252.01,361.17
-0.05,0.05,0.37,0.02,0.02,251.91,375.62
-0.05,0.05,0.37,0.02,0.03,251.8,390.14
-0.05,0.05,0.37,0.02,0.04,251.65,404.74
-0.05,0.05,0.37,0.03,0,266.52,346.72
-0.05,0.05,0.37,0.03,0.01,266.47,361.1
-0.05,0.05,0.37,0.03,0.02,266.4,375.53
-0.05,0.05,0.37,0.03,0.03,266.31,390.02
-0.05,0.05,0.37,0.03,0.04,266.2,404.6
-0.05,0.1,0.37,0,0,268.73,459.51
-0.05,0.1,0.37,0,0.01,268.49,477.33
-0.05,0.1,0.37,0,0.02,268.23,495.4
-0.05,0.1,0.37,0,0.03,267.94,513.75
-0.05,0.1,0.37,0,0.04,267.61,532.41
-0.05,0.1,0.37,0.01,0,285.87,459.32
-0.05,0.1,0.37,0.01,0.01,285.71,477.12
-0.05,0.1,0.37,0.01,0.02,285.53,495.17
-0.05,0.1,0.37,0.01,0.03,285.34,513.5
-0.05,0.1,0.37,0.01,0.04,285.12,532.13
-0.05,0.1,0.37,0.02,0,302.95,459.21
-0.05,0.1,0.37,0.02,0.01,302.87,476.99
-0.05,0.1,0.37,0.02,0.02,302.78,495.03
-0.05,0.1,0.37,0.02,0.03,302.69,513.34
-0.05,0.1,0.37,0.02,0.04,302.58,531.96
-0.05,0.1,0.37,0.03,0,320.01,459.17
-0.05,0.1,0.37,0.03,0.01,320.01,476.95
-0.05,0.1,0.37,0.03,0.02,320.01,494.98
-0.05,0.1,0.37,0.03,0.03,320.01,513.29
0,0.05,0.37,0,0.04,310.46,472.64
0,0.05,0.37,0.01,0,326.03,408.75
0,0.05,0.37,0.01,0.01,326.05,424.48
0,0.05,0.37,0.01,0.02,326.07,440.36
0,0.05,0.37,0.01,0.03,326.09,456.41
0,0.05,0.37,0.01,0.04,326.12,472.63
0,0.05,0.37,0.02,0,341.48,408.78
0,0.05,0.37,0.02,0.01,341.54,424.53
0,0.05,0.37,0.02,0.02,341.61,440.41
0,0.05,0.37,0.02,0.03,341.69,456.46
0,0.05,0.37,0.02,0.04,341.78,472.69
0,0.05,0.37,0.03,0,356.96,408.86
0,0.05,0.37,0.03,0.01,357.06,424.62
0,0.05,0.37,0.03,0.02,357.19,440.51
0,0.05,0.37,0.03,0.03,357.32,456.58
0,0.05,0.37,0.03,0.04,357.48,472.82
0,0.1,0.37,0,0,280.66,492.51
0,0.1,0.37,0,0.01,280.47,508.01
0,0.1,0.37,0,0.02,280.27,523.72
0,0.1,0.37,0,0.03,280.06,539.66
0,0.1,0.37,0,0.04,279.83,555.85
0,0.1,0.37,0.01,0,295.29,492.37
0,0.1,0.37,0.01,0.01,295.18,507.85
0,0.1,0.37,0.01,0.02,295.05,523.55
0,0.1,0.37,0.01,0.03,294.92,539.48
0,0.1,0.37,0.01,0.04,294.77,555.66
0,0.1,0.37,0.02,0,309.9,492.29
0,0.1,0.37,0.02,0.01,309.85,507.77
0,0.1,0.37,0.02,0.02,309.8,523.46
0,0.1,0.37,0.02,0.03,309.74,539.38
0,0.1,0.37,0.02,0.04,309.69,555.55
0,0.1,0.37,0.03,0,324.49,492.28
0,0.1,0.37,0.03,0.01,324.51,507.75
0,0.1,0.37,0.03,0.02,324.54,523.44
0,0.1,0.37,0.03,0.03,324.56,539.36
0.05,0.05,0.37,0,0.04,347.81,477.07
0.05,0.05,0.37,0.01,0,363.12,412.23
0.05,0.05,0.37,0.01,0.01,363.25,428.23
0.05,0.05,0.37,0.01,0.02,363.4,444.38
0.05,0.05,0.37,0.01,0.03,363.57,460.71
0.05,0.05,0.37,0.01,0.04,363.76,477.23
0.05,0.05,0.37,0.02,0,378.89,412.37
0.05,0.05,0.37,0.02,0.01,379.07,428.39
0.05,0.05,0.37,0.02,0.02,379.27,444.57
0.05,0.05,0.37,0.02,0.03,379.5,460.92
0.05,0.05,0.37,0.02,0.04,379.76,477.46
0.05,0.05,0.37,0.03,0,394.74,412.55
0.05,0.05,0.37,0.03,0.01,394.97,428.61
0.05,0.05,0.37,0.03,0.02,395.22,444.81
0.05,0.05,0.37,0.03,0.03,395.51,461.2
0.05,0.05,0.37,0.03,0.04,395.84,477.77
0.05,0.1,0.37,0,0,378.06,419.84
0.05,0.1,0.37,0,0.01,378.22,433.92
0.05,0.1,0.37,0,0.02,378.4,448.12
0.05,0.1,0.37,0,0.03,378.61,462.46
0.05,0.1,0.37,0,0.04,378.83,476.95
0.05,0.1,0.37,0.01,0,391.95,420.01
0.05,0.1,0.37,0.01,0.01,392.15,434.11
0.05,0.1,0.37,0.01,0.02,392.37,448.34
0.05,0.1,0.37,0.01,0.03,392.62,462.7
0.05,0.1,0.37,0.01,0.04,392.9,477.21
0.05,0.1,0.37,0.02,0,405.91,420.21
0.05,0.1,0.37,0.02,0.01,406.15,434.35
0.05,0.1,0.37,0.02,0.02,406.42,448.6
0.05,0.1,0.37,0.02,0.03,406.71,462.99
0.05,0.1,0.37,0.02,0.04,407.04,477.53
0.05,0.1,0.37,0.03,0,419.97,420.45
0.05,0.1,0.37,0.03,0.01,420.24,434.62
0.05,0.1,0.37,0.03,0.02,420.55,448.9
0.05,0.1,0.37,0.03,0.03,420.9,463.33
0.1,0.05,0.37,0,0.04,478.43,460.27
0.1,0.05,0.37,0.01,0,493.75,393.11
0.1,0.05,0.37,0.01,0.01,494.17,409.85
0.1,0.05,0.37,0.01,0.02,494.67,426.72
0.1,0.05,0.37,0.01,0.03,495.25,443.74
0.1,0.05,0.37,0.01,0.04,495.92,460.94
0.1,0.05,0.37,0.02,0,511.29,393.5
0.1,0.05,0.37,0.02,0.01,511.75,410.33
0.1,0.05,0.37,0.02,0.02,512.29,427.29
0.1,0.05,0.37,0.02,0.03,512.93,444.4
0.1,0.05,0.37,0.02,0.04,513.66,461.69
0.1,0.05,0.37,0.03,0,529.11,393.93
0.1,0.05,0.37,0.03,0.01,529.6,410.85
0.1,0.05,0.37,0.03,0.02,530.2,427.91
0.1,0.05,0.37,0.03,0.03,530.89,445.11
0.1,0.05,0.37,0.03,0.04,531.68,462.5
0.1,0.1,0.37,0,0,526.01,467.46
0.1,0.1,0.37,0,0.01,526.92,485.26
0.1,0.1,0.37,0,0.02,527.93,503.3
0.1,0.1,0.37,0,0.03,529.04,521.6
0.1,0.1,0.37,0,0.04,530.25,540.19
0.1,0.1,0.37,0.01,0,544.44,468.36
0.1,0.1,0.37,0.01,0.01,545.42,486.26
0.1,0.1,0.37,0.01,0.02,546.51,504.4
0.1,0.1,0.37,0.01,0.03,547.72,522.81
0.1,0.1,0.37,0.01,0.04,549.02,541.5
0.1,0.1,0.37,0.02,0,563.19,469.32
0.1,0.1,0.37,0.02,0.01,564.25,487.34
0.1,0.1,0.37,0.02,0.02,565.42,505.59
0.1,0.1,0.37,0.02,0.03,566.72,524.11
0.1,0.1,0.37,0.02,0.04,568.13,542.91
0.1,0.1,0.37,0.03,0,582.29,470.36
0.1,0.1,0.37,0.03,0.01,583.42,488.5
0.1,0.1,0.37,0.03,0.02,584.68,506.87
0.1,0.1,0.37,0.03,0.03,586.07,525.51
-0.1,0.05,0.38,0,0.04,177,493.68
-0.1,0.05,0.38,0.01,0,194.74,430.14
-0.1,0.05,0.38,0.01,0.01,194.34,445.62
-0.1,0.05,0.38,0.01,0.02,193.88,461.25
-0.1,0.05,0.38,0.01,0.03,193.38,477.06
-0.1,0.05,0.38,0.01,0.04,192.82,493.06
-0.1,0.05,0.38,0.02,0,210.17,429.79
-0.1,0.05,0.38,0.02,0.01,209.82,445.22
-0.1,0.05,0.38,0.02,0.02,209.42,460.8
-0.1,0.05,0.38,0.02,0.03,208.97,476.56
-0.1,0.05,0.38,0.02,0.04,208.48,492.51
-0.1,0.05,0.38,0.03,0,225.47,429.48
-0.1,0.05,0.38,0.03,0.01,225.16,444.87
-0.1,0.05,0.38,0.03,0.02,224.82,460.41
-0.1,0.05,0.38,0.03,0.03,224.43,476.13
-0.1,0.05,0.38,0.03,0.04,224.01,492.04
-0.1,0.1,0.38,0,0,113.56,477.46
-0.1,0.1,0.38,0,0.01,112.65,494.47
-0.1,0.1,0.38,0,0.02,111.64,511.7
-0.1,0.1,0.38,0,0.03,110.55,529.18
-0.1,0.1,0.38,0,0.04,109.37,546.92
-0.1,0.1,0.38,0.01,0,130.8,476.63
-0.1,0.1,0.38,0.01,0.01,129.96,493.55
-0.1,0.1,0.38,0.01,0.02,129.04,510.69
-0.1,0.1,0.38,0.01,0.03,128.03,528.08
-0.1,0.1,0.38,0.01,0.04,126.94,545.74
-0.1,0.1,0.38,0.02,0,147.8,475.86
-0.1,0.1,0.38,0.02,0.01,147.03,492.7
-0.1,0.1,0.38,0.02,0.02,146.18,509.77
-0.1,0.1,0.38,0.02,0.03,145.26,527.08
-0.1,0.1,0.38,0.02,0.04,144.27,544.66
-0.1,0.1,0.38,0.03,0,164.57,475.17
-0.1,0.1,0.38,0.03,0.01,163.87,491.93
-0.1,0.1,0.38,0.03,0.02,163.1,508.93
-0.1,0.1,0.38,0.03,0.03,162.27,526.17
-0.05,0.05,0.38,0,0.04,149.81,576.55
-0.05,0.05,0.38,0.01,0,171.55,501.64
-0.05,0.05,0.38,0.01,0.01,170.74,519.63
-0.05,0.05,0.38,0.01,0.02,169.86,537.91
-0.05,0.05,0.38,0.01,0.03,168.91,556.5
-0.05,0.05,0.38,0.01,0.04,167.88,575.43
-0.05,0.05,0.38,0.02,0,188.98,500.91
-0.05,0.05,0.38,0.02,0.01,188.27,518.83
-0.05,0.05,0.38,0.02,0.02,187.49,537.04
-0.05,0.05,0.38,0.02,0.03,186.65,555.57
-0.05,0.05,0.38,0.02,0.04,185.74,574.43
-0.05,0.05,0.38,0.03,0,206.23,500.27
-0.05,0.05,0.38,0.03,0.01,205.61,518.13
-0.05,0.05,0.38,0.03,0.02,204.93,536.28
-0.05,0.05,0.38,0.03,0.03,204.19,554.75
-0.05,0.05,0.38,0.03,0.04,203.4,573.55
-0.05,0.1,0.38,0,0,213.12,433.71
-0.05,0.1,0.38,0,0.01,212.77,448.8
-0.05,0.1,0.38,0,0.02,212.39,464.04
-0.05,0.1,0.38,0,0.03,211.96,479.45
-0.05,0.1,0.38,0,0.04,211.48,495.04
-0.05,0.1,0.38,0.01,0,228.04,433.41
-0.05,0.1,0.38,0.01,0.01,227.74,448.46
-0.05,0.1,0.38,0.01,0.02,227.4,463.66
-0.05,0.1,0.38,0.01,0.03,227.03,479.03
-0.05,0.1,0.38,0.01,0.04,226.63,494.58
-0.05,0.1,0.38,0.02,0,242.85,433.15
-0.05,0.1,0.38,0.02,0.01,242.6,448.17
-0.05,0.1,0.38,0.02,0.02,242.31,463.34
-0.05,0.1,0.38,0.02,0.03,242,478.67
-0.05,0.1,0.38,0.02,0.04,241.66,494.19
-0.05,0.1,0.38,0.03,0,257.57,432.94
-0.05,0.1,0.38,0.03,0.01,257.36,447.93
-0.05,0.1,0.38,0.03,0.02,257.13,463.07
-0.05,0.1,0.38,0.03,0.03,256.88,478.37
0,0.05,0.38,0,0.04,265.11,470.96
0,0.05,0.38,0.01,0,279.86,412.92
0,0.05,0.38,0.01,0.01,279.75,427.19
0,0.05,0.38,0.01,0.02,279.63,441.58
0,0.05,0.38,0.01,0.03,279.49,456.1
0,0.05,0.38,0.01,0.04,279.34,470.77
0,0.05,0.38,0.02,0,293.86,412.84
0,0.05,0.38,0.02,0.01,293.8,427.09
0,0.05,0.38,0.02,0.02,293.72,441.47
0,0.05,0.38,0.02,0.03,293.63,455.98
0,0.05,0.38,0.02,0.04,293.53,470.64
0,0.05,0.38,0.03,0,307.84,412.79
0,0.05,0.38,0.03,0.01,307.81,427.04
0,0.05,0.38,0.03,0.02,307.77,441.41
0,0.05,0.38,0.03,0.03,307.73,455.91
0,0.05,0.38,0.03,0.04,307.69,470.56
0,0.1,0.38,0,0,307.49,448.92
0,0.1,0.38,0,0.01,307.44,464.07
0,0.1,0.38,0,0.02,307.39,479.4
0,0.1,0.38,0,0.03,307.33,494.91
0,0.1,0.38,0,0.04,307.27,510.62
0,0.1,0.38,0.01,0,322.11,448.91
0,0.1,0.38,0.01,0.01,322.11,464.05
0,0.1,0.38,0.01,0.02,322.12,479.37
0,0.1,0.38,0.01,0.03,322.13,494.88
0,0.1,0.38,0.01,0.04,322.14,510.6
0,0.1,0.38,0.02,0,336.73,448.94
0,0.1,0.38,0.02,0.01,336.79,464.09
0,0.1,0.38,0.02,0.02,336.86,479.41
0,0.1,0.38,0.02,0.03,336.93,494.93
0,0.1,0.38,0.02,0.04,337.01,510.64
0,0.1,0.38,0.03,0,351.37,449.02
0,0.1,0.38,0.03,0.01,351.48,464.18
0,0.1,0.38,0.03,0.02,351.61,479.52
0,0.1,0.38,0.03,0.03,351.75,495.04
0.05,0.05,0.38,0,0.04,407.51,433.2
0.05,0.05,0.38,0.01,0,422.92,368.43
0.05,0.05,0.38,0.01,0.01,423.1,384.54
0.05,0.05,0.38,0.01,0.02,423.32,400.74
0.05,0.05,0.38,0.01,0.03,423.59,417.06
0.05,0.05,0.38,0.01,0.04,423.92,433.52
0.05,0.05,0.38,0.02,0,439.32,368.59
0.05,0.05,0.38,0.02,0.01,439.52,384.76
0.05,0.05,0.38,0.02,0.02,439.78,401.01
0.05,0.05,0.38,0.02,0.03,440.1,417.39
0.05,0.05,0.38,0.02,0.04,440.47,433.9
0.05,0.05,0.38,0.03,0,455.89,368.78
0.05,0.05,0.38,0.03,0.01,456.12,385
0.05,0.05,0.38,0.03,0.02,456.41,401.32
0.05,0.05,0.38,0.03,0.03,456.77,417.75
0.05,0.05,0.38,0.03,0.04,457.2,434.33
0.05,0.1,0.38,0,0,378,477.14
0.05,0.1,0.38,0,0.01,378.27,493.4
0.05,0.1,0.38,0,0.02,378.56,509.89
0.05,0.1,0.38,0,0.03,378.88,526.61
0.05,0.1,0.38,0,0.04,379.22,543.6
0.05,0.1,0.38,0.01,0,393.6,477.43
0.05,0.1,0.38,0.01,0.01,393.94,493.72
0.05,0.1,0.38,0.01,0.02,394.31,510.23
0.05,0.1,0.38,0.01,0.03,394.71,526.99
0.05,0.1,0.38,0.01,0.04,395.15,544.01
0.05,0.1,0.38,0.02,0,409.3,477.79
0.05,0.1,0.38,0.02,0.01,409.71,494.11
0.05,0.1,0.38,0.02,0.02,410.16,510.66
0.05,0.1,0.38,0.02,0.03,410.64,527.45
0.05,0.1,0.38,0.02,0.04,411.17,544.5
0.05,0.1,0.38,0.03,0,425.11,478.21
0.05,0.1,0.38,0.03,0.01,425.59,494.58
0.05,0.1,0.38,0.03,0.02,426.11,511.17
0.05,0.1,0.38,0.03,0.03,426.69,528
0.1,0.05,0.38,0,0.04,541.23,495.67
0.1,0.05,0.38,0.01,0,557.04,422.38
0.1,0.05,0.38,0.01,0.01,557.82,440.68
0.1,0.05,0.38,0.01,0.02,558.72,459.17
0.1,0.05,0.38,0.01,0.03,559.75,477.88
0.1,0.05,0.38,0.01,0.04,560.91,496.84
0.1,0.05,0.38,0.02,0,576.8,423.12
0.1,0.05,0.38,0.02,0.01,577.63,441.55
0.1,0.05,0.38,0.02,0.02,578.61,460.17
0.1,0.05,0.38,0.02,0.03,579.71,479.01
0.1,0.05,0.38,0.02,0.04,580.96,498.1
0.1,0.05,0.38,0.03,0,596.96,423.92
0.1,0.05,0.38,0.03,0.01,597.85,442.49
0.1,0.05,0.38,0.03,0.02,598.89,461.25
0.1,0.05,0.38,0.03,0.03,600.08,480.23
0.1,0.05,0.38,0.03,0.04,601.41,499.46
0.1,0.1,0.38,0,0,435.17,506.38
0.1,0.1,0.38,0,0.01,435.8,523.7
0.1,0.1,0.38,0,0.02,436.48,541.3
0.1,0.1,0.38,0,0.03,437.21,559.2
0.1,0.1,0.38,0,0.04,437.99,577.41
0.1,0.1,0.38,0.01,0,451.85,507.02
0.1,0.1,0.38,0.01,0.01,452.56,524.4
0.1,0.1,0.38,0.01,0.02,453.33,542.05
0.1,0.1,0.38,0.01,0.03,454.17,560
0.1,0.1,0.38,0.01,0.04,455.06,578.28
0.1,0.1,0.38,0.02,0,468.7,507.75
0.1,0.1,0.38,0.02,0.01,469.5,525.19
0.1,0.1,0.38,0.02,0.02,470.37,542.91
0.1,0.1,0.38,0.02,0.03,471.31,560.92
0.1,0.1,0.38,0.02,0.04,472.31,579.25
0.1,0.1,0.38,0.03,0,485.76,508.56
0.1,0.1,0.38,0.03,0.01,486.65,526.07
0.1,0.1,0.38,0.03,0.02,487.61,543.86
0.1,0.1,0.38,0.03,0.03,488.65,561.94
-0.1,0.05,0.39,0,0.04,134.12,518.34
-0.1,0.05,0.39,0.01,0,152.35,456.55
-0.1,0.05,0.39,0.01,0.01,151.75,471.53
-0.1,0.05,0.39,0.01,0.02,151.09,486.67
-0.1,0.05,0.39,0.01,0.03,150.37,501.98
-0.1,0.05,0.39,0.01,0.04,149.58,517.5
-0.1,0.05,0.39,0.02,0,167.4,456
-0.1,0.05,0.39,0.02,0.01,166.85,470.92
-0.1,0.05,0.39,0.02,0.02,166.25,486
-0.1,0.05,0.39,0.02,0.03,165.59,501.27
-0.1,0.05,0.39,0.02,0.04,164.87,516.72
-0.1,0.05,0.39,0.03,0,182.28,455.51
-0.1,0.05,0.39,0.03,0.01,181.78,470.37
-0.1,0.05,0.39,0.03,0.02,181.24,485.4
-0.1,0.05,0.39,0.03,0.03,180.64,500.61
-0.1,0.05,0.39,0.03,0.04,179.99,516.01
-0.1,0.1,0.39,0,0,110.71,513.82
-0.1,0.1,0.39,0,0.01,109.71,529.68
-0.1,0.1,0.39,0,0.02,108.63,545.77
-0.1,0.1,0.39,0,0.03,107.48,562.09
-0.1,0.1,0.39,0,0.04,106.26,578.67
-0.1,0.1,0.39,0.01,0,126.51,512.89
-0.1,0.1,0.39,0.01,0.01,125.58,528.68
-0.1,0.1,0.39,0.01,0.02,124.58,544.7
-0.1,0.1,0.39,0.01,0.03,123.51,560.95
-0.1,0.1,0.39,0.01,0.04,122.38,577.45
-0.1,0.1,0.39,0.02,0,142.1,512.03
-0.1,0.1,0.39,0.02,0.01,141.24,527.75
-0.1,0.1,0.39,0.02,0.02,140.32,543.7
-0.1,0.1,0.39,0.02,0.03,139.34,559.89
-0.1,0.1,0.39,0.02,0.04,138.29,576.33
-0.1,0.1,0.39,0.03,0,157.5,511.23
-0.1,0.1,0.39,0.03,0.01,156.72,526.9
-0.1,0.1,0.39,0.03,0.02,155.87,542.79
-0.1,0.1,0.39,0.03,0.03,154.97,558.92
-0.05,0.05,0.39,0,0.04,230.05,453.63
-0.05,0.05,0.39,0.01,0,245.12,396.28
-0.05,0.05,0.39,0.01,0.01,244.96,410.38
-0.05,0.05,0.39,0.01,0.02,244.77,424.58
-0.05,0.05,0.39,0.01,0.03,244.55,438.9
-0.05,0.05,0.39,0.01,0.04,244.3,453.35
-0.05,0.05,0.39,0.02,0,259.14,396.14
-0.05,0.05,0.39,0.02,0.01,259,410.22
-0.05,0.05,0.39,0.02,0.02,258.85,424.4
-0.05,0.05,0.39,0.02,0.03,258.67,438.69
-0.05,0.05,0.39,0.02,0.04,258.47,453.11
-0.05,0.05,0.39,0.03,0,273.09,396.03
-0.05,0.05,0.39,0.03,0.01,272.98,410.09
-0.05,0.05,0.39,0.03,0.02,272.86,424.25
-0.05,0.05,0.39,0.03,0.03,272.72,438.52
-0.05,0.05,0.39,0.03,0.04,272.57,452.92
-0.05,0.1,0.39,0,0,277.73,424.44
-0.05,0.1,0.39,0,0.01,277.6,438.78
-0.05,0.1,0.39,0,0.02,277.46,453.26
-0.05,0.1,0.39,0,0.03,277.31,467.89
-0.05,0.1,0.39,0,0.04,277.14,482.68
-0.05,0.1,0.39,0.01,0,291.75,424.34
-0.05,0.1,0.39,0.01,0.01,291.67,438.67
-0.05,0.1,0.39,0.01,0.02,291.58,453.14
-0.05,0.1,0.39,0.01,0.03,291.47,467.75
-0.05,0.1,0.39,0.01,0.04,291.36,482.53
-0.05,0.1,0.39,0.02,0,305.75,424.28
-0.05,0.1,0.39,0.02,0.01,305.71,438.61
-0.05,0.1,0.39,0.02,0.02,305.66,453.07
-0.05,0.1,0.39,0.02,0.03,305.61,467.67
-0.05,0.1,0.39,0.02,0.04,305.55,482.44
-0.05,0.1,0.39,0.03,0,319.73,424.26
-0.05,0.1,0.39,0.03,0.01,319.73,438.59
-0.05,0.1,0.39,0.03,0.02,319.73,453.04
-0.05,0.1,0.39,0.03,0.03,319.72,467.64
0,0.05,0.39,0,0.04,300.6,381.54
0,0.05,0.39,0.01,0,314.1,327.62
0,0.05,0.39,0.01,0.01,314.09,341.05
0,0.05,0.39,0.01,0.02,314.09,354.5
0,0.05,0.39,0.01,0.03,314.08,367.99
0,0.05,0.39,0.01,0.04,314.08,381.52
0,0.05,0.39,0.02,0,327.52,327.62
0,0.05,0.39,0.02,0.01,327.52,341.05
0,0.05,0.39,0.02,0.02,327.53,354.5
0,0.05,0.39,0.02,0.03,327.53,367.99
0,0.05,0.39,0.02,0.04,327.54,381.53
0,0.05,0.39,0.03,0,340.95,327.63
0,0.05,0.39,0.03,0.01,340.95,341.06
0,0.05,0.39,0.03,0.02,340.97,354.51
0,0.05,0.39,0.03,0.03,340.99,368.01
0,0.05,0.39,0.03,0.04,341.02,381.55
0,0.1,0.39,0,0,356.66,440.51
0,0.1,0.39,0,0.01,356.79,455.67
0,0.1,0.39,0,0.02,356.93,471
0,0.1,0.39,0,0.03,357.09,486.5
0,0.1,0.39,0,0.04,357.26,502.2
0,0.1,0.39,0.01,0,371.41,440.66
0,0.1,0.39,0.01,0.01,371.59,455.84
0,0.1,0.39,0.01,0.02,371.79,471.18
0,0.1,0.39,0.01,0.03,372.01,486.7
0,0.1,0.39,0.01,0.04,372.25,502.42
0,0.1,0.39,0.02,0,386.22,440.85
0,0.1,0.39,0.02,0.01,386.45,456.05
0,0.1,0.39,0.02,0.02,386.71,471.42
0,0.1,0.39,0.02,0.03,386.99,486.96
0,0.1,0.39,0.02,0.04,387.3,502.71
0,0.1,0.39,0.03,0,401.11,441.09
0,0.1,0.39,0.03,0.01,401.39,456.33
0,0.1,0.39,0.03,0.02,401.71,471.72
0,0.1,0.39,0.03,0.03,402.06,487.3
0.05,0.05,0.39,0,0.04,399,430.1
0.05,0.05,0.39,0.01,0,411.93,375.75
0.05,0.05,0.39,0.01,0.01,412.08,389.28
0.05,0.05,0.39,0.01,0.02,412.25,402.88
0.05,0.05,0.39,0.01,0.03,412.46,416.56
0.05,0.05,0.39,0.01,0.04,412.7,430.34
0.05,0.05,0.39,0.02,0,425.61,375.89
0.05,0.05,0.39,0.02,0.01,425.78,389.45
0.05,0.05,0.39,0.02,0.02,425.98,403.08
0.05,0.05,0.39,0.02,0.03,426.22,416.8
0.05,0.05,0.39,0.02,0.04,426.5,430.61
0.05,0.05,0.39,0.03,0,439.41,376.05
0.05,0.05,0.39,0.03,0.01,439.59,389.65
0.05,0.05,0.39,0.03,0.02,439.82,403.32
0.05,0.05,0.39,0.03,0.03,440.09,417.07
0.05,0.05,0.39,0.03,0.04,440.4,430.93
0.05,0.1,0.39,0,0,450.39,466.46
0.05,0.1,0.39,0,0.01,450.88,480.93
0.05,0.1,0.39,0,0.02,451.41,495.56
0.05,0.1,0.39,0,0.03,451.99,510.36
0.05,0.1,0.39,0,0.04,452.61,525.36
0.05,0.1,0.39,0.01,0,464.74,466.95
0.05,0.1,0.39,0.01,0.01,465.28,481.47
0.05,0.1,0.39,0.01,0.02,465.87,496.14
0.05,0.1,0.39,0.01,0.03,466.51,510.99
0.05,0.1,0.39,0.01,0.04,467.19,526.04
0.05,0.1,0.39,0.02,0,479.23,467.49
0.05,0.1,0.39,0.02,0.01,479.83,482.06
0.05,0.1,0.39,0.02,0.02,480.47,496.79
0.05,0.1,0.39,0.02,0.03,481.17,511.69
0.05,0.1,0.39,0.02,0.04,481.92,526.78
0.05,0.1,0.39,0.03,0,493.89,468.09
0.05,0.1,0.39,0.03,0.01,494.54,482.7
0.05,0.1,0.39,0.03,0.02,495.24,497.49
0.05,0.1,0.39,0.03,0.03,496,512.45
0.1,0.05,0.39,0,0.04,463.42,466.47
0.1,0.05,0.39,0.01,0,478.4,400.32
0.1,0.05,0.39,0.01,0.01,478.81,416.79
0.1,0.05,0.39,0.01,0.02,479.29,433.39
0.1,0.05,0.39,0.01,0.03,479.84,450.16
0.1,0.05,0.39,0.01,0.04,480.48,467.1
0.1,0.05,0.39,0.02,0,495.46,400.71
0.1,0.05,0.39,0.02,0.01,495.91,417.25
0.1,0.05,0.39,0.02,0.02,496.44,433.94
0.1,0.05,0.39,0.02,0.03,497.06,450.78
0.1,0.05,0.39,0.02,0.04,497.75,467.81
0.1,0.05,0.39,0.03,0,512.78,401.13
0.1,0.05,0.39,0.03,0.01,513.27,417.77
0.1,0.05,0.39,0.03,0.02,513.85,434.54
0.1,0.05,0.39,0.03,0.03,514.52,451.47
0.1,0.05,0.39,0.03,0.04,515.28,468.58
0.1,0.1,0.39,0,0,427.55,521.55
0.1,0.1,0.39,0,0.01,428.15,538.45
0.1,0.1,0.39,0,0.02,428.8,555.63
0.1,0.1,0.39,0,0.03,429.49,573.11
0.1,0.1,0.39,0,0.04,430.23,590.89
0.1,0.1,0.39,0.01,0,443.62,522.17
0.1,0.1,0.39,0.01,0.01,444.31,539.13
0.1,0.1,0.39,0.01,0.02,445.05,556.35
0.1,0.1,0.39,0.01,0.03,445.84,573.87
0.1,0.1,0.39,0.01,0.04,446.69,591.71
0.1,0.1,0.39,0.02,0,459.84,522.88
0.1,0.1,0.39,0.02,0.01,460.62,539.89
0.1,0.1,0.39,0.02,0.02,461.46,557.17
0.1,0.1,0.39,0.02,0.03,462.35,574.75
0.1,0.1,0.39,0.02,0.04,463.3,592.63
0.1,0.1,0.39,0.03,0,476.24,523.67
0.1,0.1,0.39,0.03,0.01,477.11,540.74
0.1,0.1,0.39,0.03,0.02,478.04,558.08
0.1,0.1,0.39,0.03,0.03,479.03,575.72
-0.1,0.05,0.4,0,0.04,181.07,442.56
-0.1,0.05,0.4,0.01,0,196.08,387.89
-0.1,0.05,0.4,0.01,0.01,195.85,401.33
-0.1,0.05,0.4,0.01,0.02,195.58,414.85
-0.1,0.05,0.4,0.01,0.03,195.27,428.46
-0.1,0.05,0.4,0.01,0.04,194.93,442.17
-0.1,0.05,0.4,0.02,0,209.68,387.7
-0.1,0.05,0.4,0.02,0.01,209.48,401.1
-0.1,0.05,0.4,0.02,0.02,209.24,414.58
-0.1,0.05,0.4,0.02,0.03,208.97,428.15
-0.1,0.05,0.4,0.02,0.04,208.66,441.82
-0.1,0.05,0.4,0.03,0,223.18,387.52
-0.1,0.05,0.4,0.03,0.01,223.01,400.89
-0.1,0.05,0.4,0.03,0.02,222.8,414.33
-0.1,0.05,0.4,0.03,0.03,222.55,427.87
-0.1,0.05,0.4,0.03,0.04,222.28,441.52
-0.1,0.1,0.4,0,0,133.47,484.93
-0.1,0.1,0.4,0,0.01,132.7,500.18
-0.1,0.1,0.4,0,0.02,131.86,515.63
-0.1,0.1,0.4,0,0.03,130.95,531.28
-0.1,0.1,0.4,0,0.04,129.98,547.14
-0.1,0.1,0.4,0.01,0,148.73,484.21
-0.1,0.1,0.4,0.01,0.01,148.01,499.41
-0.1,0.1,0.4,0.01,0.02,147.24,514.79
-0.1,0.1,0.4,0.01,0.03,146.4,530.37
-0.1,0.1,0.4,0.01,0.04,145.5,546.18
-0.1,0.1,0.4,0.02,0,163.8,483.56
-0.1,0.1,0.4,0.02,0.01,163.15,498.69
-0.1,0.1,0.4,0.02,0.02,162.43,514.02
-0.1,0.1,0.4,0.02,0.03,161.67,529.54
-0.1,0.1,0.4,0.02,0.04,160.85,545.29
-0.1,0.1,0.4,0.03,0,178.71,482.96
-0.1,0.1,0.4,0.03,0.01,178.11,498.04
-0.1,0.1,0.4,0.03,0.02,177.47,513.31
-0.1,0.1,0.4,0.03,0.03,176.77,528.79
-0.05,0.05,0.4,0,0.04,296.03,446.97
-0.05,0.05,0.4,0.01,0,311.28,385.59
-0.05,0.05,0.4,0.01,0.01,311.27,400.75
-0.05,0.05,0.4,0.01,0.02,311.24,416
-0.05,0.05,0.4,0.01,0.03,311.22,431.38
-0.05,0.05,0.4,0.01,0.04,311.19,446.91
-0.05,0.05,0.4,0.02,0,326.27,385.59
-0.05,0.05,0.4,0.02,0.01,326.28,400.74
-0.05,0.05,0.4,0.02,0.02,326.3,416
-0.05,0.05,0.4,0.02,0.03,326.31,431.38
-0.05,0.05,0.4,0.02,0.04,326.34,446.9
-0.05,0.05,0.4,0.03,0,341.26,385.62
-0.05,0.05,0.4,0.03,0.01,341.3,400.78
-0.05,0.05,0.4,0.03,0.02,341.35,416.04
-0.05,0.05,0.4,0.03,0.03,341.42,431.42
-0.05,0.05,0.4,0.03,0.04,341.49,446.95
-0.05,0.1,0.4,0,0,301.11,496.32
-0.05,0.1,0.4,0,0.01,301.02,510.45
-0.05,0.1,0.4,0,0.02,300.94,524.76
-0.05,0.1,0.4,0,0.03,300.84,539.26
-0.05,0.1,0.4,0,0.04,300.74,553.97
-0.05,0.1,0.4,0.01,0,314.41,496.27
-0.05,0.1,0.4,0.01,0.01,314.38,510.39
-0.05,0.1,0.4,0.01,0.02,314.36,524.7
-0.05,0.1,0.4,0.01,0.03,314.33,539.2
-0.05,0.1,0.4,0.01,0.04,314.3,553.9
-0.05,0.1,0.4,0.02,0,327.71,496.27
-0.05,0.1,0.4,0.02,0.01,327.74,510.4
-0.05,0.1,0.4,0.02,0.02,327.78,524.7
-0.05,0.1,0.4,0.02,0.03,327.81,539.2
-0.05,0.1,0.4,0.02,0.04,327.86,553.91
-0.05,0.1,0.4,0.03,0,341.01,496.33
-0.05,0.1,0.4,0.03,0.01,341.1,510.46
-0.05,0.1,0.4,0.03,0.02,341.2,524.77
-0.05,0.1,0.4,0.03,0.03,341.31,539.28
0,0.05,0.4,0,0.04,323.96,428.71
0,0.05,0.4,0.01,0,338.27,370.41
0,0.05,0.4,0.01,0.01,338.3,384.86
0,0.05,0.4,0.01,0.02,338.34,399.39
0,0.05,0.4,0.01,0.03,338.38,414.01
0,0.05,0.4,0.01,0.04,338.44,428.74
0,0.05,0.4,0.02,0,352.64,370.45
0,0.05,0.4,0.02,0.01,352.7,384.91
0,0.05,0.4,0.02,0.02,352.76,399.44
0,0.05,0.4,0.02,0.03,352.84,414.07
0,0.05,0.4,0.02,0.04,352.93,428.82
0,0.05,0.4,0.03,0,367.05,370.5
0,0.05,0.4,0.03,0.01,367.13,384.98
0,0.05,0.4,0.03,0.02,367.22,399.53
0,0.05,0.4,0.03,0.03,367.33,414.18
0,0.05,0.4,0.03,0.04,367.46,428.94
0,0.1,0.4,0,0,303.21,445.35
0,0.1,0.4,0,0.01,303.15,459.51
0,0.1,0.4,0,0.02,303.09,473.81
0,0.1,0.4,0,0.03,303.02,488.28
0,0.1,0.4,0,0.04,302.95,502.92
0,0.1,0.4,0.01,0,316.9,445.32
0,0.1,0.4,0.01,0.01,316.89,459.47
0,0.1,0.4,0.01,0.02,316.88,473.77
0,0.1,0.4,0.01,0.03,316.86,488.23
0,0.1,0.4,0.01,0.04,316.85,502.87
0,0.1,0.4,0.02,0,330.58,445.33
0,0.1,0.4,0.02,0.01,330.62,459.49
0,0.1,0.4,0.02,0.02,330.66,473.79
0,0.1,0.4,0.02,0.03,330.7,488.25
0,0.1,0.4,0.02,0.04,330.75,502.89
0,0.1,0.4,0.03,0,344.28,445.39
0,0.1,0.4,0.03,0.01,344.36,459.55
0,0.1,0.4,0.03,0.02,344.45,473.86
0,0.1,0.4,0.03,0.03,344.55,488.32
0.05,0.05,0.4,0,0.04,372.53,436.78
0.05,0.05,0.4,0.01,0,384.74,385.56
0.05,0.05,0.4,0.01,0.01,384.86,398.28
0.05,0.05,0.4,0.01,0.02,384.99,411.08
0.05,0.05,0.4,0.01,0.03,385.14,423.97
0.05,0.05,0.4,0.01,0.04,385.31,436.94
0.05,0.05,0.4,0.02,0,397.47,385.67
0.05,0.05,0.4,0.02,0.01,397.6,398.42
0.05,0.05,0.4,0.02,0.02,397.76,411.24
0.05,0.05,0.4,0.02,0.03,397.94,424.14
0.05,0.05,0.4,0.02,0.04,398.14,437.14
0.05,0.05,0.4,0.03,0,410.27,385.8
0.05,0.05,0.4,0.03,0.01,410.42,398.57
0.05,0.05,0.4,0.03,0.02,410.6,411.42
0.05,0.05,0.4,0.03,0.03,410.81,424.35
0.05,0.05,0.4,0.03,0.04,411.05,437.37
0.05,0.1,0.4,0,0,400.96,439.39
0.05,0.1,0.4,0,0.01,401.22,453.39
0.05,0.1,0.4,0,0.02,401.5,467.52
0.05,0.1,0.4,0,0.03,401.81,481.8
0.05,0.1,0.4,0,0.04,402.15,496.24
0.05,0.1,0.4,0.01,0,414.74,439.65
0.05,0.1,0.4,0.01,0.01,415.04,453.68
0.05,0.1,0.4,0.01,0.02,415.37,467.84
0.05,0.1,0.4,0.01,0.03,415.74,482.15
0.05,0.1,0.4,0.01,0.04,416.13,496.63
0.05,0.1,0.4,0.02,0,428.62,439.95
0.05,0.1,0.4,0.02,0.01,428.97,454.02
0.05,0.1,0.4,0.02,0.02,429.34,468.21
0.05,0.1,0.4,0.02,0.03,429.76,482.56
0.05,0.1,0.4,0.02,0.04,430.21,497.07
0.05,0.1,0.4,0.03,0,442.62,440.3
0.05,0.1,0.4,0.03,0.01,443,454.4
0.05,0.1,0.4,0.03,0.02,443.43,468.63
0.05,0.1,0.4,0.03,0.03,443.89,483.02
0.1,0.05,0.4,0,0.04,466.31,467.24
0.1,0.05,0.4,0.01,0,479.51,408.54
0.1,0.05,0.4,0.01,0.01,479.9,423.17
0.1,0.05,0.4,0.01,0.02,480.35,437.92
0.1,0.05,0.4,0.01,0.03,480.86,452.79
0.1,0.05,0.4,0.01,0.04,481.43,467.81
0.1,0.05,0.4,0.02,0,494.63,408.91
0.1,0.05,0.4,0.02,0.01,495.06,423.61
0.1,0.05,0.4,0.02,0.02,495.55,438.42
0.1,0.05,0.4,0.02,0.03,496.11,453.36
0.1,0.05,0.4,0.02,0.04,496.73,468.44
0.1,0.05,0.4,0.03,0,509.95,409.33
0.1,0.05,0.4,0.03,0.01,510.41,424.09
0.1,0.05,0.4,0.03,0.02,510.94,438.96
0.1,0.05,0.4,0.03,0.03,511.54,453.97
0.1,0.05,0.4,0.03,0.04,512.22,469.12
0.1,0.1,0.4,0,0,467.49,443.78
0.1,0.1,0.4,0,0.01,467.96,458.2
0.1,0.1,0.4,0,0.02,468.49,472.76
0.1,0.1,0.4,0,0.03,469.07,487.48
0.1,0.1,0.4,0,0.04,469.7,502.37
0.1,0.1,0.4,0.01,0,482.08,444.25
0.1,0.1,0.4,0.01,0.01,482.6,458.72
0.1,0.1,0.4,0.01,0.02,483.18,473.34
0.1,0.1,0.4,0.01,0.03,483.81,488.11
0.1,0.1,0.4,0.01,0.04,484.5,503.06
0.1,0.1,0.4,0.02,0,496.84,444.77
0.1,0.1,0.4,0.02,0.01,497.4,459.3
0.1,0.1,0.4,0.02,0.02,498.03,473.97
0.1,0.1,0.4,0.02,0.03,498.72,488.8
0.1,0.1,0.4,0.02,0.04,499.47,503.8
0.1,0.1,0.4,0.03,0,511.77,445.32
0.1,0.1,0.4,0.03,0.01,512.39,459.92
0.1,0.1,0.4,0.03,0.02,513.06,474.65
0.1,0.1,0.4,0.03,0.03,513.81,489.55
