-0.1,0.1,0.3,0.01,0.04,87.3,597.83
-0.1,0.1,0.3,0.02,0,104.78,527.92
-0.1,0.1,0.3,0.02,0.01,104.78,545.4
-0.1,0.1,0.3,0.02,0.02,104.78,562.88
-0.1,0.1,0.3,0.02,0.03,104.78,580.35
-0.1,0.1,0.3,0.02,0.04,104.78,597.83
-0.1,0.1,0.3,0.03,0,122.25,527.92
-0.1,0.1,0.3,0.03,0.01,122.25,545.4
-0.1,0.1,0.3,0.03,0.02,122.25,562.88
-0.1,0.1,0.3,0.03,0.03,122.25,580.35
-0.05,0.1,0.3,0.01,0.04,209.49,563.98
-0.05,0.1,0.3,0.02,0,229.35,484.56
-0.05,0.1,0.3,0.02,0.01,229.35,504.42
-0.05,0.1,0.3,0.02,0.02,229.35,524.27
-0.05,0.1,0.3,0.02,0.03,229.35,544.12
-0.05,0.1,0.3,0.02,0.04,229.35,563.98
-0.05,0.1,0.3,0.03,0,249.2,484.56
-0.05,0.1,0.3,0.03,0.01,249.2,504.42
-0.05,0.1,0.3,0.03,0.02,249.2,524.27
-0.05,0.1,0.3,0.03,0.03,249.2,544.12
0,0.1,0.3,0.01,0.04,274.78,579.76
0,0.1,0.3,0.02,0,292.62,508.36
0,0.1,0.3,0.02,0.01,292.62,526.21
0,0.1,0.3,0.02,0.02,292.62,544.06
0,0.1,0.3,0.02,0.03,292.62,561.91
0,0.1,0.3,0.02,0.04,292.62,579.76
0,0.1,0.3,0.03,0,310.47,508.36
0,0.1,0.3,0.03,0.01,310.47,526.21
0,0.1,0.3,0.03,0.02,310.47,544.06
0,0.1,0.3,0.03,0.03,310.47,561.91
0.05,0.1,0.3,0.01,0.04,440.5,558.8
0.05,0.1,0.3,0.02,0,459,484.82
0.05,0.1,0.3,0.02,0.01,459,503.31
0.05,0.1,0.3,0.02,0.02,459,521.81
0.05,0.1,0.3,0.02,0.03,459,540.3
0.05,0.1,0.3,0.02,0.04,459,558.8
0.05,0.1,0.3,0.03,0,477.49,484.82
0.05,0.1,0.3,0.03,0.01,477.49,503.31
0.05,0.1,0.3,0.03,0.02,477.49,521.81
0.05,0.1,0.3,0.03,0.03,477.49,540.3
0.1,0.1,0.3,0.01,0.04,451.24,494.18
0.1,0.1,0.3,0.02,0,469.58,420.83
0.1,0.1,0.3,0.02,0.01,469.58,439.17
0.1,0.1,0.3,0.02,0.02,469.58,457.51
0.1,0.1,0.3,0.02,0.03,469.58,475.84
0.1,0.1,0.3,0.02,0.04,469.58,494.18
0.1,0.1,0.3,0.03,0,487.91,420.83
0.1,0.1,0.3,0.03,0.01,487.91,439.17
0.1,0.1,0.3,0.03,0.02,487.91,457.51
0.1,0.1,0.3,0.03,0.03,487.91,475.84
-0.1,0.1,0.31,0.01,0.04,170.77,584.04
-0.1,0.1,0.31,0.02,0,187.99,515.18
-0.1,0.1,0.31,0.02,0.01,187.99,532.39
-0.1,0.1,0.31,0.02,0.02,187.99,549.61
-0.1,0.1,0.31,0.02,0.03,187.99,566.82
-0.1,0.1,0.31,0.02,0.04,187.99,584.04
-0.1,0.1,0.31,0.03,0,205.2,515.18
-0.1,0.1,0.31,0.03,0.01,205.2,532.39
-0.1,0.1,0.31,0.03,0.02,205.2,549.61
-0.1,0.1,0.31,0.03,0.03,205.2,566.82
-0.05,0.1,0.31,0.01,0.04,227.9,545.96
-0.05,0.1,0.31,0.02,0,246.17,472.89
-0.05,0.1,0.31,0.02,0.01,246.17,491.16
-0.05,0.1,0.31,0.02,0.02,246.17,509.43
-0.05,0.1,0.31,0.02,0.03,246.17,527.69
-0.05,0.1,0.31,0.02,0.04,246.17,545.96
-0.05,0.1,0.31,0.03,0,264.44,472.89
-0.05,0.1,0.31,0.03,0.01,264.44,491.16
-0.05,0.1,0.31,0.03,0.02,264.44,509.43
-0.05,0.1,0.31,0.03,0.03,264.44,527.69
0,0.1,0.31,0.01,0.04,360.54,545.04
0,0.1,0.31,0.02,0,380.33,465.9
0,0.1,0.31,0.02,0.01,380.33,485.68
0,0.1,0.31,0.02,0.02,380.33,505.47
0,0.1,0.31,0.02,0.03,380.33,525.25
0,0.1,0.31,0.02,0.04,380.33,545.04
0,0.1,0.31,0.03,0,400.11,465.9
0,0.1,0.31,0.03,0.01,400.11,485.68
0,0.1,0.31,0.03,0.02,400.11,505.47
0,0.1,0.31,0.03,0.03,400.11,525.25
0.05,0.1,0.31,0.01,0.04,477.28,567.51
0.05,0.1,0.31,0.02,0,494.14,500.07
0.05,0.1,0.31,0.02,0.01,494.14,516.93
0.05,0.1,0.31,0.02,0.02,494.14,533.79
0.05,0.1,0.31,0.02,0.03,494.14,550.65
0.05,0.1,0.31,0.02,0.04,494.14,567.51
0.05,0.1,0.31,0.03,0,511,500.07
0.05,0.1,0.31,0.03,0.01,511,516.93
0.05,0.1,0.31,0.03,0.02,511,533.79
0.05,0.1,0.31,0.03,0.03,511,550.65
0.1,0.1,0.31,0.01,0.04,488.55,554.26
0.1,0.1,0.31,0.02,0,507.01,480.42
0.1,0.1,0.31,0.02,0.01,507.01,498.88
0.1,0.1,0.31,0.02,0.02,507.01,517.34
0.1,0.1,0.31,0.02,0.03,507.01,535.8
0.1,0.1,0.31,0.02,0.04,507.01,554.26
0.1,0.1,0.31,0.03,0,525.47,480.42
0.1,0.1,0.31,0.03,0.01,525.47,498.88
0.1,0.1,0.31,0.03,0.02,525.47,517.34
0.1,0.1,0.31,0.03,0.03,525.47,535.8
-0.1,0.1,0.32,0.01,0.04,158.22,468.06
-0.1,0.1,0.32,0.02,0,173.88,405.45
-0.1,0.1,0.32,0.02,0.01,173.88,421.1
-0.1,0.1,0.32,0.02,0.02,173.88,436.75
-0.1,0.1,0.32,0.02,0.03,173.88,452.41
-0.1,0.1,0.32,0.02,0.04,173.88,468.06
-0.1,0.1,0.32,0.03,0,189.53,405.45
-0.1,0.1,0.32,0.03,0.01,189.53,421.1
-0.1,0.1,0.32,0.03,0.02,189.53,436.75
-0.1,0.1,0.32,0.03,0.03,189.53,452.41
-0.05,0.1,0.32,0.01,0.04,253.84,518.04
-0.05,0.1,0.32,0.02,0,269.06,457.17
-0.05,0.1,0.32,0.02,0.01,269.06,472.39
-0.05,0.1,0.32,0.02,0.02,269.06,487.6
-0.05,0.1,0.32,0.02,0.03,269.06,502.82
-0.05,0.1,0.32,0.02,0.04,269.06,518.04
-0.05,0.1,0.32,0.03,0,284.27,457.17
-0.05,0.1,0.32,0.03,0.01,284.27,472.39
-0.05,0.1,0.32,0.03,0.02,284.27,487.6
-0.05,0.1,0.32,0.03,0.03,284.27,502.82
0,0.1,0.32,0.01,0.04,323.56,603.83
0,0.1,0.32,0.02,0,342.12,529.6
0,0.1,0.32,0.02,0.01,342.12,548.16
0,0.1,0.32,0.02,0.02,342.12,566.72
0,0.1,0.32,0.02,0.03,342.12,585.27
0,0.1,0.32,0.02,0.04,342.12,603.83
0,0.1,0.32,0.03,0,360.68,529.6
0,0.1,0.32,0.03,0.01,360.68,548.16
0,0.1,0.32,0.03,0.02,360.68,566.72
0,0.1,0.32,0.03,0.03,360.68,585.27
0.05,0.1,0.32,0.01,0.04,420.68,568.24
0.05,0.1,0.32,0.02,0,437.15,502.36
0.05,0.1,0.32,0.02,0.01,437.15,518.83
0.05,0.1,0.32,0.02,0.02,437.15,535.3
0.05,0.1,0.32,0.02,0.03,437.15,551.77
0.05,0.1,0.32,0.02,0.04,437.15,568.24
0.05,0.1,0.32,0.03,0,453.62,502.36
0.05,0.1,0.32,0.03,0.01,453.62,518.83
0.05,0.1,0.32,0.03,0.02,453.62,535.3
0.05,0.1,0.32,0.03,0.03,453.62,551.77
0.1,0.1,0.32,0.01,0.04,495.15,564.88
0.1,0.1,0.32,0.02,0,510.69,502.74
0.1,0.1,0.32,0.02,0.01,510.69,518.28
0.1,0.1,0.32,0.02,0.02,510.69,533.81
0.1,0.1,0.32,0.02,0.03,510.69,549.35
0.1,0.1,0.32,0.02,0.04,510.69,564.88
0.1,0.1,0.32,0.03,0,526.22,502.74
0.1,0.1,0.32,0.03,0.01,526.22,518.28
0.1,0.1,0.32,0.03,0.02,526.22,533.81
0.1,0.1,0.32,0.03,0.03,526.22,549.35
-0.1,0.1,0.33,0.01,0.04,250.23,651.38
-0.1,0.1,0.33,0.02,0,267.87,580.82
-0.1,0.1,0.33,0.02,0.01,267.87,598.46
-0.1,0.1,0.33,0.02,0.02,267.87,616.1
-0.1,0.1,0.33,0.02,0.03,267.87,633.74
-0.1,0.1,0.33,0.02,0.04,267.87,651.38
-0.1,0.1,0.33,0.03,0,285.51,580.82
-0.1,0.1,0.33,0.03,0.01,285.51,598.46
-0.1,0.1,0.33,0.03,0.02,285.51,616.1
-0.1,0.1,0.33,0.03,0.03,285.51,633.74
-0.05,0.1,0.33,0.01,0.04,273.62,520.98
-0.05,0.1,0.33,0.02,0,289.59,457.12
-0.05,0.1,0.33,0.02,0.01,289.59,473.09
-0.05,0.1,0.33,0.02,0.02,289.59,489.05
-0.05,0.1,0.33,0.02,0.03,289.59,505.02
-0.05,0.1,0.33,0.02,0.04,289.59,520.98
-0.05,0.1,0.33,0.03,0,305.55,457.12
-0.05,0.1,0.33,0.03,0.01,305.55,473.09
-0.05,0.1,0.33,0.03,0.02,305.55,489.05
-0.05,0.1,0.33,0.03,0.03,305.55,505.02
0,0.1,0.33,0.01,0.04,348.77,568.54
0,0.1,0.33,0.02,0,366.57,497.33
0,0.1,0.33,0.02,0.01,366.57,515.13
0,0.1,0.33,0.02,0.02,366.57,532.93
0,0.1,0.33,0.02,0.03,366.57,550.74
0,0.1,0.33,0.02,0.04,366.57,568.54
0,0.1,0.33,0.03,0,384.38,497.33
0,0.1,0.33,0.03,0.01,384.38,515.13
0,0.1,0.33,0.03,0.02,384.38,532.93
0,0.1,0.33,0.03,0.03,384.38,550.74
0.05,0.1,0.33,0.01,0.04,433.09,521.94
0.05,0.1,0.33,0.02,0,450.41,452.66
0.05,0.1,0.33,0.02,0.01,450.41,469.98
0.05,0.1,0.33,0.02,0.02,450.41,487.3
0.05,0.1,0.33,0.02,0.03,450.41,504.62
0.05,0.1,0.33,0.02,0.04,450.41,521.94
0.05,0.1,0.33,0.03,0,467.73,452.66
0.05,0.1,0.33,0.03,0.01,467.73,469.98
0.05,0.1,0.33,0.03,0.02,467.73,487.3
0.05,0.1,0.33,0.03,0.03,467.73,504.62
0.1,0.1,0.33,0.01,0.04,485.45,548.49
0.1,0.1,0.33,0.02,0,502.92,478.6
0.1,0.1,0.33,0.02,0.01,502.92,496.07
0.1,0.1,0.33,0.02,0.02,502.92,513.54
0.1,0.1,0.33,0.02,0.03,502.92,531.01
0.1,0.1,0.33,0.02,0.04,502.92,548.49
0.1,0.1,0.33,0.03,0,520.39,478.6
0.1,0.1,0.33,0.03,0.01,520.39,496.07
0.1,0.1,0.33,0.03,0.02,520.39,513.54
0.1,0.1,0.33,0.03,0.03,520.39,531.01
-0.1,0.1,0.34,0.01,0.04,141.17,555.74
-0.1,0.1,0.34,0.02,0,157.74,489.45
-0.1,0.1,0.34,0.02,0.01,157.74,506.02
-0.1,0.1,0.34,0.02,0.02,157.74,522.59
-0.1,0.1,0.34,0.02,0.03,157.74,539.16
-0.1,0.1,0.34,0.02,0.04,157.74,555.74
-0.1,0.1,0.34,0.03,0,174.31,489.45
-0.1,0.1,0.34,0.03,0.01,174.31,506.02
-0.1,0.1,0.34,0.03,0.02,174.31,522.59
-0.1,0.1,0.34,0.03,0.03,174.31,539.16
-0.05,0.1,0.34,0.01,0.04,223.07,535.6
-0.05,0.1,0.34,0.02,0,240.08,467.56
-0.05,0.1,0.34,0.02,0.01,240.08,484.57
-0.05,0.1,0.34,0.02,0.02,240.08,501.58
-0.05,0.1,0.34,0.02,0.03,240.08,518.59
-0.05,0.1,0.34,0.02,0.04,240.08,535.6
-0.05,0.1,0.34,0.03,0,257.09,467.56
-0.05,0.1,0.34,0.03,0.01,257.09,484.57
-0.05,0.1,0.34,0.03,0.02,257.09,501.58
-0.05,0.1,0.34,0.03,0.03,257.09,518.59
0,0.1,0.34,0.01,0.04,377.36,492.42
0,0.1,0.34,0.02,0,392.46,432.03
0,0.1,0.34,0.02,0.01,392.46,447.13
0,0.1,0.34,0.02,0.02,392.46,462.23
0,0.1,0.34,0.02,0.03,392.46,477.33
0,0.1,0.34,0.02,0.04,392.46,492.42
0,0.1,0.34,0.03,0,407.56,432.03
0,0.1,0.34,0.03,0.01,407.56,447.13
0,0.1,0.34,0.03,0.02,407.56,462.23
0,0.1,0.34,0.03,0.03,407.56,477.33
0.05,0.1,0.34,0.01,0.04,337,550.24
0.05,0.1,0.34,0.02,0,351.86,490.8
0.05,0.1,0.34,0.02,0.01,351.86,505.66
0.05,0.1,0.34,0.02,0.02,351.86,520.52
0.05,0.1,0.34,0.02,0.03,351.86,535.38
0.05,0.1,0.34,0.02,0.04,351.86,550.24
0.05,0.1,0.34,0.03,0,366.72,490.8
0.05,0.1,0.34,0.03,0.01,366.72,505.66
0.05,0.1,0.34,0.03,0.02,366.72,520.52
0.05,0.1,0.34,0.03,0.03,366.72,535.38
0.1,0.1,0.34,0.01,0.04,514.87,516.94
0.1,0.1,0.34,0.02,0,529.74,457.43
0.1,0.1,0.34,0.02,0.01,529.74,472.31
0.1,0.1,0.34,0.02,0.02,529.74,487.19
0.1,0.1,0.34,0.02,0.03,529.74,502.06
0.1,0.1,0.34,0.02,0.04,529.74,516.94
0.1,0.1,0.34,0.03,0,544.62,457.43
0.1,0.1,0.34,0.03,0.01,544.62,472.31
0.1,0.1,0.34,0.03,0.02,544.62,487.19
0.1,0.1,0.34,0.03,0.03,544.62,502.06
-0.1,0.1,0.35,0.01,0.04,192.21,522.89
-0.1,0.1,0.35,0.02,0,207,463.74
-0.1,0.1,0.35,0.02,0.01,207,478.52
-0.1,0.1,0.35,0.02,0.02,207,493.31
-0.1,0.1,0.35,0.02,0.03,207,508.1
-0.1,0.1,0.35,0.02,0.04,207,522.89
-0.1,0.1,0.35,0.03,0,221.79,463.74
-0.1,0.1,0.35,0.03,0.01,221.79,478.52
-0.1,0.1,0.35,0.03,0.02,221.79,493.31
-0.1,0.1,0.35,0.03,0.03,221.79,508.1
-0.05,0.1,0.35,0.01,0.04,207.69,575.86
-0.05,0.1,0.35,0.02,0,223.56,512.38
-0.05,0.1,0.35,0.02,0.01,223.56,528.25
-0.05,0.1,0.35,0.02,0.02,223.56,544.12
-0.05,0.1,0.35,0.02,0.03,223.56,559.99
-0.05,0.1,0.35,0.02,0.04,223.56,575.86
-0.05,0.1,0.35,0.03,0,239.43,512.38
-0.05,0.1,0.35,0.03,0.01,239.43,528.25
-0.05,0.1,0.35,0.03,0.02,239.43,544.12
-0.05,0.1,0.35,0.03,0.03,239.43,559.99
0,0.1,0.35,0.01,0.04,320.53,533.37
0,0.1,0.35,0.02,0,337.21,466.66
0,0.1,0.35,0.02,0.01,337.21,483.34
0,0.1,0.35,0.02,0.02,337.21,500.02
0,0.1,0.35,0.02,0.03,337.21,516.69
0,0.1,0.35,0.02,0.04,337.21,533.37
0,0.1,0.35,0.03,0,353.89,466.66
0,0.1,0.35,0.03,0.01,353.89,483.34
0,0.1,0.35,0.03,0.02,353.89,500.02
0,0.1,0.35,0.03,0.03,353.89,516.69
0.05,0.1,0.35,0.01,0.04,439.24,542.27
0.05,0.1,0.35,0.02,0,455.48,477.32
0.05,0.1,0.35,0.02,0.01,455.48,493.56
0.05,0.1,0.35,0.02,0.02,455.48,509.79
0.05,0.1,0.35,0.02,0.03,455.48,526.03
0.05,0.1,0.35,0.02,0.04,455.48,542.27
0.05,0.1,0.35,0.03,0,471.71,477.32
0.05,0.1,0.35,0.03,0.01,471.71,493.56
0.05,0.1,0.35,0.03,0.02,471.71,509.79
0.05,0.1,0.35,0.03,0.03,471.71,526.03
0.1,0.1,0.35,0.01,0.04,522.13,543.53
0.1,0.1,0.35,0.02,0,538.13,479.51
0.1,0.1,0.35,0.02,0.01,538.13,495.52
0.1,0.1,0.35,0.02,0.02,538.13,511.52
0.1,0.1,0.35,0.02,0.03,538.13,527.53
0.1,0.1,0.35,0.02,0.04,538.13,543.53
0.1,0.1,0.35,0.03,0,554.14,479.51
0.1,0.1,0.35,0.03,0.01,554.14,495.52
0.1,0.1,0.35,0.03,0.02,554.14,511.52
0.1,0.1,0.35,0.03,0.03,554.14,527.53
-0.1,0.1,0.36,0.01,0.04,114.51,512.73
-0.1,0.1,0.36,0.02,0,129.81,451.52
-0.1,0.1,0.36,0.02,0.01,129.81,466.82
-0.1,0.1,0.36,0.02,0.02,129.81,482.12
-0.1,0.1,0.36,0.02,0.03,129.81,497.43
-0.1,0.1,0.36,0.02,0.04,129.81,512.73
-0.1,0.1,0.36,0.03,0,145.12,451.52
-0.1,0.1,0.36,0.03,0.01,145.12,466.82
-0.1,0.1,0.36,0.03,0.02,145.12,482.12
-0.1,0.1,0.36,0.03,0.03,145.12,497.43
-0.05,0.1,0.36,0.01,0.04,251.02,533.81
-0.05,0.1,0.36,0.02,0,267.61,467.47
-0.05,0.1,0.36,0.02,0.01,267.61,484.05
-0.05,0.1,0.36,0.02,0.02,267.61,500.64
-0.05,0.1,0.36,0.02,0.03,267.61,517.23
-0.05,0.1,0.36,0.02,0.04,267.61,533.81
-0.05,0.1,0.36,0.03,0,284.19,467.47
-0.05,0.1,0.36,0.03,0.01,284.19,484.05
-0.05,0.1,0.36,0.03,0.02,284.19,500.64
-0.05,0.1,0.36,0.03,0.03,284.19,517.23
0,0.1,0.36,0.01,0.04,376,521.99
0,0.1,0.36,0.02,0,390.81,462.79
0,0.1,0.36,0.02,0.01,390.81,477.59
0,0.1,0.36,0.02,0.02,390.81,492.39
0,0.1,0.36,0.02,0.03,390.81,507.19
0,0.1,0.36,0.02,0.04,390.81,521.99
0,0.1,0.36,0.03,0,405.61,462.79
0,0.1,0.36,0.03,0.01,405.61,477.59
0,0.1,0.36,0.03,0.02,405.61,492.39
0,0.1,0.36,0.03,0.03,405.61,507.19
0.05,0.1,0.36,0.01,0.04,461.3,553.45
0.05,0.1,0.36,0.02,0,477.39,489.08
0.05,0.1,0.36,0.02,0.01,477.39,505.18
0.05,0.1,0.36,0.02,0.02,477.39,521.27
0.05,0.1,0.36,0.02,0.03,477.39,537.36
0.05,0.1,0.36,0.02,0.04,477.39,553.45
0.05,0.1,0.36,0.03,0,493.49,489.08
0.05,0.1,0.36,0.03,0.01,493.49,505.18
0.05,0.1,0.36,0.03,0.02,493.49,521.27
0.05,0.1,0.36,0.03,0.03,493.49,537.36
0.1,0.1,0.36,0.01,0.04,562.69,525.33
0.1,0.1,0.36,0.02,0,578.15,463.49
0.1,0.1,0.36,0.02,0.01,578.15,478.95
0.1,0.1,0.36,0.02,0.02,578.15,494.41
0.1,0.1,0.36,0.02,0.03,578.15,509.87
0.1,0.1,0.36,0.02,0.04,578.15,525.33
0.1,0.1,0.36,0.03,0,593.61,463.49
0.1,0.1,0.36,0.03,0.01,593.61,478.95
0.1,0.1,0.36,0.03,0.02,593.61,494.41
0.1,0.1,0.36,0.03,0.03,593.61,509.87
-0.1,0.1,0.37,0.01,0.04,189.7,508.95
-0.1,0.1,0.37,0.02,0,204.37,450.29
-0.1,0.1,0.37,0.02,0.01,204.37,464.95
-0.1,0.1,0.37,0.02,0.02,204.37,479.62
-0.1,0.1,0.37,0.02,0.03,204.37,494.28
-0.1,0.1,0.37,0.02,0.04,204.37,508.95
-0.1,0.1,0.37,0.03,0,219.03,450.29
-0.1,0.1,0.37,0.03,0.01,219.03,464.95
-0.1,0.1,0.37,0.03,0.02,219.03,479.62
-0.1,0.1,0.37,0.03,0.03,219.03,494.28
-0.05,0.1,0.37,0.01,0.04,201.02,499.92
-0.05,0.1,0.37,0.02,0,215.74,441.02
-0.05,0.1,0.37,0.02,0.01,215.74,455.74
-0.05,0.1,0.37,0.02,0.02,215.74,470.47
-0.05,0.1,0.37,0.02,0.03,215.74,485.2
-0.05,0.1,0.37,0.02,0.04,215.74,499.92
-0.05,0.1,0.37,0.03,0,230.47,441.02
-0.05,0.1,0.37,0.03,0.01,230.47,455.74
-0.05,0.1,0.37,0.03,0.02,230.47,470.47
-0.05,0.1,0.37,0.03,0.03,230.47,485.2
0,0.1,0.37,0.01,0.04,317.74,505
0,0.1,0.37,0.02,0,332.08,447.65
0,0.1,0.37,0.02,0.01,332.08,461.98
0,0.1,0.37,0.02,0.02,332.08,476.32
0,0.1,0.37,0.02,0.03,332.08,490.66
0,0.1,0.37,0.02,0.04,332.08,505
0,0.1,0.37,0.03,0,346.42,447.65
0,0.1,0.37,0.03,0.01,346.42,461.98
0,0.1,0.37,0.03,0.02,346.42,476.32
0,0.1,0.37,0.03,0.03,346.42,490.66
0.05,0.1,0.37,0.01,0.04,427.94,554.94
0.05,0.1,0.37,0.02,0,443.34,493.33
0.05,0.1,0.37,0.02,0.01,443.34,508.73
0.05,0.1,0.37,0.02,0.02,443.34,524.13
0.05,0.1,0.37,0.02,0.03,443.34,539.53
0.05,0.1,0.37,0.02,0.04,443.34,554.94
0.05,0.1,0.37,0.03,0,458.74,493.33
0.05,0.1,0.37,0.03,0.01,458.74,508.73
0.05,0.1,0.37,0.03,0.02,458.74,524.13
0.05,0.1,0.37,0.03,0.03,458.74,539.53
0.1,0.1,0.37,0.01,0.04,433.95,539.43
0.1,0.1,0.37,0.02,0,449.98,475.32
0.1,0.1,0.37,0.02,0.01,449.98,491.35
0.1,0.1,0.37,0.02,0.02,449.98,507.37
0.1,0.1,0.37,0.02,0.03,449.98,523.4
0.1,0.1,0.37,0.02,0.04,449.98,539.43
0.1,0.1,0.37,0.03,0,466,475.32
0.1,0.1,0.37,0.03,0.01,466,491.35
0.1,0.1,0.37,0.03,0.02,466,507.37
0.1,0.1,0.37,0.03,0.03,466,523.4
-0.1,0.1,0.38,0.01,0.04,211.03,528.2
-0.1,0.1,0.38,0.02,0,225.33,471
-0.1,0.1,0.38,0.02,0.01,225.33,485.3
-0.1,0.1,0.38,0.02,0.02,225.33,499.6
-0.1,0.1,0.38,0.02,0.03,225.33,513.9
-0.1,0.1,0.38,0.02,0.04,225.33,528.2
-0.1,0.1,0.38,0.03,0,239.63,471
-0.1,0.1,0.38,0.03,0.01,239.63,485.3
-0.1,0.1,0.38,0.03,0.02,239.63,499.6
-0.1,0.1,0.38,0.03,0.03,239.63,513.9
-0.05,0.1,0.38,0.01,0.04,285.98,511.92
-0.05,0.1,0.38,0.02,0,302.36,446.39
-0.05,0.1,0.38,0.02,0.01,302.36,462.77
-0.05,0.1,0.38,0.02,0.02,302.36,479.16
-0.05,0.1,0.38,0.02,0.03,302.36,495.54
-0.05,0.1,0.38,0.02,0.04,302.36,511.92
-0.05,0.1,0.38,0.03,0,318.74,446.39
-0.05,0.1,0.38,0.03,0.01,318.74,462.77
-0.05,0.1,0.38,0.03,0.02,318.74,479.16
-0.05,0.1,0.38,0.03,0.03,318.74,495.54
0,0.1,0.38,0.01,0.04,299.42,557.55
0,0.1,0.38,0.02,0,313.61,500.8
0,0.1,0.38,0.02,0.01,313.61,514.99
0,0.1,0.38,0.02,0.02,313.61,529.18
0,0.1,0.38,0.02,0.03,313.61,543.37
0,0.1,0.38,0.02,0.04,313.61,557.55
0,0.1,0.38,0.03,0,327.8,500.8
0,0.1,0.38,0.03,0.01,327.8,514.99
0,0.1,0.38,0.03,0.02,327.8,529.18
0,0.1,0.38,0.03,0.03,327.8,543.37
0.05,0.1,0.38,0.01,0.04,384.02,514.76
0.05,0.1,0.38,0.02,0,398.89,455.28
0.05,0.1,0.38,0.02,0.01,398.89,470.15
0.05,0.1,0.38,0.02,0.02,398.89,485.02
0.05,0.1,0.38,0.02,0.03,398.89,499.89
0.05,0.1,0.38,0.02,0.04,398.89,514.76
0.05,0.1,0.38,0.03,0,413.76,455.28
0.05,0.1,0.38,0.03,0.01,413.76,470.15
0.05,0.1,0.38,0.03,0.02,413.76,485.02
0.05,0.1,0.38,0.03,0.03,413.76,499.89
0.1,0.1,0.38,0.01,0.04,451.73,477.51
0.1,0.1,0.38,0.02,0,465.64,421.85
0.1,0.1,0.38,0.02,0.01,465.64,435.76
0.1,0.1,0.38,0.02,0.02,465.64,449.68
0.1,0.1,0.38,0.02,0.03,465.64,463.6
0.1,0.1,0.38,0.02,0.04,465.64,477.51
0.1,0.1,0.38,0.03,0,479.56,421.85
0.1,0.1,0.38,0.03,0.01,479.56,435.76
0.1,0.1,0.38,0.03,0.02,479.56,449.68
0.1,0.1,0.38,0.03,0.03,479.56,463.6
-0.1,0.1,0.39,0.01,0.04,202.06,528.69
-0.1,0.1,0.39,0.02,0,216.79,469.77
-0.1,0.1,0.39,0.02,0.01,216.79,484.5
-0.1,0.1,0.39,0.02,0.02,216.79,499.23
-0.1,0.1,0.39,0.02,0.03,216.79,513.96
-0.1,0.1,0.39,0.02,0.04,216.79,528.69
-0.1,0.1,0.39,0.03,0,231.52,469.77
-0.1,0.1,0.39,0.03,0.01,231.52,484.5
-0.1,0.1,0.39,0.03,0.02,231.52,499.23
-0.1,0.1,0.39,0.03,0.03,231.52,513.96
-0.05,0.1,0.39,0.01,0.04,317.05,526.99
-0.05,0.1,0.39,0.02,0,331.86,467.76
-0.05,0.1,0.39,0.02,0.01,331.86,482.57
-0.05,0.1,0.39,0.02,0.02,331.86,497.38
-0.05,0.1,0.39,0.02,0.03,331.86,512.18
-0.05,0.1,0.39,0.02,0.04,331.86,526.99
-0.05,0.1,0.39,0.03,0,346.67,467.76
-0.05,0.1,0.39,0.03,0.01,346.67,482.57
-0.05,0.1,0.39,0.03,0.02,346.67,497.38
-0.05,0.1,0.39,0.03,0.03,346.67,512.18
0,0.1,0.39,0.01,0.04,346.55,478.92
0,0.1,0.39,0.02,0,359.96,425.29
0,0.1,0.39,0.02,0.01,359.96,438.69
0,0.1,0.39,0.02,0.02,359.96,452.1
0,0.1,0.39,0.02,0.03,359.96,465.51
0,0.1,0.39,0.02,0.04,359.96,478.92
0,0.1,0.39,0.03,0,373.37,425.29
0,0.1,0.39,0.03,0.01,373.37,438.69
0,0.1,0.39,0.03,0.02,373.37,452.1
0,0.1,0.39,0.03,0.03,373.37,465.51
0.05,0.1,0.39,0.01,0.04,388.83,474.03
0.05,0.1,0.39,0.02,0,402.75,418.37
0.05,0.1,0.39,0.02,0.01,402.75,432.29
0.05,0.1,0.39,0.02,0.02,402.75,446.2
0.05,0.1,0.39,0.02,0.03,402.75,460.11
0.05,0.1,0.39,0.02,0.04,402.75,474.03
0.05,0.1,0.39,0.03,0,416.66,418.37
0.05,0.1,0.39,0.03,0.01,416.66,432.29
0.05,0.1,0.39,0.03,0.02,416.66,446.2
0.05,0.1,0.39,0.03,0.03,416.66,460.11
0.1,0.1,0.39,0.01,0.04,452.83,568.34
0.1,0.1,0.39,0.02,0,467.07,511.37
0.1,0.1,0.39,0.02,0.01,467.07,525.62
0.1,0.1,0.39,0.02,0.02,467.07,539.86
0.1,0.1,0.39,0.02,0.03,467.07,554.1
0.1,0.1,0.39,0.02,0.04,467.07,568.34
0.1,0.1,0.39,0.03,0,481.32,511.37
0.1,0.1,0.39,0.03,0.01,481.32,525.62
0.1,0.1,0.39,0.03,0.02,481.32,539.86
0.1,0.1,0.39,0.03,0.03,481.32,554.1
-0.1,0.1,0.4,0.01,0.04,129.02,526.14
-0.1,0.1,0.4,0.02,0,143.91,466.59
-0.1,0.1,0.4,0.02,0.01,143.91,481.48
-0.1,0.1,0.4,0.02,0.02,143.91,496.37
-0.1,0.1,0.4,0.02,0.03,143.91,511.25
-0.1,0.1,0.4,0.02,0.04,143.91,526.14
-0.1,0.1,0.4,0.03,0,158.8,466.59
-0.1,0.1,0.4,0.03,0.01,158.8,481.48
-0.1,0.1,0.4,0.03,0.02,158.8,496.37
-0.1,0.1,0.4,0.03,0.03,158.8,511.25
-0.05,0.1,0.4,0.01,0.04,274.91,498.2
-0.05,0.1,0.4,0.02,0,288.35,444.44
-0.05,0.1,0.4,0.02,0.01,288.35,457.88
-0.05,0.1,0.4,0.02,0.02,288.35,471.32
-0.05,0.1,0.4,0.02,0.03,288.35,484.76
-0.05,0.1,0.4,0.02,0.04,288.35,498.2
-0.05,0.1,0.4,0.03,0,301.79,444.44
-0.05,0.1,0.4,0.03,0.01,301.79,457.88
-0.05,0.1,0.4,0.03,0.02,301.79,471.32
-0.05,0.1,0.4,0.03,0.03,301.79,484.76
0,0.1,0.4,0.01,0.04,329.82,492.73
0,0.1,0.4,0.02,0,343.52,437.91
0,0.1,0.4,0.02,0.01,343.52,451.61
0,0.1,0.4,0.02,0.02,343.52,465.32
0,0.1,0.4,0.02,0.03,343.52,479.02
0,0.1,0.4,0.02,0.04,343.52,492.73
0,0.1,0.4,0.03,0,357.23,437.91
0,0.1,0.4,0.03,0.01,357.23,451.61
0,0.1,0.4,0.03,0.02,357.23,465.32
0,0.1,0.4,0.03,0.03,357.23,479.02
0.05,0.1,0.4,0.01,0.04,391.31,484
0.05,0.1,0.4,0.02,0,404.18,432.51
0.05,0.1,0.4,0.02,0.01,404.18,445.38
0.05,0.1,0.4,0.02,0.02,404.18,458.26
0.05,0.1,0.4,0.02,0.03,404.18,471.13
0.05,0.1,0.4,0.02,0.04,404.18,484
0.05,0.1,0.4,0.03,0,417.06,432.51
0.05,0.1,0.4,0.03,0.01,417.06,445.38
0.05,0.1,0.4,0.03,0.02,417.06,458.26
0.05,0.1,0.4,0.03,0.03,417.06,471.13
0.1,0.1,0.4,0.01,0.04,496.99,538.06
0.1,0.1,0.4,0.02,0,510.58,483.71
0.1,0.1,0.4,0.02,0.01,510.58,497.29
0.1,0.1,0.4,0.02,0.02,510.58,510.88
0.1,0.1,0.4,0.02,0.03,510.58,524.47
0.1,0.1,0.4,0.02,0.04,510.58,538.06
0.1,0.1,0.4,0.03,0,524.16,483.71
0.1,0.1,0.4,0.03,0.01,524.16,497.29
0.1,0.1,0.4,0.03,0.02,524.16,510.88
0.1,0.1,0.4,0.03,0.03,524.16,524.47
