0,0.05,0.3,0.02,0.04,358.03,491.3
0,0.05,0.3,0.03,0,375.55,412.83
0,0.05,0.3,0.03,0.01,376.24,433.25
0,0.05,0.3,0.03,0.02,376.33,452.09
0,0.05,0.3,0.03,0.03,377.31,471.07
0,0.05,0.3,0.03,0.04,377.24,491.12
0,0.075,0.3,0,0,319.87,460.56
0,0.075,0.3,0,0.01,319.77,480.14
0,0.075,0.3,0,0.02,320.15,500.33
0,0.075,0.3,0,0.03,319.15,520.74
0,0.075,0.3,0,0.04,319.72,541.85
0,0.075,0.3,0.01,0,339.2,460.8
0,0.075,0.3,0.01,0.01,339.85,480.29
0,0.075,0.3,0.01,0.02,339.18,500.71
0,0.075,0.3,0.01,0.03,340.5,522.05
0,0.075,0.3,0.01,0.04,339.65,541.58
0,0.075,0.3,0.02,0,358.23,461.68
0,0.075,0.3,0.02,0.01,357.88,480.91
0,0.075,0.3,0.02,0.02,357.8,501.33
0,0.075,0.3,0.02,0.03,358.63,522.02
0,0.075,0.3,0.02,0.04,358.63,542.52
0,0.075,0.3,0.03,0,375.94,462.32
0,0.075,0.3,0.03,0.01,376.39,482.09
0,0.075,0.3,0.03,0.02,377.83,501.9
0,0.075,0.3,0.03,0.03,377.62,521.48
0,0.075,0.3,0.03,0.04,378.88,542.49
0,0.1,0.3,0,0,320.82,510.4
0,0.1,0.3,0,0.01,320.04,530.98
0,0.1,0.3,0,0.02,319.67,551.67
0,0.1,0.3,0,0.03,320.4,573.72
0,0.1,0.3,0,0.04,319.92,596.31
0,0.1,0.3,0.01,0,339.1,511.87
0,0.1,0.3,0.01,0.01,339.02,531.67
0,0.1,0.3,0.01,0.02,339.05,552.05
0,0.1,0.3,0.01,0.03,339.62,573.98
0,0.1,0.3,0.01,0.04,339.49,595.57
0,0.1,0.3,0.02,0,358.47,510.82
0,0.1,0.3,0.02,0.01,359.02,531.55
0,0.1,0.3,0.02,0.02,359.07,552.26
0,0.1,0.3,0.02,0.03,359.58,573.29
0,0.1,0.3,0.02,0.04,358.85,595.06
0,0.1,0.3,0.03,0,377.77,511.31
0,0.1,0.3,0.03,0.01,377.63,532.3
0,0.1,0.3,0.03,0.02,378.67,552.65
0,0.1,0.3,0.03,0.03,379.53,574.59
0.025,0.05,0.3,0.02,0.04,406.75,492.39
0.025,0.05,0.3,0.03,0,424.66,413.86
0.025,0.05,0.3,0.03,0.01,423.02,433.46
0.025,0.05,0.3,0.03,0.02,424.41,452.56
0.025,0.05,0.3,0.03,0.03,424.79,473.49
0.025,0.05,0.3,0.03,0.04,424.3,492.87
0.025,0.075,0.3,0,0,366.89,461.98
0.025,0.075,0.3,0,0.01,367.22,482.71
0.025,0.075,0.3,0,0.02,367.92,501.63
0.025,0.075,0.3,0,0.03,368.5,521.87
0.025,0.075,0.3,0,0.04,368.79,542.32
0.025,0.075,0.3,0.01,0,386.62,461.26
0.025,0.075,0.3,0.01,0.01,386.29,481.79
0.025,0.075,0.3,0.01,0.02,387.21,501.33
0.025,0.075,0.3,0.01,0.03,388.11,522.39
0.025,0.075,0.3,0.01,0.04,387.14,542.28
0.025,0.075,0.3,0.02,0,406.43,462.46
0.025,0.075,0.3,0.02,0.01,405.99,482.84
0.025,0.075,0.3,0.02,0.02,406.89,501.75
0.025,0.075,0.3,0.02,0.03,406.58,522.56
0.025,0.075,0.3,0.02,0.04,408.03,543
0.025,0.075,0.3,0.03,0,424.88,462.42
0.025,0.075,0.3,0.03,0.01,426.15,482.17
0.025,0.075,0.3,0.03,0.02,424.71,502.22
0.025,0.075,0.3,0.03,0.03,426.08,523.59
0.025,0.075,0.3,0.03,0.04,427.96,543.98
0.025,0.1,0.3,0,0,367.31,511.14
0.025,0.1,0.3,0,0.01,367.58,531.83
0.025,0.1,0.3,0,0.02,368.82,554
0.025,0.1,0.3,0,0.03,367.93,573.96
0.025,0.1,0.3,0,0.04,369.45,594.84
0.025,0.1,0.3,0.01,0,387.05,511.33
0.025,0.1,0.3,0.01,0.01,387.02,532.4
0.025,0.1,0.3,0.01,0.02,388.44,553.23
0.025,0.1,0.3,0.01,0.03,389.33,574.41
0.025,0.1,0.3,0.01,0.04,387.94,596.78
0.025,0.1,0.3,0.02,0,405.65,511.85
0.025,0.1,0.3,0.02,0.01,407.74,531.88
0.025,0.1,0.3,0.02,0.02,407.33,553.87
0.025,0.1,0.3,0.02,0.03,408.32,575.44
0.025,0.1,0.3,0.02,0.04,409.05,597.89
0.025,0.1,0.3,0.03,0,425.79,512.89
0.025,0.1,0.3,0.03,0.01,426.84,533.71
0.025,0.1,0.3,0.03,0.02,428.26,554.11
0.025,0.1,0.3,0.03,0.03,428.09,575.58
0.05,0.05,0.3,0.02,0.04,454.79,493.3
0.05,0.05,0.3,0.03,0,472.07,415.19
0.05,0.05,0.3,0.03,0.01,472.42,434.37
0.05,0.05,0.3,0.03,0.02,473.49,453.66
0.05,0.05,0.3,0.03,0.03,474.53,475.02
0.05,0.05,0.3,0.03,0.04,475.12,494
0.05,0.075,0.3,0,0,414.72,462.72
0.05,0.075,0.3,0,0.01,415.62,482.66
0.05,0.075,0.3,0,0.02,415.91,502.9
0.05,0.075,0.3,0,0.03,416.98,521.8
0.05,0.075,0.3,0,0.04,416.87,543.71
0.05,0.075,0.3,0.01,0,434.13,462.99
0.05,0.075,0.3,0.01,0.01,435.46,482.77
0.05,0.075,0.3,0.01,0.02,436.24,502.91
0.05,0.075,0.3,0.01,0.03,435.59,522.63
0.05,0.075,0.3,0.01,0.04,436.24,544.6
0.05,0.075,0.3,0.02,0,454.18,463.74
0.05,0.075,0.3,0.02,0.01,454.34,483.11
0.05,0.075,0.3,0.02,0.02,455.27,503.76
0.05,0.075,0.3,0.02,0.03,456.6,524.68
0.05,0.075,0.3,0.02,0.04,457.77,545.6
0.05,0.075,0.3,0.03,0,474.39,464.49
0.05,0.075,0.3,0.03,0.01,473.99,483.72
0.05,0.075,0.3,0.03,0.02,475.72,504.96
0.05,0.075,0.3,0.03,0.03,476.71,525.22
0.05,0.075,0.3,0.03,0.04,477.5,545.02
0.05,0.1,0.3,0,0,416.63,512.71
0.05,0.1,0.3,0,0.01,417.67,533.58
0.05,0.1,0.3,0,0.02,416.99,553.93
0.05,0.1,0.3,0,0.03,418.23,575.32
0.05,0.1,0.3,0,0.04,419.11,597.55
0.05,0.1,0.3,0.01,0,436.13,512.65
0.05,0.1,0.3,0.01,0.01,436.42,533.13
0.05,0.1,0.3,0.01,0.02,437.28,556.5
0.05,0.1,0.3,0.01,0.03,438.39,576.31
0.05,0.1,0.3,0.01,0.04,439.47,598.55
0.05,0.1,0.3,0.02,0,455.04,514.67
0.05,0.1,0.3,0.02,0.01,456.64,534.98
0.05,0.1,0.3,0.02,0.02,457.47,555.79
0.05,0.1,0.3,0.02,0.03,458.36,578.44
0.05,0.1,0.3,0.02,0.04,460.02,599.65
0.05,0.1,0.3,0.03,0,475.47,515.17
0.05,0.1,0.3,0.03,0.01,477.18,535.2
0.05,0.1,0.3,0.03,0.02,477.69,557.37
0.05,0.1,0.3,0.03,0.03,479.89,578.8
0.075,0.05,0.3,0.02,0.04,504.68,497.34
0.075,0.05,0.3,0.03,0,522.93,416.58
0.075,0.05,0.3,0.03,0.01,523.64,436.73
0.075,0.05,0.3,0.03,0.02,524.33,455.87
0.075,0.05,0.3,0.03,0.03,525.99,476.1
0.075,0.05,0.3,0.03,0.04,526.18,497.34
0.075,0.075,0.3,0,0,463.49,463.89
0.075,0.075,0.3,0,0.01,464.58,483.84
0.075,0.075,0.3,0,0.02,465.98,503.31
0.075,0.075,0.3,0,0.03,465.64,524.21
0.075,0.075,0.3,0,0.04,466.84,545.35
0.075,0.075,0.3,0.01,0,483.45,464.52
0.075,0.075,0.3,0.01,0.01,484.92,484.69
0.075,0.075,0.3,0.01,0.02,486.23,504.79
0.075,0.075,0.3,0.01,0.03,486.37,526.18
0.075,0.075,0.3,0.01,0.04,487.83,547.8
0.075,0.075,0.3,0.02,0,503.82,465.06
0.075,0.075,0.3,0.02,0.01,504.52,485.69
0.075,0.075,0.3,0.02,0.02,506.27,505.7
0.075,0.075,0.3,0.02,0.03,508.01,527.41
0.075,0.075,0.3,0.02,0.04,510.33,547.63
0.075,0.075,0.3,0.03,0,524.52,466.18
0.075,0.075,0.3,0.03,0.01,526.27,486.53
0.075,0.075,0.3,0.03,0.02,527.56,507.25
0.075,0.075,0.3,0.03,0.03,528,527.91
0.075,0.075,0.3,0.03,0.04,529.89,548.57
0.075,0.1,0.3,0,0,465.44,514.49
0.075,0.1,0.3,0,0.01,466.92,536.11
0.075,0.1,0.3,0,0.02,467.92,556.79
0.075,0.1,0.3,0,0.03,469.05,578.82
0.075,0.1,0.3,0,0.04,470.7,601.03
0.075,0.1,0.3,0.01,0,485.9,515.26
0.075,0.1,0.3,0.01,0.01,487.14,535.46
0.075,0.1,0.3,0.01,0.02,488.72,556.81
0.075,0.1,0.3,0.01,0.03,489.83,578.2
0.075,0.1,0.3,0.01,0.04,490.28,602.48
0.075,0.1,0.3,0.02,0,506.29,516.19
0.075,0.1,0.3,0.02,0.01,508.13,538.34
0.075,0.1,0.3,0.02,0.02,510.12,558.93
0.075,0.1,0.3,0.02,0.03,509.7,580.61
0.075,0.1,0.3,0.02,0.04,511.74,602.62
0.075,0.1,0.3,0.03,0,527.39,518.24
0.075,0.1,0.3,0.03,0.01,528.32,539.55
0.075,0.1,0.3,0.03,0.02,530.46,561.04
0.075,0.1,0.3,0.03,0.03,532.09,583.03
0.1,0.05,0.3,0.02,0.04,558.45,499.59
0.1,0.05,0.3,0.03,0,575.61,419.25
0.1,0.05,0.3,0.03,0.01,576.25,438.14
0.1,0.05,0.3,0.03,0.02,579.13,458.5
0.1,0.05,0.3,0.03,0.03,578.17,478.61
0.1,0.05,0.3,0.03,0.04,579.76,500.01
0.1,0.075,0.3,0,0,514.38,466
0.1,0.075,0.3,0,0.01,515.64,486.15
0.1,0.075,0.3,0,0.02,517.19,507.18
0.1,0.075,0.3,0,0.03,517.12,528.12
0.1,0.075,0.3,0,0.04,518.93,547.99
0.1,0.075,0.3,0.01,0,535.45,466.61
0.1,0.075,0.3,0.01,0.01,536.95,486.62
0.1,0.075,0.3,0.01,0.02,537.07,508.31
0.1,0.075,0.3,0.01,0.03,538.91,528.9
0.1,0.075,0.3,0.01,0.04,540.38,549.75
0.1,0.075,0.3,0.02,0,556.89,467.39
0.1,0.075,0.3,0.02,0.01,557.49,488.76
0.1,0.075,0.3,0.02,0.02,559.16,509.43
0.1,0.075,0.3,0.02,0.03,560.05,530.55
0.1,0.075,0.3,0.02,0.04,562.45,552.07
0.1,0.075,0.3,0.03,0,578.13,469.66
0.1,0.075,0.3,0.03,0.01,580.33,488.52
0.1,0.075,0.3,0.03,0.02,580.56,511.07
0.1,0.075,0.3,0.03,0.03,582.77,532.36
0.1,0.075,0.3,0.03,0.04,584.66,553.86
0.1,0.1,0.3,0,0,517.06,516.86
0.1,0.1,0.3,0,0.01,519.02,537.64
0.1,0.1,0.3,0,0.02,519.91,559.55
0.1,0.1,0.3,0,0.03,521.5,581.95
0.1,0.1,0.3,0,0.04,523.31,603.77
0.1,0.1,0.3,0.01,0,538.91,518.49
0.1,0.1,0.3,0.01,0.01,539.93,540.29
0.1,0.1,0.3,0.01,0.02,541.52,561.16
0.1,0.1,0.3,0.01,0.03,541.95,583.56
0.1,0.1,0.3,0.01,0.04,544.86,605.79
0.1,0.1,0.3,0.02,0,559.33,519.03
0.1,0.1,0.3,0.02,0.01,561.29,541.66
0.1,0.1,0.3,0.02,0.02,563.04,563.59
0.1,0.1,0.3,0.02,0.03,564.32,584.86
0.1,0.1,0.3,0.02,0.04,566.51,608.53
0.1,0.1,0.3,0.03,0,581.23,520.87
0.1,0.1,0.3,0.03,0.01,583.28,542.97
0.1,0.1,0.3,0.03,0.02,585.44,565.92
0.1,0.1,0.3,0.03,0.03,586.99,586.98
0,0.05,0.31,0.02,0.04,357.34,485.31
0,0.05,0.31,0.03,0,373.21,410.43
0,0.05,0.31,0.03,0.01,374.75,429
0,0.05,0.31,0.03,0.02,374.72,447.23
0,0.05,0.31,0.03,0.03,374.58,466.36
0,0.05,0.31,0.03,0.04,375.84,485.01
0,0.075,0.31,0,0,319.55,456.57
0,0.075,0.31,0,0.01,320.67,475.9
0,0.075,0.31,0,0.02,320.38,494.16
0,0.075,0.31,0,0.03,318.92,514.74
0,0.075,0.31,0,0.04,320.19,534.45
0,0.075,0.31,0.01,0,338.44,456.43
0,0.075,0.31,0.01,0.01,337.79,475.3
0,0.075,0.31,0.01,0.02,338.53,494.09
0,0.075,0.31,0.01,0.03,337.82,514.74
0,0.075,0.31,0.01,0.04,338.56,534.23
0,0.075,0.31,0.02,0,355.96,456.46
0,0.075,0.31,0.02,0.01,356.67,475.37
0,0.075,0.31,0.02,0.02,356.61,494.11
0,0.075,0.31,0.02,0.03,357.08,514.34
0,0.075,0.31,0.02,0.04,357.68,533.49
0,0.075,0.31,0.03,0,375.31,456.58
0,0.075,0.31,0.03,0.01,374.77,476.14
0,0.075,0.31,0.03,0.02,374.93,495.23
0,0.075,0.31,0.03,0.03,375.66,515.17
0,0.075,0.31,0.03,0.04,376.08,534.22
0,0.1,0.31,0,0,319.45,504.2
0,0.1,0.31,0,0.01,319.64,524.64
0,0.1,0.31,0,0.02,320.15,544.23
0,0.1,0.31,0,0.03,320.77,565.12
0,0.1,0.31,0,0.04,319.51,586.16
0,0.1,0.31,0.01,0,339.12,504.22
0,0.1,0.31,0.01,0.01,338.18,524
0,0.1,0.31,0.01,0.02,338.92,543.87
0,0.1,0.31,0.01,0.03,338.37,565.16
0,0.1,0.31,0.01,0.04,338.96,586
0,0.1,0.31,0.02,0,357.26,504.22
0,0.1,0.31,0.02,0.01,357.9,524.09
0,0.1,0.31,0.02,0.02,356.51,544.4
0,0.1,0.31,0.02,0.03,357.73,565.39
0,0.1,0.31,0.02,0.04,358.4,585.61
0,0.1,0.31,0.03,0,375.64,505.07
0,0.1,0.31,0.03,0.01,376.02,524.11
0,0.1,0.31,0.03,0.02,375.87,545.17
0,0.1,0.31,0.03,0.03,375.98,565.32
0.025,0.05,0.31,0.02,0.04,403.51,486.66
0.025,0.05,0.31,0.03,0,419.58,410.69
0.025,0.05,0.31,0.03,0.01,419.56,428.92
0.025,0.05,0.31,0.03,0.02,420.45,448.13
0.025,0.05,0.31,0.03,0.03,421.29,467.15
0.025,0.05,0.31,0.03,0.04,421.71,486.73
0.025,0.075,0.31,0,0,365.89,457.15
0.025,0.075,0.31,0,0.01,364.97,476.57
0.025,0.075,0.31,0,0.02,366.65,495.18
0.025,0.075,0.31,0,0.03,365.51,514.26
0.025,0.075,0.31,0,0.04,366.85,534.37
0.025,0.075,0.31,0.01,0,384.08,457.48
0.025,0.075,0.31,0.01,0.01,383.7,475.91
0.025,0.075,0.31,0.01,0.02,385,495.16
0.025,0.075,0.31,0.01,0.03,385.08,516.07
0.025,0.075,0.31,0.01,0.04,385.61,534.82
0.025,0.075,0.31,0.02,0,402.79,457.95
0.025,0.075,0.31,0.02,0.01,402.86,476.84
0.025,0.075,0.31,0.02,0.02,403.26,496.04
0.025,0.075,0.31,0.02,0.03,402.86,515.26
0.025,0.075,0.31,0.02,0.04,403.93,535.18
0.025,0.075,0.31,0.03,0,420.89,456.69
0.025,0.075,0.31,0.03,0.01,420.65,477.38
0.025,0.075,0.31,0.03,0.02,422.29,496.59
0.025,0.075,0.31,0.03,0.03,422.43,515.72
0.025,0.075,0.31,0.03,0.04,424.03,535.56
0.025,0.1,0.31,0,0,366.77,503.94
0.025,0.1,0.31,0,0.01,367.27,523.83
0.025,0.1,0.31,0,0.02,367.22,544.39
0.025,0.1,0.31,0,0.03,366.49,564.73
0.025,0.1,0.31,0,0.04,367.44,586.7
0.025,0.1,0.31,0.01,0,383.37,505.05
0.025,0.1,0.31,0.01,0.01,384.7,525.07
0.025,0.1,0.31,0.01,0.02,385.9,544.93
0.025,0.1,0.31,0.01,0.03,386.57,565.32
0.025,0.1,0.31,0.01,0.04,387.03,586.1
0.025,0.1,0.31,0.02,0,403.29,505.36
0.025,0.1,0.31,0.02,0.01,403.71,525.43
0.025,0.1,0.31,0.02,0.02,405.01,546.01
0.025,0.1,0.31,0.02,0.03,405.62,566.54
0.025,0.1,0.31,0.02,0.04,405.87,587.71
0.025,0.1,0.31,0.03,0,421.65,507.31
0.025,0.1,0.31,0.03,0.01,422.47,526.2
0.025,0.1,0.31,0.03,0.02,423.9,546.32
0.025,0.1,0.31,0.03,0.03,425.28,567.54
0.05,0.05,0.31,0.02,0.04,449.92,487.46
0.05,0.05,0.31,0.03,0,467.32,410.9
0.05,0.05,0.31,0.03,0.01,467.47,430.08
0.05,0.05,0.31,0.03,0.02,468.4,450.18
0.05,0.05,0.31,0.03,0.03,468.48,469.1
0.05,0.05,0.31,0.03,0.04,469.27,488.53
0.05,0.075,0.31,0,0,412.7,456.05
0.05,0.075,0.31,0,0.01,412.55,476.14
0.05,0.075,0.31,0,0.02,413.09,496.04
0.05,0.075,0.31,0,0.03,412.93,515.49
0.05,0.075,0.31,0,0.04,413.44,537.03
0.05,0.075,0.31,0.01,0,430.17,458.51
0.05,0.075,0.31,0.01,0.01,431.13,476.56
0.05,0.075,0.31,0.01,0.02,430.42,496.59
0.05,0.075,0.31,0.01,0.03,430.79,516.13
0.05,0.075,0.31,0.01,0.04,432.83,536.5
0.05,0.075,0.31,0.02,0,448.92,457.36
0.05,0.075,0.31,0.02,0.01,450.74,477.13
0.05,0.075,0.31,0.02,0.02,451.28,497.02
0.05,0.075,0.31,0.02,0.03,451.67,516.59
0.05,0.075,0.31,0.02,0.04,451.95,537.84
0.05,0.075,0.31,0.03,0,468.76,459.89
0.05,0.075,0.31,0.03,0.01,469.91,478.17
0.05,0.075,0.31,0.03,0.02,469.98,498.06
0.05,0.075,0.31,0.03,0.03,470.26,517.62
0.05,0.075,0.31,0.03,0.04,471.61,538.46
0.05,0.1,0.31,0,0,412.97,505.06
0.05,0.1,0.31,0,0.01,413.78,526.33
0.05,0.1,0.31,0,0.02,413.99,545.69
0.05,0.1,0.31,0,0.03,414.9,566.08
0.05,0.1,0.31,0,0.04,415.49,586.72
0.05,0.1,0.31,0.01,0,431.35,505.66
0.05,0.1,0.31,0.01,0.01,432.66,526.3
0.05,0.1,0.31,0.01,0.02,433.85,546.47
0.05,0.1,0.31,0.01,0.03,434.12,567.84
0.05,0.1,0.31,0.01,0.04,434.89,588.02
0.05,0.1,0.31,0.02,0,450.98,508.03
0.05,0.1,0.31,0.02,0.01,451.7,527.42
0.05,0.1,0.31,0.02,0.02,452.37,547.68
0.05,0.1,0.31,0.02,0.03,454.43,568.91
0.05,0.1,0.31,0.02,0.04,453.55,589.21
0.05,0.1,0.31,0.03,0,469.85,508.22
0.05,0.1,0.31,0.03,0.01,471.82,528.22
0.05,0.1,0.31,0.03,0.02,472.92,547.59
0.05,0.1,0.31,0.03,0.03,473.14,568.73
0.075,0.05,0.31,0.02,0.04,499.47,489.84
0.075,0.05,0.31,0.03,0,515.48,413.34
0.075,0.05,0.31,0.03,0.01,516.76,432.65
0.075,0.05,0.31,0.03,0.02,517.09,451
0.075,0.05,0.31,0.03,0.03,517.6,470.68
0.075,0.05,0.31,0.03,0.04,519.05,489.78
0.075,0.075,0.31,0,0,458.75,459.24
0.075,0.075,0.31,0,0.01,459.63,477.59
0.075,0.075,0.31,0,0.02,459.63,497.38
0.075,0.075,0.31,0,0.03,460.59,517.86
0.075,0.075,0.31,0,0.04,461.95,538.29
0.075,0.075,0.31,0.01,0,478.07,459.74
0.075,0.075,0.31,0.01,0.01,479.16,479.42
0.075,0.075,0.31,0.01,0.02,479.28,497.66
0.075,0.075,0.31,0.01,0.03,481.62,517.82
0.075,0.075,0.31,0.01,0.04,481.1,538.83
0.075,0.075,0.31,0.02,0,498.33,460.25
0.075,0.075,0.31,0.02,0.01,499,478.79
0.075,0.075,0.31,0.02,0.02,499.74,499.61
0.075,0.075,0.31,0.02,0.03,500.91,520.53
0.075,0.075,0.31,0.02,0.04,501.4,540.12
0.075,0.075,0.31,0.03,0,516.65,461.11
0.075,0.075,0.31,0.03,0.01,518.52,481.44
0.075,0.075,0.31,0.03,0.02,519.87,500.74
0.075,0.075,0.31,0.03,0.03,520.16,520.88
0.075,0.075,0.31,0.03,0.04,522.55,541.62
0.075,0.1,0.31,0,0,459.75,507.49
0.075,0.1,0.31,0,0.01,460.92,528.08
0.075,0.1,0.31,0,0.02,462.5,547.98
0.075,0.1,0.31,0,0.03,463.47,569.29
0.075,0.1,0.31,0,0.04,465.28,589.84
0.075,0.1,0.31,0.01,0,479.54,508.26
0.075,0.1,0.31,0.01,0.01,481.91,528.23
0.075,0.1,0.31,0.01,0.02,481.83,549.26
0.075,0.1,0.31,0.01,0.03,483.24,569.99
0.075,0.1,0.31,0.01,0.04,484.24,591.13
0.075,0.1,0.31,0.02,0,500.14,509.46
0.075,0.1,0.31,0.02,0.01,501.82,529.17
0.075,0.1,0.31,0.02,0.02,501.98,549.21
0.075,0.1,0.31,0.02,0.03,503.72,571.9
0.075,0.1,0.31,0.02,0.04,505.41,591.93
0.075,0.1,0.31,0.03,0,519.99,510.28
0.075,0.1,0.31,0.03,0.01,521.08,531.04
0.075,0.1,0.31,0.03,0.02,522.99,551.58
0.075,0.1,0.31,0.03,0.03,523.79,572.53
0.1,0.05,0.31,0.02,0.04,549.24,492.97
0.1,0.05,0.31,0.03,0,566.1,413.69
0.1,0.05,0.31,0.03,0.01,567.3,433.42
0.1,0.05,0.31,0.03,0.02,568.69,453.62
0.1,0.05,0.31,0.03,0.03,569.41,473.32
0.1,0.05,0.31,0.03,0.04,569.8,493.86
0.1,0.075,0.31,0,0,507.23,461.57
0.1,0.075,0.31,0,0.01,508.22,480.22
0.1,0.075,0.31,0,0.02,509.44,500.64
0.1,0.075,0.31,0,0.03,510.84,520.3
0.1,0.075,0.31,0,0.04,512.15,540.84
0.1,0.075,0.31,0.01,0,527.96,461.3
0.1,0.075,0.31,0.01,0.01,527.94,480.37
0.1,0.075,0.31,0.01,0.02,529.04,500.24
0.1,0.075,0.31,0.01,0.03,529.93,521.09
0.1,0.075,0.31,0.01,0.04,532.67,542.07
0.1,0.075,0.31,0.02,0,547.08,462.9
0.1,0.075,0.31,0.02,0.01,548.94,481.88
0.1,0.075,0.31,0.02,0.02,549.98,501.36
0.1,0.075,0.31,0.02,0.03,551.49,523.39
0.1,0.075,0.31,0.02,0.04,553.56,543.92
0.1,0.075,0.31,0.03,0,569.79,463.5
0.1,0.075,0.31,0.03,0.01,568.84,484.21
0.1,0.075,0.31,0.03,0.02,571.35,503.5
0.1,0.075,0.31,0.03,0.03,573.01,524.17
0.1,0.075,0.31,0.03,0.04,574.06,544.16
0.1,0.1,0.31,0,0,509.55,509.9
0.1,0.1,0.31,0,0.01,511.51,530.08
0.1,0.1,0.31,0,0.02,512.77,551.13
0.1,0.1,0.31,0,0.03,514.1,572.25
0.1,0.1,0.31,0,0.04,515.96,592.57
0.1,0.1,0.31,0.01,0,531.25,510.72
0.1,0.1,0.31,0.01,0.01,531.62,531.3
0.1,0.1,0.31,0.01,0.02,532.38,552.8
0.1,0.1,0.31,0.01,0.03,534.51,574.22
0.1,0.1,0.31,0.01,0.04,536.25,595.08
0.1,0.1,0.31,0.02,0,551.28,511.47
0.1,0.1,0.31,0.02,0.01,552.2,532.4
0.1,0.1,0.31,0.02,0.02,554.21,554.78
0.1,0.1,0.31,0.02,0.03,555.62,574.35
0.1,0.1,0.31,0.02,0.04,558.22,596.62
0.1,0.1,0.31,0.03,0,571.82,513.62
0.1,0.1,0.31,0.03,0.01,572.7,533.94
0.1,0.1,0.31,0.03,0.02,575.63,556
0.1,0.1,0.31,0.03,0.03,577.63,576.79
0,0.05,0.32,0.02,0.04,355.31,480.29
0,0.05,0.32,0.03,0,371.87,407.79
0,0.05,0.32,0.03,0.01,372.98,425.15
0,0.05,0.32,0.03,0.02,372.17,443.1
0,0.05,0.32,0.03,0.03,372.62,462.12
0,0.05,0.32,0.03,0.04,372.87,479.25
0,0.075,0.32,0,0,320.46,452.95
0,0.075,0.32,0,0.01,319.99,469.83
0,0.075,0.32,0,0.02,321.01,489.88
0,0.075,0.32,0,0.03,320.35,507.38
0,0.075,0.32,0,0.04,319.53,526.31
0,0.075,0.32,0.01,0,336.88,452.59
0,0.075,0.32,0.01,0.01,337.39,470.82
0,0.075,0.32,0.01,0.02,337.18,488.52
0,0.075,0.32,0.01,0.03,337.46,507.95
0,0.075,0.32,0.01,0.04,337.91,527.05
0,0.075,0.32,0.02,0,355.41,451.63
0,0.075,0.32,0.02,0.01,355.52,470.05
0,0.075,0.32,0.02,0.02,355.46,489
0,0.075,0.32,0.02,0.03,355.44,507.21
0,0.075,0.32,0.02,0.04,356.21,526.73
0,0.075,0.32,0.03,0,372.99,453.56
0,0.075,0.32,0.03,0.01,373.31,470.62
0,0.075,0.32,0.03,0.02,372.48,489.3
0,0.075,0.32,0.03,0.03,374.15,508.56
0,0.075,0.32,0.03,0.04,374.92,527.71
0,0.1,0.32,0,0,320.2,497.88
0,0.1,0.32,0,0.01,319.46,517.25
0,0.1,0.32,0,0.02,319.8,536.95
0,0.1,0.32,0,0.03,319.96,555.32
0,0.1,0.32,0,0.04,320.27,576.73
0,0.1,0.32,0.01,0,337.97,497.78
0,0.1,0.32,0.01,0.01,338.4,516.65
0,0.1,0.32,0.01,0.02,337.3,536.21
0,0.1,0.32,0.01,0.03,338.95,556.83
0,0.1,0.32,0.01,0.04,337.89,576.78
0,0.1,0.32,0.02,0,355.39,498.26
0,0.1,0.32,0.02,0.01,355.62,518.68
0,0.1,0.32,0.02,0.02,355.79,537.73
0,0.1,0.32,0.02,0.03,357.06,556.66
0,0.1,0.32,0.02,0.04,356.47,576.95
0,0.1,0.32,0.03,0,373.2,498.84
0,0.1,0.32,0.03,0.01,373.55,517.49
0,0.1,0.32,0.03,0.02,374.58,535.99
0,0.1,0.32,0.03,0.03,374.55,556.71
0.025,0.05,0.32,0.02,0.04,400.05,480.49
0.025,0.05,0.32,0.03,0,417.04,408.21
0.025,0.05,0.32,0.03,0.01,417.61,425.25
0.025,0.05,0.32,0.03,0.02,418.15,443.81
0.025,0.05,0.32,0.03,0.03,417.79,463.48
0.025,0.05,0.32,0.03,0.04,418.32,480.38
0.025,0.075,0.32,0,0,363.98,451.89
0.025,0.075,0.32,0,0.01,363.7,470.52
0.025,0.075,0.32,0,0.02,364.19,489.27
0.025,0.075,0.32,0,0.03,364.33,508.68
0.025,0.075,0.32,0,0.04,364.7,526.83
0.025,0.075,0.32,0.01,0,381.55,452.62
0.025,0.075,0.32,0.01,0.01,381.8,471.26
0.025,0.075,0.32,0.01,0.02,382.89,489.28
0.025,0.075,0.32,0.01,0.03,383.11,509.05
0.025,0.075,0.32,0.01,0.04,383.74,528.19
0.025,0.075,0.32,0.02,0,399.08,452.99
0.025,0.075,0.32,0.02,0.01,399.96,471.23
0.025,0.075,0.32,0.02,0.02,399.85,488.68
0.025,0.075,0.32,0.02,0.03,399.89,507.55
0.025,0.075,0.32,0.02,0.04,402.37,528.15
0.025,0.075,0.32,0.03,0,418.1,453.4
0.025,0.075,0.32,0.03,0.01,417.97,472.68
0.025,0.075,0.32,0.03,0.02,418.36,490.46
0.025,0.075,0.32,0.03,0.03,418.75,509.5
0.025,0.075,0.32,0.03,0.04,419.31,528.17
0.025,0.1,0.32,0,0,364.6,499.28
0.025,0.1,0.32,0,0.01,365.21,517.89
0.025,0.1,0.32,0,0.02,365.04,536.87
0.025,0.1,0.32,0,0.03,364.7,555.98
0.025,0.1,0.32,0,0.04,365.98,577.08
0.025,0.1,0.32,0.01,0,382.57,498
0.025,0.1,0.32,0.01,0.01,382.91,517.24
0.025,0.1,0.32,0.01,0.02,382.74,536.71
0.025,0.1,0.32,0.01,0.03,384.43,558.16
0.025,0.1,0.32,0.01,0.04,384.49,576.74
0.025,0.1,0.32,0.02,0,400.15,499.1
0.025,0.1,0.32,0.02,0.01,400.84,518.05
0.025,0.1,0.32,0.02,0.02,401.9,537.48
0.025,0.1,0.32,0.02,0.03,401.74,556.61
0.025,0.1,0.32,0.02,0.04,403.18,578.34
0.025,0.1,0.32,0.03,0,419.18,499.48
0.025,0.1,0.32,0.03,0.01,419.5,519.98
0.025,0.1,0.32,0.03,0.02,420.48,538.8
0.025,0.1,0.32,0.03,0.03,420.55,558.54
0.05,0.05,0.32,0.02,0.04,446.11,482.55
0.05,0.05,0.32,0.03,0,462.17,409.28
0.05,0.05,0.32,0.03,0.01,461.86,427.78
0.05,0.05,0.32,0.03,0.02,462.82,444.94
0.05,0.05,0.32,0.03,0.03,464.36,463.63
0.05,0.05,0.32,0.03,0.04,464.37,482.46
0.05,0.075,0.32,0,0,408.43,453.82
0.05,0.075,0.32,0,0.01,409.32,472.31
0.05,0.075,0.32,0,0.02,409.58,488.72
0.05,0.075,0.32,0,0.03,410.38,509.65
0.05,0.075,0.32,0,0.04,411.99,528.01
0.05,0.075,0.32,0.01,0,426.84,453.07
0.05,0.075,0.32,0.01,0.01,426.92,472.08
0.05,0.075,0.32,0.01,0.02,427.38,491.06
0.05,0.075,0.32,0.01,0.03,427.78,510.47
0.05,0.075,0.32,0.01,0.04,428.83,528.77
0.05,0.075,0.32,0.02,0,444.7,454.17
0.05,0.075,0.32,0.02,0.01,445.72,471.97
0.05,0.075,0.32,0.02,0.02,445.78,491.41
0.05,0.075,0.32,0.02,0.03,446.6,510.48
0.05,0.075,0.32,0.02,0.04,447.45,530.15
0.05,0.075,0.32,0.03,0,463.05,454.58
0.05,0.075,0.32,0.03,0.01,463.72,473.23
0.05,0.075,0.32,0.03,0.02,465.28,492.18
0.05,0.075,0.32,0.03,0.03,465.55,511.31
0.05,0.075,0.32,0.03,0.04,466.3,530.74
0.05,0.1,0.32,0,0,409.91,499.75
0.05,0.1,0.32,0,0.01,409.74,518.12
0.05,0.1,0.32,0,0.02,412.39,538.77
0.05,0.1,0.32,0,0.03,411.71,559.07
0.05,0.1,0.32,0,0.04,411.57,578.81
0.05,0.1,0.32,0.01,0,427.52,500.78
0.05,0.1,0.32,0.01,0.01,428.38,519.54
0.05,0.1,0.32,0.01,0.02,429.73,538.96
0.05,0.1,0.32,0.01,0.03,429.56,558.5
0.05,0.1,0.32,0.01,0.04,430.32,578.98
0.05,0.1,0.32,0.02,0,446.06,501.3
0.05,0.1,0.32,0.02,0.01,447.13,519.69
0.05,0.1,0.32,0.02,0.02,447.55,540.02
0.05,0.1,0.32,0.02,0.03,448.57,559.3
0.05,0.1,0.32,0.02,0.04,450.29,579.93
0.05,0.1,0.32,0.03,0,465.86,501.3
0.05,0.1,0.32,0.03,0.01,466.16,520.22
0.05,0.1,0.32,0.03,0.02,467.24,540.74
0.05,0.1,0.32,0.03,0.03,467.88,560.51
0.075,0.05,0.32,0.02,0.04,493.98,483.36
0.075,0.05,0.32,0.03,0,509.5,410.67
0.075,0.05,0.32,0.03,0.01,509.47,428.19
0.075,0.05,0.32,0.03,0.02,511.21,446.89
0.075,0.05,0.32,0.03,0.03,511.45,464.87
0.075,0.05,0.32,0.03,0.04,512.12,484.71
0.075,0.075,0.32,0,0,454.53,455.08
0.075,0.075,0.32,0,0.01,453.97,473.5
0.075,0.075,0.32,0,0.02,455.16,491.76
0.075,0.075,0.32,0,0.03,456.31,510.78
0.075,0.075,0.32,0,0.04,457.73,530.71
0.075,0.075,0.32,0.01,0,473.06,455.06
0.075,0.075,0.32,0.01,0.01,473.49,473.27
0.075,0.075,0.32,0.01,0.02,474.74,493.09
0.075,0.075,0.32,0.01,0.03,475.24,511.4
0.075,0.075,0.32,0.01,0.04,477.09,530.7
0.075,0.075,0.32,0.02,0,491.04,456.04
0.075,0.075,0.32,0.02,0.01,491.61,474.8
0.075,0.075,0.32,0.02,0.02,492.45,493.39
0.075,0.075,0.32,0.02,0.03,495.13,512.21
0.075,0.075,0.32,0.02,0.04,494.66,532.24
0.075,0.075,0.32,0.03,0,510.95,455.65
0.075,0.075,0.32,0.03,0.01,512.44,476.08
0.075,0.075,0.32,0.03,0.02,511.82,494.33
0.075,0.075,0.32,0.03,0.03,513.56,513.15
0.075,0.075,0.32,0.03,0.04,514.97,533.11
0.075,0.1,0.32,0,0,456.04,501.53
0.075,0.1,0.32,0,0.01,457.17,520.18
0.075,0.1,0.32,0,0.02,457.02,540.03
0.075,0.1,0.32,0,0.03,458.99,560.22
0.075,0.1,0.32,0,0.04,459.6,580.6
0.075,0.1,0.32,0.01,0,474.78,502.64
0.075,0.1,0.32,0.01,0.01,476.48,521.88
0.075,0.1,0.32,0.01,0.02,476.72,541.11
0.075,0.1,0.32,0.01,0.03,477.07,561.21
0.075,0.1,0.32,0.01,0.04,478.93,582.04
0.075,0.1,0.32,0.02,0,493.75,502.65
0.075,0.1,0.32,0.02,0.01,494.08,521.53
0.075,0.1,0.32,0.02,0.02,496.05,541.15
0.075,0.1,0.32,0.02,0.03,497.38,561.67
0.075,0.1,0.32,0.02,0.04,498.05,582.87
0.075,0.1,0.32,0.03,0,512.28,503.35
0.075,0.1,0.32,0.03,0.01,513.47,523.16
0.075,0.1,0.32,0.03,0.02,515.14,542.65
0.075,0.1,0.32,0.03,0.03,516.43,563.82
0.1,0.05,0.32,0.02,0.04,541.48,486.51
0.1,0.05,0.32,0.03,0,557.4,411.57
0.1,0.05,0.32,0.03,0.01,559.2,430.36
0.1,0.05,0.32,0.03,0.02,559.96,449.52
0.1,0.05,0.32,0.03,0.03,560.55,467.99
0.1,0.05,0.32,0.03,0.04,561.53,486.34
0.1,0.075,0.32,0,0,501.28,456.74
0.1,0.075,0.32,0,0.01,501.58,475.41
0.1,0.075,0.32,0,0.02,502.93,493.72
0.1,0.075,0.32,0,0.03,503.63,513.01
0.1,0.075,0.32,0,0.04,504.49,532.04
0.1,0.075,0.32,0.01,0,519.67,456.45
0.1,0.075,0.32,0.01,0.01,521.19,475.52
0.1,0.075,0.32,0.01,0.02,521.89,495.3
0.1,0.075,0.32,0.01,0.03,523.74,513.82
0.1,0.075,0.32,0.01,0.04,524.58,534.02
0.1,0.075,0.32,0.02,0,540,457.91
0.1,0.075,0.32,0.02,0.01,540.68,477.49
0.1,0.075,0.32,0.02,0.02,542.26,495.5
0.1,0.075,0.32,0.02,0.03,543.52,516.03
0.1,0.075,0.32,0.02,0.04,544.85,534.98
0.1,0.075,0.32,0.03,0,560.99,458.65
0.1,0.075,0.32,0.03,0.01,560.46,478.68
0.1,0.075,0.32,0.03,0.02,561.78,497.15
0.1,0.075,0.32,0.03,0.03,563.97,515.74
0.1,0.075,0.32,0.03,0.04,565.19,536.64
0.1,0.1,0.32,0,0,502.8,503.83
0.1,0.1,0.32,0,0.01,504.33,523.04
0.1,0.1,0.32,0,0.02,505.45,542.35
0.1,0.1,0.32,0,0.03,506.27,562.8
0.1,0.1,0.32,0,0.04,507.24,584.51
0.1,0.1,0.32,0.01,0,522.44,505.78
0.1,0.1,0.32,0.01,0.01,523.28,523.82
0.1,0.1,0.32,0.01,0.02,526.34,543.62
0.1,0.1,0.32,0.01,0.03,526.58,564.66
0.1,0.1,0.32,0.01,0.04,527.84,585.43
0.1,0.1,0.32,0.02,0,541.94,505.42
0.1,0.1,0.32,0.02,0.01,544.42,525.29
0.1,0.1,0.32,0.02,0.02,545.25,545.14
0.1,0.1,0.32,0.02,0.03,547.63,565.97
0.1,0.1,0.32,0.02,0.04,548.93,587.37
0.1,0.1,0.32,0.03,0,563.11,506.33
0.1,0.1,0.32,0.03,0.01,565.15,526.56
0.1,0.1,0.32,0.03,0.02,566.15,547.05
0.1,0.1,0.32,0.03,0.03,567.53,567.87
0,0.05,0.33,0.02,0.04,353.35,475.35
0,0.05,0.33,0.03,0,371.21,405.64
0,0.05,0.33,0.03,0.01,370.91,421.73
0,0.05,0.33,0.03,0.02,370.9,438.73
0,0.05,0.33,0.03,0.03,371.28,457.27
0,0.05,0.33,0.03,0.04,371.94,474.81
0,0.075,0.33,0,0,320.46,447.96
0,0.075,0.33,0,0.01,319.72,465.17
0,0.075,0.33,0,0.02,319.72,483.67
0,0.075,0.33,0,0.03,320.43,501.39
0,0.075,0.33,0,0.04,319.1,518.97
0,0.075,0.33,0.01,0,337.57,447.53
0,0.075,0.33,0.01,0.01,337.47,466.61
0,0.075,0.33,0.01,0.02,337.18,484.12
0,0.075,0.33,0.01,0.03,337.56,502.25
0,0.075,0.33,0.01,0.04,336.66,521.11
0,0.075,0.33,0.02,0,353.57,447.37
0,0.075,0.33,0.02,0.01,354.51,465.64
0,0.075,0.33,0.02,0.02,354.53,484.49
0,0.075,0.33,0.02,0.03,354.6,502.69
0,0.075,0.33,0.02,0.04,354.8,520.16
0,0.075,0.33,0.03,0,371.95,448.05
0,0.075,0.33,0.03,0.01,372.59,466.77
0,0.075,0.33,0.03,0.02,371.75,484.08
0,0.075,0.33,0.03,0.03,372.71,501.94
0,0.075,0.33,0.03,0.04,372.8,520.84
0,0.1,0.33,0,0,318.86,492.23
0,0.1,0.33,0,0.01,319.62,510.72
0,0.1,0.33,0,0.02,320.11,529.85
0,0.1,0.33,0,0.03,319.94,548.23
0,0.1,0.33,0,0.04,320.17,567.72
0,0.1,0.33,0.01,0,337.56,492.98
0,0.1,0.33,0.01,0.01,337.98,510.39
0,0.1,0.33,0.01,0.02,337.64,529.91
0,0.1,0.33,0.01,0.03,336.71,549.25
0,0.1,0.33,0.01,0.04,338.11,567.65
0,0.1,0.33,0.02,0,354.43,492.31
0,0.1,0.33,0.02,0.01,355.11,510.65
0,0.1,0.33,0.02,0.02,355.04,529.72
0,0.1,0.33,0.02,0.03,355.2,547.86
0,0.1,0.33,0.02,0.04,355.47,568.25
0,0.1,0.33,0.03,0,371.93,493.79
0,0.1,0.33,0.03,0.01,372.75,511.55
0,0.1,0.33,0.03,0.02,373.21,530.94
0,0.1,0.33,0.03,0.03,372.76,549.15
0.025,0.05,0.33,0.02,0.04,398.23,475.4
0.025,0.05,0.33,0.03,0,413.62,405.49
0.025,0.05,0.33,0.03,0.01,414.66,422.33
0.025,0.05,0.33,0.03,0.02,414.34,439.41
0.025,0.05,0.33,0.03,0.03,415.31,458.2
0.025,0.05,0.33,0.03,0.04,414.83,475.25
0.025,0.075,0.33,0,0,363.78,448.4
0.025,0.075,0.33,0,0.01,362.85,465.99
0.025,0.075,0.33,0,0.02,363.34,484.18
0.025,0.075,0.33,0,0.03,363,501.8
0.025,0.075,0.33,0,0.04,362.92,520.03
0.025,0.075,0.33,0.01,0,379.44,448.35
0.025,0.075,0.33,0.01,0.01,379.68,465.93
0.025,0.075,0.33,0.01,0.02,380.16,484.34
0.025,0.075,0.33,0.01,0.03,381.01,502.93
0.025,0.075,0.33,0.01,0.04,381.66,520.07
0.025,0.075,0.33,0.02,0,396.45,449.15
0.025,0.075,0.33,0.02,0.01,397.38,466.6
0.025,0.075,0.33,0.02,0.02,397.41,483.05
0.025,0.075,0.33,0.02,0.03,398.47,503.11
0.025,0.075,0.33,0.02,0.04,398.83,521.02
0.025,0.075,0.33,0.03,0,415.1,448.92
0.025,0.075,0.33,0.03,0.01,414.83,466.56
0.025,0.075,0.33,0.03,0.02,416.02,484.76
0.025,0.075,0.33,0.03,0.03,415.13,503.25
0.025,0.075,0.33,0.03,0.04,416.8,522.52
0.025,0.1,0.33,0,0,363.34,492.81
0.025,0.1,0.33,0,0.01,363.39,511.39
0.025,0.1,0.33,0,0.02,363.47,530.32
0.025,0.1,0.33,0,0.03,363.8,548.97
0.025,0.1,0.33,0,0.04,364.98,568.59
0.025,0.1,0.33,0.01,0,380.22,492.7
0.025,0.1,0.33,0.01,0.01,379.56,512.09
0.025,0.1,0.33,0.01,0.02,381.76,530.53
0.025,0.1,0.33,0.01,0.03,381.64,549.42
0.025,0.1,0.33,0.01,0.04,381.84,568.53
0.025,0.1,0.33,0.02,0,397.3,494.9
0.025,0.1,0.33,0.02,0.01,397.86,510.86
0.025,0.1,0.33,0.02,0.02,399.29,530.81
0.025,0.1,0.33,0.02,0.03,399.62,549.03
0.025,0.1,0.33,0.02,0.04,399.67,568.78
0.025,0.1,0.33,0.03,0,415.67,493.49
0.025,0.1,0.33,0.03,0.01,416.22,512.33
0.025,0.1,0.33,0.03,0.02,416.33,530.45
0.025,0.1,0.33,0.03,0.03,416.88,550.3
0.05,0.05,0.33,0.02,0.04,441.63,477.72
0.05,0.05,0.33,0.03,0,458.38,405.44
0.05,0.05,0.33,0.03,0.01,458.24,423.93
0.05,0.05,0.33,0.03,0.02,458.31,441.65
0.05,0.05,0.33,0.03,0.03,459.67,459.55
0.05,0.05,0.33,0.03,0.04,459.76,477.1
0.05,0.075,0.33,0,0,406.13,449.03
0.05,0.075,0.33,0,0.01,405.8,466.41
0.05,0.075,0.33,0,0.02,406.56,484.84
0.05,0.075,0.33,0,0.03,406.66,503.09
0.05,0.075,0.33,0,0.04,407.55,521.3
0.05,0.075,0.33,0.01,0,423.25,449.59
0.05,0.075,0.33,0.01,0.01,423.57,467.68
0.05,0.075,0.33,0.01,0.02,425.52,484.75
0.05,0.075,0.33,0.01,0.03,424.66,502.94
0.05,0.075,0.33,0.01,0.04,426.37,521.99
0.05,0.075,0.33,0.02,0,441.34,449.9
0.05,0.075,0.33,0.02,0.01,441.51,468.03
0.05,0.075,0.33,0.02,0.02,442.42,485.16
0.05,0.075,0.33,0.02,0.03,442.26,504.96
0.05,0.075,0.33,0.02,0.04,442.9,522.39
0.05,0.075,0.33,0.03,0,458.7,450.21
0.05,0.075,0.33,0.03,0.01,459.79,468.06
0.05,0.075,0.33,0.03,0.02,460.19,486.23
0.05,0.075,0.33,0.03,0.03,461.18,503.72
0.05,0.075,0.33,0.03,0.04,462.3,523.05
0.05,0.1,0.33,0,0,407.32,493.6
0.05,0.1,0.33,0,0.01,408.6,511.82
0.05,0.1,0.33,0,0.02,408.33,531.35
0.05,0.1,0.33,0,0.03,408.19,549.57
0.05,0.1,0.33,0,0.04,410,568.39
0.05,0.1,0.33,0.01,0,423.63,495.36
0.05,0.1,0.33,0.01,0.01,425.34,512.24
0.05,0.1,0.33,0.01,0.02,425.77,531.89
0.05,0.1,0.33,0.01,0.03,426.67,550.21
0.05,0.1,0.33,0.01,0.04,426.9,569.99
0.05,0.1,0.33,0.02,0,441.27,494.58
0.05,0.1,0.33,0.02,0.01,443.42,513.02
0.05,0.1,0.33,0.02,0.02,443.65,532.1
0.05,0.1,0.33,0.02,0.03,443.37,551.45
0.05,0.1,0.33,0.02,0.04,445,570.64
0.05,0.1,0.33,0.03,0,460.19,494.91
0.05,0.1,0.33,0.03,0.01,461,514.63
0.05,0.1,0.33,0.03,0.02,461.87,532.4
0.05,0.1,0.33,0.03,0.03,461.8,552.53
0.075,0.05,0.33,0.02,0.04,486.71,479.34
0.075,0.05,0.33,0.03,0,501.93,406.74
0.075,0.05,0.33,0.03,0.01,503.8,424.23
0.075,0.05,0.33,0.03,0.02,503.84,443.1
0.075,0.05,0.33,0.03,0.03,505.38,460.52
0.075,0.05,0.33,0.03,0.04,505.44,478.63
0.075,0.075,0.33,0,0,449.15,449.75
0.075,0.075,0.33,0,0.01,451.25,467.96
0.075,0.075,0.33,0,0.02,451.07,486.07
0.075,0.075,0.33,0,0.03,451.72,504.93
0.075,0.075,0.33,0,0.04,451.52,522.81
0.075,0.075,0.33,0.01,0,467.08,450.38
0.075,0.075,0.33,0.01,0.01,468.97,468.57
0.075,0.075,0.33,0.01,0.02,469.04,486.01
0.075,0.075,0.33,0.01,0.03,470.7,504.79
0.075,0.075,0.33,0.01,0.04,469.97,524.54
0.075,0.075,0.33,0.02,0,486.16,451.51
0.075,0.075,0.33,0.02,0.01,486.69,467.98
0.075,0.075,0.33,0.02,0.02,487.5,488.21
0.075,0.075,0.33,0.02,0.03,487.93,505.79
0.075,0.075,0.33,0.02,0.04,488.55,525.13
0.075,0.075,0.33,0.03,0,504.84,451.21
0.075,0.075,0.33,0.03,0.01,505.3,469.81
0.075,0.075,0.33,0.03,0.02,504.79,488.11
0.075,0.075,0.33,0.03,0.03,507.49,506.81
0.075,0.075,0.33,0.03,0.04,507.46,526.87
0.075,0.1,0.33,0,0,452.01,495.18
0.075,0.1,0.33,0,0.01,452.54,513.95
0.075,0.1,0.33,0,0.02,453,531.53
0.075,0.1,0.33,0,0.03,453.3,552.09
0.075,0.1,0.33,0,0.04,455.15,571.22
0.075,0.1,0.33,0.01,0,469.48,496.15
0.075,0.1,0.33,0.01,0.01,471.19,515.05
0.075,0.1,0.33,0.01,0.02,471.15,533.3
0.075,0.1,0.33,0.01,0.03,472.44,552.66
0.075,0.1,0.33,0.01,0.04,472.84,572.07
0.075,0.1,0.33,0.02,0,488.05,496.34
0.075,0.1,0.33,0.02,0.01,489.82,515.17
0.075,0.1,0.33,0.02,0.02,490.1,534.74
0.075,0.1,0.33,0.02,0.03,491.59,554.16
0.075,0.1,0.33,0.02,0.04,492.12,573.48
0.075,0.1,0.33,0.03,0,506.43,498.15
0.075,0.1,0.33,0.03,0.01,507.69,517.02
0.075,0.1,0.33,0.03,0.02,508.88,534.7
0.075,0.1,0.33,0.03,0.03,509.45,554.79
0.1,0.05,0.33,0.02,0.04,534.04,480.18
0.1,0.05,0.33,0.03,0,550.07,407.9
0.1,0.05,0.33,0.03,0.01,550.75,426.42
0.1,0.05,0.33,0.03,0.02,551.69,445.62
0.1,0.05,0.33,0.03,0.03,552.5,462.67
0.1,0.05,0.33,0.03,0.04,553.37,481.22
0.1,0.075,0.33,0,0,495.19,451.09
0.1,0.075,0.33,0,0.01,496.68,469.33
0.1,0.075,0.33,0,0.02,497.41,487.06
0.1,0.075,0.33,0,0.03,497.5,506.96
0.1,0.075,0.33,0,0.04,498.09,526.55
0.1,0.075,0.33,0.01,0,514.27,452.08
0.1,0.075,0.33,0.01,0.01,514.45,470.75
0.1,0.075,0.33,0.01,0.02,516.05,488.02
0.1,0.075,0.33,0.01,0.03,516.21,507.62
0.1,0.075,0.33,0.01,0.04,517.77,525.84
0.1,0.075,0.33,0.02,0,532.46,453.39
0.1,0.075,0.33,0.02,0.01,533.77,471.65
0.1,0.075,0.33,0.02,0.02,534.7,490.94
0.1,0.075,0.33,0.02,0.03,535.6,509.86
0.1,0.075,0.33,0.02,0.04,537.41,527.63
0.1,0.075,0.33,0.03,0,552.01,453.27
0.1,0.075,0.33,0.03,0.01,552.65,472.64
0.1,0.075,0.33,0.03,0.02,553.69,490.96
0.1,0.075,0.33,0.03,0.03,555.47,509.08
0.1,0.075,0.33,0.03,0.04,556.34,529.62
0.1,0.1,0.33,0,0,497.79,497.17
0.1,0.1,0.33,0,0.01,498.36,514.88
0.1,0.1,0.33,0,0.02,499.94,534.62
0.1,0.1,0.33,0,0.03,500.62,554.23
0.1,0.1,0.33,0,0.04,501.14,574.35
0.1,0.1,0.33,0.01,0,516.48,498.28
0.1,0.1,0.33,0.01,0.01,517.22,517.85
0.1,0.1,0.33,0.01,0.02,518.42,537.1
0.1,0.1,0.33,0.01,0.03,519.06,555.64
0.1,0.1,0.33,0.01,0.04,520.67,576.04
0.1,0.1,0.33,0.02,0,534.15,499.19
0.1,0.1,0.33,0.02,0.01,536.1,518.67
0.1,0.1,0.33,0.02,0.02,537.8,537.01
0.1,0.1,0.33,0.02,0.03,539.52,557.84
0.1,0.1,0.33,0.02,0.04,541.61,576.28
0.1,0.1,0.33,0.03,0,554.62,500.23
0.1,0.1,0.33,0.03,0.01,555.85,519.18
0.1,0.1,0.33,0.03,0.02,556.66,538.97
0.1,0.1,0.33,0.03,0.03,559.59,558.75
0,0.05,0.34,0.02,0.04,353.89,470.24
0,0.05,0.34,0.03,0,369.01,402.62
0,0.05,0.34,0.03,0.01,369.32,418.74
0,0.05,0.34,0.03,0.02,368.9,435.69
0,0.05,0.34,0.03,0.03,370.18,452.8
0,0.05,0.34,0.03,0.04,369.95,471.02
0,0.075,0.34,0,0,319.8,443.95
0,0.075,0.34,0,0.01,319.48,461.08
0,0.075,0.34,0,0.02,320.01,478.38
0,0.075,0.34,0,0.03,320.29,495.81
0,0.075,0.34,0,0.04,320.13,513.59
0,0.075,0.34,0.01,0,336.6,444.33
0,0.075,0.34,0.01,0.01,336.81,461.42
0,0.075,0.34,0.01,0.02,335.97,478.09
0,0.075,0.34,0.01,0.03,336.42,495.92
0,0.075,0.34,0.01,0.04,337.38,513.45
0,0.075,0.34,0.02,0,353,444.29
0,0.075,0.34,0.02,0.01,354.12,460.81
0,0.075,0.34,0.02,0.02,353.01,477.91
0,0.075,0.34,0.02,0.03,354.26,496.35
0,0.075,0.34,0.02,0.04,353.41,514.25
0,0.075,0.34,0.03,0,370.4,444.48
0,0.075,0.34,0.03,0.01,369.52,461.8
0,0.075,0.34,0.03,0.02,369.09,478.93
0,0.075,0.34,0.03,0.03,370.69,496.78
0,0.075,0.34,0.03,0.04,370.38,514.03
0,0.1,0.34,0,0,320.69,487.01
0,0.1,0.34,0,0.01,319.91,505.09
0,0.1,0.34,0,0.02,319.49,523.52
0,0.1,0.34,0,0.03,319.77,541.83
0,0.1,0.34,0,0.04,320.55,559.27
0,0.1,0.34,0.01,0,336.87,487.48
0,0.1,0.34,0.01,0.01,337.38,504.86
0,0.1,0.34,0.01,0.02,337.45,522.55
0,0.1,0.34,0.01,0.03,336.55,540.72
0,0.1,0.34,0.01,0.04,336.83,560.42
0,0.1,0.34,0.02,0,352.76,487.98
0,0.1,0.34,0.02,0.01,352.44,505.47
0,0.1,0.34,0.02,0.02,354.08,523.86
0,0.1,0.34,0.02,0.03,353.97,540.77
0,0.1,0.34,0.02,0.04,354.11,559.53
0,0.1,0.34,0.03,0,370.56,488.48
0,0.1,0.34,0.03,0.01,370.74,506.22
0,0.1,0.34,0.03,0.02,370.7,523.99
0,0.1,0.34,0.03,0.03,370.72,542.06
0.025,0.05,0.34,0.02,0.04,395.14,470.78
0.025,0.05,0.34,0.03,0,410.9,403.17
0.025,0.05,0.34,0.03,0.01,411.29,419.91
0.025,0.05,0.34,0.03,0.02,411.96,436.91
0.025,0.05,0.34,0.03,0.03,411.6,453.07
0.025,0.05,0.34,0.03,0.04,411.87,470.76
0.025,0.075,0.34,0,0,361.23,443.4
0.025,0.075,0.34,0,0.01,361.94,460.96
0.025,0.075,0.34,0,0.02,362.55,477.78
0.025,0.075,0.34,0,0.03,361.96,496.02
0.025,0.075,0.34,0,0.04,362.97,514.16
0.025,0.075,0.34,0.01,0,377.52,445.08
0.025,0.075,0.34,0.01,0.01,378.26,461.99
0.025,0.075,0.34,0.01,0.02,378.74,478.91
0.025,0.075,0.34,0.01,0.03,379.32,496.04
0.025,0.075,0.34,0.01,0.04,379.08,514.05
0.025,0.075,0.34,0.02,0,394.28,444.04
0.025,0.075,0.34,0.02,0.01,394.86,462.33
0.025,0.075,0.34,0.02,0.02,396.26,480.32
0.025,0.075,0.34,0.02,0.03,396.07,496.71
0.025,0.075,0.34,0.02,0.04,396.88,514.72
0.025,0.075,0.34,0.03,0,412.28,445.29
0.025,0.075,0.34,0.03,0.01,411.25,462.03
0.025,0.075,0.34,0.03,0.02,412.09,479.64
0.025,0.075,0.34,0.03,0.03,414.03,497.63
0.025,0.075,0.34,0.03,0.04,413.7,515.99
0.025,0.1,0.34,0,0,362.14,486.78
0.025,0.1,0.34,0,0.01,361.84,505.17
0.025,0.1,0.34,0,0.02,361.88,523.4
0.025,0.1,0.34,0,0.03,362.68,541.36
0.025,0.1,0.34,0,0.04,362.66,560.35
0.025,0.1,0.34,0.01,0,378.94,488.52
0.025,0.1,0.34,0.01,0.01,379.05,505.66
0.025,0.1,0.34,0.01,0.02,379.25,523.86
0.025,0.1,0.34,0.01,0.03,379.95,541.98
0.025,0.1,0.34,0.01,0.04,380.8,560.44
0.025,0.1,0.34,0.02,0,395.78,488.08
0.025,0.1,0.34,0.02,0.01,396.01,505.39
0.025,0.1,0.34,0.02,0.02,396.39,524.07
0.025,0.1,0.34,0.02,0.03,396.51,543.7
0.025,0.1,0.34,0.02,0.04,396.9,561.17
0.025,0.1,0.34,0.03,0,412,488.26
0.025,0.1,0.34,0.03,0.01,412.98,505.75
0.025,0.1,0.34,0.03,0.02,413.11,524.25
0.025,0.1,0.34,0.03,0.03,414.41,542.75
0.05,0.05,0.34,0.02,0.04,437.57,471.24
0.05,0.05,0.34,0.03,0,452.97,404.31
0.05,0.05,0.34,0.03,0.01,453.97,420.02
0.05,0.05,0.34,0.03,0.02,454.4,437.9
0.05,0.05,0.34,0.03,0.03,454.37,454.5
0.05,0.05,0.34,0.03,0.04,455.22,472.02
0.05,0.075,0.34,0,0,403.11,444.85
0.05,0.075,0.34,0,0.01,403.99,462.1
0.05,0.075,0.34,0,0.02,403.65,480.54
0.05,0.075,0.34,0,0.03,403.49,497.47
0.05,0.075,0.34,0,0.04,405,516.13
0.05,0.075,0.34,0.01,0,420.36,445.03
0.05,0.075,0.34,0.01,0.01,420.94,462.92
0.05,0.075,0.34,0.01,0.02,420.73,479.89
0.05,0.075,0.34,0.01,0.03,421.15,496.91
0.05,0.075,0.34,0.01,0.04,421.86,515.78
0.05,0.075,0.34,0.02,0,437.59,445.43
0.05,0.075,0.34,0.02,0.01,438.68,463.96
0.05,0.075,0.34,0.02,0.02,438.89,480.79
0.05,0.075,0.34,0.02,0.03,438.43,498.42
0.05,0.075,0.34,0.02,0.04,439.43,516.68
0.05,0.075,0.34,0.03,0,455.17,446.31
0.05,0.075,0.34,0.03,0.01,454.82,463.84
0.05,0.075,0.34,0.03,0.02,455.98,479.97
0.05,0.075,0.34,0.03,0.03,455.93,499.14
0.05,0.075,0.34,0.03,0.04,455.81,518.14
0.05,0.1,0.34,0,0,403.11,488.38
0.05,0.1,0.34,0,0.01,404.4,505.91
0.05,0.1,0.34,0,0.02,405.09,523.6
0.05,0.1,0.34,0,0.03,404.79,542.53
0.05,0.1,0.34,0,0.04,406.32,561.73
0.05,0.1,0.34,0.01,0,420.38,489.39
0.05,0.1,0.34,0.01,0.01,421.18,506.29
0.05,0.1,0.34,0.01,0.02,421.7,523.3
0.05,0.1,0.34,0.01,0.03,422.93,542.42
0.05,0.1,0.34,0.01,0.04,423.18,561.66
0.05,0.1,0.34,0.02,0,439.01,489.2
0.05,0.1,0.34,0.02,0.01,439.21,507.12
0.05,0.1,0.34,0.02,0.02,439.71,526.42
0.05,0.1,0.34,0.02,0.03,440.44,544.03
0.05,0.1,0.34,0.02,0.04,441.78,563.07
0.05,0.1,0.34,0.03,0,456,490.07
0.05,0.1,0.34,0.03,0.01,455.43,508.09
0.05,0.1,0.34,0.03,0.02,457.63,526.31
0.05,0.1,0.34,0.03,0.03,458.86,544.35
0.075,0.05,0.34,0.02,0.04,481.08,472.94
0.075,0.05,0.34,0.03,0,496.45,404.01
0.075,0.05,0.34,0.03,0.01,498.59,421.36
0.075,0.05,0.34,0.03,0.02,498.11,438.52
0.075,0.05,0.34,0.03,0.03,499.03,456.39
0.075,0.05,0.34,0.03,0.04,500.15,474.05
0.075,0.075,0.34,0,0,445.22,446.07
0.075,0.075,0.34,0,0.01,446.11,463.06
0.075,0.075,0.34,0,0.02,446.36,480.34
0.075,0.075,0.34,0,0.03,448.1,498.72
0.075,0.075,0.34,0,0.04,447.34,516.59
0.075,0.075,0.34,0.01,0,463.41,446.6
0.075,0.075,0.34,0.01,0.01,462.97,464.59
0.075,0.075,0.34,0.01,0.02,464.53,480.86
0.075,0.075,0.34,0.01,0.03,465.43,499.37
0.075,0.075,0.34,0.01,0.04,466.15,517.63
0.075,0.075,0.34,0.02,0,481.03,447.05
0.075,0.075,0.34,0.02,0.01,482.09,464.83
0.075,0.075,0.34,0.02,0.02,481.43,481.58
0.075,0.075,0.34,0.02,0.03,482.49,500.46
0.075,0.075,0.34,0.02,0.04,483.68,517.01
0.075,0.075,0.34,0.03,0,499.31,447.58
0.075,0.075,0.34,0.03,0.01,499.4,465.51
0.075,0.075,0.34,0.03,0.02,499.42,482.33
0.075,0.075,0.34,0.03,0.03,500.72,501.25
0.075,0.075,0.34,0.03,0.04,502.64,519.39
0.075,0.1,0.34,0,0,447.87,490.5
0.075,0.1,0.34,0,0.01,448.1,507.75
0.075,0.1,0.34,0,0.02,447.97,525.61
0.075,0.1,0.34,0,0.03,448.97,543.65
0.075,0.1,0.34,0,0.04,449.64,563.28
0.075,0.1,0.34,0.01,0,465.13,489.82
0.075,0.1,0.34,0.01,0.01,465.19,509.22
0.075,0.1,0.34,0.01,0.02,467.39,526.01
0.075,0.1,0.34,0.01,0.03,466.4,545.06
0.075,0.1,0.34,0.01,0.04,468.12,565.12
0.075,0.1,0.34,0.02,0,481.99,490
0.075,0.1,0.34,0.02,0.01,482.76,509.25
0.075,0.1,0.34,0.02,0.02,484.76,527.45
0.075,0.1,0.34,0.02,0.03,485.28,546.6
0.075,0.1,0.34,0.02,0.04,486.64,564.14
0.075,0.1,0.34,0.03,0,501.46,492.42
0.075,0.1,0.34,0.03,0.01,501.2,510.8
0.075,0.1,0.34,0.03,0.02,502.71,529.88
0.075,0.1,0.34,0.03,0.03,503.7,547.85
0.1,0.05,0.34,0.02,0.04,527.06,474.62
0.1,0.05,0.34,0.03,0,542.55,405.54
0.1,0.05,0.34,0.03,0.01,543.5,423
0.1,0.05,0.34,0.03,0.02,543.89,441.7
0.1,0.05,0.34,0.03,0.03,544.41,458.31
0.1,0.05,0.34,0.03,0.04,545.84,475.47
0.1,0.075,0.34,0,0,489.99,446.72
0.1,0.075,0.34,0,0.01,490.55,464.35
0.1,0.075,0.34,0,0.02,490.97,481.85
0.1,0.075,0.34,0,0.03,491.18,500.33
0.1,0.075,0.34,0,0.04,493.48,519.61
0.1,0.075,0.34,0.01,0,507.87,447.59
0.1,0.075,0.34,0.01,0.01,508.51,464.99
0.1,0.075,0.34,0.01,0.02,508.55,483.62
0.1,0.075,0.34,0.01,0.03,509.91,502.29
0.1,0.075,0.34,0.01,0.04,511.29,519.69
0.1,0.075,0.34,0.02,0,525.02,448.61
0.1,0.075,0.34,0.02,0.01,526.57,465.56
0.1,0.075,0.34,0.02,0.02,527.26,484.42
0.1,0.075,0.34,0.02,0.03,527.85,502.02
0.1,0.075,0.34,0.02,0.04,529.71,521.62
0.1,0.075,0.34,0.03,0,544.07,449.48
0.1,0.075,0.34,0.03,0.01,545.26,466.51
0.1,0.075,0.34,0.03,0.02,546.36,485.95
0.1,0.075,0.34,0.03,0.03,547.76,502.39
0.1,0.075,0.34,0.03,0.04,547.87,521.64
0.1,0.1,0.34,0,0,490.91,491.08
0.1,0.1,0.34,0,0.01,492.88,510.33
0.1,0.1,0.34,0,0.02,493.54,528.69
0.1,0.1,0.34,0,0.03,494.9,546.06
0.1,0.1,0.34,0,0.04,495.88,565.71
0.1,0.1,0.34,0.01,0,509.48,492.14
0.1,0.1,0.34,0.01,0.01,510.83,510.47
0.1,0.1,0.34,0.01,0.02,511.33,529.76
0.1,0.1,0.34,0.01,0.03,512.79,548.29
0.1,0.1,0.34,0.01,0.04,513.91,566.9
0.1,0.1,0.34,0.02,0,528.74,493.2
0.1,0.1,0.34,0.02,0.01,528.63,512.11
0.1,0.1,0.34,0.02,0.02,529.91,530.34
0.1,0.1,0.34,0.02,0.03,531.09,549.08
0.1,0.1,0.34,0.02,0.04,533.45,568.86
0.1,0.1,0.34,0.03,0,546.57,494.18
0.1,0.1,0.34,0.03,0.01,548.66,512.25
0.1,0.1,0.34,0.03,0.02,550.07,530.92
0.1,0.1,0.34,0.03,0.03,550.39,549.8
0,0.05,0.35,0.02,0.04,352.57,465.66
0,0.05,0.35,0.03,0,367.78,400.4
0,0.05,0.35,0.03,0.01,367.09,416.26
0,0.05,0.35,0.03,0.02,368.85,432.58
0,0.05,0.35,0.03,0.03,368.37,448.47
0,0.05,0.35,0.03,0.04,368.14,465.72
0,0.075,0.35,0,0,319.49,440.94
0,0.075,0.35,0,0.01,320.26,456.56
0,0.075,0.35,0,0.02,320.36,474.38
0,0.075,0.35,0,0.03,319.98,490.76
0,0.075,0.35,0,0.04,320.35,508.26
0,0.075,0.35,0.01,0,336.42,440.15
0,0.075,0.35,0.01,0.01,336.72,457.08
0,0.075,0.35,0.01,0.02,337.17,473.57
0,0.075,0.35,0.01,0.03,336.26,490.59
0,0.075,0.35,0.01,0.04,336.31,508.54
0,0.075,0.35,0.02,0,351.62,439.77
0,0.075,0.35,0.02,0.01,352.02,457.38
0,0.075,0.35,0.02,0.02,352.94,474.04
0,0.075,0.35,0.02,0.03,352.45,490.53
0,0.075,0.35,0.02,0.04,352.83,507.13
0,0.075,0.35,0.03,0,368.01,440.54
0,0.075,0.35,0.03,0.01,369.15,456.87
0,0.075,0.35,0.03,0.02,368.75,473.91
0,0.075,0.35,0.03,0.03,369.25,491.2
0,0.075,0.35,0.03,0.04,369.65,508.34
0,0.1,0.35,0,0,319.2,482.6
0,0.1,0.35,0,0.01,319.88,498.72
0,0.1,0.35,0,0.02,320.59,516.64
0,0.1,0.35,0,0.03,320.14,533.98
0,0.1,0.35,0,0.04,319.93,552.47
0,0.1,0.35,0.01,0,336.18,482.3
0,0.1,0.35,0.01,0.01,336.87,499.46
0,0.1,0.35,0.01,0.02,336.63,516.21
0,0.1,0.35,0.01,0.03,335.94,534.19
0,0.1,0.35,0.01,0.04,337.46,552.14
0,0.1,0.35,0.02,0,352.59,482.85
0,0.1,0.35,0.02,0.01,352.28,499.07
0,0.1,0.35,0.02,0.02,352.93,517.18
0,0.1,0.35,0.02,0.03,352.87,535.02
0,0.1,0.35,0.02,0.04,353.93,551.87
0,0.1,0.35,0.03,0,368.34,481.62
0,0.1,0.35,0.03,0.01,369.62,499.39
0,0.1,0.35,0.03,0.02,369.19,517.71
0,0.1,0.35,0.03,0.03,369.99,535.45
0.025,0.05,0.35,0.02,0.04,392.5,466.51
0.025,0.05,0.35,0.03,0,408.48,400.32
0.025,0.05,0.35,0.03,0.01,408.5,417.09
0.025,0.05,0.35,0.03,0.02,409.07,433.51
0.025,0.05,0.35,0.03,0.03,408.53,450.34
0.025,0.05,0.35,0.03,0.04,409.44,466.04
0.025,0.075,0.35,0,0,359.88,440.63
0.025,0.075,0.35,0,0.01,359.99,456.53
0.025,0.075,0.35,0,0.02,361.04,474.51
0.025,0.075,0.35,0,0.03,359.77,491.03
0.025,0.075,0.35,0,0.04,360.7,508.33
0.025,0.075,0.35,0.01,0,375.97,440.46
0.025,0.075,0.35,0.01,0.01,375.84,457.2
0.025,0.075,0.35,0.01,0.02,376.88,474.27
0.025,0.075,0.35,0.01,0.03,376.64,492.15
0.025,0.075,0.35,0.01,0.04,377.09,508.02
0.025,0.075,0.35,0.02,0,392.1,441.83
0.025,0.075,0.35,0.02,0.01,393.72,457.77
0.025,0.075,0.35,0.02,0.02,392.36,475.46
0.025,0.075,0.35,0.02,0.03,393.62,492.53
0.025,0.075,0.35,0.02,0.04,394.41,509.09
0.025,0.075,0.35,0.03,0,408.84,441.44
0.025,0.075,0.35,0.03,0.01,408.3,457.61
0.025,0.075,0.35,0.03,0.02,409.22,475.17
0.025,0.075,0.35,0.03,0.03,410.5,491.9
0.025,0.075,0.35,0.03,0.04,410.24,509.28
0.025,0.1,0.35,0,0,360.89,482.89
0.025,0.1,0.35,0,0.01,360.42,498.61
0.025,0.1,0.35,0,0.02,361.19,517.36
0.025,0.1,0.35,0,0.03,360.6,534.4
0.025,0.1,0.35,0,0.04,361.87,552.73
0.025,0.1,0.35,0.01,0,376.67,483.35
0.025,0.1,0.35,0.01,0.01,377.56,499.87
0.025,0.1,0.35,0.01,0.02,377.23,516.67
0.025,0.1,0.35,0.01,0.03,377.91,534.29
0.025,0.1,0.35,0.01,0.04,378.75,553.11
0.025,0.1,0.35,0.02,0,393.84,483.41
0.025,0.1,0.35,0.02,0.01,394.05,499.8
0.025,0.1,0.35,0.02,0.02,393.97,518.15
0.025,0.1,0.35,0.02,0.03,394.22,535.52
0.025,0.1,0.35,0.02,0.04,395.46,553.21
0.025,0.1,0.35,0.03,0,409.33,483.17
0.025,0.1,0.35,0.03,0.01,410.3,500.65
0.025,0.1,0.35,0.03,0.02,411.22,517.92
0.025,0.1,0.35,0.03,0.03,411.44,535.91
0.05,0.05,0.35,0.02,0.04,434.54,467.79
0.05,0.05,0.35,0.03,0,449.35,401.11
0.05,0.05,0.35,0.03,0.01,450.01,417.8
0.05,0.05,0.35,0.03,0.02,450.09,433.6
0.05,0.05,0.35,0.03,0.03,450.86,451.55
0.05,0.05,0.35,0.03,0.04,451.48,468.37
0.05,0.075,0.35,0,0,401.38,441.3
0.05,0.075,0.35,0,0.01,400.25,457.43
0.05,0.075,0.35,0,0.02,400.8,474.12
0.05,0.075,0.35,0,0.03,402.26,491.88
0.05,0.075,0.35,0,0.04,402.46,509.44
0.05,0.075,0.35,0.01,0,416.82,440.95
0.05,0.075,0.35,0.01,0.01,417.27,457.94
0.05,0.075,0.35,0.01,0.02,417.67,473.93
0.05,0.075,0.35,0.01,0.03,418.32,492.93
0.05,0.075,0.35,0.01,0.04,419.43,509.48
0.05,0.075,0.35,0.02,0,433.66,442.65
0.05,0.075,0.35,0.02,0.01,434.55,458.6
0.05,0.075,0.35,0.02,0.02,433.88,475.29
0.05,0.075,0.35,0.02,0.03,435.14,493.91
0.05,0.075,0.35,0.02,0.04,435.82,511.07
0.05,0.075,0.35,0.03,0,450.98,441.81
0.05,0.075,0.35,0.03,0.01,451.32,459.23
0.05,0.075,0.35,0.03,0.02,451.52,476.21
0.05,0.075,0.35,0.03,0.03,452.2,493.92
0.05,0.075,0.35,0.03,0.04,452.42,510.41
0.05,0.1,0.35,0,0,401.48,483.59
0.05,0.1,0.35,0,0.01,401.41,500.78
0.05,0.1,0.35,0,0.02,402.76,517.68
0.05,0.1,0.35,0,0.03,402.92,535.97
0.05,0.1,0.35,0,0.04,402.7,554.2
0.05,0.1,0.35,0.01,0,417.9,482.88
0.05,0.1,0.35,0.01,0.01,418.11,500.87
0.05,0.1,0.35,0.01,0.02,419.69,518.27
0.05,0.1,0.35,0.01,0.03,420.35,535.62
0.05,0.1,0.35,0.01,0.04,420.7,554.62
0.05,0.1,0.35,0.02,0,434.4,484.08
0.05,0.1,0.35,0.02,0.01,435.84,502.25
0.05,0.1,0.35,0.02,0.02,436.12,519.11
0.05,0.1,0.35,0.02,0.03,436.07,536.47
0.05,0.1,0.35,0.02,0.04,437.29,554.92
0.05,0.1,0.35,0.03,0,452.01,484.32
0.05,0.1,0.35,0.03,0.01,452.97,501.85
0.05,0.1,0.35,0.03,0.02,453.88,519.73
0.05,0.1,0.35,0.03,0.03,453.67,537.36
0.075,0.05,0.35,0.02,0.04,476.58,468.12
0.075,0.05,0.35,0.03,0,492.06,402.64
0.075,0.05,0.35,0.03,0.01,492.87,418.85
0.075,0.05,0.35,0.03,0.02,492.57,434.45
0.075,0.05,0.35,0.03,0.03,493,451.32
0.075,0.05,0.35,0.03,0.04,493.38,469.59
0.075,0.075,0.35,0,0,441.83,441.91
0.075,0.075,0.35,0,0.01,442.12,458.86
0.075,0.075,0.35,0,0.02,442.79,475.2
0.075,0.075,0.35,0,0.03,443.5,492.56
0.075,0.075,0.35,0,0.04,443.99,510.85
0.075,0.075,0.35,0.01,0,458.61,442.79
0.075,0.075,0.35,0.01,0.01,459.29,458.77
0.075,0.075,0.35,0.01,0.02,459.43,476.25
0.075,0.075,0.35,0.01,0.03,461.08,493.3
0.075,0.075,0.35,0.01,0.04,461.43,511.43
0.075,0.075,0.35,0.02,0,475.86,442.91
0.075,0.075,0.35,0.02,0.01,476.4,459.41
0.075,0.075,0.35,0.02,0.02,477.47,477.26
0.075,0.075,0.35,0.02,0.03,478.04,494.87
0.075,0.075,0.35,0.02,0.04,478.26,511.99
0.075,0.075,0.35,0.03,0,492.98,443.19
0.075,0.075,0.35,0.03,0.01,493.4,460.28
0.075,0.075,0.35,0.03,0.02,494.05,477.91
0.075,0.075,0.35,0.03,0.03,495.49,496.06
0.075,0.075,0.35,0.03,0.04,495.7,514.21
0.075,0.1,0.35,0,0,443.14,484.48
0.075,0.1,0.35,0,0.01,443.21,501.72
0.075,0.1,0.35,0,0.02,444.45,519.28
0.075,0.1,0.35,0,0.03,445.6,537.34
0.075,0.1,0.35,0,0.04,446.55,554.61
0.075,0.1,0.35,0.01,0,459.59,485.18
0.075,0.1,0.35,0.01,0.01,460.42,503.91
0.075,0.1,0.35,0.01,0.02,461.39,518.94
0.075,0.1,0.35,0.01,0.03,462.79,537.36
0.075,0.1,0.35,0.01,0.04,464.28,555.6
0.075,0.1,0.35,0.02,0,477.29,484.94
0.075,0.1,0.35,0.02,0.01,479.29,502.84
0.075,0.1,0.35,0.02,0.02,478.28,520.53
0.075,0.1,0.35,0.02,0.03,479.4,538.49
0.075,0.1,0.35,0.02,0.04,481.35,557.35
0.075,0.1,0.35,0.03,0,494.91,485.97
0.075,0.1,0.35,0.03,0.01,496.17,503.82
0.075,0.1,0.35,0.03,0.02,496.62,521.81
0.075,0.1,0.35,0.03,0.03,497.73,539.7
0.1,0.05,0.35,0.02,0.04,520.59,470.48
0.1,0.05,0.35,0.03,0,536.32,404.21
0.1,0.05,0.35,0.03,0.01,535.55,419.27
0.1,0.05,0.35,0.03,0.02,537.2,436.5
0.1,0.05,0.35,0.03,0.03,538.5,453.89
0.1,0.05,0.35,0.03,0.04,538.82,471.32
0.1,0.075,0.35,0,0,484.36,443.44
0.1,0.075,0.35,0,0.01,485.25,460.43
0.1,0.075,0.35,0,0.02,485.13,477.54
0.1,0.075,0.35,0,0.03,485.56,494.34
0.1,0.075,0.35,0,0.04,486.98,512.67
0.1,0.075,0.35,0.01,0,502.08,443.83
0.1,0.075,0.35,0.01,0.01,502.4,460.71
0.1,0.075,0.35,0.01,0.02,503.07,477.86
0.1,0.075,0.35,0.01,0.03,504.68,496.36
0.1,0.075,0.35,0.01,0.04,504.57,513.24
0.1,0.075,0.35,0.02,0,519.23,444.64
0.1,0.075,0.35,0.02,0.01,519.25,461.35
0.1,0.075,0.35,0.02,0.02,520.02,479.2
0.1,0.075,0.35,0.02,0.03,521.02,496.62
0.1,0.075,0.35,0.02,0.04,523.01,514
0.1,0.075,0.35,0.03,0,537.31,445.41
0.1,0.075,0.35,0.03,0.01,537.5,462.87
0.1,0.075,0.35,0.03,0.02,539.32,480.15
0.1,0.075,0.35,0.03,0.03,539.59,497.51
0.1,0.075,0.35,0.03,0.04,540.95,516.28
0.1,0.1,0.35,0,0,486.55,485.95
0.1,0.1,0.35,0,0.01,487.22,503.8
0.1,0.1,0.35,0,0.02,488.54,521.57
0.1,0.1,0.35,0,0.03,489.91,540.04
0.1,0.1,0.35,0,0.04,490.54,558.2
0.1,0.1,0.35,0.01,0,503.83,487.17
0.1,0.1,0.35,0.01,0.01,504.92,503.45
0.1,0.1,0.35,0.01,0.02,505.65,522.17
0.1,0.1,0.35,0.01,0.03,506.38,540.35
0.1,0.1,0.35,0.01,0.04,508.17,559.25
0.1,0.1,0.35,0.02,0,521.14,487.49
0.1,0.1,0.35,0.02,0.01,522.21,505.01
0.1,0.1,0.35,0.02,0.02,523.04,524.32
0.1,0.1,0.35,0.02,0.03,524.38,541.34
0.1,0.1,0.35,0.02,0.04,526.38,559.02
0.1,0.1,0.35,0.03,0,539.47,488.6
0.1,0.1,0.35,0.03,0.01,540.64,507
0.1,0.1,0.35,0.03,0.02,541.92,525.42
0.1,0.1,0.35,0.03,0.03,542.14,542.69
0,0.05,0.36,0.02,0.04,351.03,460.77
0,0.05,0.36,0.03,0,366.85,397.25
0,0.05,0.36,0.03,0.01,367.28,412.74
0,0.05,0.36,0.03,0.02,366.68,429.38
0,0.05,0.36,0.03,0.03,367.09,445.33
0,0.05,0.36,0.03,0.04,366.26,461.89
0,0.075,0.36,0,0,320.27,437.48
0,0.075,0.36,0,0.01,320.03,452.99
0,0.075,0.36,0,0.02,318.95,468.82
0,0.075,0.36,0,0.03,319.65,486.51
0,0.075,0.36,0,0.04,319.44,502.7
0,0.075,0.36,0.01,0,335.75,436.05
0,0.075,0.36,0.01,0.01,335.8,453.12
0,0.075,0.36,0.01,0.02,335.91,469.92
0,0.075,0.36,0.01,0.03,335.71,485.72
0,0.075,0.36,0.01,0.04,335.39,501.96
0,0.075,0.36,0.02,0,350.71,437.16
0,0.075,0.36,0.02,0.01,350.44,453.46
0,0.075,0.36,0.02,0.02,350.47,468.82
0,0.075,0.36,0.02,0.03,352.3,485.99
0,0.075,0.36,0.02,0.04,351.98,501.88
0,0.075,0.36,0.03,0,366.41,437.1
0,0.075,0.36,0.03,0.01,366.96,453.56
0,0.075,0.36,0.03,0.02,367.48,469.86
0,0.075,0.36,0.03,0.03,367.28,486.49
0,0.075,0.36,0.03,0.04,367.84,502.24
0,0.1,0.36,0,0,319.89,476.47
0,0.1,0.36,0,0.01,320.09,494.51
0,0.1,0.36,0,0.02,319.97,511.34
0,0.1,0.36,0,0.03,319.38,527.63
0,0.1,0.36,0,0.04,319.91,545.36
0,0.1,0.36,0.01,0,335.02,477.22
0,0.1,0.36,0.01,0.01,336,493.82
0,0.1,0.36,0.01,0.02,335.77,511.44
0,0.1,0.36,0.01,0.03,336.71,527.73
0,0.1,0.36,0.01,0.04,336.58,546.3
0,0.1,0.36,0.02,0,351.94,477.19
0,0.1,0.36,0.02,0.01,351.28,495.01
0,0.1,0.36,0.02,0.02,351.34,510.45
0,0.1,0.36,0.02,0.03,351.12,527.62
0,0.1,0.36,0.02,0.04,352.38,545.66
0,0.1,0.36,0.03,0,367.28,477.16
0,0.1,0.36,0.03,0.01,368.32,494.95
0,0.1,0.36,0.03,0.02,367.35,511.51
0,0.1,0.36,0.03,0.03,367.5,528.55
0.025,0.05,0.36,0.02,0.04,390.52,462.43
0.025,0.05,0.36,0.03,0,404.95,399.12
0.025,0.05,0.36,0.03,0.01,404.81,414.17
0.025,0.05,0.36,0.03,0.02,406.41,429.58
0.025,0.05,0.36,0.03,0.03,406,446.22
0.025,0.05,0.36,0.03,0.04,406.76,462.34
0.025,0.075,0.36,0,0,358.83,437.4
0.025,0.075,0.36,0,0.01,359.4,452.27
0.025,0.075,0.36,0,0.02,360.14,469.4
0.025,0.075,0.36,0,0.03,360.31,485.94
0.025,0.075,0.36,0,0.04,359.01,503.64
0.025,0.075,0.36,0.01,0,374.32,437.4
0.025,0.075,0.36,0.01,0.01,375.93,453.71
0.025,0.075,0.36,0.01,0.02,375.75,469.35
0.025,0.075,0.36,0.01,0.03,375.32,486.2
0.025,0.075,0.36,0.01,0.04,375.69,504.24
0.025,0.075,0.36,0.02,0,390.32,437.46
0.025,0.075,0.36,0.02,0.01,390.21,452.89
0.025,0.075,0.36,0.02,0.02,391.04,470.81
0.025,0.075,0.36,0.02,0.03,390.73,486.86
0.025,0.075,0.36,0.02,0.04,391.65,503.65
0.025,0.075,0.36,0.03,0,406.46,437.88
0.025,0.075,0.36,0.03,0.01,406.46,454.25
0.025,0.075,0.36,0.03,0.02,407.67,469.91
0.025,0.075,0.36,0.03,0.03,408.13,486.66
0.025,0.075,0.36,0.03,0.04,407.76,504.01
0.025,0.1,0.36,0,0,359.25,478.07
0.025,0.1,0.36,0,0.01,359.23,493.84
0.025,0.1,0.36,0,0.02,360.08,511.32
0.025,0.1,0.36,0,0.03,359.94,528.28
0.025,0.1,0.36,0,0.04,359.69,545.52
0.025,0.1,0.36,0.01,0,375.49,477.42
0.025,0.1,0.36,0.01,0.01,376.05,494.54
0.025,0.1,0.36,0.01,0.02,376.2,512.27
0.025,0.1,0.36,0.01,0.03,376.19,528.76
0.025,0.1,0.36,0.01,0.04,376.81,545.45
0.025,0.1,0.36,0.02,0,391.29,478.81
0.025,0.1,0.36,0.02,0.01,391.82,495.44
0.025,0.1,0.36,0.02,0.02,391.87,512.56
0.025,0.1,0.36,0.02,0.03,392.62,528.45
0.025,0.1,0.36,0.02,0.04,392.88,546.53
0.025,0.1,0.36,0.03,0,406.85,479.12
0.025,0.1,0.36,0.03,0.01,407.68,495.35
0.025,0.1,0.36,0.03,0.02,408.37,512.25
0.025,0.1,0.36,0.03,0.03,408.64,528.8
0.05,0.05,0.36,0.02,0.04,430.67,462.55
0.05,0.05,0.36,0.03,0,446.22,398.67
0.05,0.05,0.36,0.03,0.01,446.2,414.85
0.05,0.05,0.36,0.03,0.02,446.61,430.13
0.05,0.05,0.36,0.03,0.03,445.94,446.14
0.05,0.05,0.36,0.03,0.04,448.65,462.45
0.05,0.075,0.36,0,0,399.01,437.87
0.05,0.075,0.36,0,0.01,398.6,454.08
0.05,0.075,0.36,0,0.02,398.27,470.33
0.05,0.075,0.36,0,0.03,399.4,486.8
0.05,0.075,0.36,0,0.04,399.37,503.52
0.05,0.075,0.36,0.01,0,414.67,437.43
0.05,0.075,0.36,0.01,0.01,414.88,454.02
0.05,0.075,0.36,0.01,0.02,414.62,470.65
0.05,0.075,0.36,0.01,0.03,415.67,486.6
0.05,0.075,0.36,0.01,0.04,416.69,504.77
0.05,0.075,0.36,0.02,0,430.38,438.07
0.05,0.075,0.36,0.02,0.01,431.02,454.71
0.05,0.075,0.36,0.02,0.02,431.84,470.53
0.05,0.075,0.36,0.02,0.03,431.85,487.92
0.05,0.075,0.36,0.02,0.04,432.52,504.52
0.05,0.075,0.36,0.03,0,446.69,438.69
0.05,0.075,0.36,0.03,0.01,447.69,455.12
0.05,0.075,0.36,0.03,0.02,447.9,472.15
0.05,0.075,0.36,0.03,0.03,448.93,487.91
0.05,0.075,0.36,0.03,0.04,448.74,505.17
0.05,0.1,0.36,0,0,399.78,478.77
0.05,0.1,0.36,0,0.01,399.47,494.41
0.05,0.1,0.36,0,0.02,399.94,510.9
0.05,0.1,0.36,0,0.03,399.77,529.41
0.05,0.1,0.36,0,0.04,400.6,547.56
0.05,0.1,0.36,0.01,0,415.33,479.23
0.05,0.1,0.36,0.01,0.01,416.42,494.86
0.05,0.1,0.36,0.01,0.02,417.18,512.72
0.05,0.1,0.36,0.01,0.03,416.94,529.09
0.05,0.1,0.36,0.01,0.04,417.31,547.5
0.05,0.1,0.36,0.02,0,432.41,479.47
0.05,0.1,0.36,0.02,0.01,431.87,495.72
0.05,0.1,0.36,0.02,0.02,432.73,512.59
0.05,0.1,0.36,0.02,0.03,434.08,530.69
0.05,0.1,0.36,0.02,0.04,433.89,548.45
0.05,0.1,0.36,0.03,0,448.43,480.48
0.05,0.1,0.36,0.03,0.01,448.97,496.34
0.05,0.1,0.36,0.03,0.02,449.66,513.53
0.05,0.1,0.36,0.03,0.03,450.16,530.14
0.075,0.05,0.36,0.02,0.04,471.56,463.76
0.075,0.05,0.36,0.03,0,486.84,400.09
0.075,0.05,0.36,0.03,0.01,486.89,415.75
0.075,0.05,0.36,0.03,0.02,487.27,432.03
0.075,0.05,0.36,0.03,0.03,487.27,448.14
0.075,0.05,0.36,0.03,0.04,488.85,466.43
0.075,0.075,0.36,0,0,439.37,438.48
0.075,0.075,0.36,0,0.01,439.22,454.8
0.075,0.075,0.36,0,0.02,439.33,470.67
0.075,0.075,0.36,0,0.03,440.05,488.13
0.075,0.075,0.36,0,0.04,439.91,505.08
0.075,0.075,0.36,0.01,0,454.18,438.76
0.075,0.075,0.36,0.01,0.01,455.61,455.14
0.075,0.075,0.36,0.01,0.02,456.06,471.78
0.075,0.075,0.36,0.01,0.03,455.52,487.55
0.075,0.075,0.36,0.01,0.04,457.2,505.53
0.075,0.075,0.36,0.02,0,471.14,439.45
0.075,0.075,0.36,0.02,0.01,472.2,456.24
0.075,0.075,0.36,0.02,0.02,471.12,471.79
0.075,0.075,0.36,0.02,0.03,473.39,489.54
0.075,0.075,0.36,0.02,0.04,473.18,505.55
0.075,0.075,0.36,0.03,0,486.69,439.9
0.075,0.075,0.36,0.03,0.01,488.91,456.35
0.075,0.075,0.36,0.03,0.02,488.47,473.26
0.075,0.075,0.36,0.03,0.03,489.5,489.83
0.075,0.075,0.36,0.03,0.04,490.97,506.66
0.075,0.1,0.36,0,0,439.75,479.36
0.075,0.1,0.36,0,0.01,440.66,496.01
0.075,0.1,0.36,0,0.02,440.02,512.16
0.075,0.1,0.36,0,0.03,441.79,531.1
0.075,0.1,0.36,0,0.04,441.88,548.28
0.075,0.1,0.36,0.01,0,455.99,479.78
0.075,0.1,0.36,0.01,0.01,456.59,496.9
0.075,0.1,0.36,0.01,0.02,457.6,514.48
0.075,0.1,0.36,0.01,0.03,459.48,530.97
0.075,0.1,0.36,0.01,0.04,458.88,549.33
0.075,0.1,0.36,0.02,0,472.98,480.63
0.075,0.1,0.36,0.02,0.01,473.45,497.46
0.075,0.1,0.36,0.02,0.02,475.04,515.19
0.075,0.1,0.36,0.02,0.03,475.29,531.66
0.075,0.1,0.36,0.02,0.04,475.93,550.04
0.075,0.1,0.36,0.03,0,489.51,482.03
0.075,0.1,0.36,0.03,0.01,489.67,498.1
0.075,0.1,0.36,0.03,0.02,491.08,516.06
0.075,0.1,0.36,0.03,0.03,491.64,532.18
0.1,0.05,0.36,0.02,0.04,514.52,466.27
0.1,0.05,0.36,0.03,0,529.59,400.79
0.1,0.05,0.36,0.03,0.01,530.22,415.86
0.1,0.05,0.36,0.03,0.02,530.67,432.83
0.1,0.05,0.36,0.03,0.03,530.72,448.9
0.1,0.05,0.36,0.03,0.04,532.61,466.71
0.1,0.075,0.36,0,0,479.56,440.17
0.1,0.075,0.36,0,0.01,480.79,455.65
0.1,0.075,0.36,0,0.02,480.3,473
0.1,0.075,0.36,0,0.03,481.61,489.84
0.1,0.075,0.36,0,0.04,482.2,506.94
0.1,0.075,0.36,0.01,0,495.46,440.34
0.1,0.075,0.36,0.01,0.01,497.2,456.57
0.1,0.075,0.36,0.01,0.02,497.5,473.47
0.1,0.075,0.36,0.01,0.03,497.69,490.33
0.1,0.075,0.36,0.01,0.04,497.98,507.51
0.1,0.075,0.36,0.02,0,513.4,439.91
0.1,0.075,0.36,0.02,0.01,513.98,457.22
0.1,0.075,0.36,0.02,0.02,514.37,474.08
0.1,0.075,0.36,0.02,0.03,515.68,490.98
0.1,0.075,0.36,0.02,0.04,517.18,508.35
0.1,0.075,0.36,0.03,0,530.02,442.26
0.1,0.075,0.36,0.03,0.01,531.56,458.69
0.1,0.075,0.36,0.03,0.02,531.74,475.39
0.1,0.075,0.36,0.03,0.03,532.9,491.99
0.1,0.075,0.36,0.03,0.04,533.71,509.82
0.1,0.1,0.36,0,0,481.54,480.83
0.1,0.1,0.36,0,0.01,482.09,498.04
0.1,0.1,0.36,0,0.02,482.25,514.78
0.1,0.1,0.36,0,0.03,483.27,532.26
0.1,0.1,0.36,0,0.04,484.28,549.9
0.1,0.1,0.36,0.01,0,497.64,482.19
0.1,0.1,0.36,0.01,0.01,499.51,498.57
0.1,0.1,0.36,0.01,0.02,499.43,516.25
0.1,0.1,0.36,0.01,0.03,500.26,533.96
0.1,0.1,0.36,0.01,0.04,502.82,551.09
0.1,0.1,0.36,0.02,0,515.97,482.92
0.1,0.1,0.36,0.02,0.01,514.79,499.77
0.1,0.1,0.36,0.02,0.02,516.46,518.11
0.1,0.1,0.36,0.02,0.03,518.83,534.67
0.1,0.1,0.36,0.02,0.04,519.24,552.59
0.1,0.1,0.36,0.03,0,532.76,484.97
0.1,0.1,0.36,0.03,0.01,534.83,500.19
0.1,0.1,0.36,0.03,0.02,535.55,518.15
0.1,0.1,0.36,0.03,0.03,535.03,535.79
0,0.05,0.37,0.02,0.04,349.92,457.54
0,0.05,0.37,0.03,0,366.05,394.99
0,0.05,0.37,0.03,0.01,365.02,410.25
0,0.05,0.37,0.03,0.02,365.58,426.11
0,0.05,0.37,0.03,0.03,366.21,441.56
0,0.05,0.37,0.03,0.04,366.37,457.41
0,0.075,0.37,0,0,319.37,434.19
0,0.075,0.37,0,0.01,320.35,450.32
0,0.075,0.37,0,0.02,319.74,464.4
0,0.075,0.37,0,0.03,319.79,481.91
0,0.075,0.37,0,0.04,320.93,497.75
0,0.075,0.37,0.01,0,334.97,433.35
0,0.075,0.37,0.01,0.01,336.02,449.54
0,0.075,0.37,0.01,0.02,335.37,465.05
0,0.075,0.37,0.01,0.03,335.21,480.66
0,0.075,0.37,0.01,0.04,335.03,497.61
0,0.075,0.37,0.02,0,351.15,433.43
0,0.075,0.37,0.02,0.01,350.08,449.29
0,0.075,0.37,0.02,0.02,349.09,465.37
0,0.075,0.37,0.02,0.03,351.3,482.81
0,0.075,0.37,0.02,0.04,351.43,496.93
0,0.075,0.37,0.03,0,364.58,434.68
0,0.075,0.37,0.03,0.01,365.57,449.4
0,0.075,0.37,0.03,0.02,365.47,464.59
0,0.075,0.37,0.03,0.03,366.27,480.96
0,0.075,0.37,0.03,0.04,366.67,498.28
0,0.1,0.37,0,0,319.74,472.38
0,0.1,0.37,0,0.01,319.47,488.52
0,0.1,0.37,0,0.02,319.73,505.91
0,0.1,0.37,0,0.03,319.35,521.46
0,0.1,0.37,0,0.04,319.48,539.49
0,0.1,0.37,0.01,0,335.2,473.41
0,0.1,0.37,0.01,0.01,335.18,489.07
0,0.1,0.37,0.01,0.02,335.19,506.11
0,0.1,0.37,0.01,0.03,335.81,523.07
0,0.1,0.37,0.01,0.04,336.1,538.2
0,0.1,0.37,0.02,0,351.36,472.74
0,0.1,0.37,0.02,0.01,350.77,489.81
0,0.1,0.37,0.02,0.02,350.59,505.59
0,0.1,0.37,0.02,0.03,351.49,522.6
0,0.1,0.37,0.02,0.04,351.49,539.15
0,0.1,0.37,0.03,0,365.68,472.62
0,0.1,0.37,0.03,0.01,365.26,488.7
0,0.1,0.37,0.03,0.02,366.59,506.62
0,0.1,0.37,0.03,0.03,366.14,522.64
0.025,0.05,0.37,0.02,0.04,389.4,456.88
0.025,0.05,0.37,0.03,0,402.98,396.01
0.025,0.05,0.37,0.03,0.01,404.23,410.98
0.025,0.05,0.37,0.03,0.02,403.03,426.2
0.025,0.05,0.37,0.03,0.03,404.12,441.95
0.025,0.05,0.37,0.03,0.04,404.69,458
0.025,0.075,0.37,0,0,357.72,433.49
0.025,0.075,0.37,0,0.01,358.37,448.79
0.025,0.075,0.37,0,0.02,358.72,466.12
0.025,0.075,0.37,0,0.03,359.49,481.42
0.025,0.075,0.37,0,0.04,357.72,497.55
0.025,0.075,0.37,0.01,0,373.34,433.88
0.025,0.075,0.37,0.01,0.01,373.44,449.17
0.025,0.075,0.37,0.01,0.02,373.2,465.7
0.025,0.075,0.37,0.01,0.03,374.29,481.31
0.025,0.075,0.37,0.01,0.04,373.77,498.22
0.025,0.075,0.37,0.02,0,388.72,433.79
0.025,0.075,0.37,0.02,0.01,387.7,450.15
0.025,0.075,0.37,0.02,0.02,388.37,465.7
0.025,0.075,0.37,0.02,0.03,389.41,482.63
0.025,0.075,0.37,0.02,0.04,390.62,498.38
0.025,0.075,0.37,0.03,0,404.25,434.64
0.025,0.075,0.37,0.03,0.01,404.11,450.35
0.025,0.075,0.37,0.03,0.02,404.93,466.24
0.025,0.075,0.37,0.03,0.03,404.29,481.49
0.025,0.075,0.37,0.03,0.04,404.93,498.09
0.025,0.1,0.37,0,0,358.18,473.88
0.025,0.1,0.37,0,0.01,357.41,488.54
0.025,0.1,0.37,0,0.02,359.15,506.63
0.025,0.1,0.37,0,0.03,358.07,521.67
0.025,0.1,0.37,0,0.04,358.22,538.87
0.025,0.1,0.37,0.01,0,373.51,472.99
0.025,0.1,0.37,0.01,0.01,374.33,490.15
0.025,0.1,0.37,0.01,0.02,374.1,506.55
0.025,0.1,0.37,0.01,0.03,374.19,521.96
0.025,0.1,0.37,0.01,0.04,374.19,538.9
0.025,0.1,0.37,0.02,0,390.01,473.33
0.025,0.1,0.37,0.02,0.01,390.09,490.04
0.025,0.1,0.37,0.02,0.02,389.88,506.51
0.025,0.1,0.37,0.02,0.03,389.94,523.08
0.025,0.1,0.37,0.02,0.04,391.16,539.56
0.025,0.1,0.37,0.03,0,405.63,473.86
0.025,0.1,0.37,0.03,0.01,405.63,490.06
0.025,0.1,0.37,0.03,0.02,406.39,506.7
0.025,0.1,0.37,0.03,0.03,405.55,523.16
0.05,0.05,0.37,0.02,0.04,426.77,457.89
0.05,0.05,0.37,0.03,0,443.18,396.74
0.05,0.05,0.37,0.03,0.01,442.12,411.94
0.05,0.05,0.37,0.03,0.02,443.53,427.6
0.05,0.05,0.37,0.03,0.03,443.44,443.98
0.05,0.05,0.37,0.03,0.04,443.93,459.1
0.05,0.075,0.37,0,0,397.2,435
0.05,0.075,0.37,0,0.01,397.33,450.04
0.05,0.075,0.37,0,0.02,397.42,466.27
0.05,0.075,0.37,0,0.03,396.55,481.7
0.05,0.075,0.37,0,0.04,397.48,498.88
0.05,0.075,0.37,0.01,0,411.79,434.34
0.05,0.075,0.37,0.01,0.01,411.26,450.52
0.05,0.075,0.37,0.01,0.02,412.72,465.86
0.05,0.075,0.37,0.01,0.03,413.77,482.04
0.05,0.075,0.37,0.01,0.04,413.15,499.42
0.05,0.075,0.37,0.02,0,426.89,435.3
0.05,0.075,0.37,0.02,0.01,428.32,450.21
0.05,0.075,0.37,0.02,0.02,428.5,467.08
0.05,0.075,0.37,0.02,0.03,428.3,482.82
0.05,0.075,0.37,0.02,0.04,429.45,498.73
0.05,0.075,0.37,0.03,0,443.08,434.88
0.05,0.075,0.37,0.03,0.01,443.06,452.48
0.05,0.075,0.37,0.03,0.02,443.61,466.55
0.05,0.075,0.37,0.03,0.03,443.33,482.27
0.05,0.075,0.37,0.03,0.04,445.44,499.74
0.05,0.1,0.37,0,0,396.51,474.35
0.05,0.1,0.37,0,0.01,397.8,490.48
0.05,0.1,0.37,0,0.02,397.08,506.67
0.05,0.1,0.37,0,0.03,398.65,522.8
0.05,0.1,0.37,0,0.04,397.88,539.56
0.05,0.1,0.37,0.01,0,412.52,473.65
0.05,0.1,0.37,0.01,0.01,412.87,490.68
0.05,0.1,0.37,0.01,0.02,414.39,506.5
0.05,0.1,0.37,0.01,0.03,413.74,523.49
0.05,0.1,0.37,0.01,0.04,414.73,540.35
0.05,0.1,0.37,0.02,0,428.85,474.95
0.05,0.1,0.37,0.02,0.01,428.67,491.28
0.05,0.1,0.37,0.02,0.02,429.52,507.35
0.05,0.1,0.37,0.02,0.03,430.12,524.24
0.05,0.1,0.37,0.02,0.04,430.34,540.7
0.05,0.1,0.37,0.03,0,443.31,475.23
0.05,0.1,0.37,0.03,0.01,445.4,491.91
0.05,0.1,0.37,0.03,0.02,445.24,508.02
0.05,0.1,0.37,0.03,0.03,445.98,525.02
0.075,0.05,0.37,0.02,0.04,467.51,459.38
0.075,0.05,0.37,0.03,0,482.49,396.87
0.075,0.05,0.37,0.03,0.01,482.98,412.63
0.075,0.05,0.37,0.03,0.02,482.83,428.6
0.075,0.05,0.37,0.03,0.03,483.8,444.91
0.075,0.05,0.37,0.03,0.04,483.84,460.13
0.075,0.075,0.37,0,0,434.95,435.03
0.075,0.075,0.37,0,0.01,436.17,451.43
0.075,0.075,0.37,0,0.02,436.32,466.47
0.075,0.075,0.37,0,0.03,436.15,483.08
0.075,0.075,0.37,0,0.04,436.73,499.05
0.075,0.075,0.37,0.01,0,451.57,435.86
0.075,0.075,0.37,0.01,0.01,452.25,451.35
0.075,0.075,0.37,0.01,0.02,450.89,466.95
0.075,0.075,0.37,0.01,0.03,452.79,484.06
0.075,0.075,0.37,0.01,0.04,452.78,499.63
0.075,0.075,0.37,0.02,0,466.58,435.78
0.075,0.075,0.37,0.02,0.01,466.69,452.02
0.075,0.075,0.37,0.02,0.02,468.15,467.83
0.075,0.075,0.37,0.02,0.03,468.94,483.69
0.075,0.075,0.37,0.02,0.04,469.01,500.92
0.075,0.075,0.37,0.03,0,483.41,436.26
0.075,0.075,0.37,0.03,0.01,483.7,451.19
0.075,0.075,0.37,0.03,0.02,483.44,469.04
0.075,0.075,0.37,0.03,0.03,484.61,484.01
0.075,0.075,0.37,0.03,0.04,485.17,500.82
0.075,0.1,0.37,0,0,436.76,475.62
0.075,0.1,0.37,0,0.01,436.97,491.27
0.075,0.1,0.37,0,0.02,436.92,507.9
0.075,0.1,0.37,0,0.03,438.82,524.21
0.075,0.1,0.37,0,0.04,438.48,541.74
0.075,0.1,0.37,0.01,0,452.08,475.36
0.075,0.1,0.37,0.01,0.01,452.76,491.49
0.075,0.1,0.37,0.01,0.02,454.06,508.38
0.075,0.1,0.37,0.01,0.03,454.51,524.94
0.075,0.1,0.37,0.01,0.04,455.76,542.78
0.075,0.1,0.37,0.02,0,467.68,476.7
0.075,0.1,0.37,0.02,0.01,468.44,492.91
0.075,0.1,0.37,0.02,0.02,470.36,508.48
0.075,0.1,0.37,0.02,0.03,470.72,525.43
0.075,0.1,0.37,0.02,0.04,470.83,542.37
0.075,0.1,0.37,0.03,0,484.76,476.9
0.075,0.1,0.37,0.03,0.01,486.38,493.74
0.075,0.1,0.37,0.03,0.02,485.97,510.05
0.075,0.1,0.37,0.03,0.03,487.18,527.03
0.1,0.05,0.37,0.02,0.04,508.65,462.03
0.1,0.05,0.37,0.03,0,523.51,398.6
0.1,0.05,0.37,0.03,0.01,524.29,414.51
0.1,0.05,0.37,0.03,0.02,524.3,430.06
0.1,0.05,0.37,0.03,0.03,524.87,445.64
0.1,0.05,0.37,0.03,0.04,525.56,462.31
0.1,0.075,0.37,0,0,475.38,435.86
0.1,0.075,0.37,0,0.01,475.58,452.5
0.1,0.075,0.37,0,0.02,475.72,467.29
0.1,0.075,0.37,0,0.03,477.4,484.83
0.1,0.075,0.37,0,0.04,477.25,500.96
0.1,0.075,0.37,0.01,0,491.68,436.44
0.1,0.075,0.37,0.01,0.01,491.16,453.18
0.1,0.075,0.37,0.01,0.02,493,469.27
0.1,0.075,0.37,0.01,0.03,493.11,486.89
0.1,0.075,0.37,0.01,0.04,493.92,502.05
0.1,0.075,0.37,0.02,0,507.57,437.38
0.1,0.075,0.37,0.02,0.01,508.31,453.33
0.1,0.075,0.37,0.02,0.02,508.4,470.32
0.1,0.075,0.37,0.02,0.03,510.35,486.54
0.1,0.075,0.37,0.02,0.04,510.49,502.7
0.1,0.075,0.37,0.03,0,524.47,438.49
0.1,0.075,0.37,0.03,0.01,524.92,454.45
0.1,0.075,0.37,0.03,0.02,526.48,470.84
0.1,0.075,0.37,0.03,0.03,526.43,486.62
0.1,0.075,0.37,0.03,0.04,527.88,503.62
0.1,0.1,0.37,0,0,476.11,477.17
0.1,0.1,0.37,0,0.01,477.17,493.83
0.1,0.1,0.37,0,0.02,477.71,508.02
0.1,0.1,0.37,0,0.03,478.88,525.55
0.1,0.1,0.37,0,0.04,480.12,542.67
0.1,0.1,0.37,0.01,0,493.01,476.46
0.1,0.1,0.37,0.01,0.01,492.55,493.02
0.1,0.1,0.37,0.01,0.02,494.32,510.27
0.1,0.1,0.37,0.01,0.03,495.8,527.31
0.1,0.1,0.37,0.01,0.04,496.55,544.51
0.1,0.1,0.37,0.02,0,510,477.45
0.1,0.1,0.37,0.02,0.01,510.77,493.68
0.1,0.1,0.37,0.02,0.02,511.94,511.07
0.1,0.1,0.37,0.02,0.03,511.49,527.87
0.1,0.1,0.37,0.02,0.04,513.48,544.48
0.1,0.1,0.37,0.03,0,525.95,478.48
0.1,0.1,0.37,0.03,0.01,526.32,495.38
0.1,0.1,0.37,0.03,0.02,528.31,511.56
0.1,0.1,0.37,0.03,0.03,529.07,528.99
0,0.05,0.38,0.02,0.04,349.09,454.7
0,0.05,0.38,0.03,0,363.75,393.92
0,0.05,0.38,0.03,0.01,364.39,408.49
0,0.05,0.38,0.03,0.02,364.24,422.82
0,0.05,0.38,0.03,0.03,364.44,437.41
0,0.05,0.38,0.03,0.04,363.73,453.96
0,0.075,0.38,0,0,320.62,430.78
0,0.075,0.38,0,0.01,319.75,445.19
0,0.075,0.38,0,0.02,320.59,461.61
0,0.075,0.38,0,0.03,320.38,477.03
0,0.075,0.38,0,0.04,318.99,492.17
0,0.075,0.38,0.01,0,334.98,431.39
0,0.075,0.38,0.01,0.01,335.03,445.53
0,0.075,0.38,0.01,0.02,334.39,461.14
0,0.075,0.38,0.01,0.03,334.7,476.12
0,0.075,0.38,0.01,0.04,335.23,492.66
0,0.075,0.38,0.02,0,348.94,430.68
0,0.075,0.38,0.02,0.01,349.33,446.7
0,0.075,0.38,0.02,0.02,348.41,461.15
0,0.075,0.38,0.02,0.03,349.31,476.61
0,0.075,0.38,0.02,0.04,350.06,492.46
0,0.075,0.38,0.03,0,364.24,431.06
0,0.075,0.38,0.03,0.01,363.64,446.55
0,0.075,0.38,0.03,0.02,364.51,461.44
0,0.075,0.38,0.03,0.03,364.62,476.78
0,0.075,0.38,0.03,0.04,365.53,492.65
0,0.1,0.38,0,0,320.7,469.82
0,0.1,0.38,0,0.01,318.84,485
0,0.1,0.38,0,0.02,319.58,500.15
0,0.1,0.38,0,0.03,320.43,516.05
0,0.1,0.38,0,0.04,320.06,532.45
0,0.1,0.38,0.01,0,334.65,468.57
0,0.1,0.38,0.01,0.01,334.25,485.16
0,0.1,0.38,0.01,0.02,335.09,500.54
0,0.1,0.38,0.01,0.03,335.42,515.06
0,0.1,0.38,0.01,0.04,335.04,532.26
0,0.1,0.38,0.02,0,350.06,470.04
0,0.1,0.38,0.02,0.01,350.34,484.81
0,0.1,0.38,0.02,0.02,350.1,500.6
0,0.1,0.38,0.02,0.03,350.18,516.65
0,0.1,0.38,0.02,0.04,350.83,533.77
0,0.1,0.38,0.03,0,364.09,469.05
0,0.1,0.38,0.03,0.01,364.3,484.94
0,0.1,0.38,0.03,0.02,365.54,500.74
0,0.1,0.38,0.03,0.03,365.67,517.19
0.025,0.05,0.38,0.02,0.04,386.37,453.63
0.025,0.05,0.38,0.03,0,401.06,393.29
0.025,0.05,0.38,0.03,0.01,400.4,408.19
0.025,0.05,0.38,0.03,0.02,400.99,423.61
0.025,0.05,0.38,0.03,0.03,401.78,438.77
0.025,0.05,0.38,0.03,0.04,402.42,454.72
0.025,0.075,0.38,0,0,357.54,431.04
0.025,0.075,0.38,0,0.01,356.95,445.58
0.025,0.075,0.38,0,0.02,356.35,461.58
0.025,0.075,0.38,0,0.03,357.08,477.7
0.025,0.075,0.38,0,0.04,357.5,492.61
0.025,0.075,0.38,0.01,0,370.87,430.37
0.025,0.075,0.38,0.01,0.01,372.83,446.73
0.025,0.075,0.38,0.01,0.02,372.14,460.6
0.025,0.075,0.38,0.01,0.03,373.16,476.42
0.025,0.075,0.38,0.01,0.04,372.37,492.65
0.025,0.075,0.38,0.02,0,386.85,430.12
0.025,0.075,0.38,0.02,0.01,386.82,446.31
0.025,0.075,0.38,0.02,0.02,387.01,462.97
0.025,0.075,0.38,0.02,0.03,386.88,477.01
0.025,0.075,0.38,0.02,0.04,387.68,492.74
0.025,0.075,0.38,0.03,0,401.79,430.4
0.025,0.075,0.38,0.03,0.01,401.39,445.55
0.025,0.075,0.38,0.03,0.02,401.44,461.79
0.025,0.075,0.38,0.03,0.03,402.75,478.43
0.025,0.075,0.38,0.03,0.04,402.61,493.59
0.025,0.1,0.38,0,0,357.9,469.18
0.025,0.1,0.38,0,0.01,357.09,485.01
0.025,0.1,0.38,0,0.02,357.16,499.67
0.025,0.1,0.38,0,0.03,358.32,516.87
0.025,0.1,0.38,0,0.04,357.94,532.6
0.025,0.1,0.38,0.01,0,373.48,468.93
0.025,0.1,0.38,0.01,0.01,371.97,485.26
0.025,0.1,0.38,0.01,0.02,371.85,501.04
0.025,0.1,0.38,0.01,0.03,372.49,516.57
0.025,0.1,0.38,0.01,0.04,372.85,532.76
0.025,0.1,0.38,0.02,0,387.41,470.18
0.025,0.1,0.38,0.02,0.01,386.99,484.42
0.025,0.1,0.38,0.02,0.02,387.44,500.6
0.025,0.1,0.38,0.02,0.03,387.69,517.11
0.025,0.1,0.38,0.02,0.04,388.96,532.87
0.025,0.1,0.38,0.03,0,402.75,469.72
0.025,0.1,0.38,0.03,0.01,403.38,484.81
0.025,0.1,0.38,0.03,0.02,403,500.72
0.025,0.1,0.38,0.03,0.03,404.02,517
0.05,0.05,0.38,0.02,0.04,425.8,455.09
0.05,0.05,0.38,0.03,0,438.62,394.58
0.05,0.05,0.38,0.03,0.01,439.44,409.1
0.05,0.05,0.38,0.03,0.02,439.48,424.94
0.05,0.05,0.38,0.03,0.03,439.95,439.84
0.05,0.05,0.38,0.03,0.04,439.99,455.1
0.05,0.075,0.38,0,0,394.53,431.3
0.05,0.075,0.38,0,0.01,393.82,446.33
0.05,0.075,0.38,0,0.02,395.16,462.68
0.05,0.075,0.38,0,0.03,394.26,477.41
0.05,0.075,0.38,0,0.04,395.21,493.6
0.05,0.075,0.38,0.01,0,409.51,432
0.05,0.075,0.38,0.01,0.01,408.94,446.91
0.05,0.075,0.38,0.01,0.02,409.33,463.2
0.05,0.075,0.38,0.01,0.03,410.19,478.35
0.05,0.075,0.38,0.01,0.04,410.29,493.8
0.05,0.075,0.38,0.02,0,424.31,431.84
0.05,0.075,0.38,0.02,0.01,424.48,446.74
0.05,0.075,0.38,0.02,0.02,424.72,463.04
0.05,0.075,0.38,0.02,0.03,425.46,477.74
0.05,0.075,0.38,0.02,0.04,426.01,493.2
0.05,0.075,0.38,0.03,0,440.23,431.31
0.05,0.075,0.38,0.03,0.01,440.72,447.56
0.05,0.075,0.38,0.03,0.02,440.53,463.22
0.05,0.075,0.38,0.03,0.03,441.2,478.41
0.05,0.075,0.38,0.03,0.04,440.78,494.72
0.05,0.1,0.38,0,0,394.75,469.68
0.05,0.1,0.38,0,0.01,394.27,484.46
0.05,0.1,0.38,0,0.02,394.93,500.69
0.05,0.1,0.38,0,0.03,396.36,517.08
0.05,0.1,0.38,0,0.04,396.52,532.58
0.05,0.1,0.38,0.01,0,409.36,470.14
0.05,0.1,0.38,0.01,0.01,410.55,487.33
0.05,0.1,0.38,0.01,0.02,410.2,501.88
0.05,0.1,0.38,0.01,0.03,410.73,517.18
0.05,0.1,0.38,0.01,0.04,411.71,534.35
0.05,0.1,0.38,0.02,0,425.9,470.57
0.05,0.1,0.38,0.02,0.01,426.62,486.57
0.05,0.1,0.38,0.02,0.02,426.16,502.3
0.05,0.1,0.38,0.02,0.03,427.08,517.15
0.05,0.1,0.38,0.02,0.04,428.02,534.36
0.05,0.1,0.38,0.03,0,440.8,471.09
0.05,0.1,0.38,0.03,0.01,440.63,486.84
0.05,0.1,0.38,0.03,0.02,441.5,502.1
0.05,0.1,0.38,0.03,0.03,441.51,517.89
0.075,0.05,0.38,0.02,0.04,463.21,456.39
0.075,0.05,0.38,0.03,0,477.73,394.99
0.075,0.05,0.38,0.03,0.01,478.42,409.73
0.075,0.05,0.38,0.03,0.02,477.94,426.15
0.075,0.05,0.38,0.03,0.03,478.48,440.36
0.075,0.05,0.38,0.03,0.04,479.22,456.93
0.075,0.075,0.38,0,0,432.41,432.41
0.075,0.075,0.38,0,0.01,431.9,448.1
0.075,0.075,0.38,0,0.02,433.06,462.01
0.075,0.075,0.38,0,0.03,433.76,478.41
0.075,0.075,0.38,0,0.04,433.34,494.69
0.075,0.075,0.38,0.01,0,447.71,432.63
0.075,0.075,0.38,0.01,0.01,447.47,447.85
0.075,0.075,0.38,0.01,0.02,448.43,463.96
0.075,0.075,0.38,0.01,0.03,448.58,479.5
0.075,0.075,0.38,0.01,0.04,449.27,494.99
0.075,0.075,0.38,0.02,0,461.74,432.35
0.075,0.075,0.38,0.02,0.01,462.57,447.44
0.075,0.075,0.38,0.02,0.02,463.83,465.02
0.075,0.075,0.38,0.02,0.03,464.71,479.18
0.075,0.075,0.38,0.02,0.04,464.77,495.31
0.075,0.075,0.38,0.03,0,478.58,433.77
0.075,0.075,0.38,0.03,0.01,478.47,448.55
0.075,0.075,0.38,0.03,0.02,480.34,463.73
0.075,0.075,0.38,0.03,0.03,480.12,479.64
0.075,0.075,0.38,0.03,0.04,481.16,496.04
0.075,0.1,0.38,0,0,432.97,470.69
0.075,0.1,0.38,0,0.01,434.63,486.07
0.075,0.1,0.38,0,0.02,434.01,501.91
0.075,0.1,0.38,0,0.03,433.67,518.02
0.075,0.1,0.38,0,0.04,434.51,534.81
0.075,0.1,0.38,0.01,0,450.44,471.35
0.075,0.1,0.38,0.01,0.01,448.35,486.38
0.075,0.1,0.38,0.01,0.02,449.47,502.46
0.075,0.1,0.38,0.01,0.03,450.97,519.4
0.075,0.1,0.38,0.01,0.04,450.34,536.27
0.075,0.1,0.38,0.02,0,464.99,471.45
0.075,0.1,0.38,0.02,0.01,464.79,487.96
0.075,0.1,0.38,0.02,0.02,464.95,503.87
0.075,0.1,0.38,0.02,0.03,466.09,519.89
0.075,0.1,0.38,0.02,0.04,467.49,537.04
0.075,0.1,0.38,0.03,0,480.07,472.36
0.075,0.1,0.38,0.03,0.01,481.24,488.36
0.075,0.1,0.38,0.03,0.02,480.16,504.39
0.075,0.1,0.38,0.03,0.03,483.23,520.31
0.1,0.05,0.38,0.02,0.04,503.5,457.49
0.1,0.05,0.38,0.03,0,517.31,395.62
0.1,0.05,0.38,0.03,0.01,517.93,411.89
0.1,0.05,0.38,0.03,0.02,517.99,426.83
0.1,0.05,0.38,0.03,0.03,518.67,441.78
0.1,0.05,0.38,0.03,0.04,519.15,457.88
0.1,0.075,0.38,0,0,470.74,432.36
0.1,0.075,0.38,0,0.01,470.96,448.04
0.1,0.075,0.38,0,0.02,471.29,463.49
0.1,0.075,0.38,0,0.03,471.93,479.39
0.1,0.075,0.38,0,0.04,473.05,495.73
0.1,0.075,0.38,0.01,0,486.32,433.82
0.1,0.075,0.38,0.01,0.01,485.89,449.83
0.1,0.075,0.38,0.01,0.02,488.51,466.19
0.1,0.075,0.38,0.01,0.03,488,481.2
0.1,0.075,0.38,0.01,0.04,488.62,497.21
0.1,0.075,0.38,0.02,0,502.66,433.56
0.1,0.075,0.38,0.02,0.01,501.91,449.15
0.1,0.075,0.38,0.02,0.02,503.28,465.27
0.1,0.075,0.38,0.02,0.03,505.14,481.25
0.1,0.075,0.38,0.02,0.04,506.74,496.98
0.1,0.075,0.38,0.03,0,518.19,434.84
0.1,0.075,0.38,0.03,0.01,519.89,449.59
0.1,0.075,0.38,0.03,0.02,520.64,466.12
0.1,0.075,0.38,0.03,0.03,520.56,482.16
0.1,0.075,0.38,0.03,0.04,522.24,498.76
0.1,0.1,0.38,0,0,471.79,471.93
0.1,0.1,0.38,0,0.01,472.65,487.8
0.1,0.1,0.38,0,0.02,472.9,504.35
0.1,0.1,0.38,0,0.03,473.76,520.27
0.1,0.1,0.38,0,0.04,474.85,537.01
0.1,0.1,0.38,0.01,0,487.68,471.88
0.1,0.1,0.38,0.01,0.01,488.5,488.77
0.1,0.1,0.38,0.01,0.02,489.39,505.31
0.1,0.1,0.38,0.01,0.03,490.23,521.6
0.1,0.1,0.38,0.01,0.04,490.44,537.96
0.1,0.1,0.38,0.02,0,503.48,473.95
0.1,0.1,0.38,0.02,0.01,503.94,489.16
0.1,0.1,0.38,0.02,0.02,506.55,505.57
0.1,0.1,0.38,0.02,0.03,505.96,522.25
0.1,0.1,0.38,0.02,0.04,507.58,537.82
0.1,0.1,0.38,0.03,0,519.95,475.14
0.1,0.1,0.38,0.03,0.01,521.04,489.4
0.1,0.1,0.38,0.03,0.02,522.23,507.1
0.1,0.1,0.38,0.03,0.03,523.42,523.2
0,0.05,0.39,0.02,0.04,350.01,449.89
0,0.05,0.39,0.03,0,362.92,391.61
0,0.05,0.39,0.03,0.01,362.78,405.44
0,0.05,0.39,0.03,0.02,364.31,420.7
0,0.05,0.39,0.03,0.03,363.43,435.22
0,0.05,0.39,0.03,0.04,364.51,450.67
0,0.075,0.39,0,0,319.83,427.52
0,0.075,0.39,0,0.01,320.11,443.01
0,0.075,0.39,0,0.02,320.07,457.34
0,0.075,0.39,0,0.03,319.26,472.51
0,0.075,0.39,0,0.04,319.99,487.66
0,0.075,0.39,0.01,0,334.79,428.23
0,0.075,0.39,0.01,0.01,334.36,442.23
0,0.075,0.39,0.01,0.02,334.89,458.5
0,0.075,0.39,0.01,0.03,334.19,472.09
0,0.075,0.39,0.01,0.04,333.85,487.96
0,0.075,0.39,0.02,0,348.54,428.43
0,0.075,0.39,0.02,0.01,348.46,443.21
0,0.075,0.39,0.02,0.02,348.53,457.06
0,0.075,0.39,0.02,0.03,348.11,472.13
0,0.075,0.39,0.02,0.04,348.99,487.74
0,0.075,0.39,0.03,0,362.54,428.48
0,0.075,0.39,0.03,0.01,363.43,442.44
0,0.075,0.39,0.03,0.02,363.29,457.42
0,0.075,0.39,0.03,0.03,364.06,473.45
0,0.075,0.39,0.03,0.04,363.52,488.48
0,0.1,0.39,0,0,319.67,464.31
0,0.1,0.39,0,0.01,320.29,480.12
0,0.1,0.39,0,0.02,320.25,495.39
0,0.1,0.39,0,0.03,319.98,510.71
0,0.1,0.39,0,0.04,320.07,526.41
0,0.1,0.39,0.01,0,334.34,464.18
0,0.1,0.39,0.01,0.01,334.45,480.06
0,0.1,0.39,0.01,0.02,334.2,496.24
0,0.1,0.39,0.01,0.03,334.96,510.38
0,0.1,0.39,0.01,0.04,335.01,526.54
0,0.1,0.39,0.02,0,348.89,464.97
0,0.1,0.39,0.02,0.01,348.62,480.02
0,0.1,0.39,0.02,0.02,349.7,495.66
0,0.1,0.39,0.02,0.03,348.76,511.14
0,0.1,0.39,0.02,0.04,349.33,527.42
0,0.1,0.39,0.03,0,363.1,465.35
0,0.1,0.39,0.03,0.01,363.87,479.69
0,0.1,0.39,0.03,0.02,362.79,495.64
0,0.1,0.39,0.03,0.03,364.51,511.4
0.025,0.05,0.39,0.02,0.04,384.69,450.25
0.025,0.05,0.39,0.03,0,398.77,391.74
0.025,0.05,0.39,0.03,0.01,398.96,405.92
0.025,0.05,0.39,0.03,0.02,400.44,420.5
0.025,0.05,0.39,0.03,0.03,400.27,435.79
0.025,0.05,0.39,0.03,0.04,399.33,450.55
0.025,0.075,0.39,0,0,355.96,428.14
0.025,0.075,0.39,0,0.01,355.93,443.03
0.025,0.075,0.39,0,0.02,356.41,457.25
0.025,0.075,0.39,0,0.03,355.69,472.43
0.025,0.075,0.39,0,0.04,357.22,487.85
0.025,0.075,0.39,0.01,0,369.99,428.29
0.025,0.075,0.39,0.01,0.01,370.67,443.21
0.025,0.075,0.39,0.01,0.02,370.23,458.58
0.025,0.075,0.39,0.01,0.03,370.44,473.32
0.025,0.075,0.39,0.01,0.04,371.08,488.48
0.025,0.075,0.39,0.02,0,385.53,428.19
0.025,0.075,0.39,0.02,0.01,384.86,442.89
0.025,0.075,0.39,0.02,0.02,385.6,457.67
0.025,0.075,0.39,0.02,0.03,386.49,472.8
0.025,0.075,0.39,0.02,0.04,386.65,488.53
0.025,0.075,0.39,0.03,0,398.87,428.2
0.025,0.075,0.39,0.03,0.01,399.82,443.53
0.025,0.075,0.39,0.03,0.02,399.76,458.6
0.025,0.075,0.39,0.03,0.03,400.39,472.85
0.025,0.075,0.39,0.03,0.04,400.26,489.02
0.025,0.1,0.39,0,0,355.34,463.98
0.025,0.1,0.39,0,0.01,356.37,481.07
0.025,0.1,0.39,0,0.02,357.36,495.4
0.025,0.1,0.39,0,0.03,356.17,511.83
0.025,0.1,0.39,0,0.04,356.9,527.44
0.025,0.1,0.39,0.01,0,370.81,466
0.025,0.1,0.39,0.01,0.01,371.23,481.21
0.025,0.1,0.39,0.01,0.02,371.24,497.03
0.025,0.1,0.39,0.01,0.03,371.3,512.12
0.025,0.1,0.39,0.01,0.04,373.25,527.53
0.025,0.1,0.39,0.02,0,384.72,465.91
0.025,0.1,0.39,0.02,0.01,386,479.54
0.025,0.1,0.39,0.02,0.02,385.33,496.82
0.025,0.1,0.39,0.02,0.03,387.38,511.38
0.025,0.1,0.39,0.02,0.04,386.73,527.01
0.025,0.1,0.39,0.03,0,400,465.63
0.025,0.1,0.39,0.03,0.01,400.7,482.1
0.025,0.1,0.39,0.03,0.02,401.98,495.89
0.025,0.1,0.39,0.03,0.03,401.06,512.09
0.05,0.05,0.39,0.02,0.04,422.51,451.21
0.05,0.05,0.39,0.03,0,435.59,392.21
0.05,0.05,0.39,0.03,0.01,436.17,406.53
0.05,0.05,0.39,0.03,0.02,436.96,421.51
0.05,0.05,0.39,0.03,0.03,436.22,436.4
0.05,0.05,0.39,0.03,0.04,437.56,451.83
0.05,0.075,0.39,0,0,391.14,427.24
0.05,0.075,0.39,0,0.01,393.02,443.06
0.05,0.075,0.39,0,0.02,391.96,458.67
0.05,0.075,0.39,0,0.03,392.41,473.44
0.05,0.075,0.39,0,0.04,392.49,488.48
0.05,0.075,0.39,0.01,0,406.64,428.24
0.05,0.075,0.39,0.01,0.01,408.22,443.23
0.05,0.075,0.39,0.01,0.02,408.23,459.15
0.05,0.075,0.39,0.01,0.03,407.1,473.32
0.05,0.075,0.39,0.01,0.04,409.02,489.17
0.05,0.075,0.39,0.02,0,421.82,428.64
0.05,0.075,0.39,0.02,0.01,422.2,443.42
0.05,0.075,0.39,0.02,0.02,422.66,458.5
0.05,0.075,0.39,0.02,0.03,422.72,474.27
0.05,0.075,0.39,0.02,0.04,422.6,488.86
0.05,0.075,0.39,0.03,0,436.8,427.9
0.05,0.075,0.39,0.03,0.01,437.12,443.36
0.05,0.075,0.39,0.03,0.02,436.73,459.32
0.05,0.075,0.39,0.03,0.03,437.53,474.23
0.05,0.075,0.39,0.03,0.04,439.22,489.74
0.05,0.1,0.39,0,0,392.96,466.16
0.05,0.1,0.39,0,0.01,393.37,481.28
0.05,0.1,0.39,0,0.02,392.51,496.37
0.05,0.1,0.39,0,0.03,393.61,512.26
0.05,0.1,0.39,0,0.04,393.9,527.36
0.05,0.1,0.39,0.01,0,406.86,465.58
0.05,0.1,0.39,0.01,0.01,408.89,481.22
0.05,0.1,0.39,0.01,0.02,408.78,496.71
0.05,0.1,0.39,0.01,0.03,407.81,512.14
0.05,0.1,0.39,0.01,0.04,409.51,528.16
0.05,0.1,0.39,0.02,0,422.51,466.07
0.05,0.1,0.39,0.02,0.01,423.39,481.6
0.05,0.1,0.39,0.02,0.02,423.57,496.39
0.05,0.1,0.39,0.02,0.03,424.98,512.65
0.05,0.1,0.39,0.02,0.04,424.32,529.82
0.05,0.1,0.39,0.03,0,437.6,467.41
0.05,0.1,0.39,0.03,0.01,438.21,482.25
0.05,0.1,0.39,0.03,0.02,438.12,497.82
0.05,0.1,0.39,0.03,0.03,437.97,512.9
0.075,0.05,0.39,0.02,0.04,460.06,452.05
0.075,0.05,0.39,0.03,0,474.33,393
0.075,0.05,0.39,0.03,0.01,472.95,408.1
0.075,0.05,0.39,0.03,0.02,473.32,422.46
0.075,0.05,0.39,0.03,0.03,474.97,438.32
0.075,0.05,0.39,0.03,0.04,475.08,453.3
0.075,0.075,0.39,0,0,427.88,428.79
0.075,0.075,0.39,0,0.01,429.15,443.88
0.075,0.075,0.39,0,0.02,430.22,458.97
0.075,0.075,0.39,0,0.03,430.04,474.21
0.075,0.075,0.39,0,0.04,430.61,489.49
0.075,0.075,0.39,0.01,0,444.2,429.14
0.075,0.075,0.39,0.01,0.01,444.8,444.32
0.075,0.075,0.39,0.01,0.02,444.37,459.21
0.075,0.075,0.39,0.01,0.03,445.24,475.07
0.075,0.075,0.39,0.01,0.04,446.12,490.25
0.075,0.075,0.39,0.02,0,459.1,430.47
0.075,0.075,0.39,0.02,0.01,459.12,444.03
0.075,0.075,0.39,0.02,0.02,460.24,459.81
0.075,0.075,0.39,0.02,0.03,460.62,475.4
0.075,0.075,0.39,0.02,0.04,460.17,490.83
0.075,0.075,0.39,0.03,0,474.47,429.92
0.075,0.075,0.39,0.03,0.01,474.5,444.73
0.075,0.075,0.39,0.03,0.02,475.87,461.51
0.075,0.075,0.39,0.03,0.03,475.67,475.24
0.075,0.075,0.39,0.03,0.04,476.64,491.99
0.075,0.1,0.39,0,0,430.25,466.47
0.075,0.1,0.39,0,0.01,429.99,481.09
0.075,0.1,0.39,0,0.02,431.21,497.48
0.075,0.1,0.39,0,0.03,431.47,512.72
0.075,0.1,0.39,0,0.04,431.88,528.39
0.075,0.1,0.39,0.01,0,445.18,467.56
0.075,0.1,0.39,0.01,0.01,444.78,482.75
0.075,0.1,0.39,0.01,0.02,445.87,497.44
0.075,0.1,0.39,0.01,0.03,446.54,513.01
0.075,0.1,0.39,0.01,0.04,447.33,530.21
0.075,0.1,0.39,0.02,0,460.58,467.12
0.075,0.1,0.39,0.02,0.01,460.37,482.9
0.075,0.1,0.39,0.02,0.02,460.27,498.47
0.075,0.1,0.39,0.02,0.03,461.39,513.76
0.075,0.1,0.39,0.02,0.04,462.83,530.67
0.075,0.1,0.39,0.03,0,475.65,468.31
0.075,0.1,0.39,0.03,0.01,476.26,483.26
0.075,0.1,0.39,0.03,0.02,476.78,499.31
0.075,0.1,0.39,0.03,0.03,476.36,514.76
0.1,0.05,0.39,0.02,0.04,497.32,453.64
0.1,0.05,0.39,0.03,0,512.79,393.58
0.1,0.05,0.39,0.03,0.01,512.08,408.73
0.1,0.05,0.39,0.03,0.02,513.15,424.5
0.1,0.05,0.39,0.03,0.03,513.35,438.7
0.1,0.05,0.39,0.03,0.04,513.94,454.41
0.1,0.075,0.39,0,0,465.76,429.78
0.1,0.075,0.39,0,0.01,466.93,445.34
0.1,0.075,0.39,0,0.02,467.04,460.31
0.1,0.075,0.39,0,0.03,467.02,475.69
0.1,0.075,0.39,0,0.04,468.15,490.57
0.1,0.075,0.39,0.01,0,482.16,430.39
0.1,0.075,0.39,0.01,0.01,482.09,445.59
0.1,0.075,0.39,0.01,0.02,482.28,460.36
0.1,0.075,0.39,0.01,0.03,484.12,476.59
0.1,0.075,0.39,0.01,0.04,483.58,492.21
0.1,0.075,0.39,0.02,0,496.34,430.59
0.1,0.075,0.39,0.02,0.01,497.21,446.15
0.1,0.075,0.39,0.02,0.02,497.83,461.22
0.1,0.075,0.39,0.02,0.03,499.21,477.48
0.1,0.075,0.39,0.02,0.04,499.31,493.04
0.1,0.075,0.39,0.03,0,512.91,431.33
0.1,0.075,0.39,0.03,0.01,513.28,446.61
0.1,0.075,0.39,0.03,0.02,514.34,461.86
0.1,0.075,0.39,0.03,0.03,515.15,476.74
0.1,0.075,0.39,0.03,0.04,514.69,492.98
0.1,0.1,0.39,0,0,468.33,467.24
0.1,0.1,0.39,0,0.01,468.56,483.37
0.1,0.1,0.39,0,0.02,468.57,497.95
0.1,0.1,0.39,0,0.03,470.01,514.44
0.1,0.1,0.39,0,0.04,470.54,531
0.1,0.1,0.39,0.01,0,483.26,469.15
0.1,0.1,0.39,0.01,0.01,484.33,484.87
0.1,0.1,0.39,0.01,0.02,485.27,499.18
0.1,0.1,0.39,0.01,0.03,485.23,515.46
0.1,0.1,0.39,0.01,0.04,486.62,531.69
0.1,0.1,0.39,0.02,0,498.86,469.17
0.1,0.1,0.39,0.02,0.01,498.81,485.36
0.1,0.1,0.39,0.02,0.02,499.34,499.59
0.1,0.1,0.39,0.02,0.03,501.05,516.27
0.1,0.1,0.39,0.02,0.04,502.54,532.29
0.1,0.1,0.39,0.03,0,514.52,469.59
0.1,0.1,0.39,0.03,0.01,515.9,485.63
0.1,0.1,0.39,0.03,0.02,516.54,500.83
0.1,0.1,0.39,0.03,0.03,517.25,517.16
0,0.05,0.4,0.02,0.04,347.8,447.21
0,0.05,0.4,0.03,0,361.76,389.59
0,0.05,0.4,0.03,0.01,362.1,403.31
0,0.05,0.4,0.03,0.02,362.28,417.9
0,0.05,0.4,0.03,0.03,362.39,432.49
0,0.05,0.4,0.03,0.04,362.01,447.11
0,0.075,0.4,0,0,320.4,425.04
0,0.075,0.4,0,0.01,320.1,439.44
0,0.075,0.4,0,0.02,319.42,454.25
0,0.075,0.4,0,0.03,319.5,469.05
0,0.075,0.4,0,0.04,319.97,484.41
0,0.075,0.4,0.01,0,335.15,425.29
0,0.075,0.4,0.01,0.01,334.2,438.94
0,0.075,0.4,0.01,0.02,333.76,453.78
0,0.075,0.4,0.01,0.03,334.49,468.8
0,0.075,0.4,0.01,0.04,334.92,484.24
0,0.075,0.4,0.02,0,348.34,424.67
0,0.075,0.4,0.02,0.01,347.07,439.12
0,0.075,0.4,0.02,0.02,347.73,454.69
0,0.075,0.4,0.02,0.03,349.74,468.59
0,0.075,0.4,0.02,0.04,347.8,483.05
0,0.075,0.4,0.03,0,361.52,425.5
0,0.075,0.4,0.03,0.01,361.95,440.05
0,0.075,0.4,0.03,0.02,362.21,454.27
0,0.075,0.4,0.03,0.03,362.48,468.6
0,0.075,0.4,0.03,0.04,362.95,483.78
0,0.1,0.4,0,0,319.64,461.16
0,0.1,0.4,0,0.01,320.07,476.21
0,0.1,0.4,0,0.02,319.71,490.71
0,0.1,0.4,0,0.03,319.36,505.45
0,0.1,0.4,0,0.04,319.62,520.05
0,0.1,0.4,0.01,0,333.69,461.31
0,0.1,0.4,0.01,0.01,334.07,475.9
0,0.1,0.4,0.01,0.02,333.95,490.99
0,0.1,0.4,0.01,0.03,334.21,506.03
0,0.1,0.4,0.01,0.04,334.97,521.62
0,0.1,0.4,0.02,0,348.58,462.22
0,0.1,0.4,0.02,0.01,347.44,475.82
0,0.1,0.4,0.02,0.02,348.03,490.76
0,0.1,0.4,0.02,0.03,346.91,505.87
0,0.1,0.4,0.02,0.04,348.54,521.54
0,0.1,0.4,0.03,0,362.76,461.51
0,0.1,0.4,0.03,0.01,363.08,476
0,0.1,0.4,0.03,0.02,363.24,490.6
0,0.1,0.4,0.03,0.03,362.79,505.84
0.025,0.05,0.4,0.02,0.04,382.82,446.64
0.025,0.05,0.4,0.03,0,396.68,389.7
0.025,0.05,0.4,0.03,0.01,397.34,403
0.025,0.05,0.4,0.03,0.02,398.22,418.79
0.025,0.05,0.4,0.03,0.03,396.75,432.78
0.025,0.05,0.4,0.03,0.04,398.13,447.77
0.025,0.075,0.4,0,0,354.86,424.64
0.025,0.075,0.4,0,0.01,355.5,439.13
0.025,0.075,0.4,0,0.02,355.3,453.36
0.025,0.075,0.4,0,0.03,355.12,469.46
0.025,0.075,0.4,0,0.04,355.82,483.7
0.025,0.075,0.4,0.01,0,369.1,425.68
0.025,0.075,0.4,0.01,0.01,368.57,440.07
0.025,0.075,0.4,0.01,0.02,369.57,454.12
0.025,0.075,0.4,0.01,0.03,369.19,469.33
0.025,0.075,0.4,0.01,0.04,370.67,482.96
0.025,0.075,0.4,0.02,0,382.86,425.34
0.025,0.075,0.4,0.02,0.01,383.32,439.55
0.025,0.075,0.4,0.02,0.02,383.98,454.13
0.025,0.075,0.4,0.02,0.03,383.85,469.09
0.025,0.075,0.4,0.02,0.04,383.66,483.34
0.025,0.075,0.4,0.03,0,398.21,425.83
0.025,0.075,0.4,0.03,0.01,397.85,440.22
0.025,0.075,0.4,0.03,0.02,398.2,455.04
0.025,0.075,0.4,0.03,0.03,399.19,470.57
0.025,0.075,0.4,0.03,0.04,398.48,483.42
0.025,0.1,0.4,0,0,355.95,461.42
0.025,0.1,0.4,0,0.01,354.66,476.21
0.025,0.1,0.4,0,0.02,355.29,490.39
0.025,0.1,0.4,0,0.03,354.54,505.34
0.025,0.1,0.4,0,0.04,355.96,521.42
0.025,0.1,0.4,0.01,0,369.55,461.57
0.025,0.1,0.4,0.01,0.01,369.99,477.53
0.025,0.1,0.4,0.01,0.02,370.11,491.32
0.025,0.1,0.4,0.01,0.03,369.58,505.95
0.025,0.1,0.4,0.01,0.04,370.1,521.83
0.025,0.1,0.4,0.02,0,383.82,461.53
0.025,0.1,0.4,0.02,0.01,384.05,476.46
0.025,0.1,0.4,0.02,0.02,383.98,491.05
0.025,0.1,0.4,0.02,0.03,385.35,505.83
0.025,0.1,0.4,0.02,0.04,384.16,522.07
0.025,0.1,0.4,0.03,0,398.46,462.09
0.025,0.1,0.4,0.03,0.01,397.55,476.82
0.025,0.1,0.4,0.03,0.02,398.84,491.69
0.025,0.1,0.4,0.03,0.03,398.42,507.61
0.05,0.05,0.4,0.02,0.04,418.91,447.97
0.05,0.05,0.4,0.03,0,433.01,390.36
0.05,0.05,0.4,0.03,0.01,432.4,404.78
0.05,0.05,0.4,0.03,0.02,432.83,419.43
0.05,0.05,0.4,0.03,0.03,433.18,433.59
0.05,0.05,0.4,0.03,0.04,433.72,448.07
0.05,0.075,0.4,0,0,390.64,425.57
0.05,0.075,0.4,0,0.01,390.42,439.4
0.05,0.075,0.4,0,0.02,390.44,454.43
0.05,0.075,0.4,0,0.03,391.29,468.78
0.05,0.075,0.4,0,0.04,390.37,483.64
0.05,0.075,0.4,0.01,0,404.26,425.57
0.05,0.075,0.4,0.01,0.01,404.59,439.76
0.05,0.075,0.4,0.01,0.02,404.59,455.61
0.05,0.075,0.4,0.01,0.03,405.33,469.8
0.05,0.075,0.4,0.01,0.04,406.44,485.1
0.05,0.075,0.4,0.02,0,419.72,425.56
0.05,0.075,0.4,0.02,0.01,418.06,440.02
0.05,0.075,0.4,0.02,0.02,419.69,454.76
0.05,0.075,0.4,0.02,0.03,419.81,469.65
0.05,0.075,0.4,0.02,0.04,420.2,485.09
0.05,0.075,0.4,0.03,0,432.59,426.29
0.05,0.075,0.4,0.03,0.01,433.66,440.98
0.05,0.075,0.4,0.03,0.02,434.06,455.56
0.05,0.075,0.4,0.03,0.03,433.86,470.25
0.05,0.075,0.4,0.03,0.04,435.23,484.24
0.05,0.1,0.4,0,0,390.94,461.76
0.05,0.1,0.4,0,0.01,390.97,476.33
0.05,0.1,0.4,0,0.02,390.92,491.81
0.05,0.1,0.4,0,0.03,391.96,506.54
0.05,0.1,0.4,0,0.04,391.69,521.31
0.05,0.1,0.4,0.01,0,405.32,463.81
0.05,0.1,0.4,0.01,0.01,406.4,477.33
0.05,0.1,0.4,0.01,0.02,405.48,491.54
0.05,0.1,0.4,0.01,0.03,406.06,507.61
0.05,0.1,0.4,0.01,0.04,406.46,523.16
0.05,0.1,0.4,0.02,0,419.12,462.28
0.05,0.1,0.4,0.02,0.01,419.64,477.04
0.05,0.1,0.4,0.02,0.02,421.1,492.82
0.05,0.1,0.4,0.02,0.03,420.25,507.82
0.05,0.1,0.4,0.02,0.04,420.57,522.27
0.05,0.1,0.4,0.03,0,434.65,462.76
0.05,0.1,0.4,0.03,0.01,434.72,477.74
0.05,0.1,0.4,0.03,0.02,436.35,492.98
0.05,0.1,0.4,0.03,0.03,435.68,507.53
0.075,0.05,0.4,0.02,0.04,456.39,449.67
0.075,0.05,0.4,0.03,0,469.41,390.93
0.075,0.05,0.4,0.03,0.01,469.94,405.5
0.075,0.05,0.4,0.03,0.02,469.95,419.12
0.075,0.05,0.4,0.03,0.03,470.52,435.05
0.075,0.05,0.4,0.03,0.04,471.62,450.01
0.075,0.075,0.4,0,0,426.72,426.07
0.075,0.075,0.4,0,0.01,426.64,440.27
0.075,0.075,0.4,0,0.02,426.68,454.82
0.075,0.075,0.4,0,0.03,426.16,469.55
0.075,0.075,0.4,0,0.04,427.77,485.56
0.075,0.075,0.4,0.01,0,441.17,426.45
0.075,0.075,0.4,0.01,0.01,440.71,440.87
0.075,0.075,0.4,0.01,0.02,441.79,456.34
0.075,0.075,0.4,0.01,0.03,442.06,469.74
0.075,0.075,0.4,0.01,0.04,441.42,485.75
0.075,0.075,0.4,0.02,0,454.85,427.07
0.075,0.075,0.4,0.02,0.01,455.94,441.27
0.075,0.075,0.4,0.02,0.02,456.03,456.15
0.075,0.075,0.4,0.02,0.03,456.75,471.34
0.075,0.075,0.4,0.02,0.04,457.03,486.98
0.075,0.075,0.4,0.03,0,470.56,426.92
0.075,0.075,0.4,0.03,0.01,470.1,441.91
0.075,0.075,0.4,0.03,0.02,470.22,456.33
0.075,0.075,0.4,0.03,0.03,471.72,471.06
0.075,0.075,0.4,0.03,0.04,471.54,487.67
0.075,0.1,0.4,0,0,427.68,463.28
0.075,0.1,0.4,0,0.01,426.6,476.45
0.075,0.1,0.4,0,0.02,427.49,492.19
0.075,0.1,0.4,0,0.03,429.2,508.35
0.075,0.1,0.4,0,0.04,428.2,522.23
0.075,0.1,0.4,0.01,0,440.58,462.56
0.075,0.1,0.4,0.01,0.01,442.55,477.22
0.075,0.1,0.4,0.01,0.02,441.86,493.65
0.075,0.1,0.4,0.01,0.03,442.63,508.33
0.075,0.1,0.4,0.01,0.04,443.69,523.7
0.075,0.1,0.4,0.02,0,455.69,463.66
0.075,0.1,0.4,0.02,0.01,456.74,477.49
0.075,0.1,0.4,0.02,0.02,458.07,493.8
0.075,0.1,0.4,0.02,0.03,458.6,509.05
0.075,0.1,0.4,0.02,0.04,458.65,524.07
0.075,0.1,0.4,0.03,0,471.93,464.74
0.075,0.1,0.4,0.03,0.01,472.2,478.73
0.075,0.1,0.4,0.03,0.02,472.8,493.61
0.075,0.1,0.4,0.03,0.03,473.35,509.7
0.1,0.05,0.4,0.02,0.04,492.93,450.01
0.1,0.05,0.4,0.03,0,507.69,391.81
0.1,0.05,0.4,0.03,0.01,508.06,406.81
0.1,0.05,0.4,0.03,0.02,507.31,420.95
0.1,0.05,0.4,0.03,0.03,508.06,435.53
0.1,0.05,0.4,0.03,0.04,507.89,450
0.1,0.075,0.4,0,0,463.39,426.8
0.1,0.075,0.4,0,0.01,463.54,441.37
0.1,0.075,0.4,0,0.02,462.99,457.86
0.1,0.075,0.4,0,0.03,463.52,471.41
0.1,0.075,0.4,0,0.04,465.79,486.17
0.1,0.075,0.4,0.01,0,477.88,428.13
0.1,0.075,0.4,0.01,0.01,477.77,441.92
0.1,0.075,0.4,0.01,0.02,478.62,456.7
0.1,0.075,0.4,0.01,0.03,478.98,472.32
0.1,0.075,0.4,0.01,0.04,480.36,487.04
0.1,0.075,0.4,0.02,0,492.03,427.63
0.1,0.075,0.4,0.02,0.01,493.53,442.63
0.1,0.075,0.4,0.02,0.02,492.29,457.04
0.1,0.075,0.4,0.02,0.03,494.49,472.03
0.1,0.075,0.4,0.02,0.04,495.02,487.77
0.1,0.075,0.4,0.03,0,507.12,428.31
0.1,0.075,0.4,0.03,0.01,508.95,443.09
0.1,0.075,0.4,0.03,0.02,508.84,457.84
0.1,0.075,0.4,0.03,0.03,509.94,473
0.1,0.075,0.4,0.03,0.04,510.24,488.22
0.1,0.1,0.4,0,0,464.39,463.92
0.1,0.1,0.4,0,0.01,463.67,479.02
0.1,0.1,0.4,0,0.02,465.45,494.28
0.1,0.1,0.4,0,0.03,464.73,509.12
0.1,0.1,0.4,0,0.04,466.39,525.13
0.1,0.1,0.4,0.01,0,479.82,464.06
0.1,0.1,0.4,0.01,0.01,479.09,478.88
0.1,0.1,0.4,0.01,0.02,479.3,494.16
0.1,0.1,0.4,0.01,0.03,481.26,509.27
0.1,0.1,0.4,0.01,0.04,481.64,524.78
0.1,0.1,0.4,0.02,0,494.11,464.57
0.1,0.1,0.4,0.02,0.01,494.53,479.95
0.1,0.1,0.4,0.02,0.02,493.85,495.19
0.1,0.1,0.4,0.02,0.03,495.88,511.59
0.1,0.1,0.4,0.02,0.04,498.06,526.5
0.1,0.1,0.4,0.03,0,508.78,465.03
0.1,0.1,0.4,0.03,0.01,510.13,480.64
0.1,0.1,0.4,0.03,0.02,510.95,496.15
0.1,0.1,0.4,0.03,0.03,513.07,511.77
