0.06,0.09,0.3,0,0.04,430.57,560.2
0.06,0.09,0.3,0.01,0,449.7,485.87
0.06,0.09,0.3,0.01,0.01,450.25,504.17
0.06,0.09,0.3,0.01,0.02,449.47,523.08
0.06,0.09,0.3,0.01,0.03,450.66,542.57
0.06,0.09,0.3,0.01,0.04,449.68,559.86
0.06,0.09,0.3,0.02,0,468.34,486.61
0.06,0.09,0.3,0.02,0.01,467.8,504.63
0.06,0.09,0.3,0.02,0.02,467.49,523.53
0.06,0.09,0.3,0.02,0.03,468.07,542.34
0.06,0.09,0.3,0.02,0.04,467.8,560.58
0.06,0.09,0.3,0.03,0,485.59,487.02
0.06,0.09,0.3,0.03,0.01,485.74,505.55
0.06,0.09,0.3,0.03,0.02,486.85,523.8
0.06,0.09,0.3,0.03,0.03,486.27,541.49
0.06,0.09,0.3,0.03,0.04,487.12,560.2
0.06,0.1,0.3,0,0,431.67,504.24
0.06,0.1,0.3,0,0.01,430.89,522.78
0.06,0.1,0.3,0,0.02,430.52,541.03
0.06,0.1,0.3,0,0.03,431.25,560.19
0.06,0.1,0.3,0,0.04,430.77,579.41
0.06,0.1,0.3,0.01,0,449.33,505.65
0.06,0.1,0.3,0.01,0.01,449.12,523.41
0.06,0.1,0.3,0.01,0.02,449.01,541.34
0.06,0.1,0.3,0.01,0.03,449.42,560.37
0.06,0.1,0.3,0.01,0.04,449.13,578.58
0.06,0.1,0.3,0.02,0,468.04,504.42
0.06,0.1,0.3,0.02,0.01,468.33,523.08
0.06,0.1,0.3,0.02,0.02,468.1,541.32
0.06,0.1,0.3,0.02,0.03,468.3,559.44
0.06,0.1,0.3,0.02,0.04,467.24,577.81
0.06,0.1,0.3,0.03,0,486.6,504.6
0.06,0.1,0.3,0.03,0.01,486.08,523.5
0.06,0.1,0.3,0.03,0.02,486.69,541.34
0.06,0.1,0.3,0.03,0.03,487.09,560.34
0.07,0.09,0.3,0,0.04,449.79,560.22
0.07,0.09,0.3,0.01,0,468.28,485.81
0.07,0.09,0.3,0.01,0.01,467.6,505.08
0.07,0.09,0.3,0.01,0.02,468.14,523.05
0.07,0.09,0.3,0.01,0.03,468.61,542.18
0.07,0.09,0.3,0.01,0.04,467.17,559.76
0.07,0.09,0.3,0.02,0,487.45,486.64
0.07,0.09,0.3,0.02,0.01,486.56,505.71
0.07,0.09,0.3,0.02,0.02,486.97,522.99
0.07,0.09,0.3,0.02,0.03,486.1,541.83
0.07,0.09,0.3,0.02,0.04,486.94,559.91
0.07,0.09,0.3,0.03,0,505.09,486.14
0.07,0.09,0.3,0.03,0.01,505.82,504.52
0.07,0.09,0.3,0.03,0.02,503.77,522.89
0.07,0.09,0.3,0.03,0.03,504.46,542.22
0.07,0.09,0.3,0.03,0.04,505.6,560.18
0.07,0.1,0.3,0,0,448.81,504.59
0.07,0.1,0.3,0,0.01,448.76,523.21
0.07,0.1,0.3,0,0.02,449.64,542.9
0.07,0.1,0.3,0,0.03,448.37,559.93
0.07,0.1,0.3,0,0.04,449.48,577.4
0.07,0.1,0.3,0.01,0,467.77,504.42
0.07,0.1,0.3,0.01,0.01,467.29,523.37
0.07,0.1,0.3,0.01,0.02,468.21,541.68
0.07,0.1,0.3,0.01,0.03,468.56,559.9
0.07,0.1,0.3,0.01,0.04,466.59,578.82
0.07,0.1,0.3,0.02,0,485.46,504.44
0.07,0.1,0.3,0.02,0.01,486.96,522.31
0.07,0.1,0.3,0.02,0.02,485.92,541.73
0.07,0.1,0.3,0.02,0.03,486.21,560.29
0.07,0.1,0.3,0.02,0.04,486.2,579.25
0.07,0.1,0.3,0.03,0,504.52,504.87
0.07,0.1,0.3,0.03,0.01,504.86,523.46
0.07,0.1,0.3,0.03,0.02,505.49,541.23
0.07,0.1,0.3,0.03,0.03,504.48,559.63
0.08,0.09,0.3,0,0.04,467.45,560.28
0.08,0.09,0.3,0.01,0,486.15,486.44
0.08,0.09,0.3,0.01,0.01,486.88,504.82
0.08,0.09,0.3,0.01,0.02,487,523.24
0.08,0.09,0.3,0.01,0.03,485.61,540.89
0.08,0.09,0.3,0.01,0.04,485.45,560.4
0.08,0.09,0.3,0.02,0,505.07,486.6
0.08,0.09,0.3,0.02,0.01,504.54,504.48
0.08,0.09,0.3,0.02,0.02,504.69,523.33
0.08,0.09,0.3,0.02,0.03,505.16,542.09
0.08,0.09,0.3,0.02,0.04,505.39,560.48
0.08,0.09,0.3,0.03,0,523.89,486.65
0.08,0.09,0.3,0.03,0.01,522.7,504.3
0.08,0.09,0.3,0.03,0.02,523.54,523.65
0.08,0.09,0.3,0.03,0.03,523.55,541.67
0.08,0.09,0.3,0.03,0.04,523.26,558.84
0.08,0.1,0.3,0,0,468.21,505.01
0.08,0.1,0.3,0,0.01,468.6,523.69
0.08,0.1,0.3,0,0.02,467.21,541.44
0.08,0.1,0.3,0,0.03,467.68,559.79
0.08,0.1,0.3,0,0.04,467.73,578.5
0.08,0.1,0.3,0.01,0,486.53,504.28
0.08,0.1,0.3,0.01,0.01,486.04,522.49
0.08,0.1,0.3,0.01,0.02,486.05,543.2
0.08,0.1,0.3,0.01,0.03,486.24,559.9
0.08,0.1,0.3,0.01,0.04,486.32,578.55
0.08,0.1,0.3,0.02,0,504.04,505.49
0.08,0.1,0.3,0.02,0.01,504.74,523.46
0.08,0.1,0.3,0.02,0.02,504.58,541.53
0.08,0.1,0.3,0.02,0.03,504.39,560.98
0.08,0.1,0.3,0.02,0.04,504.88,578.53
0.08,0.1,0.3,0.03,0,522.82,505.07
0.08,0.1,0.3,0.03,0.01,523.5,522.67
0.08,0.1,0.3,0.03,0.02,522.87,542
0.08,0.1,0.3,0.03,0.03,523.84,560.14
0.09,0.09,0.3,0,0.04,485.85,559.72
0.09,0.09,0.3,0.01,0,504.44,486.3
0.09,0.09,0.3,0.01,0.01,505.07,504.84
0.09,0.09,0.3,0.01,0.02,505.44,523
0.09,0.09,0.3,0.01,0.03,504.53,542.1
0.09,0.09,0.3,0.01,0.04,504.84,561.03
0.09,0.09,0.3,0.02,0,522.97,486.01
0.09,0.09,0.3,0.02,0.01,522.73,504.9
0.09,0.09,0.3,0.02,0.02,523.42,522.85
0.09,0.09,0.3,0.02,0.03,523.99,542.16
0.09,0.09,0.3,0.02,0.04,525.03,559.59
0.09,0.09,0.3,0.03,0,541.47,486.2
0.09,0.09,0.3,0.03,0.01,542.18,504.69
0.09,0.09,0.3,0.03,0.02,542.3,523.23
0.09,0.09,0.3,0.03,0.03,541.46,541.37
0.09,0.09,0.3,0.03,0.04,541.93,559.11
0.09,0.1,0.3,0,0,485.93,504.87
0.09,0.1,0.3,0,0.01,486.45,524.1
0.09,0.1,0.3,0,0.02,486.38,541.99
0.09,0.1,0.3,0,0.03,486.36,560.78
0.09,0.1,0.3,0,0.04,486.76,579.28
0.09,0.1,0.3,0.01,0,504.6,504.65
0.09,0.1,0.3,0.01,0.01,504.73,522.37
0.09,0.1,0.3,0.01,0.02,505.11,540.83
0.09,0.1,0.3,0.01,0.03,504.91,558.89
0.09,0.1,0.3,0.01,0.04,503.95,579.35
0.09,0.1,0.3,0.02,0,522.87,504.48
0.09,0.1,0.3,0.02,0.01,523.48,524.03
0.09,0.1,0.3,0.02,0.02,524.13,541.62
0.09,0.1,0.3,0.02,0.03,522.24,559.86
0.09,0.1,0.3,0.02,0.04,522.7,577.94
0.09,0.1,0.3,0.03,0,541.5,505.29
0.09,0.1,0.3,0.03,0.01,541.08,523.88
0.09,0.1,0.3,0.03,0.02,541.74,542.25
0.09,0.1,0.3,0.03,0.03,541.75,560.67
0.1,0.09,0.3,0,0.04,504.63,559.26
0.1,0.09,0.3,0.01,0,523.45,486.13
0.1,0.09,0.3,0.01,0.01,523.85,504.22
0.1,0.09,0.3,0.01,0.02,522.76,523.67
0.1,0.09,0.3,0.01,0.03,523.25,541.66
0.1,0.09,0.3,0.01,0.04,523.23,559.53
0.1,0.09,0.3,0.02,0,542.09,485.86
0.1,0.09,0.3,0.02,0.01,541.51,505.15
0.1,0.09,0.3,0.02,0.02,541.85,523.44
0.1,0.09,0.3,0.02,0.03,541.26,541.82
0.1,0.09,0.3,0.02,0.04,542.04,560.22
0.1,0.09,0.3,0.03,0,560.1,486.97
0.1,0.09,0.3,0.03,0.01,561.02,503.6
0.1,0.09,0.3,0.03,0.02,559.8,523.62
0.1,0.09,0.3,0.03,0.03,560.41,542.02
0.1,0.09,0.3,0.03,0.04,560.54,560.24
0.1,0.1,0.3,0,0,504.74,504.55
0.1,0.1,0.3,0,0.01,505.41,522.67
0.1,0.1,0.3,0,0.02,504.88,541.52
0.1,0.1,0.3,0,0.03,504.93,560.41
0.1,0.1,0.3,0,0.04,505.08,578.25
0.1,0.1,0.3,0.01,0,523.94,504.88
0.1,0.1,0.3,0.01,0.01,523.54,523.89
0.1,0.1,0.3,0.01,0.02,523.56,541.58
0.1,0.1,0.3,0.01,0.03,522.3,560.35
0.1,0.1,0.3,0.01,0.04,523.39,578.46
0.1,0.1,0.3,0.02,0,541.3,504.01
0.1,0.1,0.3,0.02,0.01,541.71,523.71
0.1,0.1,0.3,0.02,0.02,541.76,542.31
0.1,0.1,0.3,0.02,0.03,541.19,559.8
0.1,0.1,0.3,0.02,0.04,541.38,579.21
0.1,0.1,0.3,0.03,0,559.69,504.31
0.1,0.1,0.3,0.03,0.01,560.06,523.33
0.1,0.1,0.3,0.03,0.02,560.38,542.79
0.1,0.1,0.3,0.03,0.03,559.93,559.92
0.06,0.09,0.31,0,0.04,427.47,552.78
0.06,0.09,0.31,0.01,0,445.4,480.85
0.06,0.09,0.31,0.01,0.01,444.65,498.65
0.06,0.09,0.31,0.01,0.02,445.3,516.07
0.06,0.09,0.31,0.01,0.03,444.48,535.04
0.06,0.09,0.31,0.01,0.04,445.09,552.5
0.06,0.09,0.31,0.02,0,462.56,480.76
0.06,0.09,0.31,0.02,0.01,463.1,498.57
0.06,0.09,0.31,0.02,0.02,462.83,515.93
0.06,0.09,0.31,0.02,0.03,463.08,534.47
0.06,0.09,0.31,0.02,0.04,463.43,551.57
0.06,0.09,0.31,0.03,0,481.49,480.67
0.06,0.09,0.31,0.03,0.01,480.69,499.1
0.06,0.09,0.31,0.03,0.02,480.54,516.78
0.06,0.09,0.31,0.03,0.03,480.94,535
0.06,0.09,0.31,0.03,0.04,480.99,551.97
0.06,0.1,0.31,0,0,426.73,498.61
0.06,0.1,0.31,0,0.01,426.92,517.21
0.06,0.1,0.31,0,0.02,427.42,534.58
0.06,0.1,0.31,0,0.03,428.05,552.85
0.06,0.1,0.31,0,0.04,426.79,570.84
0.06,0.1,0.31,0.01,0,445.83,498.59
0.06,0.1,0.31,0.01,0.01,444.77,516.51
0.06,0.1,0.31,0.01,0.02,445.38,534.15
0.06,0.1,0.31,0.01,0.03,444.7,552.83
0.06,0.1,0.31,0.01,0.04,445.14,570.61
0.06,0.1,0.31,0.02,0,463.38,498.42
0.06,0.1,0.31,0.02,0.01,463.78,516.42
0.06,0.1,0.31,0.02,0.02,462.14,534.49
0.06,0.1,0.31,0.02,0.03,463.07,552.83
0.06,0.1,0.31,0.02,0.04,463.44,569.98
0.06,0.1,0.31,0.03,0,481.1,498.99
0.06,0.1,0.31,0.03,0.01,481.11,516.13
0.06,0.1,0.31,0.03,0.02,480.59,534.93
0.06,0.1,0.31,0.03,0.03,480.28,552.4
0.07,0.09,0.31,0,0.04,445.38,552.3
0.07,0.09,0.31,0.01,0,463.2,481.43
0.07,0.09,0.31,0.01,0.01,462.5,498.72
0.07,0.09,0.31,0.01,0.02,463.46,516.54
0.07,0.09,0.31,0.01,0.03,463.15,535.71
0.07,0.09,0.31,0.01,0.04,463.24,552.36
0.07,0.09,0.31,0.02,0,481.33,481.57
0.07,0.09,0.31,0.02,0.01,480.99,499.27
0.07,0.09,0.31,0.02,0.02,480.95,517
0.07,0.09,0.31,0.02,0.03,480.04,534.43
0.07,0.09,0.31,0.02,0.04,480.55,552.21
0.07,0.09,0.31,0.03,0,498.69,479.88
0.07,0.09,0.31,0.03,0.01,497.96,499.34
0.07,0.09,0.31,0.03,0.02,499.05,517.02
0.07,0.09,0.31,0.03,0.03,498.58,534.3
0.07,0.09,0.31,0.03,0.04,499.5,551.94
0.07,0.1,0.31,0,0,445.75,498.01
0.07,0.1,0.31,0,0.01,445.95,516.01
0.07,0.1,0.31,0,0.02,445.58,534.33
0.07,0.1,0.31,0,0.03,444.5,552.02
0.07,0.1,0.31,0,0.04,445.08,570.9
0.07,0.1,0.31,0.01,0,461.64,498.79
0.07,0.1,0.31,0.01,0.01,462.55,516.89
0.07,0.1,0.31,0.01,0.02,463.31,534.46
0.07,0.1,0.31,0.01,0.03,463.49,552.17
0.07,0.1,0.31,0.01,0.04,463.41,569.83
0.07,0.1,0.31,0.02,0,480.73,498.65
0.07,0.1,0.31,0.02,0.01,480.62,516.75
0.07,0.1,0.31,0.02,0.02,481.34,535.01
0.07,0.1,0.31,0.02,0.03,481.32,552.81
0.07,0.1,0.31,0.02,0.04,480.89,570.81
0.07,0.1,0.31,0.03,0,498.11,500.04
0.07,0.1,0.31,0.03,0.01,498.28,516.91
0.07,0.1,0.31,0.03,0.02,499.01,534.65
0.07,0.1,0.31,0.03,0.03,499.62,553.08
0.08,0.09,0.31,0,0.04,462.69,553.75
0.08,0.09,0.31,0.01,0,480.72,481.46
0.08,0.09,0.31,0.01,0.01,481.15,498.25
0.08,0.09,0.31,0.01,0.02,479.83,516.72
0.08,0.09,0.31,0.01,0.03,479.53,534.38
0.08,0.09,0.31,0.01,0.04,480.84,552.52
0.08,0.09,0.31,0.02,0,498.44,479.78
0.08,0.09,0.31,0.02,0.01,499.64,498.2
0.08,0.09,0.31,0.02,0.02,499.48,516.46
0.08,0.09,0.31,0.02,0.03,499.09,534.08
0.08,0.09,0.31,0.02,0.04,498.5,553.03
0.08,0.09,0.31,0.03,0,517.03,481.67
0.08,0.09,0.31,0.03,0.01,517.46,498.52
0.08,0.09,0.31,0.03,0.02,516.73,516.7
0.08,0.09,0.31,0.03,0.03,516.12,534.23
0.08,0.09,0.31,0.03,0.04,516.49,552.68
0.08,0.1,0.31,0,0,463.12,498.08
0.08,0.1,0.31,0,0.01,463.34,517.37
0.08,0.1,0.31,0,0.02,462.91,534.37
0.08,0.1,0.31,0,0.03,463.13,552
0.08,0.1,0.31,0,0.04,462.97,569.45
0.08,0.1,0.31,0.01,0,480.43,498.07
0.08,0.1,0.31,0.01,0.01,481.04,516.66
0.08,0.1,0.31,0.01,0.02,481.46,534.42
0.08,0.1,0.31,0.01,0.03,480.9,552.96
0.08,0.1,0.31,0.01,0.04,480.76,569.89
0.08,0.1,0.31,0.02,0,498.8,499.71
0.08,0.1,0.31,0.02,0.01,498.7,516.98
0.08,0.1,0.31,0.02,0.02,498.47,534.75
0.08,0.1,0.31,0.02,0.03,499.55,553.09
0.08,0.1,0.31,0.02,0.04,497.62,570.07
0.08,0.1,0.31,0.03,0,516.17,499.06
0.08,0.1,0.31,0.03,0.01,517.2,516.86
0.08,0.1,0.31,0.03,0.02,517.27,533.66
0.08,0.1,0.31,0.03,0.03,516.37,551.83
0.09,0.09,0.31,0,0.04,480.88,553.01
0.09,0.09,0.31,0.01,0,498.79,481.18
0.09,0.09,0.31,0.01,0.01,499.12,499.38
0.09,0.09,0.31,0.01,0.02,498.38,515.86
0.09,0.09,0.31,0.01,0.03,499.78,533.94
0.09,0.09,0.31,0.01,0.04,498.21,552.52
0.09,0.09,0.31,0.02,0,517.39,480.93
0.09,0.09,0.31,0.02,0.01,517.2,497.9
0.09,0.09,0.31,0.02,0.02,516.99,516.85
0.09,0.09,0.31,0.02,0.03,517.1,535.6
0.09,0.09,0.31,0.02,0.04,516.43,552.65
0.09,0.09,0.31,0.03,0,533.71,480.96
0.09,0.09,0.31,0.03,0.01,534.65,499.6
0.09,0.09,0.31,0.03,0.02,534.94,516.93
0.09,0.09,0.31,0.03,0.03,534.06,534.78
0.09,0.09,0.31,0.03,0.04,535.16,552.87
0.09,0.1,0.31,0,0,480.03,498.77
0.09,0.1,0.31,0,0.01,480.32,517.2
0.09,0.1,0.31,0,0.02,480.93,534.56
0.09,0.1,0.31,0,0.03,480.86,552.95
0.09,0.1,0.31,0,0.04,481.54,570.13
0.09,0.1,0.31,0.01,0,498.18,498.65
0.09,0.1,0.31,0.01,0.01,499.56,516.37
0.09,0.1,0.31,0.01,0.02,498.39,534.78
0.09,0.1,0.31,0.01,0.03,498.62,552.49
0.09,0.1,0.31,0.01,0.04,498.33,570.17
0.09,0.1,0.31,0.02,0,516.88,498.85
0.09,0.1,0.31,0.02,0.01,517.43,516.2
0.09,0.1,0.31,0.02,0.02,516.38,533.52
0.09,0.1,0.31,0.02,0.03,516.79,553.09
0.09,0.1,0.31,0.02,0.04,517.05,569.56
0.09,0.1,0.31,0.03,0,534.49,498.54
0.09,0.1,0.31,0.03,0.01,534.35,516.85
0.09,0.1,0.31,0.03,0.02,534.91,534.55
0.09,0.1,0.31,0.03,0.03,534.24,552.27
0.1,0.09,0.31,0,0.04,499.19,552.75
0.1,0.09,0.31,0.01,0,517.08,480.7
0.1,0.09,0.31,0.01,0.01,516.08,498.02
0.1,0.09,0.31,0.01,0.02,516.07,515.86
0.1,0.09,0.31,0.01,0.03,515.73,534.36
0.1,0.09,0.31,0.01,0.04,517.12,552.64
0.1,0.09,0.31,0.02,0,533.67,481.34
0.1,0.09,0.31,0.02,0.01,534.46,498.44
0.1,0.09,0.31,0.02,0.02,534.29,515.76
0.1,0.09,0.31,0.02,0.03,534.46,535.31
0.1,0.09,0.31,0.02,0.04,535.06,553.01
0.1,0.09,0.31,0.03,0,553.44,480.89
0.1,0.09,0.31,0.03,0.01,551.33,499.58
0.1,0.09,0.31,0.03,0.02,552.54,516.57
0.1,0.09,0.31,0.03,0.03,552.75,534.63
0.1,0.09,0.31,0.03,0.04,552.2,551.65
0.1,0.1,0.31,0,0,498.39,498.74
0.1,0.1,0.31,0,0.01,499.18,516.51
0.1,0.1,0.31,0,0.02,499.16,534.79
0.1,0.1,0.31,0,0.03,499.09,552.73
0.1,0.1,0.31,0,0.04,499.44,569.45
0.1,0.1,0.31,0.01,0,517.68,498.39
0.1,0.1,0.31,0.01,0.01,516.76,516.44
0.1,0.1,0.31,0.01,0.02,516.11,535.05
0.1,0.1,0.31,0.01,0.03,516.7,553.17
0.1,0.1,0.31,0.01,0.04,516.78,570.31
0.1,0.1,0.31,0.02,0,534.94,497.85
0.1,0.1,0.31,0.02,0.01,534.45,516.13
0.1,0.1,0.31,0.02,0.02,534.92,535.49
0.1,0.1,0.31,0.02,0.03,534.65,551.64
0.1,0.1,0.31,0.02,0.04,535.45,570.05
0.1,0.1,0.31,0.03,0,552.3,498.6
0.1,0.1,0.31,0.03,0.01,551.66,516.13
0.1,0.1,0.31,0.03,0.02,552.92,535.04
0.1,0.1,0.31,0.03,0.03,553.11,552.26
0.06,0.09,0.32,0,0.04,423.45,544.57
0.06,0.09,0.32,0.01,0,440.51,476.39
0.06,0.09,0.32,0.01,0.01,440.94,493.64
0.06,0.09,0.32,0.01,0.02,440.64,510.1
0.06,0.09,0.32,0.01,0.03,440.82,528.01
0.06,0.09,0.32,0.01,0.04,441.16,545.25
0.06,0.09,0.32,0.02,0,458.72,475.31
0.06,0.09,0.32,0.02,0.01,458.67,492.74
0.06,0.09,0.32,0.02,0.02,458.42,510.44
0.06,0.09,0.32,0.02,0.03,458.2,527.1
0.06,0.09,0.32,0.02,0.04,458.75,544.76
0.06,0.09,0.32,0.03,0,475.92,477.06
0.06,0.09,0.32,0.03,0.01,475.99,493.1
0.06,0.09,0.32,0.03,0.02,474.9,510.5
0.06,0.09,0.32,0.03,0.03,476.26,528.19
0.06,0.09,0.32,0.03,0.04,476.69,545.45
0.06,0.1,0.32,0,0,424.13,492.81
0.06,0.1,0.32,0,0.01,423.39,510.49
0.06,0.1,0.32,0,0.02,423.73,528.18
0.06,0.1,0.32,0,0.03,423.88,544.17
0.06,0.1,0.32,0,0.04,424.2,562.81
0.06,0.1,0.32,0.01,0,441.38,492.66
0.06,0.1,0.32,0.01,0.01,441.71,509.84
0.06,0.1,0.32,0.01,0.02,440.49,527.38
0.06,0.1,0.32,0.01,0.03,442.01,545.61
0.06,0.1,0.32,0.01,0.04,440.81,562.79
0.06,0.1,0.32,0.02,0,458.26,492.98
0.06,0.1,0.32,0.02,0.01,458.27,511.7
0.06,0.1,0.32,0.02,0.02,458.21,528.72
0.06,0.1,0.32,0.02,0.03,459.22,545.25
0.06,0.1,0.32,0.02,0.04,458.36,562.75
0.06,0.1,0.32,0.03,0,475.47,493.3
0.06,0.1,0.32,0.03,0.01,475.49,510.24
0.06,0.1,0.32,0.03,0.02,476.17,526.67
0.06,0.1,0.32,0.03,0.03,475.77,544.97
0.07,0.09,0.32,0,0.04,440.89,544.73
0.07,0.09,0.32,0.01,0,458.27,475.99
0.07,0.09,0.32,0.01,0.01,458.24,493.59
0.07,0.09,0.32,0.01,0.02,459.02,510.32
0.07,0.09,0.32,0.01,0.03,458.87,528.51
0.07,0.09,0.32,0.01,0.04,459.11,545.74
0.07,0.09,0.32,0.02,0,475.27,476.06
0.07,0.09,0.32,0.02,0.01,475.79,493.23
0.07,0.09,0.32,0.02,0.02,475.26,509.33
0.07,0.09,0.32,0.02,0.03,474.85,526.57
0.07,0.09,0.32,0.02,0.04,476.83,545.23
0.07,0.09,0.32,0.03,0,493.62,476.09
0.07,0.09,0.32,0.03,0.01,493.05,494.24
0.07,0.09,0.32,0.03,0.02,492.94,510.63
0.07,0.09,0.32,0.03,0.03,492.77,527.99
0.07,0.09,0.32,0.03,0.04,492.72,544.67
0.07,0.1,0.32,0,0,441.19,493.88
0.07,0.1,0.32,0,0.01,441.54,510.78
0.07,0.1,0.32,0,0.02,441.08,527.72
0.07,0.1,0.32,0,0.03,440.41,544.42
0.07,0.1,0.32,0,0.04,441.35,562.71
0.07,0.1,0.32,0.01,0,458.52,492.31
0.07,0.1,0.32,0.01,0.01,458.49,509.81
0.07,0.1,0.32,0.01,0.02,457.9,527.19
0.07,0.1,0.32,0.01,0.03,459.15,546.2
0.07,0.1,0.32,0.01,0.04,458.73,561.94
0.07,0.1,0.32,0.02,0,475.35,493
0.07,0.1,0.32,0.02,0.01,475.56,510.16
0.07,0.1,0.32,0.02,0.02,476.09,527.47
0.07,0.1,0.32,0.02,0.03,475.36,544.12
0.07,0.1,0.32,0.02,0.04,476.18,562.97
0.07,0.1,0.32,0.03,0,493.48,492.87
0.07,0.1,0.32,0.03,0.01,493.22,511.54
0.07,0.1,0.32,0.03,0.02,493.56,528.19
0.07,0.1,0.32,0.03,0.03,492.93,545.4
0.08,0.09,0.32,0,0.04,459.96,544.82
0.08,0.09,0.32,0.01,0,475.99,475.54
0.08,0.09,0.32,0.01,0.01,475.58,493.4
0.08,0.09,0.32,0.01,0.02,475.5,510.96
0.08,0.09,0.32,0.01,0.03,475.29,528.65
0.08,0.09,0.32,0.01,0.04,475.67,544.93
0.08,0.09,0.32,0.02,0,492.92,476.14
0.08,0.09,0.32,0.02,0.01,493.37,492.72
0.08,0.09,0.32,0.02,0.02,492.8,510.68
0.08,0.09,0.32,0.02,0.03,492.91,527.98
0.08,0.09,0.32,0.02,0.04,492.97,545.56
0.08,0.09,0.32,0.03,0,510.13,475.99
0.08,0.09,0.32,0.03,0.01,510.15,493.33
0.08,0.09,0.32,0.03,0.02,510.98,510.72
0.08,0.09,0.32,0.03,0.03,510.44,528.01
0.08,0.09,0.32,0.03,0.04,510.29,545.27
0.08,0.1,0.32,0,0,458.7,493.4
0.08,0.1,0.32,0,0.01,458,509.97
0.08,0.1,0.32,0,0.02,460.06,528.48
0.08,0.1,0.32,0,0.03,458.75,546.27
0.08,0.1,0.32,0,0.04,457.93,563.11
0.08,0.1,0.32,0.01,0,475.34,493.88
0.08,0.1,0.32,0.01,0.01,475.56,510.77
0.08,0.1,0.32,0.01,0.02,476.21,528
0.08,0.1,0.32,0.01,0.03,475.28,544.97
0.08,0.1,0.32,0.01,0.04,475.22,562.49
0.08,0.1,0.32,0.02,0,492.73,493.73
0.08,0.1,0.32,0.02,0.01,493.05,510.2
0.08,0.1,0.32,0.02,0.02,492.65,528.26
0.08,0.1,0.32,0.02,0.03,492.79,544.92
0.08,0.1,0.32,0.02,0.04,493.55,562.53
0.08,0.1,0.32,0.03,0,511.16,492.97
0.08,0.1,0.32,0.03,0.01,510.61,509.89
0.08,0.1,0.32,0.03,0.02,510.75,528.07
0.08,0.1,0.32,0.03,0.03,510.38,545.14
0.09,0.09,0.32,0,0.04,476.53,545.69
0.09,0.09,0.32,0.01,0,493.5,476.15
0.09,0.09,0.32,0.01,0.01,493.24,493.01
0.09,0.09,0.32,0.01,0.02,493.71,511.24
0.09,0.09,0.32,0.01,0.03,493.35,527.65
0.09,0.09,0.32,0.01,0.04,494.25,544.75
0.09,0.09,0.32,0.02,0,509.96,476.44
0.09,0.09,0.32,0.02,0.01,509.75,493.77
0.09,0.09,0.32,0.02,0.02,509.73,510.67
0.09,0.09,0.32,0.02,0.03,511.44,527.51
0.09,0.09,0.32,0.02,0.04,509.91,545.23
0.09,0.09,0.32,0.03,0,528.06,475.3
0.09,0.09,0.32,0.03,0.01,528.69,494.19
0.09,0.09,0.32,0.03,0.02,527.12,510.65
0.09,0.09,0.32,0.03,0.03,527.79,527.38
0.09,0.09,0.32,0.03,0.04,528.03,544.94
0.09,0.1,0.32,0,0,476.08,493.6
0.09,0.1,0.32,0,0.01,476.4,510.28
0.09,0.1,0.32,0,0.02,475.38,527.84
0.09,0.1,0.32,0,0.03,476.4,545.36
0.09,0.1,0.32,0,0.04,475.99,562.68
0.09,0.1,0.32,0.01,0,493.33,493.9
0.09,0.1,0.32,0.01,0.01,494.12,511.1
0.09,0.1,0.32,0.01,0.02,493.37,527.95
0.09,0.1,0.32,0.01,0.03,492.65,545.3
0.09,0.1,0.32,0.01,0.04,493.34,562.98
0.09,0.1,0.32,0.02,0,510.56,493
0.09,0.1,0.32,0.02,0.01,509.87,509.74
0.09,0.1,0.32,0.02,0.02,510.74,526.88
0.09,0.1,0.32,0.02,0.03,510.87,544.57
0.09,0.1,0.32,0.02,0.04,510.23,562.54
0.09,0.1,0.32,0.03,0,527.06,492.68
0.09,0.1,0.32,0.03,0.01,527.13,510.25
0.09,0.1,0.32,0.03,0.02,527.57,527.17
0.09,0.1,0.32,0.03,0.03,527.54,545.4
0.1,0.09,0.32,0,0.04,492.71,544.47
0.1,0.09,0.32,0.01,0,509.77,475.69
0.1,0.09,0.32,0.01,0.01,510.4,493.17
0.1,0.09,0.32,0.01,0.02,510.09,511.1
0.1,0.09,0.32,0.01,0.03,510.83,527.48
0.1,0.09,0.32,0.01,0.04,510.45,545.23
0.1,0.09,0.32,0.02,0,527.81,476.27
0.1,0.09,0.32,0.02,0.01,527.52,494.14
0.1,0.09,0.32,0.02,0.02,528,510.19
0.1,0.09,0.32,0.02,0.03,528.04,528.46
0.1,0.09,0.32,0.02,0.04,528.03,544.84
0.1,0.09,0.32,0.03,0,546.13,476.06
0.1,0.09,0.32,0.03,0.01,544.54,494.26
0.1,0.09,0.32,0.03,0.02,544.68,510.64
0.1,0.09,0.32,0.03,0.03,545.55,526.84
0.1,0.09,0.32,0.03,0.04,545.32,545.04
0.1,0.1,0.32,0,0,492.65,493.68
0.1,0.1,0.32,0,0.01,493.12,510.7
0.1,0.1,0.32,0,0.02,493.07,527.49
0.1,0.1,0.32,0,0.03,492.62,545.05
0.1,0.1,0.32,0,0.04,492.22,563.48
0.1,0.1,0.32,0.01,0,510.1,494.57
0.1,0.1,0.32,0.01,0.01,509.77,510.32
0.1,0.1,0.32,0.01,0.02,511.55,527.48
0.1,0.1,0.32,0.01,0.03,510.39,545.53
0.1,0.1,0.32,0.01,0.04,510.15,562.91
0.1,0.1,0.32,0.02,0,527.08,493.04
0.1,0.1,0.32,0.02,0.01,528.29,510.5
0.1,0.1,0.32,0.02,0.02,527.71,527.6
0.1,0.1,0.32,0.02,0.03,528.57,545.32
0.1,0.1,0.32,0.02,0.04,528.23,563.22
0.1,0.1,0.32,0.03,0,545.37,492.68
0.1,0.1,0.32,0.03,0.01,546.02,510.38
0.1,0.1,0.32,0.03,0.02,545.51,527.99
0.1,0.1,0.32,0.03,0.03,545.23,545.57
0.06,0.09,0.33,0,0.04,419.87,537.12
0.06,0.09,0.33,0.01,0,438.08,470.73
0.06,0.09,0.33,0.01,0.01,437.91,488.92
0.06,0.09,0.33,0.01,0.02,437.53,505.3
0.06,0.09,0.33,0.01,0.03,437.82,522.03
0.06,0.09,0.33,0.01,0.04,436.81,539.22
0.06,0.09,0.33,0.02,0,453.78,470.48
0.06,0.09,0.33,0.02,0.01,454.58,487.83
0.06,0.09,0.33,0.02,0.02,454.43,505.54
0.06,0.09,0.33,0.02,0.03,454.32,522.33
0.06,0.09,0.33,0.02,0.04,454.31,538.1
0.06,0.09,0.33,0.03,0,471.82,470.98
0.06,0.09,0.33,0.03,0.01,472.24,488.77
0.06,0.09,0.33,0.03,0.02,471.15,504.91
0.06,0.09,0.33,0.03,0.03,471.83,521.34
0.06,0.09,0.33,0.03,0.04,471.61,538.51
0.06,0.1,0.33,0,0,419.64,487.6
0.06,0.1,0.33,0,0.01,420.4,504.56
0.06,0.1,0.33,0,0.02,420.89,521.85
0.06,0.1,0.33,0,0.03,420.72,538.06
0.06,0.1,0.33,0,0.04,420.94,555.02
0.06,0.1,0.33,0.01,0,437.86,488.3
0.06,0.1,0.33,0.01,0.01,438.19,504.18
0.06,0.1,0.33,0.01,0.02,437.74,521.86
0.06,0.1,0.33,0.01,0.03,436.7,539.03
0.06,0.1,0.33,0.01,0.04,437.97,554.89
0.06,0.1,0.33,0.02,0,454.24,487.49
0.06,0.1,0.33,0.02,0.01,454.73,504.29
0.06,0.1,0.33,0.02,0.02,454.44,521.5
0.06,0.1,0.33,0.02,0.03,454.38,537.45
0.06,0.1,0.33,0.02,0.04,454.39,555.3
0.06,0.1,0.33,0.03,0,471.19,488.74
0.06,0.1,0.33,0.03,0.01,471.72,504.93
0.06,0.1,0.33,0.03,0.02,471.87,522.45
0.06,0.1,0.33,0.03,0.03,471.06,538.44
0.07,0.09,0.33,0,0.04,436.9,537.85
0.07,0.09,0.33,0.01,0,453.91,471.17
0.07,0.09,0.33,0.01,0.01,453.9,487.8
0.07,0.09,0.33,0.01,0.02,454.08,505.03
0.07,0.09,0.33,0.01,0.03,454.61,522.18
0.07,0.09,0.33,0.01,0.04,454.9,537.58
0.07,0.09,0.33,0.02,0,470.43,471.69
0.07,0.09,0.33,0.02,0.01,471.04,488.15
0.07,0.09,0.33,0.02,0.02,470.69,503.39
0.07,0.09,0.33,0.02,0.03,471.33,521.97
0.07,0.09,0.33,0.02,0.04,471.24,538.1
0.07,0.09,0.33,0.03,0,488.47,471.11
0.07,0.09,0.33,0.03,0.01,487.8,487.72
0.07,0.09,0.33,0.03,0.02,488.53,504.66
0.07,0.09,0.33,0.03,0.03,487.14,521.62
0.07,0.09,0.33,0.03,0.04,488.24,539.07
0.07,0.1,0.33,0,0,437.69,487.89
0.07,0.1,0.33,0,0.01,437.5,504.92
0.07,0.1,0.33,0,0.02,437.31,521.98
0.07,0.1,0.33,0,0.03,437.35,538.43
0.07,0.1,0.33,0,0.04,438.23,555.49
0.07,0.1,0.33,0.01,0,453.98,487.5
0.07,0.1,0.33,0.01,0.01,452.98,505.31
0.07,0.1,0.33,0.01,0.02,454.81,521.86
0.07,0.1,0.33,0.01,0.03,454.28,538.52
0.07,0.1,0.33,0.01,0.04,454.05,555.04
0.07,0.1,0.33,0.02,0,470.38,489.33
0.07,0.1,0.33,0.02,0.01,470.5,503.67
0.07,0.1,0.33,0.02,0.02,471.45,521.69
0.07,0.1,0.33,0.02,0.03,471.26,537.65
0.07,0.1,0.33,0.02,0.04,470.75,554.77
0.07,0.1,0.33,0.03,0,487.93,487.47
0.07,0.1,0.33,0.03,0.01,487.95,504.64
0.07,0.1,0.33,0.03,0.02,487.48,520.77
0.07,0.1,0.33,0.03,0.03,487.39,538.32
0.08,0.09,0.33,0,0.04,454.3,538.12
0.08,0.09,0.33,0.01,0,471.08,471.58
0.08,0.09,0.33,0.01,0.01,470.95,488.61
0.08,0.09,0.33,0.01,0.02,472.4,504.39
0.08,0.09,0.33,0.01,0.03,470.99,521.03
0.08,0.09,0.33,0.01,0.04,472.09,538.24
0.08,0.09,0.33,0.02,0,488.32,471.44
0.08,0.09,0.33,0.02,0.01,487.97,488.45
0.08,0.09,0.33,0.02,0.02,488.3,504.24
0.08,0.09,0.33,0.02,0.03,487.49,522.41
0.08,0.09,0.33,0.02,0.04,487.42,537.93
0.08,0.09,0.33,0.03,0,504.64,471.23
0.08,0.09,0.33,0.03,0.01,505.13,487.9
0.08,0.09,0.33,0.03,0.02,504.87,504.64
0.08,0.09,0.33,0.03,0.03,505.11,520.45
0.08,0.09,0.33,0.03,0.04,505.43,537.8
0.08,0.1,0.33,0,0,454.81,487.81
0.08,0.1,0.33,0,0.01,455.61,504.39
0.08,0.1,0.33,0,0.02,454.8,521.96
0.08,0.1,0.33,0,0.03,454.08,537.9
0.08,0.1,0.33,0,0.04,455.28,554.08
0.08,0.1,0.33,0.01,0,470.24,489.07
0.08,0.1,0.33,0.01,0.01,471.37,504.25
0.08,0.1,0.33,0.01,0.02,471.16,521.9
0.08,0.1,0.33,0.01,0.03,471.36,537.88
0.08,0.1,0.33,0.01,0.04,470.85,554.96
0.08,0.1,0.33,0.02,0,486.83,487.69
0.08,0.1,0.33,0.02,0.01,488.3,504.37
0.08,0.1,0.33,0.02,0.02,487.78,521.39
0.08,0.1,0.33,0.02,0.03,486.7,538.34
0.08,0.1,0.33,0.02,0.04,487.45,554.77
0.08,0.1,0.33,0.03,0,504.5,487.32
0.08,0.1,0.33,0.03,0.01,504.54,505.22
0.08,0.1,0.33,0.03,0.02,504.56,520.85
0.08,0.1,0.33,0.03,0.03,503.57,538.51
0.09,0.09,0.33,0,0.04,470.17,537.97
0.09,0.09,0.33,0.01,0,487.22,471.11
0.09,0.09,0.33,0.01,0.01,488.48,488.08
0.09,0.09,0.33,0.01,0.02,487.85,504.07
0.09,0.09,0.33,0.01,0.03,488.72,521.12
0.09,0.09,0.33,0.01,0.04,487.12,538.85
0.09,0.09,0.33,0.02,0,504.92,471.62
0.09,0.09,0.33,0.02,0.01,504.74,486.78
0.09,0.09,0.33,0.02,0.02,504.76,505.46
0.09,0.09,0.33,0.02,0.03,504.31,521.24
0.09,0.09,0.33,0.02,0.04,503.97,538.48
0.09,0.09,0.33,0.03,0,521.94,470.62
0.09,0.09,0.33,0.03,0.01,521.62,487.82
0.09,0.09,0.33,0.03,0.02,520.25,504.49
0.09,0.09,0.33,0.03,0.03,521.97,521.29
0.09,0.09,0.33,0.03,0.04,520.87,539.16
0.09,0.1,0.33,0,0,471.78,487.95
0.09,0.1,0.33,0,0.01,471.58,504.93
0.09,0.1,0.33,0,0.02,471.25,520.41
0.09,0.1,0.33,0,0.03,470.68,538.54
0.09,0.1,0.33,0,0.04,471.59,554.88
0.09,0.1,0.33,0.01,0,487.89,488.18
0.09,0.1,0.33,0.01,0.01,488.79,505.21
0.09,0.1,0.33,0.01,0.02,487.84,521.3
0.09,0.1,0.33,0.01,0.03,488.14,538.15
0.09,0.1,0.33,0.01,0.04,487.48,554.69
0.09,0.1,0.33,0.02,0,504.88,487.54
0.09,0.1,0.33,0.02,0.01,505.72,504.42
0.09,0.1,0.33,0.02,0.02,505,521.74
0.09,0.1,0.33,0.02,0.03,505.39,538.57
0.09,0.1,0.33,0.02,0.04,504.73,554.94
0.09,0.1,0.33,0.03,0,521.41,488.42
0.09,0.1,0.33,0.03,0.01,521.65,505.25
0.09,0.1,0.33,0.03,0.02,521.72,520.58
0.09,0.1,0.33,0.03,0.03,521.08,537.99
0.1,0.09,0.33,0,0.04,487.34,539.39
0.1,0.09,0.33,0.01,0,505.25,471.12
0.1,0.09,0.33,0.01,0.01,504.61,488.35
0.1,0.09,0.33,0.01,0.02,505.3,503.93
0.1,0.09,0.33,0.01,0.03,504.44,521.58
0.1,0.09,0.33,0.01,0.04,504.88,537.56
0.1,0.09,0.33,0.02,0,521.34,471.63
0.1,0.09,0.33,0.02,0.01,521.76,488.34
0.1,0.09,0.33,0.02,0.02,521.69,505.84
0.1,0.09,0.33,0.02,0.03,521.48,522.7
0.1,0.09,0.33,0.02,0.04,522.07,538.12
0.1,0.09,0.33,0.03,0,538.46,470.65
0.1,0.09,0.33,0.03,0.01,538.13,488.34
0.1,0.09,0.33,0.03,0.02,538.09,504.75
0.1,0.09,0.33,0.03,0.03,538.67,520.71
0.1,0.09,0.33,0.03,0.04,538.22,538.79
0.1,0.1,0.33,0,0,488.53,487.92
0.1,0.1,0.33,0,0.01,488.14,503.63
0.1,0.1,0.33,0,0.02,488.65,521.07
0.1,0.1,0.33,0,0.03,488.17,538.05
0.1,0.1,0.33,0,0.04,487.45,555.18
0.1,0.1,0.33,0.01,0,505.24,488.06
0.1,0.1,0.33,0.01,0.01,504.9,505.53
0.1,0.1,0.33,0.01,0.02,504.93,522.39
0.1,0.1,0.33,0.01,0.03,504.3,538.2
0.1,0.1,0.33,0.01,0.04,504.54,555.5
0.1,0.1,0.33,0.02,0,520.6,487.9
0.1,0.1,0.33,0.02,0.01,521.39,505.19
0.1,0.1,0.33,0.02,0.02,521.81,521.02
0.1,0.1,0.33,0.02,0.03,522.14,539.01
0.1,0.1,0.33,0.02,0.04,522.74,554.26
0.1,0.1,0.33,0.03,0,538.44,487.79
0.1,0.1,0.33,0.03,0.01,538.41,504.42
0.1,0.1,0.33,0.03,0.02,537.83,521.59
0.1,0.1,0.33,0.03,0.03,539.26,538.42
0.06,0.09,0.34,0,0.04,417.94,531.61
0.06,0.09,0.34,0.01,0,434.17,466.97
0.06,0.09,0.34,0.01,0.01,434.31,483.24
0.06,0.09,0.34,0.01,0.02,433.39,498.87
0.06,0.09,0.34,0.01,0.03,433.76,515.43
0.06,0.09,0.34,0.01,0.04,434.62,531.41
0.06,0.09,0.34,0.02,0,450.3,466.83
0.06,0.09,0.34,0.02,0.01,451.28,482.52
0.06,0.09,0.34,0.02,0.02,450.02,498.58
0.06,0.09,0.34,0.02,0.03,451.1,515.73
0.06,0.09,0.34,0.02,0.04,450.07,532.07
0.06,0.09,0.34,0.03,0,467.38,466.87
0.06,0.09,0.34,0.03,0.01,466.3,483.33
0.06,0.09,0.34,0.03,0.02,465.64,499.39
0.06,0.09,0.34,0.03,0.03,466.98,515.93
0.06,0.09,0.34,0.03,0.04,466.39,531.61
0.06,0.1,0.34,0,0,418.5,482.78
0.06,0.1,0.34,0,0.01,417.72,499.45
0.06,0.1,0.34,0,0.02,417.3,516.21
0.06,0.1,0.34,0,0.03,417.58,532.53
0.06,0.1,0.34,0,0.04,418.36,547.66
0.06,0.1,0.34,0.01,0,434.25,483.21
0.06,0.1,0.34,0.01,0.01,434.67,499.18
0.06,0.1,0.34,0.01,0.02,434.65,515.19
0.06,0.1,0.34,0.01,0.03,433.65,531.38
0.06,0.1,0.34,0.01,0.04,433.81,548.75
0.06,0.1,0.34,0.02,0,449.69,483.58
0.06,0.1,0.34,0.02,0.01,449.19,499.65
0.06,0.1,0.34,0.02,0.02,450.63,516.35
0.06,0.1,0.34,0.02,0.03,450.32,531.25
0.06,0.1,0.34,0.02,0.04,450.23,547.69
0.06,0.1,0.34,0.03,0,466.99,483.87
0.06,0.1,0.34,0.03,0.01,466.9,500.17
0.06,0.1,0.34,0.03,0.02,466.56,516.22
0.06,0.1,0.34,0.03,0.03,466.27,532.27
0.07,0.09,0.34,0,0.04,434.87,531.87
0.07,0.09,0.34,0.01,0,449.86,467.36
0.07,0.09,0.34,0.01,0.01,450.37,483.41
0.07,0.09,0.34,0.01,0.02,450.58,499.24
0.07,0.09,0.34,0.01,0.03,450.86,515.05
0.07,0.09,0.34,0.01,0.04,450.3,531.48
0.07,0.09,0.34,0.02,0,466.18,466.06
0.07,0.09,0.34,0.02,0.01,466.45,483.46
0.07,0.09,0.34,0.02,0.02,467.52,500.33
0.07,0.09,0.34,0.02,0.03,466.95,515.36
0.07,0.09,0.34,0.02,0.04,467.34,531.75
0.07,0.09,0.34,0.03,0,483.63,467
0.07,0.09,0.34,0.03,0.01,482.23,482.8
0.07,0.09,0.34,0.03,0.02,482.64,499.25
0.07,0.09,0.34,0.03,0.03,484.12,515.84
0.07,0.09,0.34,0.03,0.04,483.28,532.53
0.07,0.1,0.34,0,0,434.37,482.29
0.07,0.1,0.34,0,0.01,433.85,499.25
0.07,0.1,0.34,0,0.02,433.65,515.77
0.07,0.1,0.34,0,0.03,434.18,531.72
0.07,0.1,0.34,0,0.04,433.88,548.37
0.07,0.1,0.34,0.01,0,450.64,483.77
0.07,0.1,0.34,0.01,0.01,450.43,499.46
0.07,0.1,0.34,0.01,0.02,450.29,515.93
0.07,0.1,0.34,0.01,0.03,450.62,532.01
0.07,0.1,0.34,0.01,0.04,451.07,548.11
0.07,0.1,0.34,0.02,0,466.85,482.99
0.07,0.1,0.34,0.02,0.01,466.68,498.82
0.07,0.1,0.34,0.02,0.02,466.63,515.73
0.07,0.1,0.34,0.02,0.03,466.27,533.29
0.07,0.1,0.34,0.02,0.04,466.14,548.36
0.07,0.1,0.34,0.03,0,482.32,482.75
0.07,0.1,0.34,0.03,0.01,482.81,498.71
0.07,0.1,0.34,0.03,0.02,482.41,515.4
0.07,0.1,0.34,0.03,0.03,483.13,531.79
0.08,0.09,0.34,0,0.04,450.58,532.93
0.08,0.09,0.34,0.01,0,466.93,466.56
0.08,0.09,0.34,0.01,0.01,467.09,483.48
0.08,0.09,0.34,0.01,0.02,466.43,499.26
0.08,0.09,0.34,0.01,0.03,466.35,514.87
0.08,0.09,0.34,0.01,0.04,466.5,532.05
0.08,0.09,0.34,0.02,0,483.38,466.54
0.08,0.09,0.34,0.02,0.01,484,484.05
0.08,0.09,0.34,0.02,0.02,483.67,499.64
0.08,0.09,0.34,0.02,0.03,482.62,515.8
0.08,0.09,0.34,0.02,0.04,482.97,532.32
0.08,0.09,0.34,0.03,0,500,466.95
0.08,0.09,0.34,0.03,0.01,499.12,483.39
0.08,0.09,0.34,0.03,0.02,499.66,498.22
0.08,0.09,0.34,0.03,0.03,498.94,515.85
0.08,0.09,0.34,0.03,0.04,498.07,533.04
0.08,0.1,0.34,0,0,449.37,483.09
0.08,0.1,0.34,0,0.01,450.22,499.12
0.08,0.1,0.34,0,0.02,450.42,515.02
0.08,0.1,0.34,0,0.03,449.59,531.87
0.08,0.1,0.34,0,0.04,450.55,548.64
0.08,0.1,0.34,0.01,0,465.84,483.63
0.08,0.1,0.34,0.01,0.01,466.1,498.98
0.08,0.1,0.34,0.01,0.02,466.03,514.17
0.08,0.1,0.34,0.01,0.03,466.63,531.15
0.08,0.1,0.34,0.01,0.04,466.2,547.92
0.08,0.1,0.34,0.02,0,483.5,482.9
0.08,0.1,0.34,0.02,0.01,483.08,499.21
0.08,0.1,0.34,0.02,0.02,482.9,516.62
0.08,0.1,0.34,0.02,0.03,482.89,532.04
0.08,0.1,0.34,0.02,0.04,483.43,548.55
0.08,0.1,0.34,0.03,0,499.35,483.13
0.08,0.1,0.34,0.03,0.01,498.07,499.48
0.08,0.1,0.34,0.03,0.02,499.5,515.75
0.08,0.1,0.34,0.03,0.03,499.88,531.53
0.09,0.09,0.34,0,0.04,465.82,531.87
0.09,0.09,0.34,0.01,0,483.24,466.98
0.09,0.09,0.34,0.01,0.01,482.22,483.85
0.09,0.09,0.34,0.01,0.02,483.14,498.79
0.09,0.09,0.34,0.01,0.03,483.32,515.72
0.09,0.09,0.34,0.01,0.04,483.24,532.13
0.09,0.09,0.34,0.02,0,499.6,466.85
0.09,0.09,0.34,0.02,0.01,500.01,483.44
0.09,0.09,0.34,0.02,0.02,498.63,498.77
0.09,0.09,0.34,0.02,0.03,498.89,516
0.09,0.09,0.34,0.02,0.04,499.19,530.64
0.09,0.09,0.34,0.03,0,516.37,466.75
0.09,0.09,0.34,0.03,0.01,515.75,483.4
0.09,0.09,0.34,0.03,0.02,514.96,498.72
0.09,0.09,0.34,0.03,0.03,515.38,515.91
0.09,0.09,0.34,0.03,0.04,516.32,532.04
0.09,0.1,0.34,0,0,467.36,483.89
0.09,0.1,0.34,0,0.01,466.93,499.51
0.09,0.1,0.34,0,0.02,466.07,515.45
0.09,0.1,0.34,0,0.03,466.28,531.27
0.09,0.1,0.34,0,0.04,466.09,548.34
0.09,0.1,0.34,0.01,0,483.39,482.53
0.09,0.1,0.34,0.01,0.01,482.7,500.23
0.09,0.1,0.34,0.01,0.02,484.06,515.03
0.09,0.1,0.34,0.01,0.03,482.18,531.79
0.09,0.1,0.34,0.01,0.04,482.93,549.23
0.09,0.1,0.34,0.02,0,498.8,481.95
0.09,0.1,0.34,0.02,0.01,498.72,499.42
0.09,0.1,0.34,0.02,0.02,499.8,515.55
0.09,0.1,0.34,0.02,0.03,499.32,532.34
0.09,0.1,0.34,0.02,0.04,499.59,547.19
0.09,0.1,0.34,0.03,0,516.57,483.53
0.09,0.1,0.34,0.03,0.01,515.38,500.04
0.09,0.1,0.34,0.03,0.02,515.87,516.97
0.09,0.1,0.34,0.03,0.03,515.75,532.49
0.1,0.09,0.34,0,0.04,483.65,532.76
0.1,0.09,0.34,0.01,0,499.63,466.42
0.1,0.09,0.34,0.01,0.01,499.52,482.49
0.1,0.09,0.34,0.01,0.02,498.72,499.58
0.1,0.09,0.34,0.01,0.03,499.15,516.47
0.1,0.09,0.34,0.01,0.04,499.51,531.82
0.1,0.09,0.34,0.02,0,514.85,466.71
0.1,0.09,0.34,0.02,0.01,515.59,482.24
0.1,0.09,0.34,0.02,0.02,515.37,499.46
0.1,0.09,0.34,0.02,0.03,514.95,515.18
0.1,0.09,0.34,0.02,0.04,515.68,532.63
0.1,0.09,0.34,0.03,0,531.68,466.79
0.1,0.09,0.34,0.03,0.01,532,482.28
0.1,0.09,0.34,0.03,0.02,532.1,499.98
0.1,0.09,0.34,0.03,0.03,532.41,514.44
0.1,0.09,0.34,0.03,0.04,531.3,531.43
0.1,0.1,0.34,0,0,482.45,482.62
0.1,0.1,0.34,0,0.01,483.53,500.05
0.1,0.1,0.34,0,0.02,483.22,516.3
0.1,0.1,0.34,0,0.03,483.52,531.27
0.1,0.1,0.34,0,0.04,483.35,548.18
0.1,0.1,0.34,0.01,0,499.19,482.79
0.1,0.1,0.34,0.01,0.01,499.57,499.21
0.1,0.1,0.34,0.01,0.02,499,516.3
0.1,0.1,0.34,0.01,0.03,499.3,532.34
0.1,0.1,0.34,0.01,0.04,499.16,548.12
0.1,0.1,0.34,0.02,0,516.35,482.87
0.1,0.1,0.34,0.02,0.01,515.18,499.78
0.1,0.1,0.34,0.02,0.02,515.29,515.72
0.1,0.1,0.34,0.02,0.03,515.2,531.87
0.1,0.1,0.34,0.02,0.04,516.19,548.72
0.1,0.1,0.34,0.03,0,531.77,482.8
0.1,0.1,0.34,0.03,0.01,532.71,498.76
0.1,0.1,0.34,0.03,0.02,532.85,515.03
0.1,0.1,0.34,0.03,0.03,531.8,531.21
0.06,0.09,0.35,0,0.04,415.37,526.12
0.06,0.09,0.35,0.01,0,431.22,462.24
0.06,0.09,0.35,0.01,0.01,431.45,478.42
0.06,0.09,0.35,0.01,0.02,431.83,493.96
0.06,0.09,0.35,0.01,0.03,430.85,509.81
0.06,0.09,0.35,0.01,0.04,430.8,526.35
0.06,0.09,0.35,0.02,0,446.17,461.77
0.06,0.09,0.35,0.02,0.01,446.44,478.62
0.06,0.09,0.35,0.02,0.02,447.22,494.32
0.06,0.09,0.35,0.02,0.03,446.58,509.63
0.06,0.09,0.35,0.02,0.04,446.79,524.8
0.06,0.09,0.35,0.03,0,462.27,462.4
0.06,0.09,0.35,0.03,0.01,463.22,477.95
0.06,0.09,0.35,0.03,0.02,462.61,494
0.06,0.09,0.35,0.03,0.03,462.88,510.1
0.06,0.09,0.35,0.03,0.04,463.03,525.79
0.06,0.1,0.35,0,0,414.21,478.72
0.06,0.1,0.35,0,0.01,414.9,493.56
0.06,0.1,0.35,0,0.02,415.61,509.93
0.06,0.1,0.35,0,0.03,415.15,525.46
0.06,0.1,0.35,0,0.04,414.95,541.83
0.06,0.1,0.35,0.01,0,430.8,478.38
0.06,0.1,0.35,0.01,0.01,431.41,494.25
0.06,0.1,0.35,0.01,0.02,431.08,509.46
0.06,0.1,0.35,0.01,0.03,430.3,525.62
0.06,0.1,0.35,0.01,0.04,431.71,541.45
0.06,0.1,0.35,0.02,0,446.79,478.82
0.06,0.1,0.35,0.02,0.01,446.32,493.73
0.06,0.1,0.35,0.02,0.02,446.8,510.3
0.06,0.1,0.35,0.02,0.03,446.54,526.29
0.06,0.1,0.35,0.02,0.04,447.39,541.01
0.06,0.1,0.35,0.03,0,462.08,477.39
0.06,0.1,0.35,0.03,0.01,463.12,493.85
0.06,0.1,0.35,0.03,0.02,462.43,510.59
0.06,0.1,0.35,0.03,0.03,462.93,526.47
0.07,0.09,0.35,0,0.04,430.62,525.91
0.07,0.09,0.35,0.01,0,446.3,462.22
0.07,0.09,0.35,0.01,0.01,445.95,478.17
0.07,0.09,0.35,0.01,0.02,446.75,494.25
0.07,0.09,0.35,0.01,0.03,446.24,510.91
0.07,0.09,0.35,0.01,0.04,446.39,525.33
0.07,0.09,0.35,0.02,0,462.02,463.36
0.07,0.09,0.35,0.02,0.01,463.37,478.47
0.07,0.09,0.35,0.02,0.02,461.69,495.15
0.07,0.09,0.35,0.02,0.03,462.61,510.97
0.07,0.09,0.35,0.02,0.04,463.01,526.04
0.07,0.09,0.35,0.03,0,478.26,462.68
0.07,0.09,0.35,0.03,0.01,477.37,477.98
0.07,0.09,0.35,0.03,0.02,477.91,494.48
0.07,0.09,0.35,0.03,0.03,478.77,509.93
0.07,0.09,0.35,0.03,0.04,478.04,525.78
0.07,0.1,0.35,0,0,431.12,478.77
0.07,0.1,0.35,0,0.01,430.45,493.18
0.07,0.1,0.35,0,0.02,431,510.37
0.07,0.1,0.35,0,0.03,430.17,525.56
0.07,0.1,0.35,0,0.04,431.17,541.75
0.07,0.1,0.35,0.01,0,446.41,479
0.07,0.1,0.35,0.01,0.01,447.01,494.19
0.07,0.1,0.35,0.01,0.02,446.37,509.39
0.07,0.1,0.35,0.01,0.03,446.71,525.15
0.07,0.1,0.35,0.01,0.04,447.19,541.81
0.07,0.1,0.35,0.02,0,463,478.75
0.07,0.1,0.35,0.02,0.01,462.84,493.77
0.07,0.1,0.35,0.02,0.02,462.37,510.51
0.07,0.1,0.35,0.02,0.03,462.18,525.97
0.07,0.1,0.35,0.02,0.04,462.95,541.47
0.07,0.1,0.35,0.03,0,477.81,478.12
0.07,0.1,0.35,0.03,0.01,478.34,494.2
0.07,0.1,0.35,0.03,0.02,478.76,509.81
0.07,0.1,0.35,0.03,0.03,478.45,525.87
0.08,0.09,0.35,0,0.04,446.92,526.18
0.08,0.09,0.35,0.01,0,462.19,462.02
0.08,0.09,0.35,0.01,0.01,462.25,478.13
0.08,0.09,0.35,0.01,0.02,462.24,493.03
0.08,0.09,0.35,0.01,0.03,462.43,510.73
0.08,0.09,0.35,0.01,0.04,463.03,525.73
0.08,0.09,0.35,0.02,0,478.31,463.34
0.08,0.09,0.35,0.02,0.01,478.76,478.35
0.08,0.09,0.35,0.02,0.02,477.61,493.91
0.08,0.09,0.35,0.02,0.03,478.32,511.18
0.08,0.09,0.35,0.02,0.04,478.41,526.74
0.08,0.09,0.35,0.03,0,494.76,462.06
0.08,0.09,0.35,0.03,0.01,494.61,478.49
0.08,0.09,0.35,0.03,0.02,494.24,494.28
0.08,0.09,0.35,0.03,0.03,494.3,510.57
0.08,0.09,0.35,0.03,0.04,493.84,525.41
0.08,0.1,0.35,0,0,446.56,478.74
0.08,0.1,0.35,0,0.01,446.09,494.55
0.08,0.1,0.35,0,0.02,446.99,509.81
0.08,0.1,0.35,0,0.03,446.66,526.19
0.08,0.1,0.35,0,0.04,445.93,542.21
0.08,0.1,0.35,0.01,0,462.24,477.61
0.08,0.1,0.35,0.01,0.01,461.96,494.17
0.08,0.1,0.35,0.01,0.02,463.01,509.89
0.08,0.1,0.35,0.01,0.03,463.09,525.29
0.08,0.1,0.35,0.01,0.04,462.81,542.02
0.08,0.1,0.35,0.02,0,477.86,478.3
0.08,0.1,0.35,0.02,0.01,478.73,495
0.08,0.1,0.35,0.02,0.02,478.39,510.13
0.08,0.1,0.35,0.02,0.03,477.66,525.48
0.08,0.1,0.35,0.02,0.04,478.15,541.62
0.08,0.1,0.35,0.03,0,494.43,477.96
0.08,0.1,0.35,0.03,0.01,494.73,493.96
0.08,0.1,0.35,0.03,0.02,494.94,510.05
0.08,0.1,0.35,0.03,0.03,493.95,525.61
0.09,0.09,0.35,0,0.04,462.26,526.19
0.09,0.09,0.35,0.01,0,478.13,462.8
0.09,0.09,0.35,0.01,0.01,478.28,477.76
0.09,0.09,0.35,0.01,0.02,477.82,494.02
0.09,0.09,0.35,0.01,0.03,478.82,509.62
0.09,0.09,0.35,0.01,0.04,478.44,526.06
0.09,0.09,0.35,0.02,0,494.21,462.4
0.09,0.09,0.35,0.02,0.01,494.17,477.81
0.09,0.09,0.35,0.02,0.02,494.57,494.36
0.09,0.09,0.35,0.02,0.03,494.41,510.46
0.09,0.09,0.35,0.02,0.04,493.82,525.82
0.09,0.09,0.35,0.03,0,509.95,462.1
0.09,0.09,0.35,0.03,0.01,509.72,478.02
0.09,0.09,0.35,0.03,0.02,509.64,494.28
0.09,0.09,0.35,0.03,0.03,510.27,510.84
0.09,0.09,0.35,0.03,0.04,509.58,527.14
0.09,0.1,0.35,0,0,462.35,478.42
0.09,0.1,0.35,0,0.01,461.81,494.16
0.09,0.1,0.35,0,0.02,462.38,509.96
0.09,0.1,0.35,0,0.03,462.8,525.98
0.09,0.1,0.35,0,0.04,462.97,540.91
0.09,0.1,0.35,0.01,0,477.67,478.5
0.09,0.1,0.35,0.01,0.01,477.8,495.66
0.09,0.1,0.35,0.01,0.02,478.01,508.87
0.09,0.1,0.35,0.01,0.03,478.59,525.19
0.09,0.1,0.35,0.01,0.04,479.19,541.04
0.09,0.1,0.35,0.02,0,494.04,477.56
0.09,0.1,0.35,0.02,0.01,495.26,493.83
0.09,0.1,0.35,0.02,0.02,493.4,509.63
0.09,0.1,0.35,0.02,0.03,493.6,525.42
0.09,0.1,0.35,0.02,0.04,494.56,541.81
0.09,0.1,0.35,0.03,0,510.1,477.82
0.09,0.1,0.35,0.03,0.01,510.5,493.95
0.09,0.1,0.35,0.03,0.02,510.02,509.98
0.09,0.1,0.35,0.03,0.03,510.12,525.62
0.1,0.09,0.35,0,0.04,477.98,526.07
0.1,0.09,0.35,0.01,0,494.52,462.43
0.1,0.09,0.35,0.01,0.01,494.15,478.1
0.1,0.09,0.35,0.01,0.02,494.06,493.83
0.1,0.09,0.35,0.01,0.03,494.82,510.69
0.1,0.09,0.35,0.01,0.04,493.76,525.69
0.1,0.09,0.35,0.02,0,509.91,462.57
0.1,0.09,0.35,0.02,0.01,509.19,477.98
0.1,0.09,0.35,0.02,0.02,509.11,494.32
0.1,0.09,0.35,0.02,0.03,509.19,510.02
0.1,0.09,0.35,0.02,0.04,510.16,525.44
0.1,0.09,0.35,0.03,0,525.95,462.62
0.1,0.09,0.35,0.03,0.01,525.34,478.67
0.1,0.09,0.35,0.03,0.02,526.25,494.35
0.1,0.09,0.35,0.03,0.03,525.51,509.89
0.1,0.09,0.35,0.03,0.04,525.76,526.6
0.1,0.1,0.35,0,0,478.79,478.2
0.1,0.1,0.35,0,0.01,478.65,494.37
0.1,0.1,0.35,0,0.02,479.08,510.21
0.1,0.1,0.35,0,0.03,479.48,526.47
0.1,0.1,0.35,0,0.04,479.06,542.13
0.1,0.1,0.35,0.01,0,494.4,478.6
0.1,0.1,0.35,0.01,0.01,494.6,493.13
0.1,0.1,0.35,0.01,0.02,494.35,509.84
0.1,0.1,0.35,0.01,0.03,494.01,525.73
0.1,0.1,0.35,0.01,0.04,494.65,542.04
0.1,0.1,0.35,0.02,0,509.78,478.03
0.1,0.1,0.35,0.02,0.01,509.87,493.7
0.1,0.1,0.35,0.02,0.02,509.64,510.91
0.1,0.1,0.35,0.02,0.03,509.81,525.56
0.1,0.1,0.35,0.02,0.04,510.55,540.56
0.1,0.1,0.35,0.03,0,525.91,478.17
0.1,0.1,0.35,0.03,0.01,526.02,494.63
0.1,0.1,0.35,0.03,0.02,526.14,510.86
0.1,0.1,0.35,0.03,0.03,525.1,525.65
0.06,0.09,0.36,0,0.04,411.82,520.37
0.06,0.09,0.36,0.01,0,427.92,457.61
0.06,0.09,0.36,0.01,0.01,427.91,474
0.06,0.09,0.36,0.01,0.02,427.96,489.92
0.06,0.09,0.36,0.01,0.03,427.69,504.65
0.06,0.09,0.36,0.01,0.04,427.3,519.6
0.06,0.09,0.36,0.02,0,442.65,458.64
0.06,0.09,0.36,0.02,0.01,442.27,474.24
0.06,0.09,0.36,0.02,0.02,442.17,488.72
0.06,0.09,0.36,0.02,0.03,443.87,504.81
0.06,0.09,0.36,0.02,0.04,443.38,519.39
0.06,0.09,0.36,0.03,0,458.09,458.45
0.06,0.09,0.36,0.03,0.01,458.47,474.19
0.06,0.09,0.36,0.03,0.02,458.79,489.59
0.06,0.09,0.36,0.03,0.03,458.38,505.12
0.06,0.09,0.36,0.03,0.04,458.7,519.55
0.06,0.1,0.36,0,0,412.27,472.9
0.06,0.1,0.36,0,0.01,412.47,489.77
0.06,0.1,0.36,0,0.02,412.34,505.18
0.06,0.1,0.36,0,0.03,411.76,519.81
0.06,0.1,0.36,0,0.04,412.29,535.58
0.06,0.1,0.36,0.01,0,427.04,473.62
0.06,0.1,0.36,0.01,0.01,427.94,489.04
0.06,0.1,0.36,0.01,0.02,427.63,505.24
0.06,0.1,0.36,0.01,0.03,428.48,519.86
0.06,0.1,0.36,0.01,0.04,428.26,536.47
0.06,0.1,0.36,0.02,0,443.58,473.48
0.06,0.1,0.36,0.02,0.01,442.77,490.11
0.06,0.1,0.36,0.02,0.02,442.66,504.12
0.06,0.1,0.36,0.02,0.03,442.26,519.61
0.06,0.1,0.36,0.02,0.04,443.33,535.68
0.06,0.1,0.36,0.03,0,458.49,473.28
0.06,0.1,0.36,0.03,0.01,459.3,489.85
0.06,0.1,0.36,0.03,0.02,458.09,504.97
0.06,0.1,0.36,0.03,0.03,457.98,520.3
0.07,0.09,0.36,0,0.04,427.06,521.05
0.07,0.09,0.36,0.01,0,442.75,458.67
0.07,0.09,0.36,0.01,0.01,444.16,474.24
0.07,0.09,0.36,0.01,0.02,443.76,488.97
0.07,0.09,0.36,0.01,0.03,443.07,504.71
0.07,0.09,0.36,0.01,0.04,443.17,521.41
0.07,0.09,0.36,0.02,0,458.37,458.51
0.07,0.09,0.36,0.02,0.01,458,473.18
0.07,0.09,0.36,0.02,0.02,458.55,490.16
0.07,0.09,0.36,0.02,0.03,457.92,505.07
0.07,0.09,0.36,0.02,0.04,458.48,520.49
0.07,0.09,0.36,0.03,0,474.04,458.66
0.07,0.09,0.36,0.03,0.01,473.73,474.24
0.07,0.09,0.36,0.03,0.02,474.59,488.92
0.07,0.09,0.36,0.03,0.03,474.66,504.5
0.07,0.09,0.36,0.03,0.04,473.85,520.45
0.07,0.1,0.36,0,0,427.59,474.28
0.07,0.1,0.36,0,0.01,427.38,488.85
0.07,0.1,0.36,0,0.02,428.03,504.9
0.07,0.1,0.36,0,0.03,427.66,520.16
0.07,0.1,0.36,0,0.04,427.17,535.43
0.07,0.1,0.36,0.01,0,443.37,473.42
0.07,0.1,0.36,0.01,0.01,443.67,489.32
0.07,0.1,0.36,0.01,0.02,443.53,505.58
0.07,0.1,0.36,0.01,0.03,443.22,520.36
0.07,0.1,0.36,0.01,0.04,443.5,535.06
0.07,0.1,0.36,0.02,0,458.64,474.53
0.07,0.1,0.36,0.02,0.01,458.84,489.91
0.07,0.1,0.36,0.02,0.02,458.51,505.53
0.07,0.1,0.36,0.02,0.03,458.87,519.69
0.07,0.1,0.36,0.02,0.04,458.69,535.74
0.07,0.1,0.36,0.03,0,473.58,474.48
0.07,0.1,0.36,0.03,0.01,473.99,489.42
0.07,0.1,0.36,0.03,0.02,474.23,504.8
0.07,0.1,0.36,0.03,0.03,474.02,519.57
0.08,0.09,0.36,0,0.04,442.75,520.17
0.08,0.09,0.36,0.01,0,458.89,458.06
0.08,0.09,0.36,0.01,0.01,458.75,473.83
0.08,0.09,0.36,0.01,0.02,458.11,489.47
0.08,0.09,0.36,0.01,0.03,458.73,504.22
0.08,0.09,0.36,0.01,0.04,459.28,520.97
0.08,0.09,0.36,0.02,0,473.94,458.35
0.08,0.09,0.36,0.02,0.01,474.18,474.13
0.08,0.09,0.36,0.02,0.02,474.56,488.91
0.08,0.09,0.36,0.02,0.03,474.07,505.05
0.08,0.09,0.36,0.02,0.04,474.19,520.19
0.08,0.09,0.36,0.03,0,489.45,458.57
0.08,0.09,0.36,0.03,0.01,489.99,474.08
0.08,0.09,0.36,0.03,0.02,489.69,490.02
0.08,0.09,0.36,0.03,0.03,490.15,504.49
0.08,0.09,0.36,0.03,0.04,489.34,520.22
0.08,0.1,0.36,0,0,443.74,474.32
0.08,0.1,0.36,0,0.01,443.06,488.69
0.08,0.1,0.36,0,0.02,443.11,503.68
0.08,0.1,0.36,0,0.03,442.51,520.42
0.08,0.1,0.36,0,0.04,442.85,536.53
0.08,0.1,0.36,0.01,0,458.61,474.38
0.08,0.1,0.36,0.01,0.01,459.25,488.71
0.08,0.1,0.36,0.01,0.02,459.52,505.02
0.08,0.1,0.36,0.01,0.03,458.74,519.59
0.08,0.1,0.36,0.01,0.04,458.54,535.92
0.08,0.1,0.36,0.02,0,474.88,474.16
0.08,0.1,0.36,0.02,0.01,473.82,489.05
0.08,0.1,0.36,0.02,0.02,474.1,504.34
0.08,0.1,0.36,0.02,0.03,474.83,520.59
0.08,0.1,0.36,0.02,0.04,473.96,536.22
0.08,0.1,0.36,0.03,0,489.94,474.63
0.08,0.1,0.36,0.03,0.01,489.89,489.08
0.08,0.1,0.36,0.03,0.02,489.92,504.63
0.08,0.1,0.36,0.03,0.03,489.71,519.34
0.09,0.09,0.36,0,0.04,457.96,520.45
0.09,0.09,0.36,0.01,0,473.38,458.42
0.09,0.09,0.36,0.01,0.01,474.33,473.86
0.09,0.09,0.36,0.01,0.02,474.23,489.37
0.09,0.09,0.36,0.01,0.03,473.09,503.82
0.09,0.09,0.36,0.01,0.04,474.1,520.24
0.09,0.09,0.36,0.02,0,489.28,458.63
0.09,0.09,0.36,0.02,0.01,489.79,474.41
0.09,0.09,0.36,0.02,0.02,488.1,488.77
0.09,0.09,0.36,0.02,0.03,489.69,505.13
0.09,0.09,0.36,0.02,0.04,488.75,519.52
0.09,0.09,0.36,0.03,0,503.55,458.54
0.09,0.09,0.36,0.03,0.01,505.17,473.92
0.09,0.09,0.36,0.03,0.02,504.06,489.57
0.09,0.09,0.36,0.03,0.03,504.34,504.67
0.09,0.09,0.36,0.03,0.04,504.99,519.82
0.09,0.1,0.36,0,0,458.66,473.79
0.09,0.1,0.36,0,0.01,459.01,489.07
0.09,0.1,0.36,0,0.02,457.76,503.6
0.09,0.1,0.36,0,0.03,458.86,520.67
0.09,0.1,0.36,0,0.04,458.24,535.69
0.09,0.1,0.36,0.01,0,473.87,473.65
0.09,0.1,0.36,0.01,0.01,473.83,489.33
0.09,0.1,0.36,0.01,0.02,474.14,505.23
0.09,0.1,0.36,0.01,0.03,475.26,519.79
0.09,0.1,0.36,0.01,0.04,473.85,535.95
0.09,0.1,0.36,0.02,0,489.63,473.85
0.09,0.1,0.36,0.02,0.01,489.39,489.18
0.09,0.1,0.36,0.02,0.02,490.2,505.18
0.09,0.1,0.36,0.02,0.03,489.61,519.65
0.09,0.1,0.36,0.02,0.04,489.33,535.75
0.09,0.1,0.36,0.03,0,504.73,474.54
0.09,0.1,0.36,0.03,0.01,504.11,489.04
0.09,0.1,0.36,0.03,0.02,504.66,505.19
0.09,0.1,0.36,0.03,0.03,504.28,519.24
0.1,0.09,0.36,0,0.04,473.92,520.51
0.1,0.09,0.36,0.01,0,488.51,458.69
0.1,0.09,0.36,0.01,0.01,489.63,473.81
0.1,0.09,0.36,0.01,0.02,489.22,489.41
0.1,0.09,0.36,0.01,0.03,488.62,504.77
0.1,0.09,0.36,0.01,0.04,488.05,520.22
0.1,0.09,0.36,0.02,0,504.84,457.65
0.1,0.09,0.36,0.02,0.01,504.73,473.76
0.1,0.09,0.36,0.02,0.02,504.35,489.25
0.1,0.09,0.36,0.02,0.03,504.8,504.56
0.1,0.09,0.36,0.02,0.04,505.37,520.13
0.1,0.09,0.36,0.03,0,519.59,459.33
0.1,0.09,0.36,0.03,0.01,520.38,474.48
0.1,0.09,0.36,0.03,0.02,519.73,489.71
0.1,0.09,0.36,0.03,0.03,519.96,504.64
0.1,0.09,0.36,0.03,0.04,519.75,520.57
0.1,0.1,0.36,0,0,474.42,473.71
0.1,0.1,0.36,0,0.01,474.21,489.38
0.1,0.1,0.36,0,0.02,473.55,504.34
0.1,0.1,0.36,0,0.03,473.68,519.8
0.1,0.1,0.36,0,0.04,473.73,535.13
0.1,0.1,0.36,0.01,0,488.98,474.31
0.1,0.1,0.36,0.01,0.01,490.02,489.08
0.1,0.1,0.36,0.01,0.02,489.04,504.91
0.1,0.1,0.36,0.01,0.03,488.9,520.53
0.1,0.1,0.36,0.01,0.04,490.39,535.27
0.1,0.1,0.36,0.02,0,505.54,474.22
0.1,0.1,0.36,0.02,0.01,503.46,489.38
0.1,0.1,0.36,0.02,0.02,504.14,505.79
0.1,0.1,0.36,0.02,0.03,505.45,520.17
0.1,0.1,0.36,0.02,0.04,504.7,535.63
0.1,0.1,0.36,0.03,0,520.3,475.38
0.1,0.1,0.36,0.03,0.01,521.39,488.82
0.1,0.1,0.36,0.03,0.02,521.05,504.76
0.1,0.1,0.36,0.03,0.03,519.37,520.14
0.06,0.09,0.37,0,0.04,410.81,515.23
0.06,0.09,0.37,0.01,0,424.67,454.41
0.06,0.09,0.37,0.01,0.01,425.65,469.97
0.06,0.09,0.37,0.01,0.02,424.95,484.68
0.06,0.09,0.37,0.01,0.03,424.72,499.3
0.06,0.09,0.37,0.01,0.04,424.47,515.05
0.06,0.09,0.37,0.02,0,440.63,454.42
0.06,0.09,0.37,0.02,0.01,439.46,469.63
0.06,0.09,0.37,0.02,0.02,438.35,484.9
0.06,0.09,0.37,0.02,0.03,440.42,501.34
0.06,0.09,0.37,0.02,0.04,440.42,514.26
0.06,0.09,0.37,0.03,0,453.81,455.54
0.06,0.09,0.37,0.03,0.01,454.65,469.6
0.06,0.09,0.37,0.03,0.02,454.38,483.97
0.06,0.09,0.37,0.03,0.03,454.97,499.32
0.06,0.09,0.37,0.03,0.04,455.15,515.42
0.06,0.1,0.37,0,0,409.62,469.09
0.06,0.1,0.37,0,0.01,409.35,484.15
0.06,0.1,0.37,0,0.02,409.61,500.24
0.06,0.1,0.37,0,0.03,409.23,514.25
0.06,0.1,0.37,0,0.04,409.36,530.48
0.06,0.1,0.37,0.01,0,424.74,470.1
0.06,0.1,0.37,0.01,0.01,424.66,484.66
0.06,0.1,0.37,0.01,0.02,424.6,500.4
0.06,0.1,0.37,0.01,0.03,425.13,515.82
0.06,0.1,0.37,0.01,0.04,425.33,529.15
0.06,0.1,0.37,0.02,0,440.56,469.32
0.06,0.1,0.37,0.02,0.01,439.83,485.29
0.06,0.1,0.37,0.02,0.02,439.5,499.76
0.06,0.1,0.37,0.02,0.03,440.24,515.22
0.06,0.1,0.37,0.02,0.04,440.06,529.96
0.06,0.1,0.37,0.03,0,454.49,469.04
0.06,0.1,0.37,0.03,0.01,453.86,484
0.06,0.1,0.37,0.03,0.02,454.96,500.6
0.06,0.1,0.37,0.03,0.03,454.26,515.04
0.07,0.09,0.37,0,0.04,424,514.79
0.07,0.09,0.37,0.01,0,439.97,454.66
0.07,0.09,0.37,0.01,0.01,439.88,469.28
0.07,0.09,0.37,0.01,0.02,439.44,484.97
0.07,0.09,0.37,0.01,0.03,440.29,499.55
0.07,0.09,0.37,0.01,0.04,439.52,515.23
0.07,0.09,0.37,0.02,0,455,454.38
0.07,0.09,0.37,0.02,0.01,453.74,470.04
0.07,0.09,0.37,0.02,0.02,454.15,484.72
0.07,0.09,0.37,0.02,0.03,454.89,500.61
0.07,0.09,0.37,0.02,0.04,455.78,515.09
0.07,0.09,0.37,0.03,0,470.1,454.99
0.07,0.09,0.37,0.03,0.01,469.67,469.96
0.07,0.09,0.37,0.03,0.02,470.17,484.95
0.07,0.09,0.37,0.03,0.03,469.16,499.12
0.07,0.09,0.37,0.03,0.04,469.4,514.43
0.07,0.1,0.37,0,0,424.72,470.4
0.07,0.1,0.37,0,0.01,423.77,483.94
0.07,0.1,0.37,0,0.02,425.32,500.71
0.07,0.1,0.37,0,0.03,424.05,514.2
0.07,0.1,0.37,0,0.04,423.97,529.58
0.07,0.1,0.37,0.01,0,439.63,469.3
0.07,0.1,0.37,0.01,0.01,440.21,485.33
0.07,0.1,0.37,0.01,0.02,439.71,500.39
0.07,0.1,0.37,0.01,0.03,439.52,514.23
0.07,0.1,0.37,0.01,0.04,439.21,529.33
0.07,0.1,0.37,0.02,0,455.65,469.39
0.07,0.1,0.37,0.02,0.01,455.41,484.94
0.07,0.1,0.37,0.02,0.02,454.86,500.04
0.07,0.1,0.37,0.02,0.03,454.56,515.01
0.07,0.1,0.37,0.02,0.04,455.38,529.62
0.07,0.1,0.37,0.03,0,470.69,469.58
0.07,0.1,0.37,0.03,0.01,470.31,484.6
0.07,0.1,0.37,0.03,0.02,470.65,499.83
0.07,0.1,0.37,0.03,0.03,469.36,514.66
0.08,0.09,0.37,0,0.04,439.84,515.42
0.08,0.09,0.37,0.01,0,454.91,454.54
0.08,0.09,0.37,0.01,0.01,454.07,469.97
0.08,0.09,0.37,0.01,0.02,455.17,484.4
0.08,0.09,0.37,0.01,0.03,455.83,499.47
0.08,0.09,0.37,0.01,0.04,454.78,515.54
0.08,0.09,0.37,0.02,0,469.41,455.18
0.08,0.09,0.37,0.02,0.01,470.47,469.29
0.08,0.09,0.37,0.02,0.02,470.24,485.21
0.08,0.09,0.37,0.02,0.03,469.58,499.8
0.08,0.09,0.37,0.02,0.04,470.22,514.36
0.08,0.09,0.37,0.03,0,484.87,454.39
0.08,0.09,0.37,0.03,0.01,484.43,471.14
0.08,0.09,0.37,0.03,0.02,484.5,484.21
0.08,0.09,0.37,0.03,0.03,483.69,498.73
0.08,0.09,0.37,0.03,0.04,485.23,514.8
0.08,0.1,0.37,0,0,439.4,470.25
0.08,0.1,0.37,0,0.01,440.34,485.21
0.08,0.1,0.37,0,0.02,439.24,500.02
0.08,0.1,0.37,0,0.03,440.41,514.52
0.08,0.1,0.37,0,0.04,439.2,529.4
0.08,0.1,0.37,0.01,0,454.79,469.19
0.08,0.1,0.37,0.01,0.01,454.71,485.02
0.08,0.1,0.37,0.01,0.02,455.79,499.41
0.08,0.1,0.37,0.01,0.03,454.65,514.74
0.08,0.1,0.37,0.01,0.04,455.1,529.69
0.08,0.1,0.37,0.02,0,470.36,470.05
0.08,0.1,0.37,0.02,0.01,469.71,485.14
0.08,0.1,0.37,0.02,0.02,470.03,499.74
0.08,0.1,0.37,0.02,0.03,470.05,514.93
0.08,0.1,0.37,0.02,0.04,469.65,529.44
0.08,0.1,0.37,0.03,0,483.94,469.85
0.08,0.1,0.37,0.03,0.01,485.49,485.23
0.08,0.1,0.37,0.03,0.02,484.71,499.82
0.08,0.1,0.37,0.03,0.03,484.8,515.07
0.09,0.09,0.37,0,0.04,454.56,514.4
0.09,0.09,0.37,0.01,0,470.46,455.17
0.09,0.09,0.37,0.01,0.01,470.69,469.79
0.09,0.09,0.37,0.01,0.02,468.82,484.36
0.09,0.09,0.37,0.01,0.03,470.16,500.24
0.09,0.09,0.37,0.01,0.04,469.55,514.38
0.09,0.09,0.37,0.02,0,484.49,454.64
0.09,0.09,0.37,0.02,0.01,484.09,469.96
0.09,0.09,0.37,0.02,0.02,484.99,484.67
0.09,0.09,0.37,0.02,0.03,485.15,499.25
0.09,0.09,0.37,0.02,0.04,484.54,514.99
0.09,0.09,0.37,0.03,0,500.14,454.63
0.09,0.09,0.37,0.03,0.01,499.88,468.57
0.09,0.09,0.37,0.03,0.02,499,485.26
0.09,0.09,0.37,0.03,0.03,499.48,498.88
0.09,0.09,0.37,0.03,0.04,499.28,514.14
0.09,0.1,0.37,0,0,455.38,470.49
0.09,0.1,0.37,0,0.01,455.08,484.87
0.09,0.1,0.37,0,0.02,454.46,500.02
0.09,0.1,0.37,0,0.03,455.75,514.6
0.09,0.1,0.37,0,0.04,454.74,530.15
0.09,0.1,0.37,0.01,0,469.75,469.7
0.09,0.1,0.37,0.01,0.01,469.84,484.51
0.09,0.1,0.37,0.01,0.02,470.49,499.86
0.09,0.1,0.37,0.01,0.03,470.25,514.65
0.09,0.1,0.37,0.01,0.04,470.74,530.45
0.09,0.1,0.37,0.02,0,484.22,470.45
0.09,0.1,0.37,0.02,0.01,484.32,485.28
0.09,0.1,0.37,0.02,0.02,485.53,499.25
0.09,0.1,0.37,0.02,0.03,485.1,514.37
0.09,0.1,0.37,0.02,0.04,484.37,529.22
0.09,0.1,0.37,0.03,0,499.98,470
0.09,0.1,0.37,0.03,0.01,500.88,485.39
0.09,0.1,0.37,0.03,0.02,499.68,500.04
0.09,0.1,0.37,0.03,0.03,500.03,515.11
0.1,0.09,0.37,0,0.04,469.63,514.67
0.1,0.09,0.37,0.01,0,485.28,454.54
0.1,0.09,0.37,0.01,0.01,484.19,470.25
0.1,0.09,0.37,0.01,0.02,485.37,485.16
0.1,0.09,0.37,0.01,0.03,484.76,501.39
0.1,0.09,0.37,0.01,0.04,484.78,514.96
0.1,0.09,0.37,0.02,0,499.68,454.92
0.1,0.09,0.37,0.02,0.01,499.79,469.77
0.1,0.09,0.37,0.02,0.02,499.17,485.48
0.1,0.09,0.37,0.02,0.03,500.33,500.24
0.1,0.09,0.37,0.02,0.04,499.61,514.74
0.1,0.09,0.37,0.03,0,514.86,455.41
0.1,0.09,0.37,0.03,0.01,514.62,470.19
0.1,0.09,0.37,0.03,0.02,515.42,485.23
0.1,0.09,0.37,0.03,0.03,514.51,499.47
0.1,0.09,0.37,0.03,0.04,515.02,514.72
0.1,0.1,0.37,0,0,469.55,470.61
0.1,0.1,0.37,0,0.01,469.91,485.85
0.1,0.1,0.37,0,0.02,469.7,498.41
0.1,0.1,0.37,0,0.03,470.05,514.07
0.1,0.1,0.37,0,0.04,470.41,529.07
0.1,0.1,0.37,0.01,0,485.03,469.2
0.1,0.1,0.37,0.01,0.01,483.81,484.29
0.1,0.1,0.37,0.01,0.02,484.75,499.83
0.1,0.1,0.37,0.01,0.03,485.33,514.94
0.1,0.1,0.37,0.01,0.04,485.11,529.94
0.1,0.1,0.37,0.02,0,500.39,469.45
0.1,0.1,0.37,0.02,0.01,500.33,484.11
0.1,0.1,0.37,0.02,0.02,500.59,499.72
0.1,0.1,0.37,0.02,0.03,499.16,514.51
0.1,0.1,0.37,0.02,0.04,500.09,528.85
0.1,0.1,0.37,0.03,0,514.47,469.65
0.1,0.1,0.37,0.03,0.01,513.95,484.91
0.1,0.1,0.37,0.03,0.02,514.95,499.23
0.1,0.1,0.37,0.03,0.03,514.65,514.56
0.06,0.09,0.38,0,0.04,406.5,509.44
0.06,0.09,0.38,0.01,0,422.32,451.97
0.06,0.09,0.38,0.01,0.01,422.32,465.53
0.06,0.09,0.38,0.01,0.02,421.63,480.39
0.06,0.09,0.38,0.01,0.03,421.87,494.46
0.06,0.09,0.38,0.01,0.04,422.34,509.89
0.06,0.09,0.38,0.02,0,436.08,451.19
0.06,0.09,0.38,0.02,0.01,436.38,466.61
0.06,0.09,0.38,0.02,0.02,435.36,480.32
0.06,0.09,0.38,0.02,0.03,436.13,494.85
0.06,0.09,0.38,0.02,0.04,436.75,509.6
0.06,0.09,0.38,0.03,0,451.16,451.46
0.06,0.09,0.38,0.03,0.01,450.42,466.34
0.06,0.09,0.38,0.03,0.02,451.13,480.46
0.06,0.09,0.38,0.03,0.03,451.05,494.87
0.06,0.09,0.38,0.03,0.04,451.76,509.6
0.06,0.1,0.38,0,0,408.21,466.79
0.06,0.1,0.38,0,0.01,406.35,480.97
0.06,0.1,0.38,0,0.02,407.09,494.91
0.06,0.1,0.38,0,0.03,407.94,509.39
0.06,0.1,0.38,0,0.04,407.57,524.14
0.06,0.1,0.38,0.01,0,421.85,465.51
0.06,0.1,0.38,0.01,0.01,421.4,481.09
0.06,0.1,0.38,0.01,0.02,422.17,495.27
0.06,0.1,0.38,0.01,0.03,422.42,508.37
0.06,0.1,0.38,0.01,0.04,421.95,523.9
0.06,0.1,0.38,0.02,0,436.94,466.89
0.06,0.1,0.38,0.02,0.01,437.09,480.64
0.06,0.1,0.38,0.02,0.02,436.72,495.22
0.06,0.1,0.38,0.02,0.03,436.64,509.83
0.06,0.1,0.38,0.02,0.04,437.13,525.29
0.06,0.1,0.38,0.03,0,450.61,465.74
0.06,0.1,0.38,0.03,0.01,450.63,480.61
0.06,0.1,0.38,0.03,0.02,451.66,495.18
0.06,0.1,0.38,0.03,0.03,451.57,510.18
0.07,0.09,0.38,0,0.04,422.08,509.66
0.07,0.09,0.38,0.01,0,435.77,450.7
0.07,0.09,0.38,0.01,0.01,437.57,466.43
0.07,0.09,0.38,0.01,0.02,436.68,479.53
0.07,0.09,0.38,0.01,0.03,437.5,494.4
0.07,0.09,0.38,0.01,0.04,436.47,509.5
0.07,0.09,0.38,0.02,0,451.44,450.26
0.07,0.09,0.38,0.02,0.01,451.19,465.8
0.07,0.09,0.38,0.02,0.02,451.14,481.66
0.07,0.09,0.38,0.02,0.03,450.74,494.73
0.07,0.09,0.38,0.02,0.04,451.24,509.3
0.07,0.09,0.38,0.03,0,465.99,450.32
0.07,0.09,0.38,0.03,0.01,465.32,464.79
0.07,0.09,0.38,0.03,0.02,465.07,480.2
0.07,0.09,0.38,0.03,0.03,466.04,495.84
0.07,0.09,0.38,0.03,0.04,465.54,509.81
0.07,0.1,0.38,0,0,422.73,465.96
0.07,0.1,0.38,0,0.01,421.76,480.77
0.07,0.1,0.38,0,0.02,421.66,494.2
0.07,0.1,0.38,0,0.03,422.63,509.96
0.07,0.1,0.38,0,0.04,422.04,524.02
0.07,0.1,0.38,0.01,0,437.93,465.52
0.07,0.1,0.38,0.01,0.01,436.19,480.82
0.07,0.1,0.38,0.01,0.02,435.83,495.35
0.07,0.1,0.38,0.01,0.03,436.2,509.43
0.07,0.1,0.38,0.01,0.04,436.28,523.92
0.07,0.1,0.38,0.02,0,451.41,466.54
0.07,0.1,0.38,0.02,0.01,450.7,479.71
0.07,0.1,0.38,0.02,0.02,450.83,494.62
0.07,0.1,0.38,0.02,0.03,450.74,509.66
0.07,0.1,0.38,0.02,0.04,451.65,523.7
0.07,0.1,0.38,0.03,0,466.21,465.77
0.07,0.1,0.38,0.03,0.01,466.49,479.77
0.07,0.1,0.38,0.03,0.02,465.73,494.38
0.07,0.1,0.38,0.03,0.03,466.33,509.15
0.08,0.09,0.38,0,0.04,436.59,510
0.08,0.09,0.38,0.01,0,451.59,451.79
0.08,0.09,0.38,0.01,0.01,450.73,466
0.08,0.09,0.38,0.01,0.02,450.79,481.44
0.08,0.09,0.38,0.01,0.03,451.29,495.57
0.08,0.09,0.38,0.01,0.04,450.99,509.82
0.08,0.09,0.38,0.02,0,465.84,451.33
0.08,0.09,0.38,0.02,0.01,465.67,465.49
0.08,0.09,0.38,0.02,0.02,465.52,480.91
0.08,0.09,0.38,0.02,0.03,465.84,494.55
0.08,0.09,0.38,0.02,0.04,465.92,508.76
0.08,0.09,0.38,0.03,0,481.07,450.46
0.08,0.09,0.38,0.03,0.01,481.18,465.93
0.08,0.09,0.38,0.03,0.02,480.55,480.66
0.08,0.09,0.38,0.03,0.03,480.73,494.74
0.08,0.09,0.38,0.03,0.04,479.78,509.76
0.08,0.1,0.38,0,0,436.61,465.89
0.08,0.1,0.38,0,0.01,435.82,479.59
0.08,0.1,0.38,0,0.02,436.13,494.55
0.08,0.1,0.38,0,0.03,437.18,509.44
0.08,0.1,0.38,0,0.04,436.93,523.21
0.08,0.1,0.38,0.01,0,450.64,466.02
0.08,0.1,0.38,0.01,0.01,451.45,482.1
0.08,0.1,0.38,0.01,0.02,450.69,495.33
0.08,0.1,0.38,0.01,0.03,450.76,509.11
0.08,0.1,0.38,0.01,0.04,451.25,524.51
0.08,0.1,0.38,0.02,0,466.5,466.06
0.08,0.1,0.38,0.02,0.01,466.77,480.91
0.08,0.1,0.38,0.02,0.02,465.83,495.28
0.08,0.1,0.38,0.02,0.03,466.21,508.56
0.08,0.1,0.38,0.02,0.04,466.58,523.97
0.08,0.1,0.38,0.03,0,480.58,466.12
0.08,0.1,0.38,0.03,0.01,479.9,480.68
0.08,0.1,0.38,0.03,0.02,480.22,494.54
0.08,0.1,0.38,0.03,0.03,479.62,508.71
0.09,0.09,0.38,0,0.04,450.93,510
0.09,0.09,0.38,0.01,0,466.28,451.59
0.09,0.09,0.38,0.01,0.01,465.62,466.01
0.09,0.09,0.38,0.01,0.02,466.12,481.16
0.09,0.09,0.38,0.01,0.03,465.76,495.57
0.09,0.09,0.38,0.01,0.04,465.88,509.74
0.09,0.09,0.38,0.02,0,479.4,450.89
0.09,0.09,0.38,0.02,0.01,479.77,465.14
0.09,0.09,0.38,0.02,0.02,480.52,481.7
0.09,0.09,0.38,0.02,0.03,480.82,494.68
0.09,0.09,0.38,0.02,0.04,480.25,509.44
0.09,0.09,0.38,0.03,0,495.16,451.87
0.09,0.09,0.38,0.03,0.01,494.54,465.72
0.09,0.09,0.38,0.03,0.02,495.84,479.84
0.09,0.09,0.38,0.03,0.03,494.98,494.5
0.09,0.09,0.38,0.03,0.04,495.32,509.47
0.09,0.1,0.38,0,0,451.29,465.95
0.09,0.1,0.38,0,0.01,452.48,480.16
0.09,0.1,0.38,0,0.02,451.33,494.63
0.09,0.1,0.38,0,0.03,450.42,509.15
0.09,0.1,0.38,0,0.04,450.66,524.11
0.09,0.1,0.38,0.01,0,467.88,466.13
0.09,0.1,0.38,0.01,0.01,465.25,479.94
0.09,0.1,0.38,0.01,0.02,465.78,494.6
0.09,0.1,0.38,0.01,0.03,466.64,509.89
0.09,0.1,0.38,0.01,0.04,465.31,524.89
0.09,0.1,0.38,0.02,0,481.39,465.68
0.09,0.1,0.38,0.02,0.01,480.59,480.92
0.09,0.1,0.38,0.02,0.02,480.08,495.36
0.09,0.1,0.38,0.02,0.03,480.51,509.68
0.09,0.1,0.38,0.02,0.04,481.12,524.89
0.09,0.1,0.38,0.03,0,495.25,465.99
0.09,0.1,0.38,0.03,0.01,495.76,480.65
0.09,0.1,0.38,0.03,0.02,493.95,495.14
0.09,0.1,0.38,0.03,0.03,496.22,509.31
0.1,0.09,0.38,0,0.04,466.01,509.51
0.1,0.09,0.38,0.01,0,480.41,451.67
0.1,0.09,0.38,0.01,0.01,479.45,466.73
0.1,0.09,0.38,0.01,0.02,481.46,481.99
0.1,0.09,0.38,0.01,0.03,480.3,495.72
0.1,0.09,0.38,0.01,0.04,480.18,510.27
0.1,0.09,0.38,0.02,0,495.38,450.88
0.1,0.09,0.38,0.02,0.01,494.05,465.46
0.1,0.09,0.38,0.02,0.02,494.77,480.41
0.1,0.09,0.38,0.02,0.03,495.89,495.04
0.1,0.09,0.38,0.02,0.04,496.7,509.23
0.1,0.09,0.38,0.03,0,509.32,451.6
0.1,0.09,0.38,0.03,0.01,510.39,465.26
0.1,0.09,0.38,0.03,0.02,510.42,480.53
0.1,0.09,0.38,0.03,0.03,509.55,495.15
0.1,0.09,0.38,0.03,0.04,510.37,510.14
0.1,0.1,0.38,0,0,465.73,465.87
0.1,0.1,0.38,0,0.01,465.95,480.43
0.1,0.1,0.38,0,0.02,465.5,495.48
0.1,0.1,0.38,0,0.03,465.61,509.67
0.1,0.1,0.38,0,0.04,465.88,524.45
0.1,0.1,0.38,0.01,0,480.31,465.19
0.1,0.1,0.38,0.01,0.01,480.44,480.7
0.1,0.1,0.38,0.01,0.02,480.56,495.68
0.1,0.1,0.38,0.01,0.03,480.56,510.17
0.1,0.1,0.38,0.01,0.04,479.87,524.51
0.1,0.1,0.38,0.02,0,494.6,466.56
0.1,0.1,0.38,0.02,0.01,494.3,480.32
0.1,0.1,0.38,0.02,0.02,496.08,495.1
0.1,0.1,0.38,0.02,0.03,494.58,509.92
0.1,0.1,0.38,0.02,0.04,495.21,523.4
0.1,0.1,0.38,0.03,0,509.35,466.99
0.1,0.1,0.38,0.03,0.01,509.61,479.73
0.1,0.1,0.38,0.03,0.02,509.9,495.72
0.1,0.1,0.38,0.03,0.03,510.11,509.89
0.06,0.09,0.39,0,0.04,405.26,504.72
0.06,0.09,0.39,0.01,0,419.9,448.34
0.06,0.09,0.39,0.01,0.01,419.42,461.81
0.06,0.09,0.39,0.01,0.02,419.91,477.38
0.06,0.09,0.39,0.01,0.03,419.15,490.13
0.06,0.09,0.39,0.01,0.04,418.74,504.99
0.06,0.09,0.39,0.02,0,433.47,448.48
0.06,0.09,0.39,0.02,0.01,433.3,462.71
0.06,0.09,0.39,0.02,0.02,433.27,475.87
0.06,0.09,0.39,0.02,0.03,432.74,490.09
0.06,0.09,0.39,0.02,0.04,433.5,504.67
0.06,0.09,0.39,0.03,0,447.27,448.42
0.06,0.09,0.39,0.03,0.01,448.01,461.82
0.06,0.09,0.39,0.03,0.02,447.72,476.1
0.06,0.09,0.39,0.03,0.03,448.32,491.26
0.06,0.09,0.39,0.03,0.04,447.6,505.25
0.06,0.1,0.39,0,0,404.94,461.5
0.06,0.1,0.39,0,0.01,405.56,476.39
0.06,0.1,0.39,0,0.02,405.52,490.54
0.06,0.1,0.39,0,0.03,405.25,504.55
0.06,0.1,0.39,0,0.04,405.34,518.71
0.06,0.1,0.39,0.01,0,419.32,461.35
0.06,0.1,0.39,0.01,0.01,419.38,476.3
0.06,0.1,0.39,0.01,0.02,419.07,491.36
0.06,0.1,0.39,0.01,0.03,419.75,504.18
0.06,0.1,0.39,0.01,0.04,419.73,518.81
0.06,0.1,0.39,0.02,0,433.58,462.05
0.06,0.1,0.39,0.02,0.01,433.18,476.16
0.06,0.1,0.39,0.02,0.02,434.14,490.68
0.06,0.1,0.39,0.02,0.03,433.06,504.84
0.06,0.1,0.39,0.02,0.04,433.48,519.57
0.06,0.1,0.39,0.03,0,447.45,462.3
0.06,0.1,0.39,0.03,0.01,448.05,475.69
0.06,0.1,0.39,0.03,0.02,446.77,490.49
0.06,0.1,0.39,0.03,0.03,448.28,504.92
0.07,0.09,0.39,0,0.04,420.2,504.7
0.07,0.09,0.39,0.01,0,433.27,448.16
0.07,0.09,0.39,0.01,0.01,433.79,462.51
0.07,0.09,0.39,0.01,0.02,433.18,477.17
0.07,0.09,0.39,0.01,0.03,433.19,491.03
0.07,0.09,0.39,0.01,0.04,433.62,505.14
0.07,0.09,0.39,0.02,0,448.52,447.9
0.07,0.09,0.39,0.02,0.01,447.65,462
0.07,0.09,0.39,0.02,0.02,448.15,476.04
0.07,0.09,0.39,0.02,0.03,448.8,490.28
0.07,0.09,0.39,0.02,0.04,448.68,504.93
0.07,0.09,0.39,0.03,0,461.48,447.7
0.07,0.09,0.39,0.03,0.01,462.19,462.4
0.07,0.09,0.39,0.03,0.02,461.85,476.71
0.07,0.09,0.39,0.03,0.03,462.18,490.04
0.07,0.09,0.39,0.03,0.04,461.71,505.1
0.07,0.1,0.39,0,0,418.54,461
0.07,0.1,0.39,0,0.01,419.43,477.15
0.07,0.1,0.39,0,0.02,420.25,490.34
0.07,0.1,0.39,0,0.03,418.89,505.44
0.07,0.1,0.39,0,0.04,419.44,519.5
0.07,0.1,0.39,0.01,0,433.66,462.85
0.07,0.1,0.39,0.01,0.01,433.88,477.1
0.07,0.1,0.39,0.01,0.02,433.65,491.77
0.07,0.1,0.39,0.01,0.03,433.47,505.51
0.07,0.1,0.39,0.01,0.04,435.16,519.36
0.07,0.1,0.39,0.02,0,447.16,462.54
0.07,0.1,0.39,0.02,0.01,448.17,475.19
0.07,0.1,0.39,0.02,0.02,447.21,491.3
0.07,0.1,0.39,0.02,0.03,448.94,504.48
0.07,0.1,0.39,0.02,0.04,447.95,518.52
0.07,0.1,0.39,0.03,0,461.94,461.98
0.07,0.1,0.39,0.03,0.01,462.32,477.44
0.07,0.1,0.39,0.03,0.02,463.24,490.03
0.07,0.1,0.39,0.03,0.03,461.94,504.83
0.08,0.09,0.39,0,0.04,432.92,504.73
0.08,0.09,0.39,0.01,0,447.73,447.62
0.08,0.09,0.39,0.01,0.01,449.03,461.96
0.08,0.09,0.39,0.01,0.02,448.74,477.1
0.08,0.09,0.39,0.01,0.03,447.28,490.34
0.08,0.09,0.39,0.01,0.04,448.83,505.07
0.08,0.09,0.39,0.02,0,462.39,447.74
0.08,0.09,0.39,0.02,0.01,462.45,461.85
0.08,0.09,0.39,0.02,0.02,462.56,476.11
0.08,0.09,0.39,0.02,0.03,462.23,490.9
0.08,0.09,0.39,0.02,0.04,461.68,504.33
0.08,0.09,0.39,0.03,0,476.74,446.69
0.08,0.09,0.39,0.03,0.01,476.7,461.44
0.08,0.09,0.39,0.03,0.02,475.91,476.53
0.08,0.09,0.39,0.03,0.03,476.25,490.41
0.08,0.09,0.39,0.03,0.04,477.46,504.73
0.08,0.1,0.39,0,0,433.84,462.66
0.08,0.1,0.39,0,0.01,433.96,476.78
0.08,0.1,0.39,0,0.02,432.78,490.68
0.08,0.1,0.39,0,0.03,433.52,505.19
0.08,0.1,0.39,0,0.04,433.44,518.69
0.08,0.1,0.39,0.01,0,447.21,461.77
0.08,0.1,0.39,0.01,0.01,448.88,476.38
0.08,0.1,0.39,0.01,0.02,448.39,490.66
0.08,0.1,0.39,0.01,0.03,447,504.67
0.08,0.1,0.39,0.01,0.04,448.24,519.05
0.08,0.1,0.39,0.02,0,462.22,461.89
0.08,0.1,0.39,0.02,0.01,462.69,476.35
0.08,0.1,0.39,0.02,0.02,462.42,489.89
0.08,0.1,0.39,0.02,0.03,463.34,504.71
0.08,0.1,0.39,0.02,0.04,462.15,520.21
0.08,0.1,0.39,0.03,0,476.56,462.81
0.08,0.1,0.39,0.03,0.01,476.69,476.55
0.08,0.1,0.39,0.03,0.02,476.09,490.82
0.08,0.1,0.39,0.03,0.03,475.38,504.41
0.09,0.09,0.39,0,0.04,447.96,504.73
0.09,0.09,0.39,0.01,0,462.46,447.75
0.09,0.09,0.39,0.01,0.01,462.67,462.19
0.09,0.09,0.39,0.01,0.02,461.82,476.2
0.09,0.09,0.39,0.01,0.03,462.21,491.01
0.09,0.09,0.39,0.01,0.04,462.57,504.97
0.09,0.09,0.39,0.02,0,476.51,448.71
0.09,0.09,0.39,0.02,0.01,476.11,461.47
0.09,0.09,0.39,0.02,0.02,476.75,476.32
0.09,0.09,0.39,0.02,0.03,476.6,490.81
0.09,0.09,0.39,0.02,0.04,475.56,504.97
0.09,0.09,0.39,0.03,0,490.89,447.74
0.09,0.09,0.39,0.03,0.01,490.45,461.7
0.09,0.09,0.39,0.03,0.02,491.29,477.49
0.09,0.09,0.39,0.03,0.03,490.49,490.06
0.09,0.09,0.39,0.03,0.04,490.82,505.49
0.09,0.1,0.39,0,0,448.28,462.09
0.09,0.1,0.39,0,0.01,447.58,475.62
0.09,0.1,0.39,0,0.02,448.32,490.75
0.09,0.1,0.39,0,0.03,448.05,504.52
0.09,0.1,0.39,0,0.04,447.89,518.49
0.09,0.1,0.39,0.01,0,462.39,462.73
0.09,0.1,0.39,0.01,0.01,461.49,476.79
0.09,0.1,0.39,0.01,0.02,462.04,490.17
0.09,0.1,0.39,0.01,0.03,462.1,504.22
0.09,0.1,0.39,0.01,0.04,462.25,519.69
0.09,0.1,0.39,0.02,0,476.83,461.79
0.09,0.1,0.39,0.02,0.01,476.06,476.39
0.09,0.1,0.39,0.02,0.02,475.35,490.59
0.09,0.1,0.39,0.02,0.03,475.81,504.32
0.09,0.1,0.39,0.02,0.04,476.52,519.43
0.09,0.1,0.39,0.03,0,490.78,462.41
0.09,0.1,0.39,0.03,0.01,490.77,476.13
0.09,0.1,0.39,0.03,0.02,490.61,490.76
0.09,0.1,0.39,0.03,0.03,489.46,504.58
0.1,0.09,0.39,0,0.04,461.64,504.4
0.1,0.09,0.39,0.01,0,476.7,447.98
0.1,0.09,0.39,0.01,0.01,476.13,462.3
0.1,0.09,0.39,0.01,0.02,475.77,476.05
0.1,0.09,0.39,0.01,0.03,476.99,491.1
0.1,0.09,0.39,0.01,0.04,475.77,505.37
0.1,0.09,0.39,0.02,0,489.61,447.7
0.1,0.09,0.39,0.02,0.01,489.94,462.32
0.1,0.09,0.39,0.02,0.02,489.95,476.3
0.1,0.09,0.39,0.02,0.03,490.66,491.31
0.1,0.09,0.39,0.02,0.04,490.01,505.46
0.1,0.09,0.39,0.03,0,504.7,447.91
0.1,0.09,0.39,0.03,0.01,504.49,462.18
0.1,0.09,0.39,0.03,0.02,504.89,476.28
0.1,0.09,0.39,0.03,0.03,504.97,489.84
0.1,0.09,0.39,0.03,0.04,503.72,504.58
0.1,0.1,0.39,0,0,462.72,461.63
0.1,0.1,0.39,0,0.01,462.36,476.56
0.1,0.1,0.39,0,0.02,461.73,489.74
0.1,0.1,0.39,0,0.03,462.47,504.64
0.1,0.1,0.39,0,0.04,462.25,519.38
0.1,0.1,0.39,0.01,0,476.45,462.96
0.1,0.1,0.39,0.01,0.01,476.87,477.41
0.1,0.1,0.39,0.01,0.02,477.1,490.27
0.1,0.1,0.39,0.01,0.03,476.29,504.89
0.1,0.1,0.39,0.01,0.04,476.84,519.25
0.1,0.1,0.39,0.02,0,490.65,462.33
0.1,0.1,0.39,0.02,0.01,489.9,477.19
0.1,0.1,0.39,0.02,0.02,489.65,489.9
0.1,0.1,0.39,0.02,0.03,490.52,504.86
0.1,0.1,0.39,0.02,0.04,491.1,518.95
0.1,0.1,0.39,0.03,0,504.72,462.05
0.1,0.1,0.39,0.03,0.01,505.33,476.69
0.1,0.1,0.39,0.03,0.02,505.14,490.3
0.1,0.1,0.39,0.03,0.03,504.93,504.84
0.06,0.09,0.4,0,0.04,403.11,501.24
0.06,0.09,0.4,0.01,0,418.14,444.96
0.06,0.09,0.4,0.01,0.01,417.14,458.11
0.06,0.09,0.4,0.01,0.02,416.66,472.32
0.06,0.09,0.4,0.01,0.03,417.34,486.55
0.06,0.09,0.4,0.01,0.04,417.71,501.04
0.06,0.09,0.4,0.02,0,431.17,444.28
0.06,0.09,0.4,0.02,0.01,429.82,458.22
0.06,0.09,0.4,0.02,0.02,430.38,473.15
0.06,0.09,0.4,0.02,0.03,432.28,486.26
0.06,0.09,0.4,0.02,0.04,430.23,499.76
0.06,0.09,0.4,0.03,0,444.15,445.01
0.06,0.09,0.4,0.03,0.01,444.45,459.04
0.06,0.09,0.4,0.03,0.02,444.57,472.61
0.06,0.09,0.4,0.03,0.03,444.69,486.13
0.06,0.09,0.4,0.03,0.04,444.98,500.34
0.06,0.1,0.4,0,0,402.78,458.57
0.06,0.1,0.4,0,0.01,403.2,472.75
0.06,0.1,0.4,0,0.02,402.85,486.22
0.06,0.1,0.4,0,0.03,402.5,499.75
0.06,0.1,0.4,0,0.04,402.75,512.92
0.06,0.1,0.4,0.01,0,416.56,458.69
0.06,0.1,0.4,0.01,0.01,416.89,472.42
0.06,0.1,0.4,0.01,0.02,416.72,486.47
0.06,0.1,0.4,0.01,0.03,416.9,500.29
0.06,0.1,0.4,0.01,0.04,417.59,514.45
0.06,0.1,0.4,0.02,0,431.18,459.52
0.06,0.1,0.4,0.02,0.01,429.93,472.25
0.06,0.1,0.4,0.02,0.02,430.4,486.15
0.06,0.1,0.4,0.02,0.03,429.15,500.03
0.06,0.1,0.4,0.02,0.04,430.64,514.26
0.06,0.1,0.4,0.03,0,445.05,458.68
0.06,0.1,0.4,0.03,0.01,445.2,472.29
0.06,0.1,0.4,0.03,0.02,445.18,485.83
0.06,0.1,0.4,0.03,0.03,444.54,499.83
0.07,0.09,0.4,0,0.04,417.28,500.35
0.07,0.09,0.4,0.01,0,430.83,445.13
0.07,0.09,0.4,0.01,0.01,430.16,458.99
0.07,0.09,0.4,0.01,0.02,430.99,472.37
0.07,0.09,0.4,0.01,0.03,430.43,486.77
0.07,0.09,0.4,0.01,0.04,431.71,499.43
0.07,0.09,0.4,0.02,0,444.32,444.63
0.07,0.09,0.4,0.02,0.01,444.59,458.29
0.07,0.09,0.4,0.02,0.02,445.04,472.19
0.07,0.09,0.4,0.02,0.03,444.68,486.32
0.07,0.09,0.4,0.02,0.04,444.23,499.57
0.07,0.09,0.4,0.03,0,459.33,444.93
0.07,0.09,0.4,0.03,0.01,458.74,458.74
0.07,0.09,0.4,0.03,0.02,458.83,472.85
0.07,0.09,0.4,0.03,0.03,459.54,487.52
0.07,0.09,0.4,0.03,0.04,458.51,499.35
0.07,0.1,0.4,0,0,417.61,458.66
0.07,0.1,0.4,0,0.01,416.18,472.57
0.07,0.1,0.4,0,0.02,416.67,485.7
0.07,0.1,0.4,0,0.03,415.75,499.42
0.07,0.1,0.4,0,0.04,417,514.06
0.07,0.1,0.4,0.01,0,430.88,458.66
0.07,0.1,0.4,0.01,0.01,431.13,473.73
0.07,0.1,0.4,0.01,0.02,431.05,486.45
0.07,0.1,0.4,0.01,0.03,430.29,499.83
0.07,0.1,0.4,0.01,0.04,430.56,514.26
0.07,0.1,0.4,0.02,0,444.77,458.41
0.07,0.1,0.4,0.02,0.01,444.75,472.42
0.07,0.1,0.4,0.02,0.02,444.41,485.93
0.07,0.1,0.4,0.02,0.03,445.49,499.43
0.07,0.1,0.4,0.02,0.04,443.98,514.21
0.07,0.1,0.4,0.03,0,458.96,458.7
0.07,0.1,0.4,0.03,0.01,457.74,472.5
0.07,0.1,0.4,0.03,0.02,458.71,486.26
0.07,0.1,0.4,0.03,0.03,457.92,500.88
0.08,0.09,0.4,0,0.04,429.89,499.72
0.08,0.09,0.4,0.01,0,444.39,444.56
0.08,0.09,0.4,0.01,0.01,444.48,458.15
0.08,0.09,0.4,0.01,0.02,444.19,473.28
0.08,0.09,0.4,0.01,0.03,444.62,486.59
0.08,0.09,0.4,0.01,0.04,445.38,500.86
0.08,0.09,0.4,0.02,0,459.38,444.29
0.08,0.09,0.4,0.02,0.01,457.42,458.13
0.08,0.09,0.4,0.02,0.02,458.73,472.11
0.08,0.09,0.4,0.02,0.03,458.48,486.09
0.08,0.09,0.4,0.02,0.04,458.47,500.46
0.08,0.09,0.4,0.03,0,471.66,444.73
0.08,0.09,0.4,0.03,0.01,472.4,458.75
0.08,0.09,0.4,0.03,0.02,472.42,472.54
0.08,0.09,0.4,0.03,0.03,471.81,486.28
0.08,0.09,0.4,0.03,0.04,472.72,499.16
0.08,0.1,0.4,0,0,430.88,458.52
0.08,0.1,0.4,0,0.01,430.64,472.16
0.08,0.1,0.4,0,0.02,430.29,486.55
0.08,0.1,0.4,0,0.03,431.01,499.99
0.08,0.1,0.4,0,0.04,430.38,513.27
0.08,0.1,0.4,0.01,0,444.77,460.28
0.08,0.1,0.4,0.01,0.01,445.53,472.84
0.08,0.1,0.4,0.01,0.02,444.25,485.93
0.08,0.1,0.4,0.01,0.03,444.44,500.69
0.08,0.1,0.4,0.01,0.04,444.42,514.72
0.08,0.1,0.4,0.02,0,457.98,458.41
0.08,0.1,0.4,0.02,0.01,458.12,472.18
0.08,0.1,0.4,0.02,0.02,459.16,486.8
0.08,0.1,0.4,0.02,0.03,457.85,500.46
0.08,0.1,0.4,0.02,0.04,457.68,513.36
0.08,0.1,0.4,0.03,0,472.81,458.5
0.08,0.1,0.4,0.03,0.01,472.44,472.45
0.08,0.1,0.4,0.03,0.02,473.59,486.49
0.08,0.1,0.4,0.03,0.03,472.41,499.66
0.09,0.09,0.4,0,0.04,444.88,500.71
0.09,0.09,0.4,0.01,0,459.12,444.73
0.09,0.09,0.4,0.01,0.01,458.31,458.46
0.09,0.09,0.4,0.01,0.02,458.99,473.12
0.09,0.09,0.4,0.01,0.03,458.82,485.55
0.09,0.09,0.4,0.01,0.04,457.69,500.43
0.09,0.09,0.4,0.02,0,472.02,445
0.09,0.09,0.4,0.02,0.01,472.71,458.46
0.09,0.09,0.4,0.02,0.02,472.36,472.48
0.09,0.09,0.4,0.02,0.03,472.59,486.65
0.09,0.09,0.4,0.02,0.04,472.32,501.12
0.09,0.09,0.4,0.03,0,486.8,444.46
0.09,0.09,0.4,0.03,0.01,485.91,458.66
0.09,0.09,0.4,0.03,0.02,485.54,472.16
0.09,0.09,0.4,0.03,0.03,486.49,485.83
0.09,0.09,0.4,0.03,0.04,485.71,501.21
0.09,0.1,0.4,0,0,445.42,459.22
0.09,0.1,0.4,0,0.01,443.93,471.39
0.09,0.1,0.4,0,0.02,444.37,485.95
0.09,0.1,0.4,0,0.03,445.6,500.74
0.09,0.1,0.4,0,0.04,444.07,513.06
0.09,0.1,0.4,0.01,0,457.57,458.09
0.09,0.1,0.4,0.01,0.01,459.07,471.7
0.09,0.1,0.4,0.01,0.02,457.87,486.91
0.09,0.1,0.4,0.01,0.03,458.08,500.18
0.09,0.1,0.4,0.01,0.04,458.55,513.94
0.09,0.1,0.4,0.02,0,471.78,458.71
0.09,0.1,0.4,0.02,0.01,472.31,471.45
0.09,0.1,0.4,0.02,0.02,473.07,486.49
0.09,0.1,0.4,0.02,0.03,472.99,500.3
0.09,0.1,0.4,0.02,0.04,472.37,513.66
0.09,0.1,0.4,0.03,0,486.98,459.28
0.09,0.1,0.4,0.03,0.01,486.67,472.12
0.09,0.1,0.4,0.03,0.02,486.65,485.68
0.09,0.1,0.4,0.03,0.03,486.51,500.27
0.1,0.09,0.4,0,0.04,459.76,500.02
0.1,0.09,0.4,0.01,0,472.82,445.46
0.1,0.09,0.4,0.01,0.01,472.25,458.44
0.1,0.09,0.4,0.01,0.02,472.58,472.27
0.1,0.09,0.4,0.01,0.03,472.37,486.79
0.1,0.09,0.4,0.01,0.04,473.12,500.26
0.1,0.09,0.4,0.02,0,485.79,444.51
0.1,0.09,0.4,0.02,0.01,486.78,458.64
0.1,0.09,0.4,0.02,0.02,484.99,472.04
0.1,0.09,0.4,0.02,0.03,486.56,485.88
0.1,0.09,0.4,0.02,0.04,486.41,500.3
0.1,0.09,0.4,0.03,0,499.51,444.7
0.1,0.09,0.4,0.03,0.01,500.8,458.55
0.1,0.09,0.4,0.03,0.02,500.08,472.22
0.1,0.09,0.4,0.03,0.03,500.51,486.17
0.1,0.09,0.4,0.03,0.04,500.06,500
0.1,0.1,0.4,0,0,459.19,458.73
0.1,0.1,0.4,0,0.01,457.93,472.7
0.1,0.1,0.4,0,0.02,459.11,486.67
0.1,0.1,0.4,0,0.03,457.74,500.04
0.1,0.1,0.4,0,0.04,458.7,514.36
0.1,0.1,0.4,0.01,0,473.51,458.32
0.1,0.1,0.4,0.01,0.01,472.17,471.97
0.1,0.1,0.4,0.01,0.02,471.73,485.9
0.1,0.1,0.4,0.01,0.03,472.97,499.47
0.1,0.1,0.4,0.01,0.04,472.58,513.25
0.1,0.1,0.4,0.02,0,486.5,458.23
0.1,0.1,0.4,0.02,0.01,486.27,472.38
0.1,0.1,0.4,0.02,0.02,484.87,486.21
0.1,0.1,0.4,0.02,0.03,486.12,501.02
0.1,0.1,0.4,0.02,0.04,487.46,514.13
0.1,0.1,0.4,0.03,0,499.69,458.04
0.1,0.1,0.4,0.03,0.01,500.34,472.36
0.1,0.1,0.4,0.03,0.02,500.38,486.39
0.1,0.1,0.4,0.03,0.03,501.65,500.35
