-0.1,0.05,0.3,0.03,0.04,186.22,495.09
-0.1,0.1,0.3,0,0,122.93,517.07
-0.1,0.1,0.3,0,0.01,121.61,538.63
-0.1,0.1,0.3,0,0.02,120.16,560.62
-0.1,0.1,0.3,0,0.03,118.58,583.07
-0.1,0.1,0.3,0,0.04,116.88,606.03
-0.1,0.1,0.3,0.01,0,144.11,515.88
-0.1,0.1,0.3,0.01,0.01,142.93,537.32
-0.1,0.1,0.3,0.01,0.02,141.62,559.19
-0.1,0.1,0.3,0.01,0.03,140.21,581.52
-0.1,0.1,0.3,0.01,0.04,138.68,604.35
-0.1,0.1,0.3,0.02,0,164.95,514.81
-0.1,0.1,0.3,0.02,0.01,163.89,536.15
-0.1,0.1,0.3,0.02,0.02,162.74,557.9
-0.1,0.1,0.3,0.02,0.03,161.49,580.13
-0.1,0.1,0.3,0.02,0.04,160.13,602.85
-0.1,0.1,0.3,0.03,0,185.47,513.88
-0.1,0.1,0.3,0.03,0.01,184.56,535.11
-0.1,0.1,0.3,0.03,0.02,183.55,556.78
-0.1,0.1,0.3,0.03,0.03,182.46,578.9
-0.05,0.05,0.3,0.03,0.04,283.15,492.61
-0.05,0.1,0.3,0,0,223.77,512.45
-0.05,0.1,0.3,0,0.01,223.11,533.54
-0.05,0.1,0.3,0,0.02,222.39,555.06
-0.05,0.1,0.3,0,0.03,221.6,577.04
-0.05,0.1,0.3,0,0.04,220.75,599.53
-0.05,0.1,0.3,0.01,0,243.64,511.89
-0.05,0.1,0.3,0.01,0.01,243.11,532.92
-0.05,0.1,0.3,0.01,0.02,242.53,554.38
-0.05,0.1,0.3,0.01,0.03,241.91,576.3
-0.05,0.1,0.3,0.01,0.04,241.23,598.73
-0.05,0.1,0.3,0.02,0,263.35,511.45
-0.05,0.1,0.3,0.02,0.01,262.96,532.44
-0.05,0.1,0.3,0.02,0.02,262.53,553.86
-0.05,0.1,0.3,0.02,0.03,262.06,575.74
-0.05,0.1,0.3,0.02,0.04,261.56,598.12
-0.05,0.1,0.3,0.03,0,282.94,511.14
-0.05,0.1,0.3,0.03,0.01,282.69,532.1
-0.05,0.1,0.3,0.03,0.02,282.4,553.49
-0.05,0.1,0.3,0.03,0.03,282.1,575.33
0,0.05,0.3,0.03,0.04,378.29,492.92
0,0.1,0.3,0,0,320,510.91
0,0.1,0.3,0,0.01,320,531.85
0,0.1,0.3,0,0.02,320,553.21
0,0.1,0.3,0,0.03,320,575.03
0,0.1,0.3,0,0.04,320,597.36
0,0.1,0.3,0.01,0,339.49,510.97
0,0.1,0.3,0.01,0.01,339.62,531.92
0,0.1,0.3,0.01,0.02,339.77,553.28
0,0.1,0.3,0.01,0.03,339.93,575.11
0,0.1,0.3,0.01,0.04,340.1,597.45
0,0.1,0.3,0.02,0,359.01,511.17
0,0.1,0.3,0.02,0.01,359.28,532.13
0,0.1,0.3,0.02,0.02,359.58,553.52
0,0.1,0.3,0.02,0.03,359.9,575.37
0,0.1,0.3,0.02,0.04,360.25,597.72
0,0.1,0.3,0.03,0,378.62,511.49
0,0.1,0.3,0.03,0.01,379.02,532.48
0,0.1,0.3,0.03,0.02,379.47,553.9
0,0.1,0.3,0.03,0.03,379.95,575.78
0.05,0.05,0.3,0.03,0.04,476.25,496.03
0.05,0.1,0.3,0,0,416.23,512.45
0.05,0.1,0.3,0,0.01,416.89,533.54
0.05,0.1,0.3,0,0.02,417.61,555.06
0.05,0.1,0.3,0,0.03,418.4,577.04
0.05,0.1,0.3,0,0.04,419.25,599.53
0.05,0.1,0.3,0.01,0,436.28,513.14
0.05,0.1,0.3,0.01,0.01,437.08,534.31
0.05,0.1,0.3,0.01,0.02,437.95,555.89
0.05,0.1,0.3,0.01,0.03,438.9,577.95
0.05,0.1,0.3,0.01,0.04,439.92,600.5
0.05,0.1,0.3,0.02,0,456.57,513.96
0.05,0.1,0.3,0.02,0.01,457.5,535.21
0.05,0.1,0.3,0.02,0.02,458.52,556.88
0.05,0.1,0.3,0.02,0.03,459.63,579.02
0.05,0.1,0.3,0.02,0.04,460.83,601.66
0.05,0.1,0.3,0.03,0,477.12,514.91
0.05,0.1,0.3,0.03,0.01,478.19,536.26
0.05,0.1,0.3,0.03,0.02,479.36,558.03
0.05,0.1,0.3,0.03,0.03,480.63,580.26
0.1,0.05,0.3,0.03,0.04,581.66,501.94
0.1,0.1,0.3,0,0,517.07,517.07
0.1,0.1,0.3,0,0.01,518.39,538.63
0.1,0.1,0.3,0,0.02,519.84,560.62
0.1,0.1,0.3,0,0.03,521.42,583.07
0.1,0.1,0.3,0,0.04,523.12,606.03
0.1,0.1,0.3,0.01,0,538.63,518.39
0.1,0.1,0.3,0.01,0.01,540.09,540.09
0.1,0.1,0.3,0.01,0.02,541.69,562.21
0.1,0.1,0.3,0.01,0.03,543.42,584.8
0.1,0.1,0.3,0.01,0.04,545.3,607.89
0.1,0.1,0.3,0.02,0,560.62,519.84
0.1,0.1,0.3,0.02,0.01,562.21,541.69
0.1,0.1,0.3,0.02,0.02,563.96,563.96
0.1,0.1,0.3,0.02,0.03,565.86,586.69
0.1,0.1,0.3,0.02,0.04,567.91,609.93
0.1,0.1,0.3,0.03,0,583.07,521.42
0.1,0.1,0.3,0.03,0.01,584.8,543.42
0.1,0.1,0.3,0.03,0.02,586.69,565.86
0.1,0.1,0.3,0.03,0.03,588.75,588.75
-0.1,0.05,0.31,0.03,0.04,190.88,488.99
-0.1,0.1,0.31,0,0,130.04,509.96
-0.1,0.1,0.31,0,0.01,128.85,530.66
-0.1,0.1,0.31,0,0.02,127.53,551.74
-0.1,0.1,0.31,0,0.03,126.1,573.25
-0.1,0.1,0.31,0,0.04,124.56,595.21
-0.1,0.1,0.31,0.01,0,150.4,508.87
-0.1,0.1,0.31,0.01,0.01,149.32,529.47
-0.1,0.1,0.31,0.01,0.02,148.14,550.44
-0.1,0.1,0.31,0.01,0.03,146.86,571.84
-0.1,0.1,0.31,0.01,0.04,145.47,593.69
-0.1,0.1,0.31,0.02,0,170.44,507.91
-0.1,0.1,0.31,0.02,0.01,169.49,528.4
-0.1,0.1,0.31,0.02,0.02,168.44,549.28
-0.1,0.1,0.31,0.02,0.03,167.3,570.58
-0.1,0.1,0.31,0.02,0.04,166.07,592.33
-0.1,0.1,0.31,0.03,0,190.2,507.06
-0.1,0.1,0.31,0.03,0.01,189.37,527.47
-0.1,0.1,0.31,0.03,0.02,188.46,548.26
-0.1,0.1,0.31,0.03,0.03,187.47,569.47
-0.05,0.05,0.31,0.03,0.04,284.4,486.74
-0.05,0.1,0.31,0,0,227.12,505.77
-0.05,0.1,0.31,0,0.01,226.52,526.04
-0.05,0.1,0.31,0,0.02,225.86,546.7
-0.05,0.1,0.31,0,0.03,225.15,567.78
-0.05,0.1,0.31,0,0.04,224.37,589.32
-0.05,0.1,0.31,0.01,0,246.27,505.26
-0.05,0.1,0.31,0.01,0.01,245.8,525.48
-0.05,0.1,0.31,0.01,0.02,245.28,546.09
-0.05,0.1,0.31,0.01,0.03,244.71,567.12
-0.05,0.1,0.31,0.01,0.04,244.09,588.6
-0.05,0.1,0.31,0.02,0,265.3,504.86
-0.05,0.1,0.31,0.02,0.01,264.94,525.05
-0.05,0.1,0.31,0.02,0.02,264.55,545.61
-0.05,0.1,0.31,0.02,0.03,264.13,566.6
-0.05,0.1,0.31,0.02,0.04,263.67,588.04
-0.05,0.1,0.31,0.03,0,284.21,504.58
-0.05,0.1,0.31,0.03,0.01,283.98,524.74
-0.05,0.1,0.31,0.03,0.02,283.73,545.28
-0.05,0.1,0.31,0.03,0.03,283.45,566.24
0,0.05,0.31,0.03,0.04,376.3,487.03
0,0.1,0.31,0,0,320,504.37
0,0.1,0.31,0,0.01,320,524.51
0,0.1,0.31,0,0.02,320,545.02
0,0.1,0.31,0,0.03,320,565.96
0,0.1,0.31,0,0.04,320,587.35
0,0.1,0.31,0.01,0,338.82,504.43
0,0.1,0.31,0.01,0.01,338.94,524.57
0,0.1,0.31,0.01,0.02,339.08,545.09
0,0.1,0.31,0.01,0.03,339.22,566.04
0,0.1,0.31,0.01,0.04,339.38,587.44
0,0.1,0.31,0.02,0,357.67,504.61
0,0.1,0.31,0.02,0.01,357.92,524.76
0,0.1,0.31,0.02,0.02,358.19,545.3
0,0.1,0.31,0.02,0.03,358.48,566.26
0,0.1,0.31,0.02,0.04,358.79,587.68
0,0.1,0.31,0.03,0,376.6,504.9
0,0.1,0.31,0.03,0.01,376.97,525.08
0,0.1,0.31,0.03,0.02,377.37,545.65
0,0.1,0.31,0.03,0.03,377.81,566.64
0.05,0.05,0.31,0.03,0.04,470.76,489.85
0.05,0.1,0.31,0,0,412.88,505.77
0.05,0.1,0.31,0,0.01,413.48,526.04
0.05,0.1,0.31,0,0.02,414.14,546.7
0.05,0.1,0.31,0,0.03,414.85,567.78
0.05,0.1,0.31,0,0.04,415.63,589.32
0.05,0.1,0.31,0.01,0,432.22,506.4
0.05,0.1,0.31,0.01,0.01,432.94,526.74
0.05,0.1,0.31,0.01,0.02,433.73,547.46
0.05,0.1,0.31,0.01,0.03,434.59,568.6
0.05,0.1,0.31,0.01,0.04,435.52,590.2
0.05,0.1,0.31,0.02,0,451.76,507.14
0.05,0.1,0.31,0.02,0.01,452.61,527.56
0.05,0.1,0.31,0.02,0.02,453.53,548.36
0.05,0.1,0.31,0.02,0.03,454.54,569.58
0.05,0.1,0.31,0.02,0.04,455.63,591.25
0.05,0.1,0.31,0.03,0,471.55,508
0.05,0.1,0.31,0.03,0.01,472.52,528.5
0.05,0.1,0.31,0.03,0.02,473.58,549.39
0.05,0.1,0.31,0.03,0.03,474.73,570.7
0.1,0.05,0.31,0.03,0.04,571.97,495.2
0.1,0.1,0.31,0,0,509.96,509.96
0.1,0.1,0.31,0,0.01,511.15,530.66
0.1,0.1,0.31,0,0.02,512.47,551.74
0.1,0.1,0.31,0,0.03,513.9,573.25
0.1,0.1,0.31,0,0.04,515.44,595.21
0.1,0.1,0.31,0.01,0,530.66,511.15
0.1,0.1,0.31,0.01,0.01,531.98,531.98
0.1,0.1,0.31,0.01,0.02,533.42,553.19
0.1,0.1,0.31,0.01,0.03,535,574.81
0.1,0.1,0.31,0.01,0.04,536.7,596.9
0.1,0.1,0.31,0.02,0,551.74,512.47
0.1,0.1,0.31,0.02,0.01,553.19,533.42
0.1,0.1,0.31,0.02,0.02,554.77,554.77
0.1,0.1,0.31,0.02,0.03,556.49,576.53
0.1,0.1,0.31,0.02,0.04,558.35,598.75
0.1,0.1,0.31,0.03,0,573.25,513.9
0.1,0.1,0.31,0.03,0.01,574.81,535
0.1,0.1,0.31,0.03,0.02,576.53,556.49
0.1,0.1,0.31,0.03,0.03,578.4,578.4
-0.1,0.05,0.32,0.03,0.04,195.22,483.32
-0.1,0.1,0.32,0,0,136.65,503.35
-0.1,0.1,0.32,0,0.01,135.56,523.26
-0.1,0.1,0.32,0,0.02,134.36,543.52
-0.1,0.1,0.32,0,0.03,133.06,564.16
-0.1,0.1,0.32,0,0.04,131.66,585.22
-0.1,0.1,0.32,0.01,0,156.24,502.37
-0.1,0.1,0.32,0.01,0.01,155.26,522.18
-0.1,0.1,0.32,0.01,0.02,154.19,542.34
-0.1,0.1,0.32,0.01,0.03,153.02,562.88
-0.1,0.1,0.32,0.01,0.04,151.76,583.83
-0.1,0.1,0.32,0.02,0,175.55,501.49
-0.1,0.1,0.32,0.02,0.01,174.68,521.21
-0.1,0.1,0.32,0.02,0.02,173.73,541.28
-0.1,0.1,0.32,0.02,0.03,172.69,561.73
-0.1,0.1,0.32,0.02,0.04,171.58,582.6
-0.1,0.1,0.32,0.03,0,194.6,500.72
-0.1,0.1,0.32,0.03,0.01,193.85,520.36
-0.1,0.1,0.32,0.03,0.02,193.02,540.35
-0.1,0.1,0.32,0.03,0.03,192.11,560.72
-0.05,0.05,0.32,0.03,0.04,285.57,481.27
-0.05,0.1,0.32,0,0,230.23,499.55
-0.05,0.1,0.32,0,0.01,229.68,519.07
-0.05,0.1,0.32,0,0.02,229.08,538.94
-0.05,0.1,0.32,0,0.03,228.43,559.19
-0.05,0.1,0.32,0,0.04,227.73,579.86
-0.05,0.1,0.32,0.01,0,248.73,499.08
-0.05,0.1,0.32,0.01,0.01,248.3,518.56
-0.05,0.1,0.32,0.01,0.02,247.82,538.38
-0.05,0.1,0.32,0.01,0.03,247.31,558.58
-0.05,0.1,0.32,0.01,0.04,246.75,579.2
-0.05,0.1,0.32,0.02,0,267.11,498.72
-0.05,0.1,0.32,0.02,0.01,266.79,518.16
-0.05,0.1,0.32,0.02,0.02,266.44,537.95
-0.05,0.1,0.32,0.02,0.03,266.05,558.11
-0.05,0.1,0.32,0.02,0.04,265.64,578.7
-0.05,0.1,0.32,0.03,0,285.4,498.47
-0.05,0.1,0.32,0.03,0.01,285.19,517.88
-0.05,0.1,0.32,0.03,0.02,284.96,537.64
-0.05,0.1,0.32,0.03,0.03,284.7,557.78
0,0.05,0.32,0.03,0.04,374.45,481.53
0,0.1,0.32,0,0,320,498.28
0,0.1,0.32,0,0.01,320,517.67
0,0.1,0.32,0,0.02,320,537.41
0,0.1,0.32,0,0.03,320,557.53
0,0.1,0.32,0,0.04,320,578.07
0,0.1,0.32,0.01,0,338.2,498.33
0,0.1,0.32,0.01,0.01,338.31,517.73
0,0.1,0.32,0.01,0.02,338.43,537.47
0,0.1,0.32,0.01,0.03,338.56,557.6
0,0.1,0.32,0.01,0.04,338.71,578.14
0,0.1,0.32,0.02,0,356.43,498.49
0,0.1,0.32,0.02,0.01,356.65,517.9
0,0.1,0.32,0.02,0.02,356.89,537.67
0,0.1,0.32,0.02,0.03,357.16,557.81
0,0.1,0.32,0.02,0.04,357.44,578.37
0,0.1,0.32,0.03,0,374.72,498.75
0,0.1,0.32,0.03,0.01,375.05,518.19
0,0.1,0.32,0.03,0.02,375.42,537.98
0,0.1,0.32,0.03,0.03,375.82,558.15
0.05,0.05,0.32,0.03,0.04,465.66,484.09
0.05,0.1,0.32,0,0,409.77,499.55
0.05,0.1,0.32,0,0.01,410.32,519.07
0.05,0.1,0.32,0,0.02,410.92,538.94
0.05,0.1,0.32,0,0.03,411.57,559.19
0.05,0.1,0.32,0,0.04,412.27,579.86
0.05,0.1,0.32,0.01,0,428.44,500.12
0.05,0.1,0.32,0.01,0.01,429.09,519.7
0.05,0.1,0.32,0.01,0.02,429.81,539.63
0.05,0.1,0.32,0.01,0.03,430.6,559.94
0.05,0.1,0.32,0.01,0.04,431.44,580.66
0.05,0.1,0.32,0.02,0,447.29,500.79
0.05,0.1,0.32,0.02,0.01,448.06,520.44
0.05,0.1,0.32,0.02,0.02,448.9,540.44
0.05,0.1,0.32,0.02,0.03,449.82,560.82
0.05,0.1,0.32,0.02,0.04,450.81,581.61
0.05,0.1,0.32,0.03,0,466.37,501.58
0.05,0.1,0.32,0.03,0.01,467.25,521.3
0.05,0.1,0.32,0.03,0.02,468.21,541.38
0.05,0.1,0.32,0.03,0.03,469.26,561.84
0.1,0.05,0.32,0.03,0.04,563,488.96
0.1,0.1,0.32,0,0,503.35,503.35
0.1,0.1,0.32,0,0.01,504.44,523.26
0.1,0.1,0.32,0,0.02,505.64,543.52
0.1,0.1,0.32,0,0.03,506.94,564.16
0.1,0.1,0.32,0,0.04,508.34,585.22
0.1,0.1,0.32,0.01,0,523.26,504.44
0.1,0.1,0.32,0.01,0.01,524.46,524.46
0.1,0.1,0.32,0.01,0.02,525.78,544.83
0.1,0.1,0.32,0.01,0.03,527.21,565.58
0.1,0.1,0.32,0.01,0.04,528.76,586.75
0.1,0.1,0.32,0.02,0,543.52,505.64
0.1,0.1,0.32,0.02,0.01,544.83,525.78
0.1,0.1,0.32,0.02,0.02,546.27,546.27
0.1,0.1,0.32,0.02,0.03,547.83,567.14
0.1,0.1,0.32,0.02,0.04,549.53,588.43
0.1,0.1,0.32,0.03,0,564.16,506.94
0.1,0.1,0.32,0.03,0.01,565.58,527.21
0.1,0.1,0.32,0.03,0.02,567.14,547.83
0.1,0.1,0.32,0.03,0.03,568.84,568.84
-0.1,0.05,0.33,0.03,0.04,199.27,478.02
-0.1,0.1,0.33,0,0,142.79,497.21
-0.1,0.1,0.33,0,0.01,141.8,516.39
-0.1,0.1,0.33,0,0.02,140.71,535.88
-0.1,0.1,0.33,0,0.03,139.52,555.72
-0.1,0.1,0.33,0,0.04,138.24,575.95
-0.1,0.1,0.33,0.01,0,161.68,496.31
-0.1,0.1,0.33,0.01,0.01,160.79,515.4
-0.1,0.1,0.33,0.01,0.02,159.81,534.8
-0.1,0.1,0.33,0.01,0.03,158.74,554.55
-0.1,0.1,0.33,0.01,0.04,157.59,574.68
-0.1,0.1,0.33,0.02,0,180.3,495.51
-0.1,0.1,0.33,0.02,0.01,179.51,514.52
-0.1,0.1,0.33,0.02,0.02,178.65,533.84
-0.1,0.1,0.33,0.02,0.03,177.71,553.51
-0.1,0.1,0.33,0.02,0.04,176.69,573.56
-0.1,0.1,0.33,0.03,0,198.7,494.81
-0.1,0.1,0.33,0.03,0.01,198.01,513.74
-0.1,0.1,0.33,0.03,0.02,197.26,532.99
-0.1,0.1,0.33,0.03,0.03,196.44,552.59
-0.05,0.05,0.33,0.03,0.04,286.66,476.16
-0.05,0.1,0.33,0,0,233.13,493.74
-0.05,0.1,0.33,0,0.01,232.63,512.56
-0.05,0.1,0.33,0,0.02,232.09,531.7
-0.05,0.1,0.33,0,0.03,231.5,551.19
-0.05,0.1,0.33,0,0.04,230.86,571.06
-0.05,0.1,0.33,0.01,0,251.03,493.32
-0.05,0.1,0.33,0.01,0.01,250.63,512.1
-0.05,0.1,0.33,0.01,0.02,250.2,531.19
-0.05,0.1,0.33,0.01,0.03,249.73,550.64
-0.05,0.1,0.33,0.01,0.04,249.22,570.46
-0.05,0.1,0.33,0.02,0,268.81,492.99
-0.05,0.1,0.33,0.02,0.01,268.52,511.73
-0.05,0.1,0.33,0.02,0.02,268.19,530.8
-0.05,0.1,0.33,0.02,0.03,267.84,550.21
-0.05,0.1,0.33,0.02,0.04,267.46,570
-0.05,0.1,0.33,0.03,0,286.51,492.76
-0.05,0.1,0.33,0.03,0.01,286.31,511.48
-0.05,0.1,0.33,0.03,0.02,286.1,530.52
-0.05,0.1,0.33,0.03,0.03,285.87,549.91
0,0.05,0.33,0.03,0.04,372.72,476.39
0,0.1,0.33,0,0,320,492.58
0,0.1,0.33,0,0.01,320,511.29
0,0.1,0.33,0,0.02,320,530.31
0,0.1,0.33,0,0.03,320,549.68
0,0.1,0.33,0,0.04,320,569.43
0,0.1,0.33,0.01,0,337.62,492.63
0,0.1,0.33,0.01,0.01,337.72,511.34
0,0.1,0.33,0.01,0.02,337.83,530.37
0,0.1,0.33,0.01,0.03,337.95,549.74
0,0.1,0.33,0.01,0.04,338.08,569.5
0,0.1,0.33,0.02,0,355.26,492.78
0,0.1,0.33,0.02,0.01,355.46,511.5
0,0.1,0.33,0.02,0.02,355.69,530.54
0,0.1,0.33,0.02,0.03,355.93,549.93
0,0.1,0.33,0.02,0.04,356.19,569.7
0,0.1,0.33,0.03,0,372.96,493.02
0,0.1,0.33,0.03,0.01,373.27,511.77
0,0.1,0.33,0.03,0.02,373.6,530.83
0,0.1,0.33,0.03,0.03,373.96,550.25
0.05,0.05,0.33,0.03,0.04,460.89,478.73
0.05,0.1,0.33,0,0,406.87,493.74
0.05,0.1,0.33,0,0.01,407.37,512.56
0.05,0.1,0.33,0,0.02,407.91,531.7
0.05,0.1,0.33,0,0.03,408.5,551.19
0.05,0.1,0.33,0,0.04,409.14,571.06
0.05,0.1,0.33,0.01,0,424.91,494.26
0.05,0.1,0.33,0.01,0.01,425.51,513.14
0.05,0.1,0.33,0.01,0.02,426.16,532.33
0.05,0.1,0.33,0.01,0.03,426.88,551.87
0.05,0.1,0.33,0.01,0.04,427.65,571.79
0.05,0.1,0.33,0.02,0,443.13,494.88
0.05,0.1,0.33,0.02,0.01,443.83,513.82
0.05,0.1,0.33,0.02,0.02,444.59,533.07
0.05,0.1,0.33,0.02,0.03,445.43,552.68
0.05,0.1,0.33,0.02,0.04,446.33,572.66
0.05,0.1,0.33,0.03,0,461.55,495.59
0.05,0.1,0.33,0.03,0.01,462.35,514.6
0.05,0.1,0.33,0.03,0.02,463.22,533.93
0.05,0.1,0.33,0.03,0.03,464.18,553.61
0.1,0.05,0.33,0.03,0.04,554.67,483.17
0.1,0.1,0.33,0,0,497.21,497.21
0.1,0.1,0.33,0,0.01,498.2,516.39
0.1,0.1,0.33,0,0.02,499.29,535.88
0.1,0.1,0.33,0,0.03,500.48,555.72
0.1,0.1,0.33,0,0.04,501.76,575.95
0.1,0.1,0.33,0.01,0,516.39,498.2
0.1,0.1,0.33,0.01,0.01,517.48,517.48
0.1,0.1,0.33,0.01,0.02,518.68,537.08
0.1,0.1,0.33,0.01,0.03,519.99,557.02
0.1,0.1,0.33,0.01,0.04,521.4,577.34
0.1,0.1,0.33,0.02,0,535.88,499.29
0.1,0.1,0.33,0.02,0.01,537.08,518.68
0.1,0.1,0.33,0.02,0.02,538.39,538.39
0.1,0.1,0.33,0.02,0.03,539.81,558.44
0.1,0.1,0.33,0.02,0.04,541.36,578.88
0.1,0.1,0.33,0.03,0,555.72,500.48
0.1,0.1,0.33,0.03,0.01,557.02,519.99
0.1,0.1,0.33,0.03,0.02,558.44,539.81
0.1,0.1,0.33,0.03,0.03,559.99,559.99
-0.1,0.05,0.34,0.03,0.04,203.05,473.06
-0.1,0.1,0.34,0,0,148.52,491.48
-0.1,0.1,0.34,0,0.01,147.61,509.98
-0.1,0.1,0.34,0,0.02,146.62,528.76
-0.1,0.1,0.34,0,0.03,145.54,547.87
-0.1,0.1,0.34,0,0.04,144.36,567.32
-0.1,0.1,0.34,0.01,0,166.76,490.66
-0.1,0.1,0.34,0.01,0.01,165.94,509.07
-0.1,0.1,0.34,0.01,0.02,165.05,527.78
-0.1,0.1,0.34,0.01,0.03,164.07,546.8
-0.1,0.1,0.34,0.01,0.04,163.02,566.17
-0.1,0.1,0.34,0.02,0,184.75,489.93
-0.1,0.1,0.34,0.02,0.01,184.03,508.27
-0.1,0.1,0.34,0.02,0.02,183.24,526.9
-0.1,0.1,0.34,0.02,0.03,182.37,545.85
-0.1,0.1,0.34,0.02,0.04,181.44,565.14
-0.1,0.1,0.34,0.03,0,202.54,489.28
-0.1,0.1,0.34,0.03,0.01,201.91,507.56
-0.1,0.1,0.34,0.03,0.02,201.22,526.12
-0.1,0.1,0.34,0.03,0.03,200.47,545.01
-0.05,0.05,0.34,0.03,0.04,287.69,471.36
-0.05,0.1,0.34,0,0,235.85,488.3
-0.05,0.1,0.34,0,0.01,235.39,506.48
-0.05,0.1,0.34,0,0.02,234.9,524.94
-0.05,0.1,0.34,0,0.03,234.35,543.73
-0.05,0.1,0.34,0,0.04,233.77,562.86
-0.05,0.1,0.34,0.01,0,253.18,487.92
-0.05,0.1,0.34,0.01,0.01,252.81,506.05
-0.05,0.1,0.34,0.01,0.02,252.42,524.48
-0.05,0.1,0.34,0.01,0.03,251.99,543.22
-0.05,0.1,0.34,0.01,0.04,251.52,562.31
-0.05,0.1,0.34,0.02,0,270.4,487.62
-0.05,0.1,0.34,0.02,0.01,270.13,505.72
-0.05,0.1,0.34,0.02,0.02,269.84,524.12
-0.05,0.1,0.34,0.02,0.03,269.52,542.83
-0.05,0.1,0.34,0.02,0.04,269.17,561.89
-0.05,0.1,0.34,0.03,0,287.54,487.41
-0.05,0.1,0.34,0.03,0.01,287.37,505.49
-0.05,0.1,0.34,0.03,0.02,287.17,523.86
-0.05,0.1,0.34,0.03,0.03,286.96,542.55
0,0.05,0.34,0.03,0.04,371.09,471.57
0,0.1,0.34,0,0,320,487.25
0,0.1,0.34,0,0.01,320,505.31
0,0.1,0.34,0,0.02,320,523.67
0,0.1,0.34,0,0.03,320,542.35
0,0.1,0.34,0,0.04,320,561.37
0,0.1,0.34,0.01,0,337.07,487.29
0,0.1,0.34,0.01,0.01,337.16,505.36
0,0.1,0.34,0.01,0.02,337.26,523.72
0,0.1,0.34,0.01,0.03,337.38,542.4
0,0.1,0.34,0.01,0.04,337.49,561.43
0,0.1,0.34,0.02,0,354.17,487.42
0,0.1,0.34,0.02,0.01,354.35,505.51
0,0.1,0.34,0.02,0.02,354.56,523.88
0,0.1,0.34,0.02,0.03,354.78,542.58
0,0.1,0.34,0.02,0.04,355.02,561.61
0,0.1,0.34,0.03,0,371.32,487.64
0,0.1,0.34,0.03,0.01,371.6,505.75
0,0.1,0.34,0.03,0.02,371.9,524.15
0,0.1,0.34,0.03,0.03,372.23,542.86
0.05,0.05,0.34,0.03,0.04,456.44,473.71
0.05,0.1,0.34,0,0,404.15,488.3
0.05,0.1,0.34,0,0.01,404.61,506.48
0.05,0.1,0.34,0,0.02,405.1,524.94
0.05,0.1,0.34,0,0.03,405.65,543.73
0.05,0.1,0.34,0,0.04,406.23,562.86
0.05,0.1,0.34,0.01,0,421.61,488.78
0.05,0.1,0.34,0.01,0.01,422.16,507
0.05,0.1,0.34,0.01,0.02,422.76,525.52
0.05,0.1,0.34,0.01,0.03,423.41,544.35
0.05,0.1,0.34,0.01,0.04,424.12,563.53
0.05,0.1,0.34,0.02,0,439.23,489.34
0.05,0.1,0.34,0.02,0.01,439.87,507.62
0.05,0.1,0.34,0.02,0.02,440.57,526.2
0.05,0.1,0.34,0.02,0.03,441.33,545.09
0.05,0.1,0.34,0.02,0.04,442.16,564.32
0.05,0.1,0.34,0.03,0,457.04,490
0.05,0.1,0.34,0.03,0.01,457.77,508.34
0.05,0.1,0.34,0.03,0.02,458.57,526.98
0.05,0.1,0.34,0.03,0.03,459.45,545.94
0.1,0.05,0.34,0.03,0.04,546.9,477.77
0.1,0.1,0.34,0,0,491.48,491.48
0.1,0.1,0.34,0,0.01,492.39,509.98
0.1,0.1,0.34,0,0.02,493.38,528.76
0.1,0.1,0.34,0,0.03,494.46,547.87
0.1,0.1,0.34,0,0.04,495.64,567.32
0.1,0.1,0.34,0.01,0,509.98,492.39
0.1,0.1,0.34,0.01,0.01,510.98,510.98
0.1,0.1,0.34,0.01,0.02,512.07,529.86
0.1,0.1,0.34,0.01,0.03,513.27,549.06
0.1,0.1,0.34,0.01,0.04,514.56,568.6
0.1,0.1,0.34,0.02,0,528.76,493.38
0.1,0.1,0.34,0.02,0.01,529.86,512.07
0.1,0.1,0.34,0.02,0.02,531.06,531.06
0.1,0.1,0.34,0.02,0.03,532.36,550.36
0.1,0.1,0.34,0.02,0.04,533.77,570
0.1,0.1,0.34,0.03,0,547.87,494.46
0.1,0.1,0.34,0.03,0.01,549.06,513.27
0.1,0.1,0.34,0.03,0.02,550.36,532.36
0.1,0.1,0.34,0.03,0.03,551.77,551.77
-0.1,0.05,0.35,0.03,0.04,206.6,468.42
-0.1,0.1,0.35,0,0,153.88,486.12
-0.1,0.1,0.35,0,0.01,153.05,503.98
-0.1,0.1,0.35,0,0.02,152.14,522.12
-0.1,0.1,0.35,0,0.03,151.15,540.54
-0.1,0.1,0.35,0,0.04,150.07,559.29
-0.1,0.1,0.35,0.01,0,171.51,485.36
-0.1,0.1,0.35,0.01,0.01,170.76,503.15
-0.1,0.1,0.35,0.01,0.02,169.94,521.21
-0.1,0.1,0.35,0.01,0.03,169.05,539.56
-0.1,0.1,0.35,0.01,0.04,168.09,558.23
-0.1,0.1,0.35,0.02,0,188.92,484.69
-0.1,0.1,0.35,0.02,0.01,188.26,502.42
-0.1,0.1,0.35,0.02,0.02,187.53,520.41
-0.1,0.1,0.35,0.02,0.03,186.74,538.69
-0.1,0.1,0.35,0.02,0.04,185.88,557.28
-0.1,0.1,0.35,0.03,0,206.13,484.1
-0.1,0.1,0.35,0.03,0.01,205.55,501.77
-0.1,0.1,0.35,0.03,0.02,204.92,519.7
-0.1,0.1,0.35,0.03,0.03,204.23,537.92
-0.05,0.05,0.35,0.03,0.04,288.65,466.85
-0.05,0.1,0.35,0,0,238.4,483.21
-0.05,0.1,0.35,0,0.01,237.98,500.78
-0.05,0.1,0.35,0,0.02,237.52,518.61
-0.05,0.1,0.35,0,0.03,237.03,536.74
-0.05,0.1,0.35,0,0.04,236.49,555.19
-0.05,0.1,0.35,0.01,0,255.19,482.85
-0.05,0.1,0.35,0.01,0.01,254.86,500.39
-0.05,0.1,0.35,0.01,0.02,254.5,518.19
-0.05,0.1,0.35,0.01,0.03,254.1,536.28
-0.05,0.1,0.35,0.01,0.04,253.67,554.69
-0.05,0.1,0.35,0.02,0,271.89,482.58
-0.05,0.1,0.35,0.02,0.01,271.64,500.08
-0.05,0.1,0.35,0.02,0.02,271.37,517.86
-0.05,0.1,0.35,0.02,0.03,271.08,535.92
-0.05,0.1,0.35,0.02,0.04,270.76,554.3
-0.05,0.1,0.35,0.03,0,288.52,482.38
-0.05,0.1,0.35,0.03,0.01,288.36,499.87
-0.05,0.1,0.35,0.03,0.02,288.18,517.62
-0.05,0.1,0.35,0.03,0.03,287.99,535.67
0,0.05,0.35,0.03,0.04,369.57,467.05
0,0.1,0.35,0,0,320,482.24
0,0.1,0.35,0,0.01,320,499.71
0,0.1,0.35,0,0.02,320,517.45
0,0.1,0.35,0,0.03,320,535.48
0,0.1,0.35,0,0.04,320,553.82
0,0.1,0.35,0.01,0,336.56,482.28
0,0.1,0.35,0.01,0.01,336.64,499.75
0,0.1,0.35,0.01,0.02,336.74,517.5
0,0.1,0.35,0.01,0.03,336.84,535.53
0,0.1,0.35,0.01,0.04,336.95,553.88
0,0.1,0.35,0.02,0,353.14,482.4
0,0.1,0.35,0.02,0.01,353.31,499.89
0,0.1,0.35,0.02,0.02,353.5,517.64
0,0.1,0.35,0.02,0.03,353.7,535.69
0,0.1,0.35,0.02,0.04,353.92,554.05
0,0.1,0.35,0.03,0,369.78,482.6
0,0.1,0.35,0.03,0.01,370.03,500.11
0,0.1,0.35,0.03,0.02,370.31,517.88
0,0.1,0.35,0.03,0.03,370.61,535.95
0.05,0.05,0.35,0.03,0.04,452.27,469.01
0.05,0.1,0.35,0,0,401.6,483.21
0.05,0.1,0.35,0,0.01,402.02,500.78
0.05,0.1,0.35,0,0.02,402.48,518.61
0.05,0.1,0.35,0,0.03,402.97,536.74
0.05,0.1,0.35,0,0.04,403.51,555.19
0.05,0.1,0.35,0.01,0,418.52,483.64
0.05,0.1,0.35,0.01,0.01,419.02,501.26
0.05,0.1,0.35,0.01,0.02,419.57,519.14
0.05,0.1,0.35,0.01,0.03,420.17,537.31
0.05,0.1,0.35,0.01,0.04,420.81,555.8
0.05,0.1,0.35,0.02,0,435.58,484.16
0.05,0.1,0.35,0.02,0.01,436.17,501.83
0.05,0.1,0.35,0.02,0.02,436.81,519.76
0.05,0.1,0.35,0.02,0.03,437.51,537.99
0.05,0.1,0.35,0.02,0.04,438.27,556.53
0.05,0.1,0.35,0.03,0,452.81,484.76
0.05,0.1,0.35,0.03,0.01,453.49,502.49
0.05,0.1,0.35,0.03,0.02,454.22,520.48
0.05,0.1,0.35,0.03,0.03,455.02,538.77
0.1,0.05,0.35,0.03,0.04,539.66,472.73
0.1,0.1,0.35,0,0,486.12,486.12
0.1,0.1,0.35,0,0.01,486.95,503.98
0.1,0.1,0.35,0,0.02,487.86,522.12
0.1,0.1,0.35,0,0.03,488.85,540.54
0.1,0.1,0.35,0,0.04,489.93,559.29
0.1,0.1,0.35,0.01,0,503.98,486.95
0.1,0.1,0.35,0.01,0.01,504.9,504.9
0.1,0.1,0.35,0.01,0.02,505.91,523.12
0.1,0.1,0.35,0.01,0.03,507,541.63
0.1,0.1,0.35,0.01,0.04,508.18,560.46
0.1,0.1,0.35,0.02,0,522.12,487.86
0.1,0.1,0.35,0.02,0.01,523.12,505.91
0.1,0.1,0.35,0.02,0.02,524.22,524.22
0.1,0.1,0.35,0.02,0.03,525.41,542.82
0.1,0.1,0.35,0.02,0.04,526.71,561.74
0.1,0.1,0.35,0.03,0,540.54,488.85
0.1,0.1,0.35,0.03,0.01,541.63,507
0.1,0.1,0.35,0.03,0.02,542.82,525.41
0.1,0.1,0.35,0.03,0.03,544.12,544.12
-0.1,0.05,0.36,0.03,0.04,209.94,464.05
-0.1,0.1,0.36,0,0,158.91,481.09
-0.1,0.1,0.36,0,0.01,158.15,498.37
-0.1,0.1,0.36,0,0.02,157.31,515.89
-0.1,0.1,0.36,0,0.03,156.4,533.69
-0.1,0.1,0.36,0,0.04,155.41,551.77
-0.1,0.1,0.36,0.01,0,175.97,480.4
-0.1,0.1,0.36,0.01,0.01,175.28,497.61
-0.1,0.1,0.36,0.01,0.02,174.53,515.06
-0.1,0.1,0.36,0.01,0.03,173.71,532.79
-0.1,0.1,0.36,0.01,0.04,172.82,550.8
-0.1,0.1,0.36,0.02,0,192.83,479.78
-0.1,0.1,0.36,0.02,0.01,192.22,496.93
-0.1,0.1,0.36,0.02,0.02,191.55,514.32
-0.1,0.1,0.36,0.02,0.03,190.82,531.98
-0.1,0.1,0.36,0.02,0.04,190.04,549.93
-0.1,0.1,0.36,0.03,0,209.51,479.24
-0.1,0.1,0.36,0.03,0.01,208.98,496.33
-0.1,0.1,0.36,0.03,0.02,208.39,513.67
-0.1,0.1,0.36,0.03,0.03,207.76,531.27
-0.05,0.05,0.36,0.03,0.04,289.55,462.61
-0.05,0.1,0.36,0,0,240.79,478.41
-0.05,0.1,0.36,0,0.01,240.41,495.42
-0.05,0.1,0.36,0,0.02,239.99,512.67
-0.05,0.1,0.36,0,0.03,239.53,530.2
-0.05,0.1,0.36,0,0.04,239.04,548.01
-0.05,0.1,0.36,0.01,0,257.09,478.09
-0.05,0.1,0.36,0.01,0.01,256.78,495.06
-0.05,0.1,0.36,0.01,0.02,256.45,512.28
-0.05,0.1,0.36,0.01,0.03,256.09,529.77
-0.05,0.1,0.36,0.01,0.04,255.69,547.55
-0.05,0.1,0.36,0.02,0,273.29,477.84
-0.05,0.1,0.36,0.02,0.01,273.07,494.78
-0.05,0.1,0.36,0.02,0.02,272.82,511.98
-0.05,0.1,0.36,0.02,0.03,272.55,529.44
-0.05,0.1,0.36,0.02,0.04,272.26,547.19
-0.05,0.1,0.36,0.03,0,289.43,477.66
-0.05,0.1,0.36,0.03,0.01,289.29,494.59
-0.05,0.1,0.36,0.03,0.02,289.12,511.76
-0.05,0.1,0.36,0.03,0.03,288.95,529.21
0,0.05,0.36,0.03,0.04,368.13,462.79
0,0.1,0.36,0,0,320,477.52
0,0.1,0.36,0,0.01,320,494.44
0,0.1,0.36,0,0.02,320,511.6
0,0.1,0.36,0,0.03,320,529.03
0,0.1,0.36,0,0.04,320,546.75
0,0.1,0.36,0.01,0,336.08,477.56
0,0.1,0.36,0.01,0.01,336.16,494.48
0,0.1,0.36,0.01,0.02,336.24,511.65
0,0.1,0.36,0.01,0.03,336.33,529.08
0,0.1,0.36,0.01,0.04,336.44,546.8
0,0.1,0.36,0.02,0,352.18,477.67
0,0.1,0.36,0.02,0.01,352.33,494.6
0,0.1,0.36,0.02,0.02,352.51,511.78
0,0.1,0.36,0.02,0.03,352.69,529.23
0,0.1,0.36,0.02,0.04,352.89,546.96
0,0.1,0.36,0.03,0,368.32,477.86
0,0.1,0.36,0.03,0.01,368.56,494.81
0,0.1,0.36,0.03,0.02,368.81,512
0,0.1,0.36,0.03,0.03,369.09,529.47
0.05,0.05,0.36,0.03,0.04,448.35,464.59
0.05,0.1,0.36,0,0,399.21,478.41
0.05,0.1,0.36,0,0.01,399.59,495.42
0.05,0.1,0.36,0,0.02,400.01,512.67
0.05,0.1,0.36,0,0.03,400.47,530.2
0.05,0.1,0.36,0,0.04,400.96,548.01
0.05,0.1,0.36,0.01,0,415.61,478.82
0.05,0.1,0.36,0.01,0.01,416.07,495.86
0.05,0.1,0.36,0.01,0.02,416.58,513.16
0.05,0.1,0.36,0.01,0.03,417.13,530.72
0.05,0.1,0.36,0.01,0.04,417.72,548.57
0.05,0.1,0.36,0.02,0,432.15,479.29
0.05,0.1,0.36,0.02,0.01,432.69,496.39
0.05,0.1,0.36,0.02,0.02,433.28,513.73
0.05,0.1,0.36,0.02,0.03,433.93,531.34
0.05,0.1,0.36,0.02,0.04,434.62,549.24
0.05,0.1,0.36,0.03,0,448.85,479.84
0.05,0.1,0.36,0.03,0.01,449.47,496.99
0.05,0.1,0.36,0.03,0.02,450.14,514.39
0.05,0.1,0.36,0.03,0.03,450.88,532.06
0.1,0.05,0.36,0.03,0.04,532.87,468.01
0.1,0.1,0.36,0,0,481.09,481.09
0.1,0.1,0.36,0,0.01,481.85,498.37
0.1,0.1,0.36,0,0.02,482.69,515.89
0.1,0.1,0.36,0,0.03,483.6,533.69
0.1,0.1,0.36,0,0.04,484.59,551.77
0.1,0.1,0.36,0.01,0,498.37,481.85
0.1,0.1,0.36,0.01,0.01,499.21,499.21
0.1,0.1,0.36,0.01,0.02,500.13,516.81
0.1,0.1,0.36,0.01,0.03,501.14,534.69
0.1,0.1,0.36,0.01,0.04,502.23,552.85
0.1,0.1,0.36,0.02,0,515.89,482.69
0.1,0.1,0.36,0.02,0.01,516.81,500.13
0.1,0.1,0.36,0.02,0.02,517.82,517.82
0.1,0.1,0.36,0.02,0.03,518.92,535.78
0.1,0.1,0.36,0.02,0.04,520.11,554.03
0.1,0.1,0.36,0.03,0,533.69,483.6
0.1,0.1,0.36,0.03,0.01,534.69,501.14
0.1,0.1,0.36,0.03,0.02,535.78,518.92
0.1,0.1,0.36,0.03,0.03,536.97,536.97
-0.1,0.05,0.37,0.03,0.04,213.08,459.94
-0.1,0.1,0.37,0,0,163.64,476.36
-0.1,0.1,0.37,0,0.01,162.93,493.1
-0.1,0.1,0.37,0,0.02,162.16,510.05
-0.1,0.1,0.37,0,0.03,161.32,527.26
-0.1,0.1,0.37,0,0.04,160.41,544.73
-0.1,0.1,0.37,0.01,0,180.16,475.73
-0.1,0.1,0.37,0.01,0.01,179.53,492.4
-0.1,0.1,0.37,0.01,0.02,178.84,509.29
-0.1,0.1,0.37,0.01,0.03,178.08,526.43
-0.1,0.1,0.37,0.01,0.04,177.26,543.83
-0.1,0.1,0.37,0.02,0,196.5,475.16
-0.1,0.1,0.37,0.02,0.01,195.94,491.77
-0.1,0.1,0.37,0.02,0.02,195.33,508.6
-0.1,0.1,0.37,0.02,0.03,194.66,525.69
-0.1,0.1,0.37,0.02,0.04,193.94,543.04
-0.1,0.1,0.37,0.03,0,212.68,474.66
-0.1,0.1,0.37,0.03,0.01,212.19,491.22
-0.1,0.1,0.37,0.03,0.02,211.66,508
-0.1,0.1,0.37,0.03,0.03,211.08,525.03
-0.05,0.05,0.37,0.03,0.04,290.41,458.61
-0.05,0.1,0.37,0,0,243.05,473.9
-0.05,0.1,0.37,0,0.01,242.7,490.38
-0.05,0.1,0.37,0,0.02,242.31,507.09
-0.05,0.1,0.37,0,0.03,241.89,524.04
-0.05,0.1,0.37,0,0.04,241.44,541.26
-0.05,0.1,0.37,0.01,0,258.87,473.6
-0.05,0.1,0.37,0.01,0.01,258.59,490.05
-0.05,0.1,0.37,0.01,0.02,258.29,506.73
-0.05,0.1,0.37,0.01,0.03,257.95,523.65
-0.05,0.1,0.37,0.01,0.04,257.59,540.84
-0.05,0.1,0.37,0.02,0,274.62,473.37
-0.05,0.1,0.37,0.02,0.01,274.41,489.79
-0.05,0.1,0.37,0.02,0.02,274.18,506.45
-0.05,0.1,0.37,0.02,0.03,273.93,523.35
-0.05,0.1,0.37,0.02,0.04,273.66,540.51
-0.05,0.1,0.37,0.03,0,290.3,473.21
-0.05,0.1,0.37,0.03,0.01,290.16,489.61
-0.05,0.1,0.37,0.03,0.02,290.01,506.25
-0.05,0.1,0.37,0.03,0.03,289.85,523.13
0,0.05,0.37,0.03,0.04,366.78,458.78
0,0.1,0.37,0,0,320,473.08
0,0.1,0.37,0,0.01,320,489.48
0,0.1,0.37,0,0.02,320,506.1
0,0.1,0.37,0,0.03,320,522.97
0,0.1,0.37,0,0.04,320,540.11
0,0.1,0.37,0.01,0,335.62,473.12
0,0.1,0.37,0.01,0.01,335.7,489.52
0,0.1,0.37,0.01,0.02,335.77,506.14
0,0.1,0.37,0.01,0.03,335.86,523.01
0,0.1,0.37,0.01,0.04,335.95,540.16
0,0.1,0.37,0.02,0,351.27,473.22
0,0.1,0.37,0.02,0.01,351.41,489.63
0,0.1,0.37,0.02,0.02,351.57,506.27
0,0.1,0.37,0.02,0.03,351.74,523.15
0,0.1,0.37,0.02,0.04,351.93,540.3
0,0.1,0.37,0.03,0,366.96,473.39
0,0.1,0.37,0.03,0.01,367.17,489.82
0,0.1,0.37,0.03,0.02,367.41,506.47
0,0.1,0.37,0.03,0.03,367.67,523.37
0.05,0.05,0.37,0.03,0.04,444.66,460.44
0.05,0.1,0.37,0,0,396.95,473.9
0.05,0.1,0.37,0,0.01,397.3,490.38
0.05,0.1,0.37,0,0.02,397.69,507.09
0.05,0.1,0.37,0,0.03,398.11,524.04
0.05,0.1,0.37,0,0.04,398.56,541.26
0.05,0.1,0.37,0.01,0,412.88,474.27
0.05,0.1,0.37,0.01,0.01,413.3,490.79
0.05,0.1,0.37,0.01,0.02,413.77,507.53
0.05,0.1,0.37,0.01,0.03,414.27,524.52
0.05,0.1,0.37,0.01,0.04,414.82,541.78
0.05,0.1,0.37,0.02,0,428.93,474.71
0.05,0.1,0.37,0.02,0.01,429.42,491.27
0.05,0.1,0.37,0.02,0.02,429.97,508.06
0.05,0.1,0.37,0.02,0.03,430.56,525.1
0.05,0.1,0.37,0.02,0.04,431.2,542.4
0.05,0.1,0.37,0.03,0,445.12,475.21
0.05,0.1,0.37,0.03,0.01,445.69,491.83
0.05,0.1,0.37,0.03,0.02,446.31,508.67
0.05,0.1,0.37,0.03,0.03,446.99,525.76
0.1,0.05,0.37,0.03,0.04,526.51,463.59
0.1,0.1,0.37,0,0,476.36,476.36
0.1,0.1,0.37,0,0.01,477.07,493.1
0.1,0.1,0.37,0,0.02,477.84,510.05
0.1,0.1,0.37,0,0.03,478.68,527.26
0.1,0.1,0.37,0,0.04,479.59,544.73
0.1,0.1,0.37,0.01,0,493.1,477.07
0.1,0.1,0.37,0.01,0.01,493.87,493.87
0.1,0.1,0.37,0.01,0.02,494.72,510.9
0.1,0.1,0.37,0.01,0.03,495.65,528.18
0.1,0.1,0.37,0.01,0.04,496.65,545.72
0.1,0.1,0.37,0.02,0,510.05,477.84
0.1,0.1,0.37,0.02,0.01,510.9,494.72
0.1,0.1,0.37,0.02,0.02,511.83,511.83
0.1,0.1,0.37,0.02,0.03,512.84,529.19
0.1,0.1,0.37,0.02,0.04,513.94,546.81
0.1,0.1,0.37,0.03,0,527.26,478.68
0.1,0.1,0.37,0.03,0.01,528.18,495.65
0.1,0.1,0.37,0.03,0.02,529.19,512.84
0.1,0.1,0.37,0.03,0.03,530.28,530.28
-0.1,0.05,0.38,0.03,0.04,216.05,456.06
-0.1,0.1,0.38,0,0,168.08,471.92
-0.1,0.1,0.38,0,0.01,167.43,488.14
-0.1,0.1,0.38,0,0.02,166.72,504.56
-0.1,0.1,0.38,0,0.03,165.94,521.22
-0.1,0.1,0.38,0,0.04,165.1,538.12
-0.1,0.1,0.38,0.01,0,184.11,471.33
-0.1,0.1,0.38,0.01,0.01,183.53,487.49
-0.1,0.1,0.38,0.01,0.02,182.89,503.86
-0.1,0.1,0.38,0.01,0.03,182.19,520.45
-0.1,0.1,0.38,0.01,0.04,181.44,537.29
-0.1,0.1,0.38,0.02,0,199.97,470.81
-0.1,0.1,0.38,0.02,0.01,199.45,486.91
-0.1,0.1,0.38,0.02,0.02,198.89,503.22
-0.1,0.1,0.38,0.02,0.03,198.27,519.77
-0.1,0.1,0.38,0.02,0.04,197.6,536.55
-0.1,0.1,0.38,0.03,0,215.68,470.35
-0.1,0.1,0.38,0.03,0.01,215.23,486.4
-0.1,0.1,0.38,0.03,0.02,214.73,502.67
-0.1,0.1,0.38,0.03,0.03,214.19,519.16
-0.05,0.05,0.38,0.03,0.04,291.21,454.84
-0.05,0.1,0.38,0,0,245.18,469.64
-0.05,0.1,0.38,0,0.01,244.85,485.63
-0.05,0.1,0.38,0,0.02,244.5,501.83
-0.05,0.1,0.38,0,0.03,244.11,518.25
-0.05,0.1,0.38,0,0.04,243.69,534.92
-0.05,0.1,0.38,0.01,0,260.56,469.37
-0.05,0.1,0.38,0.01,0.01,260.3,485.32
-0.05,0.1,0.38,0.01,0.02,260.02,501.49
-0.05,0.1,0.38,0.01,0.03,259.71,517.89
-0.05,0.1,0.38,0.01,0.04,259.37,534.53
-0.05,0.1,0.38,0.02,0,275.86,469.15
-0.05,0.1,0.38,0.02,0.01,275.67,485.09
-0.05,0.1,0.38,0.02,0.02,275.46,501.23
-0.05,0.1,0.38,0.02,0.03,275.23,517.61
-0.05,0.1,0.38,0.02,0.04,274.98,534.23
-0.05,0.1,0.38,0.03,0,291.11,469
-0.05,0.1,0.38,0.03,0.01,290.99,484.92
-0.05,0.1,0.38,0.03,0.02,290.85,501.05
-0.05,0.1,0.38,0.03,0.03,290.7,517.41
0,0.05,0.38,0.03,0.04,365.5,454.99
0,0.1,0.38,0,0,320,468.89
0,0.1,0.38,0,0.01,320,484.8
0,0.1,0.38,0,0.02,320,500.91
0,0.1,0.38,0,0.03,320,517.26
0,0.1,0.38,0,0.04,320,533.85
0,0.1,0.38,0.01,0,335.2,468.92
0,0.1,0.38,0.01,0.01,335.26,484.83
0,0.1,0.38,0.01,0.02,335.33,500.95
0,0.1,0.38,0.01,0.03,335.41,517.3
0,0.1,0.38,0.01,0.04,335.5,533.9
0,0.1,0.38,0.02,0,350.41,469.01
0,0.1,0.38,0.02,0.01,350.54,484.94
0,0.1,0.38,0.02,0.02,350.69,501.07
0,0.1,0.38,0.02,0.03,350.85,517.42
0,0.1,0.38,0.02,0.04,351.02,534.03
0,0.1,0.38,0.03,0,365.66,469.17
0,0.1,0.38,0.03,0.01,365.86,485.11
0,0.1,0.38,0.03,0.02,366.08,501.26
0,0.1,0.38,0.03,0.03,366.32,517.63
0.05,0.05,0.38,0.03,0.04,441.18,456.52
0.05,0.1,0.38,0,0,394.82,469.64
0.05,0.1,0.38,0,0.01,395.15,485.63
0.05,0.1,0.38,0,0.02,395.5,501.83
0.05,0.1,0.38,0,0.03,395.89,518.25
0.05,0.1,0.38,0,0.04,396.31,534.92
0.05,0.1,0.38,0.01,0,410.3,469.99
0.05,0.1,0.38,0.01,0.01,410.69,486.01
0.05,0.1,0.38,0.01,0.02,411.12,502.24
0.05,0.1,0.38,0.01,0.03,411.59,518.69
0.05,0.1,0.38,0.01,0.04,412.09,535.4
0.05,0.1,0.38,0.02,0,425.89,470.39
0.05,0.1,0.38,0.02,0.01,426.34,486.45
0.05,0.1,0.38,0.02,0.02,426.85,502.72
0.05,0.1,0.38,0.02,0.03,427.39,519.22
0.05,0.1,0.38,0.02,0.04,427.98,535.97
0.05,0.1,0.38,0.03,0,441.61,470.86
0.05,0.1,0.38,0.03,0.01,442.13,486.97
0.05,0.1,0.38,0.03,0.02,442.71,503.28
0.05,0.1,0.38,0.03,0.03,443.33,519.83
0.1,0.05,0.38,0.03,0.04,520.52,459.43
0.1,0.1,0.38,0,0,471.92,471.92
0.1,0.1,0.38,0,0.01,472.57,488.14
0.1,0.1,0.38,0,0.02,473.28,504.56
0.1,0.1,0.38,0,0.03,474.06,521.22
0.1,0.1,0.38,0,0.04,474.9,538.12
0.1,0.1,0.38,0.01,0,488.14,472.57
0.1,0.1,0.38,0.01,0.01,488.85,488.85
0.1,0.1,0.38,0.01,0.02,489.64,505.34
0.1,0.1,0.38,0.01,0.03,490.49,522.07
0.1,0.1,0.38,0.01,0.04,491.42,539.03
0.1,0.1,0.38,0.02,0,504.56,473.28
0.1,0.1,0.38,0.02,0.01,505.34,489.64
0.1,0.1,0.38,0.02,0.02,506.2,506.2
0.1,0.1,0.38,0.02,0.03,507.14,523
0.1,0.1,0.38,0.02,0.04,508.15,540.04
0.1,0.1,0.38,0.03,0,521.22,474.06
0.1,0.1,0.38,0.03,0.01,522.07,490.49
0.1,0.1,0.38,0.03,0.02,523,507.14
0.1,0.1,0.38,0.03,0.03,524.01,524.01
-0.1,0.05,0.39,0.03,0.04,218.85,452.39
-0.1,0.1,0.39,0,0,172.28,467.72
-0.1,0.1,0.39,0,0.01,171.68,483.46
-0.1,0.1,0.39,0,0.02,171.02,499.39
-0.1,0.1,0.39,0,0.03,170.3,515.53
-0.1,0.1,0.39,0,0.04,169.52,531.9
-0.1,0.1,0.39,0.01,0,187.84,467.18
-0.1,0.1,0.39,0.01,0.01,187.3,482.86
-0.1,0.1,0.39,0.01,0.02,186.71,498.74
-0.1,0.1,0.39,0.01,0.03,186.06,514.82
-0.1,0.1,0.39,0.01,0.04,185.36,531.13
-0.1,0.1,0.39,0.02,0,203.24,466.7
-0.1,0.1,0.39,0.02,0.01,202.76,482.33
-0.1,0.1,0.39,0.02,0.02,202.24,498.15
-0.1,0.1,0.39,0.02,0.03,201.67,514.19
-0.1,0.1,0.39,0.02,0.04,201.05,530.45
-0.1,0.1,0.39,0.03,0,218.51,466.27
-0.1,0.1,0.39,0.03,0.01,218.09,481.86
-0.1,0.1,0.39,0.03,0.02,217.63,497.64
-0.1,0.1,0.39,0.03,0.03,217.13,513.63
-0.05,0.05,0.39,0.03,0.04,291.98,451.26
-0.05,0.1,0.39,0,0,247.19,465.62
-0.05,0.1,0.39,0,0.01,246.89,481.14
-0.05,0.1,0.39,0,0.02,246.56,496.86
-0.05,0.1,0.39,0,0.03,246.2,512.78
-0.05,0.1,0.39,0,0.04,245.81,528.94
-0.05,0.1,0.39,0.01,0,262.15,465.36
-0.05,0.1,0.39,0.01,0.01,261.91,480.86
-0.05,0.1,0.39,0.01,0.02,261.65,496.55
-0.05,0.1,0.39,0.01,0.03,261.36,512.45
-0.05,0.1,0.39,0.01,0.04,261.05,528.58
-0.05,0.1,0.39,0.02,0,277.04,465.17
-0.05,0.1,0.39,0.02,0.01,276.86,480.64
-0.05,0.1,0.39,0.02,0.02,276.67,496.31
-0.05,0.1,0.39,0.02,0.03,276.46,512.19
-0.05,0.1,0.39,0.02,0.04,276.23,528.3
-0.05,0.1,0.39,0.03,0,291.88,465.03
-0.05,0.1,0.39,0.03,0.01,291.77,480.49
-0.05,0.1,0.39,0.03,0.02,291.64,496.14
-0.05,0.1,0.39,0.03,0.03,291.5,512.01
0,0.05,0.39,0.03,0.04,364.29,451.4
0,0.1,0.39,0,0,320,464.92
0,0.1,0.39,0,0.01,320,480.37
0,0.1,0.39,0,0.02,320,496.01
0,0.1,0.39,0,0.03,320,511.87
0,0.1,0.39,0,0.04,320,527.95
0,0.1,0.39,0.01,0,334.79,464.95
0,0.1,0.39,0.01,0.01,334.85,480.4
0,0.1,0.39,0.01,0.02,334.92,496.05
0,0.1,0.39,0.01,0.03,334.99,511.91
0,0.1,0.39,0.01,0.04,335.07,527.99
0,0.1,0.39,0.02,0,349.6,465.04
0,0.1,0.39,0.02,0.01,349.72,480.5
0,0.1,0.39,0.02,0.02,349.86,496.15
0,0.1,0.39,0.02,0.03,350,512.02
0,0.1,0.39,0.02,0.04,350.16,528.12
0,0.1,0.39,0.03,0,364.44,465.18
0,0.1,0.39,0.03,0.01,364.63,480.66
0,0.1,0.39,0.03,0.02,364.83,496.33
0,0.1,0.39,0.03,0.03,365.05,512.21
0.05,0.05,0.39,0.03,0.04,437.9,452.82
0.05,0.1,0.39,0,0,392.81,465.62
0.05,0.1,0.39,0,0.01,393.11,481.14
0.05,0.1,0.39,0,0.02,393.44,496.86
0.05,0.1,0.39,0,0.03,393.8,512.78
0.05,0.1,0.39,0,0.04,394.19,528.94
0.05,0.1,0.39,0.01,0,407.86,465.94
0.05,0.1,0.39,0.01,0.01,408.22,481.49
0.05,0.1,0.39,0.01,0.02,408.62,497.24
0.05,0.1,0.39,0.01,0.03,409.05,513.2
0.05,0.1,0.39,0.01,0.04,409.52,529.38
0.05,0.1,0.39,0.02,0,423.01,466.31
0.05,0.1,0.39,0.02,0.01,423.44,481.9
0.05,0.1,0.39,0.02,0.02,423.9,497.69
0.05,0.1,0.39,0.02,0.03,424.41,513.68
0.05,0.1,0.39,0.02,0.04,424.95,529.91
0.05,0.1,0.39,0.03,0,438.29,466.74
0.05,0.1,0.39,0.03,0.01,438.78,482.38
0.05,0.1,0.39,0.03,0.02,439.31,498.21
0.05,0.1,0.39,0.03,0.03,439.89,514.25
0.1,0.05,0.39,0.03,0.04,514.89,455.51
0.1,0.1,0.39,0,0,467.72,467.72
0.1,0.1,0.39,0,0.01,468.32,483.46
0.1,0.1,0.39,0,0.02,468.98,499.39
0.1,0.1,0.39,0,0.03,469.7,515.53
0.1,0.1,0.39,0,0.04,470.48,531.9
0.1,0.1,0.39,0.01,0,483.46,468.32
0.1,0.1,0.39,0.01,0.01,484.12,484.12
0.1,0.1,0.39,0.01,0.02,484.85,500.11
0.1,0.1,0.39,0.01,0.03,485.64,516.31
0.1,0.1,0.39,0.01,0.04,486.5,532.74
0.1,0.1,0.39,0.02,0,499.39,468.98
0.1,0.1,0.39,0.02,0.01,500.11,484.85
0.1,0.1,0.39,0.02,0.02,500.91,500.91
0.1,0.1,0.39,0.02,0.03,501.77,517.18
0.1,0.1,0.39,0.02,0.04,502.71,533.67
0.1,0.1,0.39,0.03,0,515.53,469.7
0.1,0.1,0.39,0.03,0.01,516.31,485.64
0.1,0.1,0.39,0.03,0.02,517.18,501.77
0.1,0.1,0.39,0.03,0.03,518.11,518.11
-0.1,0.05,0.4,0.03,0.04,221.5,448.92
-0.1,0.1,0.4,0,0,176.24,463.76
-0.1,0.1,0.4,0,0.01,175.68,479.04
-0.1,0.1,0.4,0,0.02,175.07,494.51
-0.1,0.1,0.4,0,0.03,174.41,510.16
-0.1,0.1,0.4,0,0.04,173.69,526.03
-0.1,0.1,0.4,0.01,0,191.36,463.26
-0.1,0.1,0.4,0.01,0.01,190.86,478.49
-0.1,0.1,0.4,0.01,0.02,190.31,493.9
-0.1,0.1,0.4,0.01,0.03,189.71,509.51
-0.1,0.1,0.4,0.01,0.04,189.07,525.33
-0.1,0.1,0.4,0.02,0,206.34,462.81
-0.1,0.1,0.4,0.02,0.01,205.89,477.99
-0.1,0.1,0.4,0.02,0.02,205.41,493.36
-0.1,0.1,0.4,0.02,0.03,204.88,508.92
-0.1,0.1,0.4,0.02,0.04,204.3,524.69
-0.1,0.1,0.4,0.03,0,221.18,462.41
-0.1,0.1,0.4,0.03,0.01,220.8,477.56
-0.1,0.1,0.4,0.03,0.02,220.37,492.88
-0.1,0.1,0.4,0.03,0.03,219.91,508.4
-0.05,0.05,0.4,0.03,0.04,292.7,447.87
-0.05,0.1,0.4,0,0,249.09,461.81
-0.05,0.1,0.4,0,0.01,248.82,476.9
-0.05,0.1,0.4,0,0.02,248.51,492.16
-0.05,0.1,0.4,0,0.03,248.18,507.62
-0.05,0.1,0.4,0,0.04,247.82,523.29
-0.05,0.1,0.4,0.01,0,263.66,461.57
-0.05,0.1,0.4,0.01,0.01,263.44,476.63
-0.05,0.1,0.4,0.01,0.02,263.19,491.87
-0.05,0.1,0.4,0.01,0.03,262.93,507.31
-0.05,0.1,0.4,0.01,0.04,262.64,522.95
-0.05,0.1,0.4,0.02,0,278.16,461.39
-0.05,0.1,0.4,0.02,0.01,278,476.43
-0.05,0.1,0.4,0.02,0.02,277.81,491.65
-0.05,0.1,0.4,0.02,0.03,277.62,507.07
-0.05,0.1,0.4,0.02,0.04,277.4,522.7
-0.05,0.1,0.4,0.03,0,292.61,461.26
-0.05,0.1,0.4,0.03,0.01,292.5,476.29
-0.05,0.1,0.4,0.03,0.02,292.39,491.5
-0.05,0.1,0.4,0.03,0.03,292.26,506.9
0,0.05,0.4,0.03,0.04,363.15,448.01
0,0.1,0.4,0,0,320,461.16
0,0.1,0.4,0,0.01,320,476.18
0,0.1,0.4,0,0.02,320,491.38
0,0.1,0.4,0,0.03,320,506.77
0,0.1,0.4,0,0.04,320,522.38
0,0.1,0.4,0.01,0,334.41,461.19
0,0.1,0.4,0.01,0.01,334.46,476.21
0,0.1,0.4,0.01,0.02,334.53,491.41
0,0.1,0.4,0.01,0.03,334.59,506.81
0,0.1,0.4,0.01,0.04,334.67,522.41
0,0.1,0.4,0.02,0,348.83,461.27
0,0.1,0.4,0.02,0.01,348.94,476.3
0,0.1,0.4,0.02,0.02,349.07,491.51
0,0.1,0.4,0.02,0.03,349.2,506.91
0,0.1,0.4,0.02,0.04,349.35,522.53
0,0.1,0.4,0.03,0,363.29,461.41
0,0.1,0.4,0.03,0.01,363.46,476.45
0,0.1,0.4,0.03,0.02,363.65,491.67
0,0.1,0.4,0.03,0.03,363.85,507.09
0.05,0.05,0.4,0.03,0.04,434.79,449.32
0.05,0.1,0.4,0,0,390.91,461.81
0.05,0.1,0.4,0,0.01,391.18,476.9
0.05,0.1,0.4,0,0.02,391.49,492.16
0.05,0.1,0.4,0,0.03,391.82,507.62
0.05,0.1,0.4,0,0.04,392.18,523.29
0.05,0.1,0.4,0.01,0,405.55,462.1
0.05,0.1,0.4,0.01,0.01,405.89,477.22
0.05,0.1,0.4,0.01,0.02,406.26,492.51
0.05,0.1,0.4,0.01,0.03,406.66,508
0.05,0.1,0.4,0.01,0.04,407.09,523.7
0.05,0.1,0.4,0.02,0,420.3,462.45
0.05,0.1,0.4,0.02,0.01,420.69,477.6
0.05,0.1,0.4,0.02,0.02,421.12,492.93
0.05,0.1,0.4,0.02,0.03,421.59,508.45
0.05,0.1,0.4,0.02,0.04,422.09,524.19
0.05,0.1,0.4,0.03,0,435.15,462.85
0.05,0.1,0.4,0.03,0.01,435.6,478.04
0.05,0.1,0.4,0.03,0.02,436.1,493.41
0.05,0.1,0.4,0.03,0.03,436.63,508.98
0.1,0.05,0.4,0.03,0.04,509.57,451.81
0.1,0.1,0.4,0,0,463.76,463.76
0.1,0.1,0.4,0,0.01,464.32,479.04
0.1,0.1,0.4,0,0.02,464.93,494.51
0.1,0.1,0.4,0,0.03,465.59,510.16
0.1,0.1,0.4,0,0.04,466.31,526.03
0.1,0.1,0.4,0.01,0,479.04,464.32
0.1,0.1,0.4,0.01,0.01,479.66,479.66
0.1,0.1,0.4,0.01,0.02,480.33,495.18
0.1,0.1,0.4,0.01,0.03,481.07,510.89
0.1,0.1,0.4,0.01,0.04,481.86,526.82
0.1,0.1,0.4,0.02,0,494.51,464.93
0.1,0.1,0.4,0.02,0.01,495.18,480.33
0.1,0.1,0.4,0.02,0.02,495.91,495.91
0.1,0.1,0.4,0.02,0.03,496.71,511.69
0.1,0.1,0.4,0.02,0.04,497.58,527.68
0.1,0.1,0.4,0.03,0,510.16,465.59
0.1,0.1,0.4,0.03,0.01,510.89,481.07
0.1,0.1,0.4,0.03,0.02,511.69,496.71
0.1,0.1,0.4,0.03,0.03,512.56,512.56
