-0.1,0,0.3,0.03,0.04,191.23,394.65
-0.1,0.05,0.3,0,0,135.25,412.38
-0.1,0.05,0.3,0,0.01,135.25,431.04
-0.1,0.05,0.3,0,0.02,135.25,449.7
-0.1,0.05,0.3,0,0.03,135.25,468.36
-0.1,0.05,0.3,0,0.04,135.25,487.02
-0.1,0.05,0.3,0.01,0,153.91,412.38
-0.1,0.05,0.3,0.01,0.01,153.91,431.04
-0.1,0.05,0.3,0.01,0.02,153.91,449.7
-0.1,0.05,0.3,0.01,0.03,153.91,468.36
-0.1,0.05,0.3,0.01,0.04,153.91,487.02
-0.1,0.05,0.3,0.02,0,172.57,412.38
-0.1,0.05,0.3,0.02,0.01,172.57,431.04
-0.1,0.05,0.3,0.02,0.02,172.57,449.7
-0.1,0.05,0.3,0.02,0.03,172.57,468.36
-0.1,0.05,0.3,0.02,0.04,172.57,487.02
-0.1,0.05,0.3,0.03,0,191.23,412.38
-0.1,0.05,0.3,0.03,0.01,191.23,431.04
-0.1,0.05,0.3,0.03,0.02,191.23,449.7
-0.1,0.05,0.3,0.03,0.03,191.23,468.36
-0.1,0.05,0.3,0.03,0.04,191.23,487.02
-0.1,0.1,0.3,0,0,135.25,504.75
-0.1,0.1,0.3,0,0.01,135.25,523.41
-0.1,0.1,0.3,0,0.02,135.25,542.08
-0.1,0.1,0.3,0,0.03,135.25,560.74
-0.1,0.1,0.3,0,0.04,135.25,579.4
-0.1,0.1,0.3,0.01,0,153.91,504.75
-0.1,0.1,0.3,0.01,0.01,153.91,523.41
-0.1,0.1,0.3,0.01,0.02,153.91,542.08
-0.1,0.1,0.3,0.01,0.03,153.91,560.74
-0.1,0.1,0.3,0.01,0.04,153.91,579.4
-0.1,0.1,0.3,0.02,0,172.57,504.75
-0.1,0.1,0.3,0.02,0.01,172.57,523.41
-0.1,0.1,0.3,0.02,0.02,172.57,542.08
-0.1,0.1,0.3,0.02,0.03,172.57,560.74
-0.1,0.1,0.3,0.02,0.04,172.57,579.4
-0.1,0.1,0.3,0.03,0,191.23,504.75
-0.1,0.1,0.3,0.03,0.01,191.23,523.41
-0.1,0.1,0.3,0.03,0.02,191.23,542.08
-0.1,0.1,0.3,0.03,0.03,191.23,560.74
-0.05,0,0.3,0.03,0.04,283.61,394.65
-0.05,0.05,0.3,0,0,227.62,412.38
-0.05,0.05,0.3,0,0.01,227.62,431.04
-0.05,0.05,0.3,0,0.02,227.62,449.7
-0.05,0.05,0.3,0,0.03,227.62,468.36
-0.05,0.05,0.3,0,0.04,227.62,487.02
-0.05,0.05,0.3,0.01,0,246.29,412.38
-0.05,0.05,0.3,0.01,0.01,246.29,431.04
-0.05,0.05,0.3,0.01,0.02,246.29,449.7
-0.05,0.05,0.3,0.01,0.03,246.29,468.36
-0.05,0.05,0.3,0.01,0.04,246.29,487.02
-0.05,0.05,0.3,0.02,0,264.95,412.38
-0.05,0.05,0.3,0.02,0.01,264.95,431.04
-0.05,0.05,0.3,0.02,0.02,264.95,449.7
-0.05,0.05,0.3,0.02,0.03,264.95,468.36
-0.05,0.05,0.3,0.02,0.04,264.95,487.02
-0.05,0.05,0.3,0.03,0,283.61,412.38
-0.05,0.05,0.3,0.03,0.01,283.61,431.04
-0.05,0.05,0.3,0.03,0.02,283.61,449.7
-0.05,0.05,0.3,0.03,0.03,283.61,468.36
-0.05,0.05,0.3,0.03,0.04,283.61,487.02
-0.05,0.1,0.3,0,0,227.62,504.75
-0.05,0.1,0.3,0,0.01,227.62,523.41
-0.05,0.1,0.3,0,0.02,227.62,542.08
-0.05,0.1,0.3,0,0.03,227.62,560.74
-0.05,0.1,0.3,0,0.04,227.62,579.4
-0.05,0.1,0.3,0.01,0,246.29,504.75
-0.05,0.1,0.3,0.01,0.01,246.29,523.41
-0.05,0.1,0.3,0.01,0.02,246.29,542.08
-0.05,0.1,0.3,0.01,0.03,246.29,560.74
-0.05,0.1,0.3,0.01,0.04,246.29,579.4
-0.05,0.1,0.3,0.02,0,264.95,504.75
-0.05,0.1,0.3,0.02,0.01,264.95,523.41
-0.05,0.1,0.3,0.02,0.02,264.95,542.08
-0.05,0.1,0.3,0.02,0.03,264.95,560.74
-0.05,0.1,0.3,0.02,0.04,264.95,579.4
-0.05,0.1,0.3,0.03,0,283.61,504.75
-0.05,0.1,0.3,0.03,0.01,283.61,523.41
-0.05,0.1,0.3,0.03,0.02,283.61,542.08
-0.05,0.1,0.3,0.03,0.03,283.61,560.74
0,0,0.3,0.03,0.04,375.99,394.65
0,0.05,0.3,0,0,320,412.38
0,0.05,0.3,0,0.01,320,431.04
0,0.05,0.3,0,0.02,320,449.7
0,0.05,0.3,0,0.03,320,468.36
0,0.05,0.3,0,0.04,320,487.02
0,0.05,0.3,0.01,0,338.66,412.38
0,0.05,0.3,0.01,0.01,338.66,431.04
0,0.05,0.3,0.01,0.02,338.66,449.7
0,0.05,0.3,0.01,0.03,338.66,468.36
0,0.05,0.3,0.01,0.04,338.66,487.02
0,0.05,0.3,0.02,0,357.32,412.38
0,0.05,0.3,0.02,0.01,357.32,431.04
0,0.05,0.3,0.02,0.02,357.32,449.7
0,0.05,0.3,0.02,0.03,357.32,468.36
0,0.05,0.3,0.02,0.04,357.32,487.02
0,0.05,0.3,0.03,0,375.99,412.38
0,0.05,0.3,0.03,0.01,375.99,431.04
0,0.05,0.3,0.03,0.02,375.99,449.7
0,0.05,0.3,0.03,0.03,375.99,468.36
0,0.05,0.3,0.03,0.04,375.99,487.02
0,0.1,0.3,0,0,320,504.75
0,0.1,0.3,0,0.01,320,523.41
0,0.1,0.3,0,0.02,320,542.08
0,0.1,0.3,0,0.03,320,560.74
0,0.1,0.3,0,0.04,320,579.4
0,0.1,0.3,0.01,0,338.66,504.75
0,0.1,0.3,0.01,0.01,338.66,523.41
0,0.1,0.3,0.01,0.02,338.66,542.08
0,0.1,0.3,0.01,0.03,338.66,560.74
0,0.1,0.3,0.01,0.04,338.66,579.4
0,0.1,0.3,0.02,0,357.32,504.75
0,0.1,0.3,0.02,0.01,357.32,523.41
0,0.1,0.3,0.02,0.02,357.32,542.08
0,0.1,0.3,0.02,0.03,357.32,560.74
0,0.1,0.3,0.02,0.04,357.32,579.4
0,0.1,0.3,0.03,0,375.99,504.75
0,0.1,0.3,0.03,0.01,375.99,523.41
0,0.1,0.3,0.03,0.02,375.99,542.08
0,0.1,0.3,0.03,0.03,375.99,560.74
0.05,0,0.3,0.03,0.04,468.36,394.65
0.05,0.05,0.3,0,0,412.38,412.38
0.05,0.05,0.3,0,0.01,412.38,431.04
0.05,0.05,0.3,0,0.02,412.38,449.7
0.05,0.05,0.3,0,0.03,412.38,468.36
0.05,0.05,0.3,0,0.04,412.38,487.02
0.05,0.05,0.3,0.01,0,431.04,412.38
0.05,0.05,0.3,0.01,0.01,431.04,431.04
0.05,0.05,0.3,0.01,0.02,431.04,449.7
0.05,0.05,0.3,0.01,0.03,431.04,468.36
0.05,0.05,0.3,0.01,0.04,431.04,487.02
0.05,0.05,0.3,0.02,0,449.7,412.38
0.05,0.05,0.3,0.02,0.01,449.7,431.04
0.05,0.05,0.3,0.02,0.02,449.7,449.7
0.05,0.05,0.3,0.02,0.03,449.7,468.36
0.05,0.05,0.3,0.02,0.04,449.7,487.02
0.05,0.05,0.3,0.03,0,468.36,412.38
0.05,0.05,0.3,0.03,0.01,468.36,431.04
0.05,0.05,0.3,0.03,0.02,468.36,449.7
0.05,0.05,0.3,0.03,0.03,468.36,468.36
0.05,0.05,0.3,0.03,0.04,468.36,487.02
0.05,0.1,0.3,0,0,412.38,504.75
0.05,0.1,0.3,0,0.01,412.38,523.41
0.05,0.1,0.3,0,0.02,412.38,542.08
0.05,0.1,0.3,0,0.03,412.38,560.74
0.05,0.1,0.3,0,0.04,412.38,579.4
0.05,0.1,0.3,0.01,0,431.04,504.75
0.05,0.1,0.3,0.01,0.01,431.04,523.41
0.05,0.1,0.3,0.01,0.02,431.04,542.08
0.05,0.1,0.3,0.01,0.03,431.04,560.74
0.05,0.1,0.3,0.01,0.04,431.04,579.4
0.05,0.1,0.3,0.02,0,449.7,504.75
0.05,0.1,0.3,0.02,0.01,449.7,523.41
0.05,0.1,0.3,0.02,0.02,449.7,542.08
0.05,0.1,0.3,0.02,0.03,449.7,560.74
0.05,0.1,0.3,0.02,0.04,449.7,579.4
0.05,0.1,0.3,0.03,0,468.36,504.75
0.05,0.1,0.3,0.03,0.01,468.36,523.41
0.05,0.1,0.3,0.03,0.02,468.36,542.08
0.05,0.1,0.3,0.03,0.03,468.36,560.74
0.1,0,0.3,0.03,0.04,560.74,394.65
0.1,0.05,0.3,0,0,504.75,412.38
0.1,0.05,0.3,0,0.01,504.75,431.04
0.1,0.05,0.3,0,0.02,504.75,449.7
0.1,0.05,0.3,0,0.03,504.75,468.36
0.1,0.05,0.3,0,0.04,504.75,487.02
0.1,0.05,0.3,0.01,0,523.41,412.38
0.1,0.05,0.3,0.01,0.01,523.41,431.04
0.1,0.05,0.3,0.01,0.02,523.41,449.7
0.1,0.05,0.3,0.01,0.03,523.41,468.36
0.1,0.05,0.3,0.01,0.04,523.41,487.02
0.1,0.05,0.3,0.02,0,542.08,412.38
0.1,0.05,0.3,0.02,0.01,542.08,431.04
0.1,0.05,0.3,0.02,0.02,542.08,449.7
0.1,0.05,0.3,0.02,0.03,542.08,468.36
0.1,0.05,0.3,0.02,0.04,542.08,487.02
0.1,0.05,0.3,0.03,0,560.74,412.38
0.1,0.05,0.3,0.03,0.01,560.74,431.04
0.1,0.05,0.3,0.03,0.02,560.74,449.7
0.1,0.05,0.3,0.03,0.03,560.74,468.36
0.1,0.05,0.3,0.03,0.04,560.74,487.02
0.1,0.1,0.3,0,0,504.75,504.75
0.1,0.1,0.3,0,0.01,504.75,523.41
0.1,0.1,0.3,0,0.02,504.75,542.08
0.1,0.1,0.3,0,0.03,504.75,560.74
0.1,0.1,0.3,0,0.04,504.75,579.4
0.1,0.1,0.3,0.01,0,523.41,504.75
0.1,0.1,0.3,0.01,0.01,523.41,523.41
0.1,0.1,0.3,0.01,0.02,523.41,542.08
0.1,0.1,0.3,0.01,0.03,523.41,560.74
0.1,0.1,0.3,0.01,0.04,523.41,579.4
0.1,0.1,0.3,0.02,0,542.08,504.75
0.1,0.1,0.3,0.02,0.01,542.08,523.41
0.1,0.1,0.3,0.02,0.02,542.08,542.08
0.1,0.1,0.3,0.02,0.03,542.08,560.74
0.1,0.1,0.3,0.02,0.04,542.08,579.4
0.1,0.1,0.3,0.03,0,560.74,504.75
0.1,0.1,0.3,0.03,0.01,560.74,523.41
0.1,0.1,0.3,0.03,0.02,560.74,542.08
0.1,0.1,0.3,0.03,0.03,560.74,560.74
-0.1,0,0.31,0.03,0.04,195.39,392.24
-0.1,0.05,0.31,0,0,141.21,409.4
-0.1,0.05,0.31,0,0.01,141.21,427.46
-0.1,0.05,0.31,0,0.02,141.21,445.52
-0.1,0.05,0.31,0,0.03,141.21,463.58
-0.1,0.05,0.31,0,0.04,141.21,481.64
-0.1,0.05,0.31,0.01,0,159.27,409.4
-0.1,0.05,0.31,0.01,0.01,159.27,427.46
-0.1,0.05,0.31,0.01,0.02,159.27,445.52
-0.1,0.05,0.31,0.01,0.03,159.27,463.58
-0.1,0.05,0.31,0.01,0.04,159.27,481.64
-0.1,0.05,0.31,0.02,0,177.33,409.4
-0.1,0.05,0.31,0.02,0.01,177.33,427.46
-0.1,0.05,0.31,0.02,0.02,177.33,445.52
-0.1,0.05,0.31,0.02,0.03,177.33,463.58
-0.1,0.05,0.31,0.02,0.04,177.33,481.64
-0.1,0.05,0.31,0.03,0,195.39,409.4
-0.1,0.05,0.31,0.03,0.01,195.39,427.46
-0.1,0.05,0.31,0.03,0.02,195.39,445.52
-0.1,0.05,0.31,0.03,0.03,195.39,463.58
-0.1,0.05,0.31,0.03,0.04,195.39,481.64
-0.1,0.1,0.31,0,0,141.21,498.79
-0.1,0.1,0.31,0,0.01,141.21,516.85
-0.1,0.1,0.31,0,0.02,141.21,534.91
-0.1,0.1,0.31,0,0.03,141.21,552.97
-0.1,0.1,0.31,0,0.04,141.21,571.03
-0.1,0.1,0.31,0.01,0,159.27,498.79
-0.1,0.1,0.31,0.01,0.01,159.27,516.85
-0.1,0.1,0.31,0.01,0.02,159.27,534.91
-0.1,0.1,0.31,0.01,0.03,159.27,552.97
-0.1,0.1,0.31,0.01,0.04,159.27,571.03
-0.1,0.1,0.31,0.02,0,177.33,498.79
-0.1,0.1,0.31,0.02,0.01,177.33,516.85
-0.1,0.1,0.31,0.02,0.02,177.33,534.91
-0.1,0.1,0.31,0.02,0.03,177.33,552.97
-0.1,0.1,0.31,0.02,0.04,177.33,571.03
-0.1,0.1,0.31,0.03,0,195.39,498.79
-0.1,0.1,0.31,0.03,0.01,195.39,516.85
-0.1,0.1,0.31,0.03,0.02,195.39,534.91
-0.1,0.1,0.31,0.03,0.03,195.39,552.97
-0.05,0,0.31,0.03,0.04,284.78,392.24
-0.05,0.05,0.31,0,0,230.6,409.4
-0.05,0.05,0.31,0,0.01,230.6,427.46
-0.05,0.05,0.31,0,0.02,230.6,445.52
-0.05,0.05,0.31,0,0.03,230.6,463.58
-0.05,0.05,0.31,0,0.04,230.6,481.64
-0.05,0.05,0.31,0.01,0,248.66,409.4
-0.05,0.05,0.31,0.01,0.01,248.66,427.46
-0.05,0.05,0.31,0.01,0.02,248.66,445.52
-0.05,0.05,0.31,0.01,0.03,248.66,463.58
-0.05,0.05,0.31,0.01,0.04,248.66,481.64
-0.05,0.05,0.31,0.02,0,266.72,409.4
-0.05,0.05,0.31,0.02,0.01,266.72,427.46
-0.05,0.05,0.31,0.02,0.02,266.72,445.52
-0.05,0.05,0.31,0.02,0.03,266.72,463.58
-0.05,0.05,0.31,0.02,0.04,266.72,481.64
-0.05,0.05,0.31,0.03,0,284.78,409.4
-0.05,0.05,0.31,0.03,0.01,284.78,427.46
-0.05,0.05,0.31,0.03,0.02,284.78,445.52
-0.05,0.05,0.31,0.03,0.03,284.78,463.58
-0.05,0.05,0.31,0.03,0.04,284.78,481.64
-0.05,0.1,0.31,0,0,230.6,498.79
-0.05,0.1,0.31,0,0.01,230.6,516.85
-0.05,0.1,0.31,0,0.02,230.6,534.91
-0.05,0.1,0.31,0,0.03,230.6,552.97
-0.05,0.1,0.31,0,0.04,230.6,571.03
-0.05,0.1,0.31,0.01,0,248.66,498.79
-0.05,0.1,0.31,0.01,0.01,248.66,516.85
-0.05,0.1,0.31,0.01,0.02,248.66,534.91
-0.05,0.1,0.31,0.01,0.03,248.66,552.97
-0.05,0.1,0.31,0.01,0.04,248.66,571.03
-0.05,0.1,0.31,0.02,0,266.72,498.79
-0.05,0.1,0.31,0.02,0.01,266.72,516.85
-0.05,0.1,0.31,0.02,0.02,266.72,534.91
-0.05,0.1,0.31,0.02,0.03,266.72,552.97
-0.05,0.1,0.31,0.02,0.04,266.72,571.03
-0.05,0.1,0.31,0.03,0,284.78,498.79
-0.05,0.1,0.31,0.03,0.01,284.78,516.85
-0.05,0.1,0.31,0.03,0.02,284.78,534.91
-0.05,0.1,0.31,0.03,0.03,284.78,552.97
0,0,0.31,0.03,0.04,374.18,392.24
0,0.05,0.31,0,0,320,409.4
0,0.05,0.31,0,0.01,320,427.46
0,0.05,0.31,0,0.02,320,445.52
0,0.05,0.31,0,0.03,320,463.58
0,0.05,0.31,0,0.04,320,481.64
0,0.05,0.31,0.01,0,338.06,409.4
0,0.05,0.31,0.01,0.01,338.06,427.46
0,0.05,0.31,0.01,0.02,338.06,445.52
0,0.05,0.31,0.01,0.03,338.06,463.58
0,0.05,0.31,0.01,0.04,338.06,481.64
0,0.05,0.31,0.02,0,356.12,409.4
0,0.05,0.31,0.02,0.01,356.12,427.46
0,0.05,0.31,0.02,0.02,356.12,445.52
0,0.05,0.31,0.02,0.03,356.12,463.58
0,0.05,0.31,0.02,0.04,356.12,481.64
0,0.05,0.31,0.03,0,374.18,409.4
0,0.05,0.31,0.03,0.01,374.18,427.46
0,0.05,0.31,0.03,0.02,374.18,445.52
0,0.05,0.31,0.03,0.03,374.18,463.58
0,0.05,0.31,0.03,0.04,374.18,481.64
0,0.1,0.31,0,0,320,498.79
0,0.1,0.31,0,0.01,320,516.85
0,0.1,0.31,0,0.02,320,534.91
0,0.1,0.31,0,0.03,320,552.97
0,0.1,0.31,0,0.04,320,571.03
0,0.1,0.31,0.01,0,338.06,498.79
0,0.1,0.31,0.01,0.01,338.06,516.85
0,0.1,0.31,0.01,0.02,338.06,534.91
0,0.1,0.31,0.01,0.03,338.06,552.97
0,0.1,0.31,0.01,0.04,338.06,571.03
0,0.1,0.31,0.02,0,356.12,498.79
0,0.1,0.31,0.02,0.01,356.12,516.85
0,0.1,0.31,0.02,0.02,356.12,534.91
0,0.1,0.31,0.02,0.03,356.12,552.97
0,0.1,0.31,0.02,0.04,356.12,571.03
0,0.1,0.31,0.03,0,374.18,498.79
0,0.1,0.31,0.03,0.01,374.18,516.85
0,0.1,0.31,0.03,0.02,374.18,534.91
0,0.1,0.31,0.03,0.03,374.18,552.97
0.05,0,0.31,0.03,0.04,463.58,392.24
0.05,0.05,0.31,0,0,409.4,409.4
0.05,0.05,0.31,0,0.01,409.4,427.46
0.05,0.05,0.31,0,0.02,409.4,445.52
0.05,0.05,0.31,0,0.03,409.4,463.58
0.05,0.05,0.31,0,0.04,409.4,481.64
0.05,0.05,0.31,0.01,0,427.46,409.4
0.05,0.05,0.31,0.01,0.01,427.46,427.46
0.05,0.05,0.31,0.01,0.02,427.46,445.52
0.05,0.05,0.31,0.01,0.03,427.46,463.58
0.05,0.05,0.31,0.01,0.04,427.46,481.64
0.05,0.05,0.31,0.02,0,445.52,409.4
0.05,0.05,0.31,0.02,0.01,445.52,427.46
0.05,0.05,0.31,0.02,0.02,445.52,445.52
0.05,0.05,0.31,0.02,0.03,445.52,463.58
0.05,0.05,0.31,0.02,0.04,445.52,481.64
0.05,0.05,0.31,0.03,0,463.58,409.4
0.05,0.05,0.31,0.03,0.01,463.58,427.46
0.05,0.05,0.31,0.03,0.02,463.58,445.52
0.05,0.05,0.31,0.03,0.03,463.58,463.58
0.05,0.05,0.31,0.03,0.04,463.58,481.64
0.05,0.1,0.31,0,0,409.4,498.79
0.05,0.1,0.31,0,0.01,409.4,516.85
0.05,0.1,0.31,0,0.02,409.4,534.91
0.05,0.1,0.31,0,0.03,409.4,552.97
0.05,0.1,0.31,0,0.04,409.4,571.03
0.05,0.1,0.31,0.01,0,427.46,498.79
0.05,0.1,0.31,0.01,0.01,427.46,516.85
0.05,0.1,0.31,0.01,0.02,427.46,534.91
0.05,0.1,0.31,0.01,0.03,427.46,552.97
0.05,0.1,0.31,0.01,0.04,427.46,571.03
0.05,0.1,0.31,0.02,0,445.52,498.79
0.05,0.1,0.31,0.02,0.01,445.52,516.85
0.05,0.1,0.31,0.02,0.02,445.52,534.91
0.05,0.1,0.31,0.02,0.03,445.52,552.97
0.05,0.1,0.31,0.02,0.04,445.52,571.03
0.05,0.1,0.31,0.03,0,463.58,498.79
0.05,0.1,0.31,0.03,0.01,463.58,516.85
0.05,0.1,0.31,0.03,0.02,463.58,534.91
0.05,0.1,0.31,0.03,0.03,463.58,552.97
0.1,0,0.31,0.03,0.04,552.97,392.24
0.1,0.05,0.31,0,0,498.79,409.4
0.1,0.05,0.31,0,0.01,498.79,427.46
0.1,0.05,0.31,0,0.02,498.79,445.52
0.1,0.05,0.31,0,0.03,498.79,463.58
0.1,0.05,0.31,0,0.04,498.79,481.64
0.1,0.05,0.31,0.01,0,516.85,409.4
0.1,0.05,0.31,0.01,0.01,516.85,427.46
0.1,0.05,0.31,0.01,0.02,516.85,445.52
0.1,0.05,0.31,0.01,0.03,516.85,463.58
0.1,0.05,0.31,0.01,0.04,516.85,481.64
0.1,0.05,0.31,0.02,0,534.91,409.4
0.1,0.05,0.31,0.02,0.01,534.91,427.46
0.1,0.05,0.31,0.02,0.02,534.91,445.52
0.1,0.05,0.31,0.02,0.03,534.91,463.58
0.1,0.05,0.31,0.02,0.04,534.91,481.64
0.1,0.05,0.31,0.03,0,552.97,409.4
0.1,0.05,0.31,0.03,0.01,552.97,427.46
0.1,0.05,0.31,0.03,0.02,552.97,445.52
0.1,0.05,0.31,0.03,0.03,552.97,463.58
0.1,0.05,0.31,0.03,0.04,552.97,481.64
0.1,0.1,0.31,0,0,498.79,498.79
0.1,0.1,0.31,0,0.01,498.79,516.85
0.1,0.1,0.31,0,0.02,498.79,534.91
0.1,0.1,0.31,0,0.03,498.79,552.97
0.1,0.1,0.31,0,0.04,498.79,571.03
0.1,0.1,0.31,0.01,0,516.85,498.79
0.1,0.1,0.31,0.01,0.01,516.85,516.85
0.1,0.1,0.31,0.01,0.02,516.85,534.91
0.1,0.1,0.31,0.01,0.03,516.85,552.97
0.1,0.1,0.31,0.01,0.04,516.85,571.03
0.1,0.1,0.31,0.02,0,534.91,498.79
0.1,0.1,0.31,0.02,0.01,534.91,516.85
0.1,0.1,0.31,0.02,0.02,534.91,534.91
0.1,0.1,0.31,0.02,0.03,534.91,552.97
0.1,0.1,0.31,0.02,0.04,534.91,571.03
0.1,0.1,0.31,0.03,0,552.97,498.79
0.1,0.1,0.31,0.03,0.01,552.97,516.85
0.1,0.1,0.31,0.03,0.02,552.97,534.91
0.1,0.1,0.31,0.03,0.03,552.97,552.97
-0.1,0,0.32,0.03,0.04,199.28,389.98
-0.1,0.05,0.32,0,0,146.79,406.6
-0.1,0.05,0.32,0,0.01,146.79,424.1
-0.1,0.05,0.32,0,0.02,146.79,441.59
-0.1,0.05,0.32,0,0.03,146.79,459.09
-0.1,0.05,0.32,0,0.04,146.79,476.58
-0.1,0.05,0.32,0.01,0,164.29,406.6
-0.1,0.05,0.32,0.01,0.01,164.29,424.1
-0.1,0.05,0.32,0.01,0.02,164.29,441.59
-0.1,0.05,0.32,0.01,0.03,164.29,459.09
-0.1,0.05,0.32,0.01,0.04,164.29,476.58
-0.1,0.05,0.32,0.02,0,181.79,406.6
-0.1,0.05,0.32,0.02,0.01,181.79,424.1
-0.1,0.05,0.32,0.02,0.02,181.79,441.59
-0.1,0.05,0.32,0.02,0.03,181.79,459.09
-0.1,0.05,0.32,0.02,0.04,181.79,476.58
-0.1,0.05,0.32,0.03,0,199.28,406.6
-0.1,0.05,0.32,0.03,0.01,199.28,424.1
-0.1,0.05,0.32,0.03,0.02,199.28,441.59
-0.1,0.05,0.32,0.03,0.03,199.28,459.09
-0.1,0.05,0.32,0.03,0.04,199.28,476.58
-0.1,0.1,0.32,0,0,146.79,493.21
-0.1,0.1,0.32,0,0.01,146.79,510.7
-0.1,0.1,0.32,0,0.02,146.79,528.2
-0.1,0.1,0.32,0,0.03,146.79,545.69
-0.1,0.1,0.32,0,0.04,146.79,563.19
-0.1,0.1,0.32,0.01,0,164.29,493.21
-0.1,0.1,0.32,0.01,0.01,164.29,510.7
-0.1,0.1,0.32,0.01,0.02,164.29,528.2
-0.1,0.1,0.32,0.01,0.03,164.29,545.69
-0.1,0.1,0.32,0.01,0.04,164.29,563.19
-0.1,0.1,0.32,0.02,0,181.79,493.21
-0.1,0.1,0.32,0.02,0.01,181.79,510.7
-0.1,0.1,0.32,0.02,0.02,181.79,528.2
-0.1,0.1,0.32,0.02,0.03,181.79,545.69
-0.1,0.1,0.32,0.02,0.04,181.79,563.19
-0.1,0.1,0.32,0.03,0,199.28,493.21
-0.1,0.1,0.32,0.03,0.01,199.28,510.7
-0.1,0.1,0.32,0.03,0.02,199.28,528.2
-0.1,0.1,0.32,0.03,0.03,199.28,545.69
-0.05,0,0.32,0.03,0.04,285.88,389.98
-0.05,0.05,0.32,0,0,233.4,406.6
-0.05,0.05,0.32,0,0.01,233.4,424.1
-0.05,0.05,0.32,0,0.02,233.4,441.59
-0.05,0.05,0.32,0,0.03,233.4,459.09
-0.05,0.05,0.32,0,0.04,233.4,476.58
-0.05,0.05,0.32,0.01,0,250.89,406.6
-0.05,0.05,0.32,0.01,0.01,250.89,424.1
-0.05,0.05,0.32,0.01,0.02,250.89,441.59
-0.05,0.05,0.32,0.01,0.03,250.89,459.09
-0.05,0.05,0.32,0.01,0.04,250.89,476.58
-0.05,0.05,0.32,0.02,0,268.39,406.6
-0.05,0.05,0.32,0.02,0.01,268.39,424.1
-0.05,0.05,0.32,0.02,0.02,268.39,441.59
-0.05,0.05,0.32,0.02,0.03,268.39,459.09
-0.05,0.05,0.32,0.02,0.04,268.39,476.58
-0.05,0.05,0.32,0.03,0,285.88,406.6
-0.05,0.05,0.32,0.03,0.01,285.88,424.1
-0.05,0.05,0.32,0.03,0.02,285.88,441.59
-0.05,0.05,0.32,0.03,0.03,285.88,459.09
-0.05,0.05,0.32,0.03,0.04,285.88,476.58
-0.05,0.1,0.32,0,0,233.4,493.21
-0.05,0.1,0.32,0,0.01,233.4,510.7
-0.05,0.1,0.32,0,0.02,233.4,528.2
-0.05,0.1,0.32,0,0.03,233.4,545.69
-0.05,0.1,0.32,0,0.04,233.4,563.19
-0.05,0.1,0.32,0.01,0,250.89,493.21
-0.05,0.1,0.32,0.01,0.01,250.89,510.7
-0.05,0.1,0.32,0.01,0.02,250.89,528.2
-0.05,0.1,0.32,0.01,0.03,250.89,545.69
-0.05,0.1,0.32,0.01,0.04,250.89,563.19
-0.05,0.1,0.32,0.02,0,268.39,493.21
-0.05,0.1,0.32,0.02,0.01,268.39,510.7
-0.05,0.1,0.32,0.02,0.02,268.39,528.2
-0.05,0.1,0.32,0.02,0.03,268.39,545.69
-0.05,0.1,0.32,0.02,0.04,268.39,563.19
-0.05,0.1,0.32,0.03,0,285.88,493.21
-0.05,0.1,0.32,0.03,0.01,285.88,510.7
-0.05,0.1,0.32,0.03,0.02,285.88,528.2
-0.05,0.1,0.32,0.03,0.03,285.88,545.69
0,0,0.32,0.03,0.04,372.49,389.98
0,0.05,0.32,0,0,320,406.6
0,0.05,0.32,0,0.01,320,424.1
0,0.05,0.32,0,0.02,320,441.59
0,0.05,0.32,0,0.03,320,459.09
0,0.05,0.32,0,0.04,320,476.58
0,0.05,0.32,0.01,0,337.5,406.6
0,0.05,0.32,0.01,0.01,337.5,424.1
0,0.05,0.32,0.01,0.02,337.5,441.59
0,0.05,0.32,0.01,0.03,337.5,459.09
0,0.05,0.32,0.01,0.04,337.5,476.58
0,0.05,0.32,0.02,0,354.99,406.6
0,0.05,0.32,0.02,0.01,354.99,424.1
0,0.05,0.32,0.02,0.02,354.99,441.59
0,0.05,0.32,0.02,0.03,354.99,459.09
0,0.05,0.32,0.02,0.04,354.99,476.58
0,0.05,0.32,0.03,0,372.49,406.6
0,0.05,0.32,0.03,0.01,372.49,424.1
0,0.05,0.32,0.03,0.02,372.49,441.59
0,0.05,0.32,0.03,0.03,372.49,459.09
0,0.05,0.32,0.03,0.04,372.49,476.58
0,0.1,0.32,0,0,320,493.21
0,0.1,0.32,0,0.01,320,510.7
0,0.1,0.32,0,0.02,320,528.2
0,0.1,0.32,0,0.03,320,545.69
0,0.1,0.32,0,0.04,320,563.19
0,0.1,0.32,0.01,0,337.5,493.21
0,0.1,0.32,0.01,0.01,337.5,510.7
0,0.1,0.32,0.01,0.02,337.5,528.2
0,0.1,0.32,0.01,0.03,337.5,545.69
0,0.1,0.32,0.01,0.04,337.5,563.19
0,0.1,0.32,0.02,0,354.99,493.21
0,0.1,0.32,0.02,0.01,354.99,510.7
0,0.1,0.32,0.02,0.02,354.99,528.2
0,0.1,0.32,0.02,0.03,354.99,545.69
0,0.1,0.32,0.02,0.04,354.99,563.19
0,0.1,0.32,0.03,0,372.49,493.21
0,0.1,0.32,0.03,0.01,372.49,510.7
0,0.1,0.32,0.03,0.02,372.49,528.2
0,0.1,0.32,0.03,0.03,372.49,545.69
0.05,0,0.32,0.03,0.04,459.09,389.98
0.05,0.05,0.32,0,0,406.6,406.6
0.05,0.05,0.32,0,0.01,406.6,424.1
0.05,0.05,0.32,0,0.02,406.6,441.59
0.05,0.05,0.32,0,0.03,406.6,459.09
0.05,0.05,0.32,0,0.04,406.6,476.58
0.05,0.05,0.32,0.01,0,424.1,406.6
0.05,0.05,0.32,0.01,0.01,424.1,424.1
0.05,0.05,0.32,0.01,0.02,424.1,441.59
0.05,0.05,0.32,0.01,0.03,424.1,459.09
0.05,0.05,0.32,0.01,0.04,424.1,476.58
0.05,0.05,0.32,0.02,0,441.59,406.6
0.05,0.05,0.32,0.02,0.01,441.59,424.1
0.05,0.05,0.32,0.02,0.02,441.59,441.59
0.05,0.05,0.32,0.02,0.03,441.59,459.09
0.05,0.05,0.32,0.02,0.04,441.59,476.58
0.05,0.05,0.32,0.03,0,459.09,406.6
0.05,0.05,0.32,0.03,0.01,459.09,424.1
0.05,0.05,0.32,0.03,0.02,459.09,441.59
0.05,0.05,0.32,0.03,0.03,459.09,459.09
0.05,0.05,0.32,0.03,0.04,459.09,476.58
0.05,0.1,0.32,0,0,406.6,493.21
0.05,0.1,0.32,0,0.01,406.6,510.7
0.05,0.1,0.32,0,0.02,406.6,528.2
0.05,0.1,0.32,0,0.03,406.6,545.69
0.05,0.1,0.32,0,0.04,406.6,563.19
0.05,0.1,0.32,0.01,0,424.1,493.21
0.05,0.1,0.32,0.01,0.01,424.1,510.7
0.05,0.1,0.32,0.01,0.02,424.1,528.2
0.05,0.1,0.32,0.01,0.03,424.1,545.69
0.05,0.1,0.32,0.01,0.04,424.1,563.19
0.05,0.1,0.32,0.02,0,441.59,493.21
0.05,0.1,0.32,0.02,0.01,441.59,510.7
0.05,0.1,0.32,0.02,0.02,441.59,528.2
0.05,0.1,0.32,0.02,0.03,441.59,545.69
0.05,0.1,0.32,0.02,0.04,441.59,563.19
0.05,0.1,0.32,0.03,0,459.09,493.21
0.05,0.1,0.32,0.03,0.01,459.09,510.7
0.05,0.1,0.32,0.03,0.02,459.09,528.2
0.05,0.1,0.32,0.03,0.03,459.09,545.69
0.1,0,0.32,0.03,0.04,545.69,389.98
0.1,0.05,0.32,0,0,493.21,406.6
0.1,0.05,0.32,0,0.01,493.21,424.1
0.1,0.05,0.32,0,0.02,493.21,441.59
0.1,0.05,0.32,0,0.03,493.21,459.09
0.1,0.05,0.32,0,0.04,493.21,476.58
0.1,0.05,0.32,0.01,0,510.7,406.6
0.1,0.05,0.32,0.01,0.01,510.7,424.1
0.1,0.05,0.32,0.01,0.02,510.7,441.59
0.1,0.05,0.32,0.01,0.03,510.7,459.09
0.1,0.05,0.32,0.01,0.04,510.7,476.58
0.1,0.05,0.32,0.02,0,528.2,406.6
0.1,0.05,0.32,0.02,0.01,528.2,424.1
0.1,0.05,0.32,0.02,0.02,528.2,441.59
0.1,0.05,0.32,0.02,0.03,528.2,459.09
0.1,0.05,0.32,0.02,0.04,528.2,476.58
0.1,0.05,0.32,0.03,0,545.69,406.6
0.1,0.05,0.32,0.03,0.01,545.69,424.1
0.1,0.05,0.32,0.03,0.02,545.69,441.59
0.1,0.05,0.32,0.03,0.03,545.69,459.09
0.1,0.05,0.32,0.03,0.04,545.69,476.58
0.1,0.1,0.32,0,0,493.21,493.21
0.1,0.1,0.32,0,0.01,493.21,510.7
0.1,0.1,0.32,0,0.02,493.21,528.2
0.1,0.1,0.32,0,0.03,493.21,545.69
0.1,0.1,0.32,0,0.04,493.21,563.19
0.1,0.1,0.32,0.01,0,510.7,493.21
0.1,0.1,0.32,0.01,0.01,510.7,510.7
0.1,0.1,0.32,0.01,0.02,510.7,528.2
0.1,0.1,0.32,0.01,0.03,510.7,545.69
0.1,0.1,0.32,0.01,0.04,510.7,563.19
0.1,0.1,0.32,0.02,0,528.2,493.21
0.1,0.1,0.32,0.02,0.01,528.2,510.7
0.1,0.1,0.32,0.02,0.02,528.2,528.2
0.1,0.1,0.32,0.02,0.03,528.2,545.69
0.1,0.1,0.32,0.02,0.04,528.2,563.19
0.1,0.1,0.32,0.03,0,545.69,493.21
0.1,0.1,0.32,0.03,0.01,545.69,510.7
0.1,0.1,0.32,0.03,0.02,545.69,528.2
0.1,0.1,0.32,0.03,0.03,545.69,545.69
-0.1,0,0.33,0.03,0.04,202.94,387.86
-0.1,0.05,0.33,0,0,152.04,403.98
-0.1,0.05,0.33,0,0.01,152.04,420.94
-0.1,0.05,0.33,0,0.02,152.04,437.91
-0.1,0.05,0.33,0,0.03,152.04,454.87
-0.1,0.05,0.33,0,0.04,152.04,471.84
-0.1,0.05,0.33,0.01,0,169.01,403.98
-0.1,0.05,0.33,0.01,0.01,169.01,420.94
-0.1,0.05,0.33,0.01,0.02,169.01,437.91
-0.1,0.05,0.33,0.01,0.03,169.01,454.87
-0.1,0.05,0.33,0.01,0.04,169.01,471.84
-0.1,0.05,0.33,0.02,0,185.97,403.98
-0.1,0.05,0.33,0.02,0.01,185.97,420.94
-0.1,0.05,0.33,0.02,0.02,185.97,437.91
-0.1,0.05,0.33,0.02,0.03,185.97,454.87
-0.1,0.05,0.33,0.02,0.04,185.97,471.84
-0.1,0.05,0.33,0.03,0,202.94,403.98
-0.1,0.05,0.33,0.03,0.01,202.94,420.94
-0.1,0.05,0.33,0.03,0.02,202.94,437.91
-0.1,0.05,0.33,0.03,0.03,202.94,454.87
-0.1,0.05,0.33,0.03,0.04,202.94,471.84
-0.1,0.1,0.33,0,0,152.04,487.96
-0.1,0.1,0.33,0,0.01,152.04,504.92
-0.1,0.1,0.33,0,0.02,152.04,521.89
-0.1,0.1,0.33,0,0.03,152.04,538.85
-0.1,0.1,0.33,0,0.04,152.04,555.82
-0.1,0.1,0.33,0.01,0,169.01,487.96
-0.1,0.1,0.33,0.01,0.01,169.01,504.92
-0.1,0.1,0.33,0.01,0.02,169.01,521.89
-0.1,0.1,0.33,0.01,0.03,169.01,538.85
-0.1,0.1,0.33,0.01,0.04,169.01,555.82
-0.1,0.1,0.33,0.02,0,185.97,487.96
-0.1,0.1,0.33,0.02,0.01,185.97,504.92
-0.1,0.1,0.33,0.02,0.02,185.97,521.89
-0.1,0.1,0.33,0.02,0.03,185.97,538.85
-0.1,0.1,0.33,0.02,0.04,185.97,555.82
-0.1,0.1,0.33,0.03,0,202.94,487.96
-0.1,0.1,0.33,0.03,0.01,202.94,504.92
-0.1,0.1,0.33,0.03,0.02,202.94,521.89
-0.1,0.1,0.33,0.03,0.03,202.94,538.85
-0.05,0,0.33,0.03,0.04,286.92,387.86
-0.05,0.05,0.33,0,0,236.02,403.98
-0.05,0.05,0.33,0,0.01,236.02,420.94
-0.05,0.05,0.33,0,0.02,236.02,437.91
-0.05,0.05,0.33,0,0.03,236.02,454.87
-0.05,0.05,0.33,0,0.04,236.02,471.84
-0.05,0.05,0.33,0.01,0,252.99,403.98
-0.05,0.05,0.33,0.01,0.01,252.99,420.94
-0.05,0.05,0.33,0.01,0.02,252.99,437.91
-0.05,0.05,0.33,0.01,0.03,252.99,454.87
-0.05,0.05,0.33,0.01,0.04,252.99,471.84
-0.05,0.05,0.33,0.02,0,269.95,403.98
-0.05,0.05,0.33,0.02,0.01,269.95,420.94
-0.05,0.05,0.33,0.02,0.02,269.95,437.91
-0.05,0.05,0.33,0.02,0.03,269.95,454.87
-0.05,0.05,0.33,0.02,0.04,269.95,471.84
-0.05,0.05,0.33,0.03,0,286.92,403.98
-0.05,0.05,0.33,0.03,0.01,286.92,420.94
-0.05,0.05,0.33,0.03,0.02,286.92,437.91
-0.05,0.05,0.33,0.03,0.03,286.92,454.87
-0.05,0.05,0.33,0.03,0.04,286.92,471.84
-0.05,0.1,0.33,0,0,236.02,487.96
-0.05,0.1,0.33,0,0.01,236.02,504.92
-0.05,0.1,0.33,0,0.02,236.02,521.89
-0.05,0.1,0.33,0,0.03,236.02,538.85
-0.05,0.1,0.33,0,0.04,236.02,555.82
-0.05,0.1,0.33,0.01,0,252.99,487.96
-0.05,0.1,0.33,0.01,0.01,252.99,504.92
-0.05,0.1,0.33,0.01,0.02,252.99,521.89
-0.05,0.1,0.33,0.01,0.03,252.99,538.85
-0.05,0.1,0.33,0.01,0.04,252.99,555.82
-0.05,0.1,0.33,0.02,0,269.95,487.96
-0.05,0.1,0.33,0.02,0.01,269.95,504.92
-0.05,0.1,0.33,0.02,0.02,269.95,521.89
-0.05,0.1,0.33,0.02,0.03,269.95,538.85
-0.05,0.1,0.33,0.02,0.04,269.95,555.82
-0.05,0.1,0.33,0.03,0,286.92,487.96
-0.05,0.1,0.33,0.03,0.01,286.92,504.92
-0.05,0.1,0.33,0.03,0.02,286.92,521.89
-0.05,0.1,0.33,0.03,0.03,286.92,538.85
0,0,0.33,0.03,0.04,370.9,387.86
0,0.05,0.33,0,0,320,403.98
0,0.05,0.33,0,0.01,320,420.94
0,0.05,0.33,0,0.02,320,437.91
0,0.05,0.33,0,0.03,320,454.87
0,0.05,0.33,0,0.04,320,471.84
0,0.05,0.33,0.01,0,336.97,403.98
0,0.05,0.33,0.01,0.01,336.97,420.94
0,0.05,0.33,0.01,0.02,336.97,437.91
0,0.05,0.33,0.01,0.03,336.97,454.87
0,0.05,0.33,0.01,0.04,336.97,471.84
0,0.05,0.33,0.02,0,353.93,403.98
0,0.05,0.33,0.02,0.01,353.93,420.94
0,0.05,0.33,0.02,0.02,353.93,437.91
0,0.05,0.33,0.02,0.03,353.93,454.87
0,0.05,0.33,0.02,0.04,353.93,471.84
0,0.05,0.33,0.03,0,370.9,403.98
0,0.05,0.33,0.03,0.01,370.9,420.94
0,0.05,0.33,0.03,0.02,370.9,437.91
0,0.05,0.33,0.03,0.03,370.9,454.87
0,0.05,0.33,0.03,0.04,370.9,471.84
0,0.1,0.33,0,0,320,487.96
0,0.1,0.33,0,0.01,320,504.92
0,0.1,0.33,0,0.02,320,521.89
0,0.1,0.33,0,0.03,320,538.85
0,0.1,0.33,0,0.04,320,555.82
0,0.1,0.33,0.01,0,336.97,487.96
0,0.1,0.33,0.01,0.01,336.97,504.92
0,0.1,0.33,0.01,0.02,336.97,521.89
0,0.1,0.33,0.01,0.03,336.97,538.85
0,0.1,0.33,0.01,0.04,336.97,555.82
0,0.1,0.33,0.02,0,353.93,487.96
0,0.1,0.33,0.02,0.01,353.93,504.92
0,0.1,0.33,0.02,0.02,353.93,521.89
0,0.1,0.33,0.02,0.03,353.93,538.85
0,0.1,0.33,0.02,0.04,353.93,555.82
0,0.1,0.33,0.03,0,370.9,487.96
0,0.1,0.33,0.03,0.01,370.9,504.92
0,0.1,0.33,0.03,0.02,370.9,521.89
0,0.1,0.33,0.03,0.03,370.9,538.85
0.05,0,0.33,0.03,0.04,454.87,387.86
0.05,0.05,0.33,0,0,403.98,403.98
0.05,0.05,0.33,0,0.01,403.98,420.94
0.05,0.05,0.33,0,0.02,403.98,437.91
0.05,0.05,0.33,0,0.03,403.98,454.87
0.05,0.05,0.33,0,0.04,403.98,471.84
0.05,0.05,0.33,0.01,0,420.94,403.98
0.05,0.05,0.33,0.01,0.01,420.94,420.94
0.05,0.05,0.33,0.01,0.02,420.94,437.91
0.05,0.05,0.33,0.01,0.03,420.94,454.87
0.05,0.05,0.33,0.01,0.04,420.94,471.84
0.05,0.05,0.33,0.02,0,437.91,403.98
0.05,0.05,0.33,0.02,0.01,437.91,420.94
0.05,0.05,0.33,0.02,0.02,437.91,437.91
0.05,0.05,0.33,0.02,0.03,437.91,454.87
0.05,0.05,0.33,0.02,0.04,437.91,471.84
0.05,0.05,0.33,0.03,0,454.87,403.98
0.05,0.05,0.33,0.03,0.01,454.87,420.94
0.05,0.05,0.33,0.03,0.02,454.87,437.91
0.05,0.05,0.33,0.03,0.03,454.87,454.87
0.05,0.05,0.33,0.03,0.04,454.87,471.84
0.05,0.1,0.33,0,0,403.98,487.96
0.05,0.1,0.33,0,0.01,403.98,504.92
0.05,0.1,0.33,0,0.02,403.98,521.89
0.05,0.1,0.33,0,0.03,403.98,538.85
0.05,0.1,0.33,0,0.04,403.98,555.82
0.05,0.1,0.33,0.01,0,420.94,487.96
0.05,0.1,0.33,0.01,0.01,420.94,504.92
0.05,0.1,0.33,0.01,0.02,420.94,521.89
0.05,0.1,0.33,0.01,0.03,420.94,538.85
0.05,0.1,0.33,0.01,0.04,420.94,555.82
0.05,0.1,0.33,0.02,0,437.91,487.96
0.05,0.1,0.33,0.02,0.01,437.91,504.92
0.05,0.1,0.33,0.02,0.02,437.91,521.89
0.05,0.1,0.33,0.02,0.03,437.91,538.85
0.05,0.1,0.33,0.02,0.04,437.91,555.82
0.05,0.1,0.33,0.03,0,454.87,487.96
0.05,0.1,0.33,0.03,0.01,454.87,504.92
0.05,0.1,0.33,0.03,0.02,454.87,521.89
0.05,0.1,0.33,0.03,0.03,454.87,538.85
0.1,0,0.33,0.03,0.04,538.85,387.86
0.1,0.05,0.33,0,0,487.96,403.98
0.1,0.05,0.33,0,0.01,487.96,420.94
0.1,0.05,0.33,0,0.02,487.96,437.91
0.1,0.05,0.33,0,0.03,487.96,454.87
0.1,0.05,0.33,0,0.04,487.96,471.84
0.1,0.05,0.33,0.01,0,504.92,403.98
0.1,0.05,0.33,0.01,0.01,504.92,420.94
0.1,0.05,0.33,0.01,0.02,504.92,437.91
0.1,0.05,0.33,0.01,0.03,504.92,454.87
0.1,0.05,0.33,0.01,0.04,504.92,471.84
0.1,0.05,0.33,0.02,0,521.89,403.98
0.1,0.05,0.33,0.02,0.01,521.89,420.94
0.1,0.05,0.33,0.02,0.02,521.89,437.91
0.1,0.05,0.33,0.02,0.03,521.89,454.87
0.1,0.05,0.33,0.02,0.04,521.89,471.84
0.1,0.05,0.33,0.03,0,538.85,403.98
0.1,0.05,0.33,0.03,0.01,538.85,420.94
0.1,0.05,0.33,0.03,0.02,538.85,437.91
0.1,0.05,0.33,0.03,0.03,538.85,454.87
0.1,0.05,0.33,0.03,0.04,538.85,471.84
0.1,0.1,0.33,0,0,487.96,487.96
0.1,0.1,0.33,0,0.01,487.96,504.92
0.1,0.1,0.33,0,0.02,487.96,521.89
0.1,0.1,0.33,0,0.03,487.96,538.85
0.1,0.1,0.33,0,0.04,487.96,555.82
0.1,0.1,0.33,0.01,0,504.92,487.96
0.1,0.1,0.33,0.01,0.01,504.92,504.92
0.1,0.1,0.33,0.01,0.02,504.92,521.89
0.1,0.1,0.33,0.01,0.03,504.92,538.85
0.1,0.1,0.33,0.01,0.04,504.92,555.82
0.1,0.1,0.33,0.02,0,521.89,487.96
0.1,0.1,0.33,0.02,0.01,521.89,504.92
0.1,0.1,0.33,0.02,0.02,521.89,521.89
0.1,0.1,0.33,0.02,0.03,521.89,538.85
0.1,0.1,0.33,0.02,0.04,521.89,555.82
0.1,0.1,0.33,0.03,0,538.85,487.96
0.1,0.1,0.33,0.03,0.01,538.85,504.92
0.1,0.1,0.33,0.03,0.02,538.85,521.89
0.1,0.1,0.33,0.03,0.03,538.85,538.85
-0.1,0,0.34,0.03,0.04,206.38,385.87
-0.1,0.05,0.34,0,0,156.98,401.51
-0.1,0.05,0.34,0,0.01,156.98,417.97
-0.1,0.05,0.34,0,0.02,156.98,434.44
-0.1,0.05,0.34,0,0.03,156.98,450.91
-0.1,0.05,0.34,0,0.04,156.98,467.37
-0.1,0.05,0.34,0.01,0,173.45,401.51
-0.1,0.05,0.34,0.01,0.01,173.45,417.97
-0.1,0.05,0.34,0.01,0.02,173.45,434.44
-0.1,0.05,0.34,0.01,0.03,173.45,450.91
-0.1,0.05,0.34,0.01,0.04,173.45,467.37
-0.1,0.05,0.34,0.02,0,189.92,401.51
-0.1,0.05,0.34,0.02,0.01,189.92,417.97
-0.1,0.05,0.34,0.02,0.02,189.92,434.44
-0.1,0.05,0.34,0.02,0.03,189.92,450.91
-0.1,0.05,0.34,0.02,0.04,189.92,467.37
-0.1,0.05,0.34,0.03,0,206.38,401.51
-0.1,0.05,0.34,0.03,0.01,206.38,417.97
-0.1,0.05,0.34,0.03,0.02,206.38,434.44
-0.1,0.05,0.34,0.03,0.03,206.38,450.91
-0.1,0.05,0.34,0.03,0.04,206.38,467.37
-0.1,0.1,0.34,0,0,156.98,483.02
-0.1,0.1,0.34,0,0.01,156.98,499.48
-0.1,0.1,0.34,0,0.02,156.98,515.95
-0.1,0.1,0.34,0,0.03,156.98,532.42
-0.1,0.1,0.34,0,0.04,156.98,548.88
-0.1,0.1,0.34,0.01,0,173.45,483.02
-0.1,0.1,0.34,0.01,0.01,173.45,499.48
-0.1,0.1,0.34,0.01,0.02,173.45,515.95
-0.1,0.1,0.34,0.01,0.03,173.45,532.42
-0.1,0.1,0.34,0.01,0.04,173.45,548.88
-0.1,0.1,0.34,0.02,0,189.92,483.02
-0.1,0.1,0.34,0.02,0.01,189.92,499.48
-0.1,0.1,0.34,0.02,0.02,189.92,515.95
-0.1,0.1,0.34,0.02,0.03,189.92,532.42
-0.1,0.1,0.34,0.02,0.04,189.92,548.88
-0.1,0.1,0.34,0.03,0,206.38,483.02
-0.1,0.1,0.34,0.03,0.01,206.38,499.48
-0.1,0.1,0.34,0.03,0.02,206.38,515.95
-0.1,0.1,0.34,0.03,0.03,206.38,532.42
-0.05,0,0.34,0.03,0.04,287.89,385.87
-0.05,0.05,0.34,0,0,238.49,401.51
-0.05,0.05,0.34,0,0.01,238.49,417.97
-0.05,0.05,0.34,0,0.02,238.49,434.44
-0.05,0.05,0.34,0,0.03,238.49,450.91
-0.05,0.05,0.34,0,0.04,238.49,467.37
-0.05,0.05,0.34,0.01,0,254.96,401.51
-0.05,0.05,0.34,0.01,0.01,254.96,417.97
-0.05,0.05,0.34,0.01,0.02,254.96,434.44
-0.05,0.05,0.34,0.01,0.03,254.96,450.91
-0.05,0.05,0.34,0.01,0.04,254.96,467.37
-0.05,0.05,0.34,0.02,0,271.42,401.51
-0.05,0.05,0.34,0.02,0.01,271.42,417.97
-0.05,0.05,0.34,0.02,0.02,271.42,434.44
-0.05,0.05,0.34,0.02,0.03,271.42,450.91
-0.05,0.05,0.34,0.02,0.04,271.42,467.37
-0.05,0.05,0.34,0.03,0,287.89,401.51
-0.05,0.05,0.34,0.03,0.01,287.89,417.97
-0.05,0.05,0.34,0.03,0.02,287.89,434.44
-0.05,0.05,0.34,0.03,0.03,287.89,450.91
-0.05,0.05,0.34,0.03,0.04,287.89,467.37
-0.05,0.1,0.34,0,0,238.49,483.02
-0.05,0.1,0.34,0,0.01,238.49,499.48
-0.05,0.1,0.34,0,0.02,238.49,515.95
-0.05,0.1,0.34,0,0.03,238.49,532.42
-0.05,0.1,0.34,0,0.04,238.49,548.88
-0.05,0.1,0.34,0.01,0,254.96,483.02
-0.05,0.1,0.34,0.01,0.01,254.96,499.48
-0.05,0.1,0.34,0.01,0.02,254.96,515.95
-0.05,0.1,0.34,0.01,0.03,254.96,532.42
-0.05,0.1,0.34,0.01,0.04,254.96,548.88
-0.05,0.1,0.34,0.02,0,271.42,483.02
-0.05,0.1,0.34,0.02,0.01,271.42,499.48
-0.05,0.1,0.34,0.02,0.02,271.42,515.95
-0.05,0.1,0.34,0.02,0.03,271.42,532.42
-0.05,0.1,0.34,0.02,0.04,271.42,548.88
-0.05,0.1,0.34,0.03,0,287.89,483.02
-0.05,0.1,0.34,0.03,0.01,287.89,499.48
-0.05,0.1,0.34,0.03,0.02,287.89,515.95
-0.05,0.1,0.34,0.03,0.03,287.89,532.42
0,0,0.34,0.03,0.04,369.4,385.87
0,0.05,0.34,0,0,320,401.51
0,0.05,0.34,0,0.01,320,417.97
0,0.05,0.34,0,0.02,320,434.44
0,0.05,0.34,0,0.03,320,450.91
0,0.05,0.34,0,0.04,320,467.37
0,0.05,0.34,0.01,0,336.47,401.51
0,0.05,0.34,0.01,0.01,336.47,417.97
0,0.05,0.34,0.01,0.02,336.47,434.44
0,0.05,0.34,0.01,0.03,336.47,450.91
0,0.05,0.34,0.01,0.04,336.47,467.37
0,0.05,0.34,0.02,0,352.93,401.51
0,0.05,0.34,0.02,0.01,352.93,417.97
0,0.05,0.34,0.02,0.02,352.93,434.44
0,0.05,0.34,0.02,0.03,352.93,450.91
0,0.05,0.34,0.02,0.04,352.93,467.37
0,0.05,0.34,0.03,0,369.4,401.51
0,0.05,0.34,0.03,0.01,369.4,417.97
0,0.05,0.34,0.03,0.02,369.4,434.44
0,0.05,0.34,0.03,0.03,369.4,450.91
0,0.05,0.34,0.03,0.04,369.4,467.37
0,0.1,0.34,0,0,320,483.02
0,0.1,0.34,0,0.01,320,499.48
0,0.1,0.34,0,0.02,320,515.95
0,0.1,0.34,0,0.03,320,532.42
0,0.1,0.34,0,0.04,320,548.88
0,0.1,0.34,0.01,0,336.47,483.02
0,0.1,0.34,0.01,0.01,336.47,499.48
0,0.1,0.34,0.01,0.02,336.47,515.95
0,0.1,0.34,0.01,0.03,336.47,532.42
0,0.1,0.34,0.01,0.04,336.47,548.88
0,0.1,0.34,0.02,0,352.93,483.02
0,0.1,0.34,0.02,0.01,352.93,499.48
0,0.1,0.34,0.02,0.02,352.93,515.95
0,0.1,0.34,0.02,0.03,352.93,532.42
0,0.1,0.34,0.02,0.04,352.93,548.88
0,0.1,0.34,0.03,0,369.4,483.02
0,0.1,0.34,0.03,0.01,369.4,499.48
0,0.1,0.34,0.03,0.02,369.4,515.95
0,0.1,0.34,0.03,0.03,369.4,532.42
0.05,0,0.34,0.03,0.04,450.91,385.87
0.05,0.05,0.34,0,0,401.51,401.51
0.05,0.05,0.34,0,0.01,401.51,417.97
0.05,0.05,0.34,0,0.02,401.51,434.44
0.05,0.05,0.34,0,0.03,401.51,450.91
0.05,0.05,0.34,0,0.04,401.51,467.37
0.05,0.05,0.34,0.01,0,417.97,401.51
0.05,0.05,0.34,0.01,0.01,417.97,417.97
0.05,0.05,0.34,0.01,0.02,417.97,434.44
0.05,0.05,0.34,0.01,0.03,417.97,450.91
0.05,0.05,0.34,0.01,0.04,417.97,467.37
0.05,0.05,0.34,0.02,0,434.44,401.51
0.05,0.05,0.34,0.02,0.01,434.44,417.97
0.05,0.05,0.34,0.02,0.02,434.44,434.44
0.05,0.05,0.34,0.02,0.03,434.44,450.91
0.05,0.05,0.34,0.02,0.04,434.44,467.37
0.05,0.05,0.34,0.03,0,450.91,401.51
0.05,0.05,0.34,0.03,0.01,450.91,417.97
0.05,0.05,0.34,0.03,0.02,450.91,434.44
0.05,0.05,0.34,0.03,0.03,450.91,450.91
0.05,0.05,0.34,0.03,0.04,450.91,467.37
0.05,0.1,0.34,0,0,401.51,483.02
0.05,0.1,0.34,0,0.01,401.51,499.48
0.05,0.1,0.34,0,0.02,401.51,515.95
0.05,0.1,0.34,0,0.03,401.51,532.42
0.05,0.1,0.34,0,0.04,401.51,548.88
0.05,0.1,0.34,0.01,0,417.97,483.02
0.05,0.1,0.34,0.01,0.01,417.97,499.48
0.05,0.1,0.34,0.01,0.02,417.97,515.95
0.05,0.1,0.34,0.01,0.03,417.97,532.42
0.05,0.1,0.34,0.01,0.04,417.97,548.88
0.05,0.1,0.34,0.02,0,434.44,483.02
0.05,0.1,0.34,0.02,0.01,434.44,499.48
0.05,0.1,0.34,0.02,0.02,434.44,515.95
0.05,0.1,0.34,0.02,0.03,434.44,532.42
0.05,0.1,0.34,0.02,0.04,434.44,548.88
0.05,0.1,0.34,0.03,0,450.91,483.02
0.05,0.1,0.34,0.03,0.01,450.91,499.48
0.05,0.1,0.34,0.03,0.02,450.91,515.95
0.05,0.1,0.34,0.03,0.03,450.91,532.42
0.1,0,0.34,0.03,0.04,532.42,385.87
0.1,0.05,0.34,0,0,483.02,401.51
0.1,0.05,0.34,0,0.01,483.02,417.97
0.1,0.05,0.34,0,0.02,483.02,434.44
0.1,0.05,0.34,0,0.03,483.02,450.91
0.1,0.05,0.34,0,0.04,483.02,467.37
0.1,0.05,0.34,0.01,0,499.48,401.51
0.1,0.05,0.34,0.01,0.01,499.48,417.97
0.1,0.05,0.34,0.01,0.02,499.48,434.44
0.1,0.05,0.34,0.01,0.03,499.48,450.91
0.1,0.05,0.34,0.01,0.04,499.48,467.37
0.1,0.05,0.34,0.02,0,515.95,401.51
0.1,0.05,0.34,0.02,0.01,515.95,417.97
0.1,0.05,0.34,0.02,0.02,515.95,434.44
0.1,0.05,0.34,0.02,0.03,515.95,450.91
0.1,0.05,0.34,0.02,0.04,515.95,467.37
0.1,0.05,0.34,0.03,0,532.42,401.51
0.1,0.05,0.34,0.03,0.01,532.42,417.97
0.1,0.05,0.34,0.03,0.02,532.42,434.44
0.1,0.05,0.34,0.03,0.03,532.42,450.91
0.1,0.05,0.34,0.03,0.04,532.42,467.37
0.1,0.1,0.34,0,0,483.02,483.02
0.1,0.1,0.34,0,0.01,483.02,499.48
0.1,0.1,0.34,0,0.02,483.02,515.95
0.1,0.1,0.34,0,0.03,483.02,532.42
0.1,0.1,0.34,0,0.04,483.02,548.88
0.1,0.1,0.34,0.01,0,499.48,483.02
0.1,0.1,0.34,0.01,0.01,499.48,499.48
0.1,0.1,0.34,0.01,0.02,499.48,515.95
0.1,0.1,0.34,0.01,0.03,499.48,532.42
0.1,0.1,0.34,0.01,0.04,499.48,548.88
0.1,0.1,0.34,0.02,0,515.95,483.02
0.1,0.1,0.34,0.02,0.01,515.95,499.48
0.1,0.1,0.34,0.02,0.02,515.95,515.95
0.1,0.1,0.34,0.02,0.03,515.95,532.42
0.1,0.1,0.34,0.02,0.04,515.95,548.88
0.1,0.1,0.34,0.03,0,532.42,483.02
0.1,0.1,0.34,0.03,0.01,532.42,499.48
0.1,0.1,0.34,0.03,0.02,532.42,515.95
0.1,0.1,0.34,0.03,0.03,532.42,532.42
-0.1,0,0.35,0.03,0.04,209.63,383.98
-0.1,0.05,0.35,0,0,161.64,399.18
-0.1,0.05,0.35,0,0.01,161.64,415.18
-0.1,0.05,0.35,0,0.02,161.64,431.17
-0.1,0.05,0.35,0,0.03,161.64,447.17
-0.1,0.05,0.35,0,0.04,161.64,463.16
-0.1,0.05,0.35,0.01,0,177.64,399.18
-0.1,0.05,0.35,0.01,0.01,177.64,415.18
-0.1,0.05,0.35,0.01,0.02,177.64,431.17
-0.1,0.05,0.35,0.01,0.03,177.64,447.17
-0.1,0.05,0.35,0.01,0.04,177.64,463.16
-0.1,0.05,0.35,0.02,0,193.63,399.18
-0.1,0.05,0.35,0.02,0.01,193.63,415.18
-0.1,0.05,0.35,0.02,0.02,193.63,431.17
-0.1,0.05,0.35,0.02,0.03,193.63,447.17
-0.1,0.05,0.35,0.02,0.04,193.63,463.16
-0.1,0.05,0.35,0.03,0,209.63,399.18
-0.1,0.05,0.35,0.03,0.01,209.63,415.18
-0.1,0.05,0.35,0.03,0.02,209.63,431.17
-0.1,0.05,0.35,0.03,0.03,209.63,447.17
-0.1,0.05,0.35,0.03,0.04,209.63,463.16
-0.1,0.1,0.35,0,0,161.64,478.36
-0.1,0.1,0.35,0,0.01,161.64,494.35
-0.1,0.1,0.35,0,0.02,161.64,510.35
-0.1,0.1,0.35,0,0.03,161.64,526.35
-0.1,0.1,0.35,0,0.04,161.64,542.34
-0.1,0.1,0.35,0.01,0,177.64,478.36
-0.1,0.1,0.35,0.01,0.01,177.64,494.35
-0.1,0.1,0.35,0.01,0.02,177.64,510.35
-0.1,0.1,0.35,0.01,0.03,177.64,526.35
-0.1,0.1,0.35,0.01,0.04,177.64,542.34
-0.1,0.1,0.35,0.02,0,193.63,478.36
-0.1,0.1,0.35,0.02,0.01,193.63,494.35
-0.1,0.1,0.35,0.02,0.02,193.63,510.35
-0.1,0.1,0.35,0.02,0.03,193.63,526.35
-0.1,0.1,0.35,0.02,0.04,193.63,542.34
-0.1,0.1,0.35,0.03,0,209.63,478.36
-0.1,0.1,0.35,0.03,0.01,209.63,494.35
-0.1,0.1,0.35,0.03,0.02,209.63,510.35
-0.1,0.1,0.35,0.03,0.03,209.63,526.35
-0.05,0,0.35,0.03,0.04,288.81,383.98
-0.05,0.05,0.35,0,0,240.82,399.18
-0.05,0.05,0.35,0,0.01,240.82,415.18
-0.05,0.05,0.35,0,0.02,240.82,431.17
-0.05,0.05,0.35,0,0.03,240.82,447.17
-0.05,0.05,0.35,0,0.04,240.82,463.16
-0.05,0.05,0.35,0.01,0,256.82,399.18
-0.05,0.05,0.35,0.01,0.01,256.82,415.18
-0.05,0.05,0.35,0.01,0.02,256.82,431.17
-0.05,0.05,0.35,0.01,0.03,256.82,447.17
-0.05,0.05,0.35,0.01,0.04,256.82,463.16
-0.05,0.05,0.35,0.02,0,272.81,399.18
-0.05,0.05,0.35,0.02,0.01,272.81,415.18
-0.05,0.05,0.35,0.02,0.02,272.81,431.17
-0.05,0.05,0.35,0.02,0.03,272.81,447.17
-0.05,0.05,0.35,0.02,0.04,272.81,463.16
-0.05,0.05,0.35,0.03,0,288.81,399.18
-0.05,0.05,0.35,0.03,0.01,288.81,415.18
-0.05,0.05,0.35,0.03,0.02,288.81,431.17
-0.05,0.05,0.35,0.03,0.03,288.81,447.17
-0.05,0.05,0.35,0.03,0.04,288.81,463.16
-0.05,0.1,0.35,0,0,240.82,478.36
-0.05,0.1,0.35,0,0.01,240.82,494.35
-0.05,0.1,0.35,0,0.02,240.82,510.35
-0.05,0.1,0.35,0,0.03,240.82,526.35
-0.05,0.1,0.35,0,0.04,240.82,542.34
-0.05,0.1,0.35,0.01,0,256.82,478.36
-0.05,0.1,0.35,0.01,0.01,256.82,494.35
-0.05,0.1,0.35,0.01,0.02,256.82,510.35
-0.05,0.1,0.35,0.01,0.03,256.82,526.35
-0.05,0.1,0.35,0.01,0.04,256.82,542.34
-0.05,0.1,0.35,0.02,0,272.81,478.36
-0.05,0.1,0.35,0.02,0.01,272.81,494.35
-0.05,0.1,0.35,0.02,0.02,272.81,510.35
-0.05,0.1,0.35,0.02,0.03,272.81,526.35
-0.05,0.1,0.35,0.02,0.04,272.81,542.34
-0.05,0.1,0.35,0.03,0,288.81,478.36
-0.05,0.1,0.35,0.03,0.01,288.81,494.35
-0.05,0.1,0.35,0.03,0.02,288.81,510.35
-0.05,0.1,0.35,0.03,0.03,288.81,526.35
0,0,0.35,0.03,0.04,367.99,383.98
0,0.05,0.35,0,0,320,399.18
0,0.05,0.35,0,0.01,320,415.18
0,0.05,0.35,0,0.02,320,431.17
0,0.05,0.35,0,0.03,320,447.17
0,0.05,0.35,0,0.04,320,463.16
0,0.05,0.35,0.01,0,336,399.18
0,0.05,0.35,0.01,0.01,336,415.18
0,0.05,0.35,0.01,0.02,336,431.17
0,0.05,0.35,0.01,0.03,336,447.17
0,0.05,0.35,0.01,0.04,336,463.16
0,0.05,0.35,0.02,0,351.99,399.18
0,0.05,0.35,0.02,0.01,351.99,415.18
0,0.05,0.35,0.02,0.02,351.99,431.17
0,0.05,0.35,0.02,0.03,351.99,447.17
0,0.05,0.35,0.02,0.04,351.99,463.16
0,0.05,0.35,0.03,0,367.99,399.18
0,0.05,0.35,0.03,0.01,367.99,415.18
0,0.05,0.35,0.03,0.02,367.99,431.17
0,0.05,0.35,0.03,0.03,367.99,447.17
0,0.05,0.35,0.03,0.04,367.99,463.16
0,0.1,0.35,0,0,320,478.36
0,0.1,0.35,0,0.01,320,494.35
0,0.1,0.35,0,0.02,320,510.35
0,0.1,0.35,0,0.03,320,526.35
0,0.1,0.35,0,0.04,320,542.34
0,0.1,0.35,0.01,0,336,478.36
0,0.1,0.35,0.01,0.01,336,494.35
0,0.1,0.35,0.01,0.02,336,510.35
0,0.1,0.35,0.01,0.03,336,526.35
0,0.1,0.35,0.01,0.04,336,542.34
0,0.1,0.35,0.02,0,351.99,478.36
0,0.1,0.35,0.02,0.01,351.99,494.35
0,0.1,0.35,0.02,0.02,351.99,510.35
0,0.1,0.35,0.02,0.03,351.99,526.35
0,0.1,0.35,0.02,0.04,351.99,542.34
0,0.1,0.35,0.03,0,367.99,478.36
0,0.1,0.35,0.03,0.01,367.99,494.35
0,0.1,0.35,0.03,0.02,367.99,510.35
0,0.1,0.35,0.03,0.03,367.99,526.35
0.05,0,0.35,0.03,0.04,447.17,383.98
0.05,0.05,0.35,0,0,399.18,399.18
0.05,0.05,0.35,0,0.01,399.18,415.18
0.05,0.05,0.35,0,0.02,399.18,431.17
0.05,0.05,0.35,0,0.03,399.18,447.17
0.05,0.05,0.35,0,0.04,399.18,463.16
0.05,0.05,0.35,0.01,0,415.18,399.18
0.05,0.05,0.35,0.01,0.01,415.18,415.18
0.05,0.05,0.35,0.01,0.02,415.18,431.17
0.05,0.05,0.35,0.01,0.03,415.18,447.17
0.05,0.05,0.35,0.01,0.04,415.18,463.16
0.05,0.05,0.35,0.02,0,431.17,399.18
0.05,0.05,0.35,0.02,0.01,431.17,415.18
0.05,0.05,0.35,0.02,0.02,431.17,431.17
0.05,0.05,0.35,0.02,0.03,431.17,447.17
0.05,0.05,0.35,0.02,0.04,431.17,463.16
0.05,0.05,0.35,0.03,0,447.17,399.18
0.05,0.05,0.35,0.03,0.01,447.17,415.18
0.05,0.05,0.35,0.03,0.02,447.17,431.17
0.05,0.05,0.35,0.03,0.03,447.17,447.17
0.05,0.05,0.35,0.03,0.04,447.17,463.16
0.05,0.1,0.35,0,0,399.18,478.36
0.05,0.1,0.35,0,0.01,399.18,494.35
0.05,0.1,0.35,0,0.02,399.18,510.35
0.05,0.1,0.35,0,0.03,399.18,526.35
0.05,0.1,0.35,0,0.04,399.18,542.34
0.05,0.1,0.35,0.01,0,415.18,478.36
0.05,0.1,0.35,0.01,0.01,415.18,494.35
0.05,0.1,0.35,0.01,0.02,415.18,510.35
0.05,0.1,0.35,0.01,0.03,415.18,526.35
0.05,0.1,0.35,0.01,0.04,415.18,542.34
0.05,0.1,0.35,0.02,0,431.17,478.36
0.05,0.1,0.35,0.02,0.01,431.17,494.35
0.05,0.1,0.35,0.02,0.02,431.17,510.35
0.05,0.1,0.35,0.02,0.03,431.17,526.35
0.05,0.1,0.35,0.02,0.04,431.17,542.34
0.05,0.1,0.35,0.03,0,447.17,478.36
0.05,0.1,0.35,0.03,0.01,447.17,494.35
0.05,0.1,0.35,0.03,0.02,447.17,510.35
0.05,0.1,0.35,0.03,0.03,447.17,526.35
0.1,0,0.35,0.03,0.04,526.35,383.98
0.1,0.05,0.35,0,0,478.36,399.18
0.1,0.05,0.35,0,0.01,478.36,415.18
0.1,0.05,0.35,0,0.02,478.36,431.17
0.1,0.05,0.35,0,0.03,478.36,447.17
0.1,0.05,0.35,0,0.04,478.36,463.16
0.1,0.05,0.35,0.01,0,494.35,399.18
0.1,0.05,0.35,0.01,0.01,494.35,415.18
0.1,0.05,0.35,0.01,0.02,494.35,431.17
0.1,0.05,0.35,0.01,0.03,494.35,447.17
0.1,0.05,0.35,0.01,0.04,494.35,463.16
0.1,0.05,0.35,0.02,0,510.35,399.18
0.1,0.05,0.35,0.02,0.01,510.35,415.18
0.1,0.05,0.35,0.02,0.02,510.35,431.17
0.1,0.05,0.35,0.02,0.03,510.35,447.17
0.1,0.05,0.35,0.02,0.04,510.35,463.16
0.1,0.05,0.35,0.03,0,526.35,399.18
0.1,0.05,0.35,0.03,0.01,526.35,415.18
0.1,0.05,0.35,0.03,0.02,526.35,431.17
0.1,0.05,0.35,0.03,0.03,526.35,447.17
0.1,0.05,0.35,0.03,0.04,526.35,463.16
0.1,0.1,0.35,0,0,478.36,478.36
0.1,0.1,0.35,0,0.01,478.36,494.35
0.1,0.1,0.35,0,0.02,478.36,510.35
0.1,0.1,0.35,0,0.03,478.36,526.35
0.1,0.1,0.35,0,0.04,478.36,542.34
0.1,0.1,0.35,0.01,0,494.35,478.36
0.1,0.1,0.35,0.01,0.01,494.35,494.35
0.1,0.1,0.35,0.01,0.02,494.35,510.35
0.1,0.1,0.35,0.01,0.03,494.35,526.35
0.1,0.1,0.35,0.01,0.04,494.35,542.34
0.1,0.1,0.35,0.02,0,510.35,478.36
0.1,0.1,0.35,0.02,0.01,510.35,494.35
0.1,0.1,0.35,0.02,0.02,510.35,510.35
0.1,0.1,0.35,0.02,0.03,510.35,526.35
0.1,0.1,0.35,0.02,0.04,510.35,542.34
0.1,0.1,0.35,0.03,0,526.35,478.36
0.1,0.1,0.35,0.03,0.01,526.35,494.35
0.1,0.1,0.35,0.03,0.02,526.35,510.35
0.1,0.1,0.35,0.03,0.03,526.35,526.35
-0.1,0,0.36,0.03,0.04,212.69,382.21
-0.1,0.05,0.36,0,0,166.04,396.98
-0.1,0.05,0.36,0,0.01,166.04,412.53
-0.1,0.05,0.36,0,0.02,166.04,428.08
-0.1,0.05,0.36,0,0.03,166.04,443.63
-0.1,0.05,0.36,0,0.04,166.04,459.19
-0.1,0.05,0.36,0.01,0,181.59,396.98
-0.1,0.05,0.36,0.01,0.01,181.59,412.53
-0.1,0.05,0.36,0.01,0.02,181.59,428.08
-0.1,0.05,0.36,0.01,0.03,181.59,443.63
-0.1,0.05,0.36,0.01,0.04,181.59,459.19
-0.1,0.05,0.36,0.02,0,197.14,396.98
-0.1,0.05,0.36,0.02,0.01,197.14,412.53
-0.1,0.05,0.36,0.02,0.02,197.14,428.08
-0.1,0.05,0.36,0.02,0.03,197.14,443.63
-0.1,0.05,0.36,0.02,0.04,197.14,459.19
-0.1,0.05,0.36,0.03,0,212.69,396.98
-0.1,0.05,0.36,0.03,0.01,212.69,412.53
-0.1,0.05,0.36,0.03,0.02,212.69,428.08
-0.1,0.05,0.36,0.03,0.03,212.69,443.63
-0.1,0.05,0.36,0.03,0.04,212.69,459.19
-0.1,0.1,0.36,0,0,166.04,473.96
-0.1,0.1,0.36,0,0.01,166.04,489.51
-0.1,0.1,0.36,0,0.02,166.04,505.06
-0.1,0.1,0.36,0,0.03,166.04,520.61
-0.1,0.1,0.36,0,0.04,166.04,536.17
-0.1,0.1,0.36,0.01,0,181.59,473.96
-0.1,0.1,0.36,0.01,0.01,181.59,489.51
-0.1,0.1,0.36,0.01,0.02,181.59,505.06
-0.1,0.1,0.36,0.01,0.03,181.59,520.61
-0.1,0.1,0.36,0.01,0.04,181.59,536.17
-0.1,0.1,0.36,0.02,0,197.14,473.96
-0.1,0.1,0.36,0.02,0.01,197.14,489.51
-0.1,0.1,0.36,0.02,0.02,197.14,505.06
-0.1,0.1,0.36,0.02,0.03,197.14,520.61
-0.1,0.1,0.36,0.02,0.04,197.14,536.17
-0.1,0.1,0.36,0.03,0,212.69,473.96
-0.1,0.1,0.36,0.03,0.01,212.69,489.51
-0.1,0.1,0.36,0.03,0.02,212.69,505.06
-0.1,0.1,0.36,0.03,0.03,212.69,520.61
-0.05,0,0.36,0.03,0.04,289.67,382.21
-0.05,0.05,0.36,0,0,243.02,396.98
-0.05,0.05,0.36,0,0.01,243.02,412.53
-0.05,0.05,0.36,0,0.02,243.02,428.08
-0.05,0.05,0.36,0,0.03,243.02,443.63
-0.05,0.05,0.36,0,0.04,243.02,459.19
-0.05,0.05,0.36,0.01,0,258.57,396.98
-0.05,0.05,0.36,0.01,0.01,258.57,412.53
-0.05,0.05,0.36,0.01,0.02,258.57,428.08
-0.05,0.05,0.36,0.01,0.03,258.57,443.63
-0.05,0.05,0.36,0.01,0.04,258.57,459.19
-0.05,0.05,0.36,0.02,0,274.12,396.98
-0.05,0.05,0.36,0.02,0.01,274.12,412.53
-0.05,0.05,0.36,0.02,0.02,274.12,428.08
-0.05,0.05,0.36,0.02,0.03,274.12,443.63
-0.05,0.05,0.36,0.02,0.04,274.12,459.19
-0.05,0.05,0.36,0.03,0,289.67,396.98
-0.05,0.05,0.36,0.03,0.01,289.67,412.53
-0.05,0.05,0.36,0.03,0.02,289.67,428.08
-0.05,0.05,0.36,0.03,0.03,289.67,443.63
-0.05,0.05,0.36,0.03,0.04,289.67,459.19
-0.05,0.1,0.36,0,0,243.02,473.96
-0.05,0.1,0.36,0,0.01,243.02,489.51
-0.05,0.1,0.36,0,0.02,243.02,505.06
-0.05,0.1,0.36,0,0.03,243.02,520.61
-0.05,0.1,0.36,0,0.04,243.02,536.17
-0.05,0.1,0.36,0.01,0,258.57,473.96
-0.05,0.1,0.36,0.01,0.01,258.57,489.51
-0.05,0.1,0.36,0.01,0.02,258.57,505.06
-0.05,0.1,0.36,0.01,0.03,258.57,520.61
-0.05,0.1,0.36,0.01,0.04,258.57,536.17
-0.05,0.1,0.36,0.02,0,274.12,473.96
-0.05,0.1,0.36,0.02,0.01,274.12,489.51
-0.05,0.1,0.36,0.02,0.02,274.12,505.06
-0.05,0.1,0.36,0.02,0.03,274.12,520.61
-0.05,0.1,0.36,0.02,0.04,274.12,536.17
-0.05,0.1,0.36,0.03,0,289.67,473.96
-0.05,0.1,0.36,0.03,0.01,289.67,489.51
-0.05,0.1,0.36,0.03,0.02,289.67,505.06
-0.05,0.1,0.36,0.03,0.03,289.67,520.61
0,0,0.36,0.03,0.04,366.65,382.21
0,0.05,0.36,0,0,320,396.98
0,0.05,0.36,0,0.01,320,412.53
0,0.05,0.36,0,0.02,320,428.08
0,0.05,0.36,0,0.03,320,443.63
0,0.05,0.36,0,0.04,320,459.19
0,0.05,0.36,0.01,0,335.55,396.98
0,0.05,0.36,0.01,0.01,335.55,412.53
0,0.05,0.36,0.01,0.02,335.55,428.08
0,0.05,0.36,0.01,0.03,335.55,443.63
0,0.05,0.36,0.01,0.04,335.55,459.19
0,0.05,0.36,0.02,0,351.1,396.98
0,0.05,0.36,0.02,0.01,351.1,412.53
0,0.05,0.36,0.02,0.02,351.1,428.08
0,0.05,0.36,0.02,0.03,351.1,443.63
0,0.05,0.36,0.02,0.04,351.1,459.19
0,0.05,0.36,0.03,0,366.65,396.98
0,0.05,0.36,0.03,0.01,366.65,412.53
0,0.05,0.36,0.03,0.02,366.65,428.08
0,0.05,0.36,0.03,0.03,366.65,443.63
0,0.05,0.36,0.03,0.04,366.65,459.19
0,0.1,0.36,0,0,320,473.96
0,0.1,0.36,0,0.01,320,489.51
0,0.1,0.36,0,0.02,320,505.06
0,0.1,0.36,0,0.03,320,520.61
0,0.1,0.36,0,0.04,320,536.17
0,0.1,0.36,0.01,0,335.55,473.96
0,0.1,0.36,0.01,0.01,335.55,489.51
0,0.1,0.36,0.01,0.02,335.55,505.06
0,0.1,0.36,0.01,0.03,335.55,520.61
0,0.1,0.36,0.01,0.04,335.55,536.17
0,0.1,0.36,0.02,0,351.1,473.96
0,0.1,0.36,0.02,0.01,351.1,489.51
0,0.1,0.36,0.02,0.02,351.1,505.06
0,0.1,0.36,0.02,0.03,351.1,520.61
0,0.1,0.36,0.02,0.04,351.1,536.17
0,0.1,0.36,0.03,0,366.65,473.96
0,0.1,0.36,0.03,0.01,366.65,489.51
0,0.1,0.36,0.03,0.02,366.65,505.06
0,0.1,0.36,0.03,0.03,366.65,520.61
0.05,0,0.36,0.03,0.04,443.63,382.21
0.05,0.05,0.36,0,0,396.98,396.98
0.05,0.05,0.36,0,0.01,396.98,412.53
0.05,0.05,0.36,0,0.02,396.98,428.08
0.05,0.05,0.36,0,0.03,396.98,443.63
0.05,0.05,0.36,0,0.04,396.98,459.19
0.05,0.05,0.36,0.01,0,412.53,396.98
0.05,0.05,0.36,0.01,0.01,412.53,412.53
0.05,0.05,0.36,0.01,0.02,412.53,428.08
0.05,0.05,0.36,0.01,0.03,412.53,443.63
0.05,0.05,0.36,0.01,0.04,412.53,459.19
0.05,0.05,0.36,0.02,0,428.08,396.98
0.05,0.05,0.36,0.02,0.01,428.08,412.53
0.05,0.05,0.36,0.02,0.02,428.08,428.08
0.05,0.05,0.36,0.02,0.03,428.08,443.63
0.05,0.05,0.36,0.02,0.04,428.08,459.19
0.05,0.05,0.36,0.03,0,443.63,396.98
0.05,0.05,0.36,0.03,0.01,443.63,412.53
0.05,0.05,0.36,0.03,0.02,443.63,428.08
0.05,0.05,0.36,0.03,0.03,443.63,443.63
0.05,0.05,0.36,0.03,0.04,443.63,459.19
0.05,0.1,0.36,0,0,396.98,473.96
0.05,0.1,0.36,0,0.01,396.98,489.51
0.05,0.1,0.36,0,0.02,396.98,505.06
0.05,0.1,0.36,0,0.03,396.98,520.61
0.05,0.1,0.36,0,0.04,396.98,536.17
0.05,0.1,0.36,0.01,0,412.53,473.96
0.05,0.1,0.36,0.01,0.01,412.53,489.51
0.05,0.1,0.36,0.01,0.02,412.53,505.06
0.05,0.1,0.36,0.01,0.03,412.53,520.61
0.05,0.1,0.36,0.01,0.04,412.53,536.17
0.05,0.1,0.36,0.02,0,428.08,473.96
0.05,0.1,0.36,0.02,0.01,428.08,489.51
0.05,0.1,0.36,0.02,0.02,428.08,505.06
0.05,0.1,0.36,0.02,0.03,428.08,520.61
0.05,0.1,0.36,0.02,0.04,428.08,536.17
0.05,0.1,0.36,0.03,0,443.63,473.96
0.05,0.1,0.36,0.03,0.01,443.63,489.51
0.05,0.1,0.36,0.03,0.02,443.63,505.06
0.05,0.1,0.36,0.03,0.03,443.63,520.61
0.1,0,0.36,0.03,0.04,520.61,382.21
0.1,0.05,0.36,0,0,473.96,396.98
0.1,0.05,0.36,0,0.01,473.96,412.53
0.1,0.05,0.36,0,0.02,473.96,428.08
0.1,0.05,0.36,0,0.03,473.96,443.63
0.1,0.05,0.36,0,0.04,473.96,459.19
0.1,0.05,0.36,0.01,0,489.51,396.98
0.1,0.05,0.36,0.01,0.01,489.51,412.53
0.1,0.05,0.36,0.01,0.02,489.51,428.08
0.1,0.05,0.36,0.01,0.03,489.51,443.63
0.1,0.05,0.36,0.01,0.04,489.51,459.19
0.1,0.05,0.36,0.02,0,505.06,396.98
0.1,0.05,0.36,0.02,0.01,505.06,412.53
0.1,0.05,0.36,0.02,0.02,505.06,428.08
0.1,0.05,0.36,0.02,0.03,505.06,443.63
0.1,0.05,0.36,0.02,0.04,505.06,459.19
0.1,0.05,0.36,0.03,0,520.61,396.98
0.1,0.05,0.36,0.03,0.01,520.61,412.53
0.1,0.05,0.36,0.03,0.02,520.61,428.08
0.1,0.05,0.36,0.03,0.03,520.61,443.63
0.1,0.05,0.36,0.03,0.04,520.61,459.19
0.1,0.1,0.36,0,0,473.96,473.96
0.1,0.1,0.36,0,0.01,473.96,489.51
0.1,0.1,0.36,0,0.02,473.96,505.06
0.1,0.1,0.36,0,0.03,473.96,520.61
0.1,0.1,0.36,0,0.04,473.96,536.17
0.1,0.1,0.36,0.01,0,489.51,473.96
0.1,0.1,0.36,0.01,0.01,489.51,489.51
0.1,0.1,0.36,0.01,0.02,489.51,505.06
0.1,0.1,0.36,0.01,0.03,489.51,520.61
0.1,0.1,0.36,0.01,0.04,489.51,536.17
0.1,0.1,0.36,0.02,0,505.06,473.96
0.1,0.1,0.36,0.02,0.01,505.06,489.51
0.1,0.1,0.36,0.02,0.02,505.06,505.06
0.1,0.1,0.36,0.02,0.03,505.06,520.61
0.1,0.1,0.36,0.02,0.04,505.06,536.17
0.1,0.1,0.36,0.03,0,520.61,473.96
0.1,0.1,0.36,0.03,0.01,520.61,489.51
0.1,0.1,0.36,0.03,0.02,520.61,505.06
0.1,0.1,0.36,0.03,0.03,520.61,520.61
-0.1,0,0.37,0.03,0.04,215.59,380.52
-0.1,0.05,0.37,0,0,170.2,394.9
-0.1,0.05,0.37,0,0.01,170.2,410.03
-0.1,0.05,0.37,0,0.02,170.2,425.16
-0.1,0.05,0.37,0,0.03,170.2,440.29
-0.1,0.05,0.37,0,0.04,170.2,455.42
-0.1,0.05,0.37,0.01,0,185.33,394.9
-0.1,0.05,0.37,0.01,0.01,185.33,410.03
-0.1,0.05,0.37,0.01,0.02,185.33,425.16
-0.1,0.05,0.37,0.01,0.03,185.33,440.29
-0.1,0.05,0.37,0.01,0.04,185.33,455.42
-0.1,0.05,0.37,0.02,0,200.46,394.9
-0.1,0.05,0.37,0.02,0.01,200.46,410.03
-0.1,0.05,0.37,0.02,0.02,200.46,425.16
-0.1,0.05,0.37,0.02,0.03,200.46,440.29
-0.1,0.05,0.37,0.02,0.04,200.46,455.42
-0.1,0.05,0.37,0.03,0,215.59,394.9
-0.1,0.05,0.37,0.03,0.01,215.59,410.03
-0.1,0.05,0.37,0.03,0.02,215.59,425.16
-0.1,0.05,0.37,0.03,0.03,215.59,440.29
-0.1,0.05,0.37,0.03,0.04,215.59,455.42
-0.1,0.1,0.37,0,0,170.2,469.8
-0.1,0.1,0.37,0,0.01,170.2,484.93
-0.1,0.1,0.37,0,0.02,170.2,500.06
-0.1,0.1,0.37,0,0.03,170.2,515.19
-0.1,0.1,0.37,0,0.04,170.2,530.32
-0.1,0.1,0.37,0.01,0,185.33,469.8
-0.1,0.1,0.37,0.01,0.01,185.33,484.93
-0.1,0.1,0.37,0.01,0.02,185.33,500.06
-0.1,0.1,0.37,0.01,0.03,185.33,515.19
-0.1,0.1,0.37,0.01,0.04,185.33,530.32
-0.1,0.1,0.37,0.02,0,200.46,469.8
-0.1,0.1,0.37,0.02,0.01,200.46,484.93
-0.1,0.1,0.37,0.02,0.02,200.46,500.06
-0.1,0.1,0.37,0.02,0.03,200.46,515.19
-0.1,0.1,0.37,0.02,0.04,200.46,530.32
-0.1,0.1,0.37,0.03,0,215.59,469.8
-0.1,0.1,0.37,0.03,0.01,215.59,484.93
-0.1,0.1,0.37,0.03,0.02,215.59,500.06
-0.1,0.1,0.37,0.03,0.03,215.59,515.19
-0.05,0,0.37,0.03,0.04,290.49,380.52
-0.05,0.05,0.37,0,0,245.1,394.9
-0.05,0.05,0.37,0,0.01,245.1,410.03
-0.05,0.05,0.37,0,0.02,245.1,425.16
-0.05,0.05,0.37,0,0.03,245.1,440.29
-0.05,0.05,0.37,0,0.04,245.1,455.42
-0.05,0.05,0.37,0.01,0,260.23,394.9
-0.05,0.05,0.37,0.01,0.01,260.23,410.03
-0.05,0.05,0.37,0.01,0.02,260.23,425.16
-0.05,0.05,0.37,0.01,0.03,260.23,440.29
-0.05,0.05,0.37,0.01,0.04,260.23,455.42
-0.05,0.05,0.37,0.02,0,275.36,394.9
-0.05,0.05,0.37,0.02,0.01,275.36,410.03
-0.05,0.05,0.37,0.02,0.02,275.36,425.16
-0.05,0.05,0.37,0.02,0.03,275.36,440.29
-0.05,0.05,0.37,0.02,0.04,275.36,455.42
-0.05,0.05,0.37,0.03,0,290.49,394.9
-0.05,0.05,0.37,0.03,0.01,290.49,410.03
-0.05,0.05,0.37,0.03,0.02,290.49,425.16
-0.05,0.05,0.37,0.03,0.03,290.49,440.29
-0.05,0.05,0.37,0.03,0.04,290.49,455.42
-0.05,0.1,0.37,0,0,245.1,469.8
-0.05,0.1,0.37,0,0.01,245.1,484.93
-0.05,0.1,0.37,0,0.02,245.1,500.06
-0.05,0.1,0.37,0,0.03,245.1,515.19
-0.05,0.1,0.37,0,0.04,245.1,530.32
-0.05,0.1,0.37,0.01,0,260.23,469.8
-0.05,0.1,0.37,0.01,0.01,260.23,484.93
-0.05,0.1,0.37,0.01,0.02,260.23,500.06
-0.05,0.1,0.37,0.01,0.03,260.23,515.19
-0.05,0.1,0.37,0.01,0.04,260.23,530.32
-0.05,0.1,0.37,0.02,0,275.36,469.8
-0.05,0.1,0.37,0.02,0.01,275.36,484.93
-0.05,0.1,0.37,0.02,0.02,275.36,500.06
-0.05,0.1,0.37,0.02,0.03,275.36,515.19
-0.05,0.1,0.37,0.02,0.04,275.36,530.32
-0.05,0.1,0.37,0.03,0,290.49,469.8
-0.05,0.1,0.37,0.03,0.01,290.49,484.93
-0.05,0.1,0.37,0.03,0.02,290.49,500.06
-0.05,0.1,0.37,0.03,0.03,290.49,515.19
0,0,0.37,0.03,0.04,365.39,380.52
0,0.05,0.37,0,0,320,394.9
0,0.05,0.37,0,0.01,320,410.03
0,0.05,0.37,0,0.02,320,425.16
0,0.05,0.37,0,0.03,320,440.29
0,0.05,0.37,0,0.04,320,455.42
0,0.05,0.37,0.01,0,335.13,394.9
0,0.05,0.37,0.01,0.01,335.13,410.03
0,0.05,0.37,0.01,0.02,335.13,425.16
0,0.05,0.37,0.01,0.03,335.13,440.29
0,0.05,0.37,0.01,0.04,335.13,455.42
0,0.05,0.37,0.02,0,350.26,394.9
0,0.05,0.37,0.02,0.01,350.26,410.03
0,0.05,0.37,0.02,0.02,350.26,425.16
0,0.05,0.37,0.02,0.03,350.26,440.29
0,0.05,0.37,0.02,0.04,350.26,455.42
0,0.05,0.37,0.03,0,365.39,394.9
0,0.05,0.37,0.03,0.01,365.39,410.03
0,0.05,0.37,0.03,0.02,365.39,425.16
0,0.05,0.37,0.03,0.03,365.39,440.29
0,0.05,0.37,0.03,0.04,365.39,455.42
0,0.1,0.37,0,0,320,469.8
0,0.1,0.37,0,0.01,320,484.93
0,0.1,0.37,0,0.02,320,500.06
0,0.1,0.37,0,0.03,320,515.19
0,0.1,0.37,0,0.04,320,530.32
0,0.1,0.37,0.01,0,335.13,469.8
0,0.1,0.37,0.01,0.01,335.13,484.93
0,0.1,0.37,0.01,0.02,335.13,500.06
0,0.1,0.37,0.01,0.03,335.13,515.19
0,0.1,0.37,0.01,0.04,335.13,530.32
0,0.1,0.37,0.02,0,350.26,469.8
0,0.1,0.37,0.02,0.01,350.26,484.93
0,0.1,0.37,0.02,0.02,350.26,500.06
0,0.1,0.37,0.02,0.03,350.26,515.19
0,0.1,0.37,0.02,0.04,350.26,530.32
0,0.1,0.37,0.03,0,365.39,469.8
0,0.1,0.37,0.03,0.01,365.39,484.93
0,0.1,0.37,0.03,0.02,365.39,500.06
0,0.1,0.37,0.03,0.03,365.39,515.19
0.05,0,0.37,0.03,0.04,440.29,380.52
0.05,0.05,0.37,0,0,394.9,394.9
0.05,0.05,0.37,0,0.01,394.9,410.03
0.05,0.05,0.37,0,0.02,394.9,425.16
0.05,0.05,0.37,0,0.03,394.9,440.29
0.05,0.05,0.37,0,0.04,394.9,455.42
0.05,0.05,0.37,0.01,0,410.03,394.9
0.05,0.05,0.37,0.01,0.01,410.03,410.03
0.05,0.05,0.37,0.01,0.02,410.03,425.16
0.05,0.05,0.37,0.01,0.03,410.03,440.29
0.05,0.05,0.37,0.01,0.04,410.03,455.42
0.05,0.05,0.37,0.02,0,425.16,394.9
0.05,0.05,0.37,0.02,0.01,425.16,410.03
0.05,0.05,0.37,0.02,0.02,425.16,425.16
0.05,0.05,0.37,0.02,0.03,425.16,440.29
0.05,0.05,0.37,0.02,0.04,425.16,455.42
0.05,0.05,0.37,0.03,0,440.29,394.9
0.05,0.05,0.37,0.03,0.01,440.29,410.03
0.05,0.05,0.37,0.03,0.02,440.29,425.16
0.05,0.05,0.37,0.03,0.03,440.29,440.29
0.05,0.05,0.37,0.03,0.04,440.29,455.42
0.05,0.1,0.37,0,0,394.9,469.8
0.05,0.1,0.37,0,0.01,394.9,484.93
0.05,0.1,0.37,0,0.02,394.9,500.06
0.05,0.1,0.37,0,0.03,394.9,515.19
0.05,0.1,0.37,0,0.04,394.9,530.32
0.05,0.1,0.37,0.01,0,410.03,469.8
0.05,0.1,0.37,0.01,0.01,410.03,484.93
0.05,0.1,0.37,0.01,0.02,410.03,500.06
0.05,0.1,0.37,0.01,0.03,410.03,515.19
0.05,0.1,0.37,0.01,0.04,410.03,530.32
0.05,0.1,0.37,0.02,0,425.16,469.8
0.05,0.1,0.37,0.02,0.01,425.16,484.93
0.05,0.1,0.37,0.02,0.02,425.16,500.06
0.05,0.1,0.37,0.02,0.03,425.16,515.19
0.05,0.1,0.37,0.02,0.04,425.16,530.32
0.05,0.1,0.37,0.03,0,440.29,469.8
0.05,0.1,0.37,0.03,0.01,440.29,484.93
0.05,0.1,0.37,0.03,0.02,440.29,500.06
0.05,0.1,0.37,0.03,0.03,440.29,515.19
0.1,0,0.37,0.03,0.04,515.19,380.52
0.1,0.05,0.37,0,0,469.8,394.9
0.1,0.05,0.37,0,0.01,469.8,410.03
0.1,0.05,0.37,0,0.02,469.8,425.16
0.1,0.05,0.37,0,0.03,469.8,440.29
0.1,0.05,0.37,0,0.04,469.8,455.42
0.1,0.05,0.37,0.01,0,484.93,394.9
0.1,0.05,0.37,0.01,0.01,484.93,410.03
0.1,0.05,0.37,0.01,0.02,484.93,425.16
0.1,0.05,0.37,0.01,0.03,484.93,440.29
0.1,0.05,0.37,0.01,0.04,484.93,455.42
0.1,0.05,0.37,0.02,0,500.06,394.9
0.1,0.05,0.37,0.02,0.01,500.06,410.03
0.1,0.05,0.37,0.02,0.02,500.06,425.16
0.1,0.05,0.37,0.02,0.03,500.06,440.29
0.1,0.05,0.37,0.02,0.04,500.06,455.42
0.1,0.05,0.37,0.03,0,515.19,394.9
0.1,0.05,0.37,0.03,0.01,515.19,410.03
0.1,0.05,0.37,0.03,0.02,515.19,425.16
0.1,0.05,0.37,0.03,0.03,515.19,440.29
0.1,0.05,0.37,0.03,0.04,515.19,455.42
0.1,0.1,0.37,0,0,469.8,469.8
0.1,0.1,0.37,0,0.01,469.8,484.93
0.1,0.1,0.37,0,0.02,469.8,500.06
0.1,0.1,0.37,0,0.03,469.8,515.19
0.1,0.1,0.37,0,0.04,469.8,530.32
0.1,0.1,0.37,0.01,0,484.93,469.8
0.1,0.1,0.37,0.01,0.01,484.93,484.93
0.1,0.1,0.37,0.01,0.02,484.93,500.06
0.1,0.1,0.37,0.01,0.03,484.93,515.19
0.1,0.1,0.37,0.01,0.04,484.93,530.32
0.1,0.1,0.37,0.02,0,500.06,469.8
0.1,0.1,0.37,0.02,0.01,500.06,484.93
0.1,0.1,0.37,0.02,0.02,500.06,500.06
0.1,0.1,0.37,0.02,0.03,500.06,515.19
0.1,0.1,0.37,0.02,0.04,500.06,530.32
0.1,0.1,0.37,0.03,0,515.19,469.8
0.1,0.1,0.37,0.03,0.01,515.19,484.93
0.1,0.1,0.37,0.03,0.02,515.19,500.06
0.1,0.1,0.37,0.03,0.03,515.19,515.19
-0.1,0,0.38,0.03,0.04,218.34,378.93
-0.1,0.05,0.38,0,0,174.14,392.93
-0.1,0.05,0.38,0,0.01,174.14,407.66
-0.1,0.05,0.38,0,0.02,174.14,422.39
-0.1,0.05,0.38,0,0.03,174.14,437.13
-0.1,0.05,0.38,0,0.04,174.14,451.86
-0.1,0.05,0.38,0.01,0,188.88,392.93
-0.1,0.05,0.38,0.01,0.01,188.88,407.66
-0.1,0.05,0.38,0.01,0.02,188.88,422.39
-0.1,0.05,0.38,0.01,0.03,188.88,437.13
-0.1,0.05,0.38,0.01,0.04,188.88,451.86
-0.1,0.05,0.38,0.02,0,203.61,392.93
-0.1,0.05,0.38,0.02,0.01,203.61,407.66
-0.1,0.05,0.38,0.02,0.02,203.61,422.39
-0.1,0.05,0.38,0.02,0.03,203.61,437.13
-0.1,0.05,0.38,0.02,0.04,203.61,451.86
-0.1,0.05,0.38,0.03,0,218.34,392.93
-0.1,0.05,0.38,0.03,0.01,218.34,407.66
-0.1,0.05,0.38,0.03,0.02,218.34,422.39
-0.1,0.05,0.38,0.03,0.03,218.34,437.13
-0.1,0.05,0.38,0.03,0.04,218.34,451.86
-0.1,0.1,0.38,0,0,174.14,465.86
-0.1,0.1,0.38,0,0.01,174.14,480.59
-0.1,0.1,0.38,0,0.02,174.14,495.32
-0.1,0.1,0.38,0,0.03,174.14,510.06
-0.1,0.1,0.38,0,0.04,174.14,524.79
-0.1,0.1,0.38,0.01,0,188.88,465.86
-0.1,0.1,0.38,0.01,0.01,188.88,480.59
-0.1,0.1,0.38,0.01,0.02,188.88,495.32
-0.1,0.1,0.38,0.01,0.03,188.88,510.06
-0.1,0.1,0.38,0.01,0.04,188.88,524.79
-0.1,0.1,0.38,0.02,0,203.61,465.86
-0.1,0.1,0.38,0.02,0.01,203.61,480.59
-0.1,0.1,0.38,0.02,0.02,203.61,495.32
-0.1,0.1,0.38,0.02,0.03,203.61,510.06
-0.1,0.1,0.38,0.02,0.04,203.61,524.79
-0.1,0.1,0.38,0.03,0,218.34,465.86
-0.1,0.1,0.38,0.03,0.01,218.34,480.59
-0.1,0.1,0.38,0.03,0.02,218.34,495.32
-0.1,0.1,0.38,0.03,0.03,218.34,510.06
-0.05,0,0.38,0.03,0.04,291.27,378.93
-0.05,0.05,0.38,0,0,247.07,392.93
-0.05,0.05,0.38,0,0.01,247.07,407.66
-0.05,0.05,0.38,0,0.02,247.07,422.39
-0.05,0.05,0.38,0,0.03,247.07,437.13
-0.05,0.05,0.38,0,0.04,247.07,451.86
-0.05,0.05,0.38,0.01,0,261.8,392.93
-0.05,0.05,0.38,0.01,0.01,261.8,407.66
-0.05,0.05,0.38,0.01,0.02,261.8,422.39
-0.05,0.05,0.38,0.01,0.03,261.8,437.13
-0.05,0.05,0.38,0.01,0.04,261.8,451.86
-0.05,0.05,0.38,0.02,0,276.54,392.93
-0.05,0.05,0.38,0.02,0.01,276.54,407.66
-0.05,0.05,0.38,0.02,0.02,276.54,422.39
-0.05,0.05,0.38,0.02,0.03,276.54,437.13
-0.05,0.05,0.38,0.02,0.04,276.54,451.86
-0.05,0.05,0.38,0.03,0,291.27,392.93
-0.05,0.05,0.38,0.03,0.01,291.27,407.66
-0.05,0.05,0.38,0.03,0.02,291.27,422.39
-0.05,0.05,0.38,0.03,0.03,291.27,437.13
-0.05,0.05,0.38,0.03,0.04,291.27,451.86
-0.05,0.1,0.38,0,0,247.07,465.86
-0.05,0.1,0.38,0,0.01,247.07,480.59
-0.05,0.1,0.38,0,0.02,247.07,495.32
-0.05,0.1,0.38,0,0.03,247.07,510.06
-0.05,0.1,0.38,0,0.04,247.07,524.79
-0.05,0.1,0.38,0.01,0,261.8,465.86
-0.05,0.1,0.38,0.01,0.01,261.8,480.59
-0.05,0.1,0.38,0.01,0.02,261.8,495.32
-0.05,0.1,0.38,0.01,0.03,261.8,510.06
-0.05,0.1,0.38,0.01,0.04,261.8,524.79
-0.05,0.1,0.38,0.02,0,276.54,465.86
-0.05,0.1,0.38,0.02,0.01,276.54,480.59
-0.05,0.1,0.38,0.02,0.02,276.54,495.32
-0.05,0.1,0.38,0.02,0.03,276.54,510.06
-0.05,0.1,0.38,0.02,0.04,276.54,524.79
-0.05,0.1,0.38,0.03,0,291.27,465.86
-0.05,0.1,0.38,0.03,0.01,291.27,480.59
-0.05,0.1,0.38,0.03,0.02,291.27,495.32
-0.05,0.1,0.38,0.03,0.03,291.27,510.06
0,0,0.38,0.03,0.04,364.2,378.93
0,0.05,0.38,0,0,320,392.93
0,0.05,0.38,0,0.01,320,407.66
0,0.05,0.38,0,0.02,320,422.39
0,0.05,0.38,0,0.03,320,437.13
0,0.05,0.38,0,0.04,320,451.86
0,0.05,0.38,0.01,0,334.73,392.93
0,0.05,0.38,0.01,0.01,334.73,407.66
0,0.05,0.38,0.01,0.02,334.73,422.39
0,0.05,0.38,0.01,0.03,334.73,437.13
0,0.05,0.38,0.01,0.04,334.73,451.86
0,0.05,0.38,0.02,0,349.47,392.93
0,0.05,0.38,0.02,0.01,349.47,407.66
0,0.05,0.38,0.02,0.02,349.47,422.39
0,0.05,0.38,0.02,0.03,349.47,437.13
0,0.05,0.38,0.02,0.04,349.47,451.86
0,0.05,0.38,0.03,0,364.2,392.93
0,0.05,0.38,0.03,0.01,364.2,407.66
0,0.05,0.38,0.03,0.02,364.2,422.39
0,0.05,0.38,0.03,0.03,364.2,437.13
0,0.05,0.38,0.03,0.04,364.2,451.86
0,0.1,0.38,0,0,320,465.86
0,0.1,0.38,0,0.01,320,480.59
0,0.1,0.38,0,0.02,320,495.32
0,0.1,0.38,0,0.03,320,510.06
0,0.1,0.38,0,0.04,320,524.79
0,0.1,0.38,0.01,0,334.73,465.86
0,0.1,0.38,0.01,0.01,334.73,480.59
0,0.1,0.38,0.01,0.02,334.73,495.32
0,0.1,0.38,0.01,0.03,334.73,510.06
0,0.1,0.38,0.01,0.04,334.73,524.79
0,0.1,0.38,0.02,0,349.47,465.86
0,0.1,0.38,0.02,0.01,349.47,480.59
0,0.1,0.38,0.02,0.02,349.47,495.32
0,0.1,0.38,0.02,0.03,349.47,510.06
0,0.1,0.38,0.02,0.04,349.47,524.79
0,0.1,0.38,0.03,0,364.2,465.86
0,0.1,0.38,0.03,0.01,364.2,480.59
0,0.1,0.38,0.03,0.02,364.2,495.32
0,0.1,0.38,0.03,0.03,364.2,510.06
0.05,0,0.38,0.03,0.04,437.13,378.93
0.05,0.05,0.38,0,0,392.93,392.93
0.05,0.05,0.38,0,0.01,392.93,407.66
0.05,0.05,0.38,0,0.02,392.93,422.39
0.05,0.05,0.38,0,0.03,392.93,437.13
0.05,0.05,0.38,0,0.04,392.93,451.86
0.05,0.05,0.38,0.01,0,407.66,392.93
0.05,0.05,0.38,0.01,0.01,407.66,407.66
0.05,0.05,0.38,0.01,0.02,407.66,422.39
0.05,0.05,0.38,0.01,0.03,407.66,437.13
0.05,0.05,0.38,0.01,0.04,407.66,451.86
0.05,0.05,0.38,0.02,0,422.39,392.93
0.05,0.05,0.38,0.02,0.01,422.39,407.66
0.05,0.05,0.38,0.02,0.02,422.39,422.39
0.05,0.05,0.38,0.02,0.03,422.39,437.13
0.05,0.05,0.38,0.02,0.04,422.39,451.86
0.05,0.05,0.38,0.03,0,437.13,392.93
0.05,0.05,0.38,0.03,0.01,437.13,407.66
0.05,0.05,0.38,0.03,0.02,437.13,422.39
0.05,0.05,0.38,0.03,0.03,437.13,437.13
0.05,0.05,0.38,0.03,0.04,437.13,451.86
0.05,0.1,0.38,0,0,392.93,465.86
0.05,0.1,0.38,0,0.01,392.93,480.59
0.05,0.1,0.38,0,0.02,392.93,495.32
0.05,0.1,0.38,0,0.03,392.93,510.06
0.05,0.1,0.38,0,0.04,392.93,524.79
0.05,0.1,0.38,0.01,0,407.66,465.86
0.05,0.1,0.38,0.01,0.01,407.66,480.59
0.05,0.1,0.38,0.01,0.02,407.66,495.32
0.05,0.1,0.38,0.01,0.03,407.66,510.06
0.05,0.1,0.38,0.01,0.04,407.66,524.79
0.05,0.1,0.38,0.02,0,422.39,465.86
0.05,0.1,0.38,0.02,0.01,422.39,480.59
0.05,0.1,0.38,0.02,0.02,422.39,495.32
0.05,0.1,0.38,0.02,0.03,422.39,510.06
0.05,0.1,0.38,0.02,0.04,422.39,524.79
0.05,0.1,0.38,0.03,0,437.13,465.86
0.05,0.1,0.38,0.03,0.01,437.13,480.59
0.05,0.1,0.38,0.03,0.02,437.13,495.32
0.05,0.1,0.38,0.03,0.03,437.13,510.06
0.1,0,0.38,0.03,0.04,510.06,378.93
0.1,0.05,0.38,0,0,465.86,392.93
0.1,0.05,0.38,0,0.01,465.86,407.66
0.1,0.05,0.38,0,0.02,465.86,422.39
0.1,0.05,0.38,0,0.03,465.86,437.13
0.1,0.05,0.38,0,0.04,465.86,451.86
0.1,0.05,0.38,0.01,0,480.59,392.93
0.1,0.05,0.38,0.01,0.01,480.59,407.66
0.1,0.05,0.38,0.01,0.02,480.59,422.39
0.1,0.05,0.38,0.01,0.03,480.59,437.13
0.1,0.05,0.38,0.01,0.04,480.59,451.86
0.1,0.05,0.38,0.02,0,495.32,392.93
0.1,0.05,0.38,0.02,0.01,495.32,407.66
0.1,0.05,0.38,0.02,0.02,495.32,422.39
0.1,0.05,0.38,0.02,0.03,495.32,437.13
0.1,0.05,0.38,0.02,0.04,495.32,451.86
0.1,0.05,0.38,0.03,0,510.06,392.93
0.1,0.05,0.38,0.03,0.01,510.06,407.66
0.1,0.05,0.38,0.03,0.02,510.06,422.39
0.1,0.05,0.38,0.03,0.03,510.06,437.13
0.1,0.05,0.38,0.03,0.04,510.06,451.86
0.1,0.1,0.38,0,0,465.86,465.86
0.1,0.1,0.38,0,0.01,465.86,480.59
0.1,0.1,0.38,0,0.02,465.86,495.32
0.1,0.1,0.38,0,0.03,465.86,510.06
0.1,0.1,0.38,0,0.04,465.86,524.79
0.1,0.1,0.38,0.01,0,480.59,465.86
0.1,0.1,0.38,0.01,0.01,480.59,480.59
0.1,0.1,0.38,0.01,0.02,480.59,495.32
0.1,0.1,0.38,0.01,0.03,480.59,510.06
0.1,0.1,0.38,0.01,0.04,480.59,524.79
0.1,0.1,0.38,0.02,0,495.32,465.86
0.1,0.1,0.38,0.02,0.01,495.32,480.59
0.1,0.1,0.38,0.02,0.02,495.32,495.32
0.1,0.1,0.38,0.02,0.03,495.32,510.06
0.1,0.1,0.38,0.02,0.04,495.32,524.79
0.1,0.1,0.38,0.03,0,510.06,465.86
0.1,0.1,0.38,0.03,0.01,510.06,480.59
0.1,0.1,0.38,0.03,0.02,510.06,495.32
0.1,0.1,0.38,0.03,0.03,510.06,510.06
-0.1,0,0.39,0.03,0.04,220.95,377.42
-0.1,0.05,0.39,0,0,177.88,391.06
-0.1,0.05,0.39,0,0.01,177.88,405.41
-0.1,0.05,0.39,0,0.02,177.88,419.77
-0.1,0.05,0.39,0,0.03,177.88,434.12
-0.1,0.05,0.39,0,0.04,177.88,448.48
-0.1,0.05,0.39,0.01,0,192.24,391.06
-0.1,0.05,0.39,0.01,0.01,192.24,405.41
-0.1,0.05,0.39,0.01,0.02,192.24,419.77
-0.1,0.05,0.39,0.01,0.03,192.24,434.12
-0.1,0.05,0.39,0.01,0.04,192.24,448.48
-0.1,0.05,0.39,0.02,0,206.59,391.06
-0.1,0.05,0.39,0.02,0.01,206.59,405.41
-0.1,0.05,0.39,0.02,0.02,206.59,419.77
-0.1,0.05,0.39,0.02,0.03,206.59,434.12
-0.1,0.05,0.39,0.02,0.04,206.59,448.48
-0.1,0.05,0.39,0.03,0,220.95,391.06
-0.1,0.05,0.39,0.03,0.01,220.95,405.41
-0.1,0.05,0.39,0.03,0.02,220.95,419.77
-0.1,0.05,0.39,0.03,0.03,220.95,434.12
-0.1,0.05,0.39,0.03,0.04,220.95,448.48
-0.1,0.1,0.39,0,0,177.88,462.12
-0.1,0.1,0.39,0,0.01,177.88,476.47
-0.1,0.1,0.39,0,0.02,177.88,490.83
-0.1,0.1,0.39,0,0.03,177.88,505.18
-0.1,0.1,0.39,0,0.04,177.88,519.54
-0.1,0.1,0.39,0.01,0,192.24,462.12
-0.1,0.1,0.39,0.01,0.01,192.24,476.47
-0.1,0.1,0.39,0.01,0.02,192.24,490.83
-0.1,0.1,0.39,0.01,0.03,192.24,505.18
-0.1,0.1,0.39,0.01,0.04,192.24,519.54
-0.1,0.1,0.39,0.02,0,206.59,462.12
-0.1,0.1,0.39,0.02,0.01,206.59,476.47
-0.1,0.1,0.39,0.02,0.02,206.59,490.83
-0.1,0.1,0.39,0.02,0.03,206.59,505.18
-0.1,0.1,0.39,0.02,0.04,206.59,519.54
-0.1,0.1,0.39,0.03,0,220.95,462.12
-0.1,0.1,0.39,0.03,0.01,220.95,476.47
-0.1,0.1,0.39,0.03,0.02,220.95,490.83
-0.1,0.1,0.39,0.03,0.03,220.95,505.18
-0.05,0,0.39,0.03,0.04,292.01,377.42
-0.05,0.05,0.39,0,0,248.94,391.06
-0.05,0.05,0.39,0,0.01,248.94,405.41
-0.05,0.05,0.39,0,0.02,248.94,419.77
-0.05,0.05,0.39,0,0.03,248.94,434.12
-0.05,0.05,0.39,0,0.04,248.94,448.48
-0.05,0.05,0.39,0.01,0,263.3,391.06
-0.05,0.05,0.39,0.01,0.01,263.3,405.41
-0.05,0.05,0.39,0.01,0.02,263.3,419.77
-0.05,0.05,0.39,0.01,0.03,263.3,434.12
-0.05,0.05,0.39,0.01,0.04,263.3,448.48
-0.05,0.05,0.39,0.02,0,277.65,391.06
-0.05,0.05,0.39,0.02,0.01,277.65,405.41
-0.05,0.05,0.39,0.02,0.02,277.65,419.77
-0.05,0.05,0.39,0.02,0.03,277.65,434.12
-0.05,0.05,0.39,0.02,0.04,277.65,448.48
-0.05,0.05,0.39,0.03,0,292.01,391.06
-0.05,0.05,0.39,0.03,0.01,292.01,405.41
-0.05,0.05,0.39,0.03,0.02,292.01,419.77
-0.05,0.05,0.39,0.03,0.03,292.01,434.12
-0.05,0.05,0.39,0.03,0.04,292.01,448.48
-0.05,0.1,0.39,0,0,248.94,462.12
-0.05,0.1,0.39,0,0.01,248.94,476.47
-0.05,0.1,0.39,0,0.02,248.94,490.83
-0.05,0.1,0.39,0,0.03,248.94,505.18
-0.05,0.1,0.39,0,0.04,248.94,519.54
-0.05,0.1,0.39,0.01,0,263.3,462.12
-0.05,0.1,0.39,0.01,0.01,263.3,476.47
-0.05,0.1,0.39,0.01,0.02,263.3,490.83
-0.05,0.1,0.39,0.01,0.03,263.3,505.18
-0.05,0.1,0.39,0.01,0.04,263.3,519.54
-0.05,0.1,0.39,0.02,0,277.65,462.12
-0.05,0.1,0.39,0.02,0.01,277.65,476.47
-0.05,0.1,0.39,0.02,0.02,277.65,490.83
-0.05,0.1,0.39,0.02,0.03,277.65,505.18
-0.05,0.1,0.39,0.02,0.04,277.65,519.54
-0.05,0.1,0.39,0.03,0,292.01,462.12
-0.05,0.1,0.39,0.03,0.01,292.01,476.47
-0.05,0.1,0.39,0.03,0.02,292.01,490.83
-0.05,0.1,0.39,0.03,0.03,292.01,505.18
0,0,0.39,0.03,0.04,363.07,377.42
0,0.05,0.39,0,0,320,391.06
0,0.05,0.39,0,0.01,320,405.41
0,0.05,0.39,0,0.02,320,419.77
0,0.05,0.39,0,0.03,320,434.12
0,0.05,0.39,0,0.04,320,448.48
0,0.05,0.39,0.01,0,334.36,391.06
0,0.05,0.39,0.01,0.01,334.36,405.41
0,0.05,0.39,0.01,0.02,334.36,419.77
0,0.05,0.39,0.01,0.03,334.36,434.12
0,0.05,0.39,0.01,0.04,334.36,448.48
0,0.05,0.39,0.02,0,348.71,391.06
0,0.05,0.39,0.02,0.01,348.71,405.41
0,0.05,0.39,0.02,0.02,348.71,419.77
0,0.05,0.39,0.02,0.03,348.71,434.12
0,0.05,0.39,0.02,0.04,348.71,448.48
0,0.05,0.39,0.03,0,363.07,391.06
0,0.05,0.39,0.03,0.01,363.07,405.41
0,0.05,0.39,0.03,0.02,363.07,419.77
0,0.05,0.39,0.03,0.03,363.07,434.12
0,0.05,0.39,0.03,0.04,363.07,448.48
0,0.1,0.39,0,0,320,462.12
0,0.1,0.39,0,0.01,320,476.47
0,0.1,0.39,0,0.02,320,490.83
0,0.1,0.39,0,0.03,320,505.18
0,0.1,0.39,0,0.04,320,519.54
0,0.1,0.39,0.01,0,334.36,462.12
0,0.1,0.39,0.01,0.01,334.36,476.47
0,0.1,0.39,0.01,0.02,334.36,490.83
0,0.1,0.39,0.01,0.03,334.36,505.18
0,0.1,0.39,0.01,0.04,334.36,519.54
0,0.1,0.39,0.02,0,348.71,462.12
0,0.1,0.39,0.02,0.01,348.71,476.47
0,0.1,0.39,0.02,0.02,348.71,490.83
0,0.1,0.39,0.02,0.03,348.71,505.18
0,0.1,0.39,0.02,0.04,348.71,519.54
0,0.1,0.39,0.03,0,363.07,462.12
0,0.1,0.39,0.03,0.01,363.07,476.47
0,0.1,0.39,0.03,0.02,363.07,490.83
0,0.1,0.39,0.03,0.03,363.07,505.18
0.05,0,0.39,0.03,0.04,434.12,377.42
0.05,0.05,0.39,0,0,391.06,391.06
0.05,0.05,0.39,0,0.01,391.06,405.41
0.05,0.05,0.39,0,0.02,391.06,419.77
0.05,0.05,0.39,0,0.03,391.06,434.12
0.05,0.05,0.39,0,0.04,391.06,448.48
0.05,0.05,0.39,0.01,0,405.41,391.06
0.05,0.05,0.39,0.01,0.01,405.41,405.41
0.05,0.05,0.39,0.01,0.02,405.41,419.77
0.05,0.05,0.39,0.01,0.03,405.41,434.12
0.05,0.05,0.39,0.01,0.04,405.41,448.48
0.05,0.05,0.39,0.02,0,419.77,391.06
0.05,0.05,0.39,0.02,0.01,419.77,405.41
0.05,0.05,0.39,0.02,0.02,419.77,419.77
0.05,0.05,0.39,0.02,0.03,419.77,434.12
0.05,0.05,0.39,0.02,0.04,419.77,448.48
0.05,0.05,0.39,0.03,0,434.12,391.06
0.05,0.05,0.39,0.03,0.01,434.12,405.41
0.05,0.05,0.39,0.03,0.02,434.12,419.77
0.05,0.05,0.39,0.03,0.03,434.12,434.12
0.05,0.05,0.39,0.03,0.04,434.12,448.48
0.05,0.1,0.39,0,0,391.06,462.12
0.05,0.1,0.39,0,0.01,391.06,476.47
0.05,0.1,0.39,0,0.02,391.06,490.83
0.05,0.1,0.39,0,0.03,391.06,505.18
0.05,0.1,0.39,0,0.04,391.06,519.54
0.05,0.1,0.39,0.01,0,405.41,462.12
0.05,0.1,0.39,0.01,0.01,405.41,476.47
0.05,0.1,0.39,0.01,0.02,405.41,490.83
0.05,0.1,0.39,0.01,0.03,405.41,505.18
0.05,0.1,0.39,0.01,0.04,405.41,519.54
0.05,0.1,0.39,0.02,0,419.77,462.12
0.05,0.1,0.39,0.02,0.01,419.77,476.47
0.05,0.1,0.39,0.02,0.02,419.77,490.83
0.05,0.1,0.39,0.02,0.03,419.77,505.18
0.05,0.1,0.39,0.02,0.04,419.77,519.54
0.05,0.1,0.39,0.03,0,434.12,462.12
0.05,0.1,0.39,0.03,0.01,434.12,476.47
0.05,0.1,0.39,0.03,0.02,434.12,490.83
0.05,0.1,0.39,0.03,0.03,434.12,505.18
0.1,0,0.39,0.03,0.04,505.18,377.42
0.1,0.05,0.39,0,0,462.12,391.06
0.1,0.05,0.39,0,0.01,462.12,405.41
0.1,0.05,0.39,0,0.02,462.12,419.77
0.1,0.05,0.39,0,0.03,462.12,434.12
0.1,0.05,0.39,0,0.04,462.12,448.48
0.1,0.05,0.39,0.01,0,476.47,391.06
0.1,0.05,0.39,0.01,0.01,476.47,405.41
0.1,0.05,0.39,0.01,0.02,476.47,419.77
0.1,0.05,0.39,0.01,0.03,476.47,434.12
0.1,0.05,0.39,0.01,0.04,476.47,448.48
0.1,0.05,0.39,0.02,0,490.83,391.06
0.1,0.05,0.39,0.02,0.01,490.83,405.41
0.1,0.05,0.39,0.02,0.02,490.83,419.77
0.1,0.05,0.39,0.02,0.03,490.83,434.12
0.1,0.05,0.39,0.02,0.04,490.83,448.48
0.1,0.05,0.39,0.03,0,505.18,391.06
0.1,0.05,0.39,0.03,0.01,505.18,405.41
0.1,0.05,0.39,0.03,0.02,505.18,419.77
0.1,0.05,0.39,0.03,0.03,505.18,434.12
0.1,0.05,0.39,0.03,0.04,505.18,448.48
0.1,0.1,0.39,0,0,462.12,462.12
0.1,0.1,0.39,0,0.01,462.12,476.47
0.1,0.1,0.39,0,0.02,462.12,490.83
0.1,0.1,0.39,0,0.03,462.12,505.18
0.1,0.1,0.39,0,0.04,462.12,519.54
0.1,0.1,0.39,0.01,0,476.47,462.12
0.1,0.1,0.39,0.01,0.01,476.47,476.47
0.1,0.1,0.39,0.01,0.02,476.47,490.83
0.1,0.1,0.39,0.01,0.03,476.47,505.18
0.1,0.1,0.39,0.01,0.04,476.47,519.54
0.1,0.1,0.39,0.02,0,490.83,462.12
0.1,0.1,0.39,0.02,0.01,490.83,476.47
0.1,0.1,0.39,0.02,0.02,490.83,490.83
0.1,0.1,0.39,0.02,0.03,490.83,505.18
0.1,0.1,0.39,0.02,0.04,490.83,519.54
0.1,0.1,0.39,0.03,0,505.18,462.12
0.1,0.1,0.39,0.03,0.01,505.18,476.47
0.1,0.1,0.39,0.03,0.02,505.18,490.83
0.1,0.1,0.39,0.03,0.03,505.18,505.18
-0.1,0,0.4,0.03,0.04,223.43,375.99
-0.1,0.05,0.4,0,0,181.44,389.28
-0.1,0.05,0.4,0,0.01,181.44,403.28
-0.1,0.05,0.4,0,0.02,181.44,417.27
-0.1,0.05,0.4,0,0.03,181.44,431.27
-0.1,0.05,0.4,0,0.04,181.44,445.27
-0.1,0.05,0.4,0.01,0,195.43,389.28
-0.1,0.05,0.4,0.01,0.01,195.43,403.28
-0.1,0.05,0.4,0.01,0.02,195.43,417.27
-0.1,0.05,0.4,0.01,0.03,195.43,431.27
-0.1,0.05,0.4,0.01,0.04,195.43,445.27
-0.1,0.05,0.4,0.02,0,209.43,389.28
-0.1,0.05,0.4,0.02,0.01,209.43,403.28
-0.1,0.05,0.4,0.02,0.02,209.43,417.27
-0.1,0.05,0.4,0.02,0.03,209.43,431.27
-0.1,0.05,0.4,0.02,0.04,209.43,445.27
-0.1,0.05,0.4,0.03,0,223.43,389.28
-0.1,0.05,0.4,0.03,0.01,223.43,403.28
-0.1,0.05,0.4,0.03,0.02,223.43,417.27
-0.1,0.05,0.4,0.03,0.03,223.43,431.27
-0.1,0.05,0.4,0.03,0.04,223.43,445.27
-0.1,0.1,0.4,0,0,181.44,458.56
-0.1,0.1,0.4,0,0.01,181.44,472.56
-0.1,0.1,0.4,0,0.02,181.44,486.56
-0.1,0.1,0.4,0,0.03,181.44,500.55
-0.1,0.1,0.4,0,0.04,181.44,514.55
-0.1,0.1,0.4,0.01,0,195.43,458.56
-0.1,0.1,0.4,0.01,0.01,195.43,472.56
-0.1,0.1,0.4,0.01,0.02,195.43,486.56
-0.1,0.1,0.4,0.01,0.03,195.43,500.55
-0.1,0.1,0.4,0.01,0.04,195.43,514.55
-0.1,0.1,0.4,0.02,0,209.43,458.56
-0.1,0.1,0.4,0.02,0.01,209.43,472.56
-0.1,0.1,0.4,0.02,0.02,209.43,486.56
-0.1,0.1,0.4,0.02,0.03,209.43,500.55
-0.1,0.1,0.4,0.02,0.04,209.43,514.55
-0.1,0.1,0.4,0.03,0,223.43,458.56
-0.1,0.1,0.4,0.03,0.01,223.43,472.56
-0.1,0.1,0.4,0.03,0.02,223.43,486.56
-0.1,0.1,0.4,0.03,0.03,223.43,500.55
-0.05,0,0.4,0.03,0.04,292.71,375.99
-0.05,0.05,0.4,0,0,250.72,389.28
-0.05,0.05,0.4,0,0.01,250.72,403.28
-0.05,0.05,0.4,0,0.02,250.72,417.27
-0.05,0.05,0.4,0,0.03,250.72,431.27
-0.05,0.05,0.4,0,0.04,250.72,445.27
-0.05,0.05,0.4,0.01,0,264.71,389.28
-0.05,0.05,0.4,0.01,0.01,264.71,403.28
-0.05,0.05,0.4,0.01,0.02,264.71,417.27
-0.05,0.05,0.4,0.01,0.03,264.71,431.27
-0.05,0.05,0.4,0.01,0.04,264.71,445.27
-0.05,0.05,0.4,0.02,0,278.71,389.28
-0.05,0.05,0.4,0.02,0.01,278.71,403.28
-0.05,0.05,0.4,0.02,0.02,278.71,417.27
-0.05,0.05,0.4,0.02,0.03,278.71,431.27
-0.05,0.05,0.4,0.02,0.04,278.71,445.27
-0.05,0.05,0.4,0.03,0,292.71,389.28
-0.05,0.05,0.4,0.03,0.01,292.71,403.28
-0.05,0.05,0.4,0.03,0.02,292.71,417.27
-0.05,0.05,0.4,0.03,0.03,292.71,431.27
-0.05,0.05,0.4,0.03,0.04,292.71,445.27
-0.05,0.1,0.4,0,0,250.72,458.56
-0.05,0.1,0.4,0,0.01,250.72,472.56
-0.05,0.1,0.4,0,0.02,250.72,486.56
-0.05,0.1,0.4,0,0.03,250.72,500.55
-0.05,0.1,0.4,0,0.04,250.72,514.55
-0.05,0.1,0.4,0.01,0,264.71,458.56
-0.05,0.1,0.4,0.01,0.01,264.71,472.56
-0.05,0.1,0.4,0.01,0.02,264.71,486.56
-0.05,0.1,0.4,0.01,0.03,264.71,500.55
-0.05,0.1,0.4,0.01,0.04,264.71,514.55
-0.05,0.1,0.4,0.02,0,278.71,458.56
-0.05,0.1,0.4,0.02,0.01,278.71,472.56
-0.05,0.1,0.4,0.02,0.02,278.71,486.56
-0.05,0.1,0.4,0.02,0.03,278.71,500.55
-0.05,0.1,0.4,0.02,0.04,278.71,514.55
-0.05,0.1,0.4,0.03,0,292.71,458.56
-0.05,0.1,0.4,0.03,0.01,292.71,472.56
-0.05,0.1,0.4,0.03,0.02,292.71,486.56
-0.05,0.1,0.4,0.03,0.03,292.71,500.55
0,0,0.4,0.03,0.04,361.99,375.99
0,0.05,0.4,0,0,320,389.28
0,0.05,0.4,0,0.01,320,403.28
0,0.05,0.4,0,0.02,320,417.27
0,0.05,0.4,0,0.03,320,431.27
0,0.05,0.4,0,0.04,320,445.27
0,0.05,0.4,0.01,0,334,389.28
0,0.05,0.4,0.01,0.01,334,403.28
0,0.05,0.4,0.01,0.02,334,417.27
0,0.05,0.4,0.01,0.03,334,431.27
0,0.05,0.4,0.01,0.04,334,445.27
0,0.05,0.4,0.02,0,347.99,389.28
0,0.05,0.4,0.02,0.01,347.99,403.28
0,0.05,0.4,0.02,0.02,347.99,417.27
0,0.05,0.4,0.02,0.03,347.99,431.27
0,0.05,0.4,0.02,0.04,347.99,445.27
0,0.05,0.4,0.03,0,361.99,389.28
0,0.05,0.4,0.03,0.01,361.99,403.28
0,0.05,0.4,0.03,0.02,361.99,417.27
0,0.05,0.4,0.03,0.03,361.99,431.27
0,0.05,0.4,0.03,0.04,361.99,445.27
0,0.1,0.4,0,0,320,458.56
0,0.1,0.4,0,0.01,320,472.56
0,0.1,0.4,0,0.02,320,486.56
0,0.1,0.4,0,0.03,320,500.55
0,0.1,0.4,0,0.04,320,514.55
0,0.1,0.4,0.01,0,334,458.56
0,0.1,0.4,0.01,0.01,334,472.56
0,0.1,0.4,0.01,0.02,334,486.56
0,0.1,0.4,0.01,0.03,334,500.55
0,0.1,0.4,0.01,0.04,334,514.55
0,0.1,0.4,0.02,0,347.99,458.56
0,0.1,0.4,0.02,0.01,347.99,472.56
0,0.1,0.4,0.02,0.02,347.99,486.56
0,0.1,0.4,0.02,0.03,347.99,500.55
0,0.1,0.4,0.02,0.04,347.99,514.55
0,0.1,0.4,0.03,0,361.99,458.56
0,0.1,0.4,0.03,0.01,361.99,472.56
0,0.1,0.4,0.03,0.02,361.99,486.56
0,0.1,0.4,0.03,0.03,361.99,500.55
0.05,0,0.4,0.03,0.04,431.27,375.99
0.05,0.05,0.4,0,0,389.28,389.28
0.05,0.05,0.4,0,0.01,389.28,403.28
0.05,0.05,0.4,0,0.02,389.28,417.27
0.05,0.05,0.4,0,0.03,389.28,431.27
0.05,0.05,0.4,0,0.04,389.28,445.27
0.05,0.05,0.4,0.01,0,403.28,389.28
0.05,0.05,0.4,0.01,0.01,403.28,403.28
0.05,0.05,0.4,0.01,0.02,403.28,417.27
0.05,0.05,0.4,0.01,0.03,403.28,431.27
0.05,0.05,0.4,0.01,0.04,403.28,445.27
0.05,0.05,0.4,0.02,0,417.27,389.28
0.05,0.05,0.4,0.02,0.01,417.27,403.28
0.05,0.05,0.4,0.02,0.02,417.27,417.27
0.05,0.05,0.4,0.02,0.03,417.27,431.27
0.05,0.05,0.4,0.02,0.04,417.27,445.27
0.05,0.05,0.4,0.03,0,431.27,389.28
0.05,0.05,0.4,0.03,0.01,431.27,403.28
0.05,0.05,0.4,0.03,0.02,431.27,417.27
0.05,0.05,0.4,0.03,0.03,431.27,431.27
0.05,0.05,0.4,0.03,0.04,431.27,445.27
0.05,0.1,0.4,0,0,389.28,458.56
0.05,0.1,0.4,0,0.01,389.28,472.56
0.05,0.1,0.4,0,0.02,389.28,486.56
0.05,0.1,0.4,0,0.03,389.28,500.55
0.05,0.1,0.4,0,0.04,389.28,514.55
0.05,0.1,0.4,0.01,0,403.28,458.56
0.05,0.1,0.4,0.01,0.01,403.28,472.56
0.05,0.1,0.4,0.01,0.02,403.28,486.56
0.05,0.1,0.4,0.01,0.03,403.28,500.55
0.05,0.1,0.4,0.01,0.04,403.28,514.55
0.05,0.1,0.4,0.02,0,417.27,458.56
0.05,0.1,0.4,0.02,0.01,417.27,472.56
0.05,0.1,0.4,0.02,0.02,417.27,486.56
0.05,0.1,0.4,0.02,0.03,417.27,500.55
0.05,0.1,0.4,0.02,0.04,417.27,514.55
0.05,0.1,0.4,0.03,0,431.27,458.56
0.05,0.1,0.4,0.03,0.01,431.27,472.56
0.05,0.1,0.4,0.03,0.02,431.27,486.56
0.05,0.1,0.4,0.03,0.03,431.27,500.55
0.1,0,0.4,0.03,0.04,500.55,375.99
0.1,0.05,0.4,0,0,458.56,389.28
0.1,0.05,0.4,0,0.01,458.56,403.28
0.1,0.05,0.4,0,0.02,458.56,417.27
0.1,0.05,0.4,0,0.03,458.56,431.27
0.1,0.05,0.4,0,0.04,458.56,445.27
0.1,0.05,0.4,0.01,0,472.56,389.28
0.1,0.05,0.4,0.01,0.01,472.56,403.28
0.1,0.05,0.4,0.01,0.02,472.56,417.27
0.1,0.05,0.4,0.01,0.03,472.56,431.27
0.1,0.05,0.4,0.01,0.04,472.56,445.27
0.1,0.05,0.4,0.02,0,486.56,389.28
0.1,0.05,0.4,0.02,0.01,486.56,403.28
0.1,0.05,0.4,0.02,0.02,486.56,417.27
0.1,0.05,0.4,0.02,0.03,486.56,431.27
0.1,0.05,0.4,0.02,0.04,486.56,445.27
0.1,0.05,0.4,0.03,0,500.55,389.28
0.1,0.05,0.4,0.03,0.01,500.55,403.28
0.1,0.05,0.4,0.03,0.02,500.55,417.27
0.1,0.05,0.4,0.03,0.03,500.55,431.27
0.1,0.05,0.4,0.03,0.04,500.55,445.27
0.1,0.1,0.4,0,0,458.56,458.56
0.1,0.1,0.4,0,0.01,458.56,472.56
0.1,0.1,0.4,0,0.02,458.56,486.56
0.1,0.1,0.4,0,0.03,458.56,500.55
0.1,0.1,0.4,0,0.04,458.56,514.55
0.1,0.1,0.4,0.01,0,472.56,458.56
0.1,0.1,0.4,0.01,0.01,472.56,472.56
0.1,0.1,0.4,0.01,0.02,472.56,486.56
0.1,0.1,0.4,0.01,0.03,472.56,500.55
0.1,0.1,0.4,0.01,0.04,472.56,514.55
0.1,0.1,0.4,0.02,0,486.56,458.56
0.1,0.1,0.4,0.02,0.01,486.56,472.56
0.1,0.1,0.4,0.02,0.02,486.56,486.56
0.1,0.1,0.4,0.02,0.03,486.56,500.55
0.1,0.1,0.4,0.02,0.04,486.56,514.55
0.1,0.1,0.4,0.03,0,500.55,458.56
0.1,0.1,0.4,0.03,0.01,500.55,472.56
0.1,0.1,0.4,0.03,0.02,500.55,486.56
0.1,0.1,0.4,0.03,0.03,500.55,500.55
