-0.04,0,0.3,0.03,0.04,301.57,394.18
-0.04,0.02,0.3,0,0,245.48,356.59
-0.04,0.02,0.3,0,0.01,245.25,375.21
-0.04,0.02,0.3,0,0.02,245.46,394.22
-0.04,0.02,0.3,0,0.03,244.24,413.26
-0.04,0.02,0.3,0,0.04,244.53,432.79
-0.04,0.02,0.3,0.01,0,264.71,356.7
-0.04,0.02,0.3,0.01,0.01,265.17,375.17
-0.04,0.02,0.3,0.01,0.02,264.25,394.37
-0.04,0.02,0.3,0.01,0.03,265.28,414.29
-0.04,0.02,0.3,0.01,0.04,264.1,432.2
-0.04,0.02,0.3,0.02,0,283.49,357.38
-0.04,0.02,0.3,0.02,0.01,282.88,375.55
-0.04,0.02,0.3,0.02,0.02,282.5,394.7
-0.04,0.02,0.3,0.02,0.03,282.96,413.91
-0.04,0.02,0.3,0.02,0.04,282.56,432.73
-0.04,0.02,0.3,0.03,0,300.8,357.75
-0.04,0.02,0.3,0.03,0.01,300.92,376.41
-0.04,0.02,0.3,0.03,0.02,301.99,394.9
-0.04,0.02,0.3,0.03,0.03,301.36,412.96
-0.04,0.02,0.3,0.03,0.04,302.14,432.24
-0.04,0.04,0.3,0,0,246.13,394.18
-0.04,0.04,0.3,0,0.01,245.13,413.2
-0.04,0.04,0.3,0,0.02,244.49,432.1
-0.04,0.04,0.3,0,0.03,244.9,452.15
-0.04,0.04,0.3,0,0.04,244.05,472.5
-0.04,0.04,0.3,0.01,0,264.11,395.41
-0.04,0.04,0.3,0.01,0.01,263.74,413.6
-0.04,0.04,0.3,0.01,0.02,263.42,432.15
-0.04,0.04,0.3,0.01,0.03,263.6,452.02
-0.04,0.04,0.3,0.01,0.04,263.03,471.33
-0.04,0.04,0.3,0.02,0,283.04,394.06
-0.04,0.04,0.3,0.02,0.01,283.22,413.12
-0.04,0.04,0.3,0.02,0.02,282.85,431.95
-0.04,0.04,0.3,0.02,0.03,282.9,450.87
-0.04,0.04,0.3,0.02,0.04,281.65,470.31
-0.04,0.04,0.3,0.03,0,301.75,394.17
-0.04,0.04,0.3,0.03,0.01,301.16,413.45
-0.04,0.04,0.3,0.03,0.02,301.71,431.86
-0.04,0.04,0.3,0.03,0.03,302.03,451.65
-0.02,0,0.3,0.03,0.04,337.5,394.75
-0.02,0.02,0.3,0,0,282.69,357.58
-0.02,0.02,0.3,0,0.01,282.72,377.23
-0.02,0.02,0.3,0,0.02,283.05,394.87
-0.02,0.02,0.3,0,0.03,283.21,413.61
-0.02,0.02,0.3,0,0.04,283.02,432.37
-0.02,0.02,0.3,0.01,0,301.97,356.54
-0.02,0.02,0.3,0.01,0.01,301.26,375.94
-0.02,0.02,0.3,0.01,0.02,301.75,394.14
-0.02,0.02,0.3,0.01,0.03,302.18,413.65
-0.02,0.02,0.3,0.01,0.04,300.66,431.8
-0.02,0.02,0.3,0.02,0,321.17,357.36
-0.02,0.02,0.3,0.02,0.01,320.28,376.55
-0.02,0.02,0.3,0.02,0.02,320.69,394.06
-0.02,0.02,0.3,0.02,0.03,319.83,413.27
-0.02,0.02,0.3,0.02,0.04,320.66,431.91
-0.02,0.02,0.3,0.03,0,338.85,356.88
-0.02,0.02,0.3,0.03,0.01,339.6,375.38
-0.02,0.02,0.3,0.03,0.02,337.59,393.98
-0.02,0.02,0.3,0.03,0.03,338.34,413.7
-0.02,0.02,0.3,0.03,0.04,339.55,432.22
-0.02,0.04,0.3,0,0,282.29,394.24
-0.02,0.04,0.3,0,0.01,282.13,413.25
-0.02,0.04,0.3,0,0.02,282.87,433.53
-0.02,0.04,0.3,0,0.03,281.44,451.37
-0.02,0.04,0.3,0,0.04,282.36,469.9
-0.02,0.04,0.3,0.01,0,301.39,393.99
-0.02,0.04,0.3,0.01,0.01,300.85,413.32
-0.02,0.04,0.3,0.01,0.02,301.71,432.2
-0.02,0.04,0.3,0.01,0.03,301.98,451.2
-0.02,0.04,0.3,0.01,0.04,299.92,471.17
-0.02,0.04,0.3,0.02,0,319.18,393.99
-0.02,0.04,0.3,0.02,0.01,320.68,412.23
-0.02,0.04,0.3,0.02,0.02,319.64,432.21
-0.02,0.04,0.3,0.02,0.03,319.93,451.55
-0.02,0.04,0.3,0.02,0.04,319.92,471.55
-0.02,0.04,0.3,0.03,0,338.35,394.43
-0.02,0.04,0.3,0.03,0.01,338.74,413.41
-0.02,0.04,0.3,0.03,0.02,339.44,431.75
-0.02,0.04,0.3,0.03,0.03,338.51,450.93
0,0,0.3,0.03,0.04,376.06,394.2
0,0.02,0.3,0,0,319.84,357.4
0,0.02,0.3,0,0.01,320.25,376.12
0,0.02,0.3,0,0.02,319.99,394.93
0,0.02,0.3,0,0.03,320.44,412.21
0,0.02,0.3,0,0.04,319.65,432.29
0,0.02,0.3,0.01,0,338.38,357.18
0,0.02,0.3,0.01,0.01,339.14,375.67
0,0.02,0.3,0.01,0.02,339.31,394.33
0,0.02,0.3,0.01,0.03,337.97,412.36
0,0.02,0.3,0.01,0.04,337.87,432.44
0,0.02,0.3,0.02,0,357.36,357.37
0,0.02,0.3,0.02,0.01,356.89,375.39
0,0.02,0.3,0.02,0.02,357.14,394.49
0,0.02,0.3,0.02,0.03,357.71,413.66
0,0.02,0.3,0.02,0.04,358.08,432.63
0,0.02,0.3,0.03,0,376.33,357.48
0,0.02,0.3,0.03,0.01,375.23,375.3
0,0.02,0.3,0.03,0.02,376.2,394.94
0,0.02,0.3,0.03,0.03,376.38,413.39
0,0.02,0.3,0.03,0.04,376.29,431.17
0,0.04,0.3,0,0,320.4,394.55
0,0.04,0.3,0,0.01,320.8,413.61
0,0.04,0.3,0,0.02,319.41,431.92
0,0.04,0.3,0,0.03,319.88,451.05
0,0.04,0.3,0,0.04,319.93,470.8
0,0.04,0.3,0.01,0,338.83,393.84
0,0.04,0.3,0.01,0.01,338.4,412.44
0,0.04,0.3,0.01,0.02,338.48,433.71
0,0.04,0.3,0.01,0.03,338.75,451.2
0,0.04,0.3,0.01,0.04,338.92,470.9
0,0.04,0.3,0.02,0,356.48,395.13
0,0.04,0.3,0.02,0.01,357.29,413.5
0,0.04,0.3,0.02,0.02,357.27,432.15
0,0.04,0.3,0.02,0.03,357.24,452.42
0,0.04,0.3,0.02,0.04,357.92,471.03
0,0.04,0.3,0.03,0,375.48,394.83
0,0.04,0.3,0.03,0.01,376.32,412.87
0,0.04,0.3,0.03,0.02,375.9,432.81
0,0.04,0.3,0.03,0.03,377.11,451.79
0.02,0,0.3,0.03,0.04,413.46,395.38
0.02,0.02,0.3,0,0,356.78,357.18
0.02,0.02,0.3,0,0.01,357.19,375.74
0.02,0.02,0.3,0,0.02,357.85,393.62
0.02,0.02,0.3,0,0.03,356.69,412.72
0.02,0.02,0.3,0,0.04,357.02,431.87
0.02,0.02,0.3,0.01,0,375.35,357.13
0.02,0.02,0.3,0.01,0.01,376.08,375.85
0.02,0.02,0.3,0.01,0.02,376.57,394.29
0.02,0.02,0.3,0.01,0.03,375.84,413.82
0.02,0.02,0.3,0.01,0.04,376.34,433.36
0.02,0.02,0.3,0.02,0,394.13,356.93
0.02,0.02,0.3,0.02,0.01,394.02,376.03
0.02,0.02,0.3,0.02,0.02,394.88,394.31
0.02,0.02,0.3,0.02,0.03,395.68,414.09
0.02,0.02,0.3,0.02,0.04,396.98,432.18
0.02,0.02,0.3,0.03,0,413.03,357.23
0.02,0.02,0.3,0.03,0.01,413.9,375.99
0.02,0.02,0.3,0.03,0.02,414.24,394.92
0.02,0.02,0.3,0.03,0.03,413.67,413.58
0.02,0.02,0.3,0.03,0.04,414.48,432.03
0.02,0.04,0.3,0,0,356.85,394.51
0.02,0.04,0.3,0,0.01,357.48,414.14
0.02,0.04,0.3,0,0.02,357.55,432.61
0.02,0.04,0.3,0,0.03,357.68,452.22
0.02,0.04,0.3,0,0.04,358.27,471.78
0.02,0.04,0.3,0.01,0,375.73,394.42
0.02,0.04,0.3,0.01,0.01,376.03,412.56
0.02,0.04,0.3,0.01,0.02,376.62,431.64
0.02,0.04,0.3,0.01,0.03,376.66,450.54
0.02,0.04,0.3,0.01,0.04,375.97,472.1
0.02,0.04,0.3,0.02,0,394.33,394.41
0.02,0.04,0.3,0.02,0.01,395.17,414.44
0.02,0.04,0.3,0.02,0.02,396.08,432.69
0.02,0.04,0.3,0.02,0.03,394.52,451.81
0.02,0.04,0.3,0.02,0.04,395.35,471.03
0.02,0.04,0.3,0.03,0,413.44,395.45
0.02,0.04,0.3,0.03,0.01,413.3,414.57
0.02,0.04,0.3,0.03,0.02,414.29,433.66
0.02,0.04,0.3,0.03,0.03,414.7,453.01
0.04,0,0.3,0.03,0.04,451.69,395.38
0.04,0.02,0.3,0,0,394.4,357.41
0.04,0.02,0.3,0,0.01,394.8,375.99
0.04,0.02,0.3,0,0.02,395.41,395.22
0.04,0.02,0.3,0,0.03,394.33,414.17
0.04,0.02,0.3,0,0.04,395.06,431.85
0.04,0.02,0.3,0.01,0,413.49,357.16
0.04,0.02,0.3,0.01,0.01,414.05,375.52
0.04,0.02,0.3,0.01,0.02,413.17,395.35
0.04,0.02,0.3,0.01,0.03,413.94,413.87
0.04,0.02,0.3,0.01,0.04,414.25,432.46
0.04,0.02,0.3,0.02,0,432.72,357.02
0.04,0.02,0.3,0.02,0.01,432.32,376.66
0.04,0.02,0.3,0.02,0.02,432.92,395.39
0.04,0.02,0.3,0.02,0.03,432.67,414.37
0.04,0.02,0.3,0.02,0.04,433.85,433.55
0.04,0.02,0.3,0.03,0,451.53,358.3
0.04,0.02,0.3,0.03,0.01,452.66,375.35
0.04,0.02,0.3,0.03,0.02,451.75,395.89
0.04,0.02,0.3,0.03,0.03,452.75,414.97
0.04,0.02,0.3,0.03,0.04,453.35,434.05
0.04,0.04,0.3,0,0,394.68,394.48
0.04,0.04,0.3,0,0.01,395.57,413.08
0.04,0.04,0.3,0,0.02,395.31,432.59
0.04,0.04,0.3,0,0.03,395.68,452.36
0.04,0.04,0.3,0,0.04,396.2,471.34
0.04,0.04,0.3,0.01,0,414.35,395.04
0.04,0.04,0.3,0.01,0.01,414.22,414.58
0.04,0.04,0.3,0.01,0.02,414.59,432.98
0.04,0.04,0.3,0.01,0.03,413.73,452.69
0.04,0.04,0.3,0.01,0.04,415.28,471.99
0.04,0.04,0.3,0.02,0,432.37,394.43
0.04,0.04,0.3,0.02,0.01,433.11,414.74
0.04,0.04,0.3,0.02,0.02,433.57,434.12
0.04,0.04,0.3,0.02,0.03,433.48,452.62
0.04,0.04,0.3,0.02,0.04,434.22,473.29
0.04,0.04,0.3,0.03,0,451.64,395.06
0.04,0.04,0.3,0.03,0.01,452.4,414.75
0.04,0.04,0.3,0.03,0.02,453.19,435.08
0.04,0.04,0.3,0.03,0.03,453.3,453.29
-0.04,0,0.31,0.03,0.04,302.72,391.47
-0.04,0.02,0.31,0,0,247.59,356.1
-0.04,0.02,0.31,0,0.01,248.6,374.56
-0.04,0.02,0.31,0,0.02,248.15,391.75
-0.04,0.02,0.31,0,0.03,246.49,411.09
-0.04,0.02,0.31,0,0.04,247.51,429.36
-0.04,0.02,0.31,0.01,0,266.39,355.84
-0.04,0.02,0.31,0.01,0.01,265.56,373.79
-0.04,0.02,0.31,0.01,0.02,266.09,391.47
-0.04,0.02,0.31,0.01,0.03,265.11,410.83
-0.04,0.02,0.31,0.01,0.04,265.55,428.85
-0.04,0.02,0.31,0.02,0,283.68,355.69
-0.04,0.02,0.31,0.02,0.01,284.16,373.63
-0.04,0.02,0.31,0.02,0.02,283.82,391.22
-0.04,0.02,0.31,0.02,0.03,283.97,410.12
-0.04,0.02,0.31,0.02,0.04,284.19,427.75
-0.04,0.02,0.31,0.03,0,302.67,355.57
-0.04,0.02,0.31,0.03,0.01,301.84,374.11
-0.04,0.02,0.31,0.03,0.02,301.65,392.01
-0.04,0.02,0.31,0.03,0.03,302,410.58
-0.04,0.02,0.31,0.03,0.04,302,428.06
-0.04,0.04,0.31,0,0,247.22,392.05
-0.04,0.04,0.31,0,0.01,247.21,411.08
-0.04,0.04,0.31,0,0.02,247.47,429.05
-0.04,0.04,0.31,0,0.03,247.8,448.12
-0.04,0.04,0.31,0,0.04,246.21,467.14
-0.04,0.04,0.31,0.01,0,266.62,391.87
-0.04,0.04,0.31,0.01,0.01,265.41,410.18
-0.04,0.04,0.31,0.01,0.02,265.84,428.39
-0.04,0.04,0.31,0.01,0.03,264.94,447.82
-0.04,0.04,0.31,0.01,0.04,265.12,466.59
-0.04,0.04,0.31,0.02,0,284.36,391.59
-0.04,0.04,0.31,0.02,0.01,284.67,409.95
-0.04,0.04,0.31,0.02,0.02,282.9,428.56
-0.04,0.04,0.31,0.02,0.03,283.69,447.63
-0.04,0.04,0.31,0.02,0.04,283.89,465.74
-0.04,0.04,0.31,0.03,0,302.21,392.09
-0.04,0.04,0.31,0.03,0.01,302.18,409.58
-0.04,0.04,0.31,0.03,0.02,301.59,428.89
-0.04,0.04,0.31,0.03,0.03,301.2,447.08
-0.02,0,0.31,0.03,0.04,337.93,392.13
-0.02,0.02,0.31,0,0,284.47,356.29
-0.02,0.02,0.31,0,0.01,283.27,374.73
-0.02,0.02,0.31,0,0.02,284.63,392.17
-0.02,0.02,0.31,0,0.03,283.1,409.9
-0.02,0.02,0.31,0,0.04,284.02,428.49
-0.02,0.02,0.31,0.01,0,302.26,356.33
-0.02,0.02,0.31,0.01,0.01,301.53,373.73
-0.02,0.02,0.31,0.01,0.02,302.45,391.77
-0.02,0.02,0.31,0.01,0.03,302.09,411.28
-0.02,0.02,0.31,0.01,0.04,302.12,428.45
-0.02,0.02,0.31,0.02,0,320.42,356.46
-0.02,0.02,0.31,0.02,0.01,320.08,374.27
-0.02,0.02,0.31,0.02,0.02,320.03,392.21
-0.02,0.02,0.31,0.02,0.03,319.12,409.98
-0.02,0.02,0.31,0.02,0.04,319.64,428.26
-0.02,0.02,0.31,0.03,0,337.81,354.79
-0.02,0.02,0.31,0.03,0.01,337.11,374.35
-0.02,0.02,0.31,0.03,0.02,338.23,392.24
-0.02,0.02,0.31,0.03,0.03,337.81,409.87
-0.02,0.02,0.31,0.03,0.04,338.79,428.03
-0.02,0.04,0.31,0,0,284.61,391.18
-0.02,0.04,0.31,0,0.01,284.71,409.55
-0.02,0.04,0.31,0,0.02,284.22,428.39
-0.02,0.04,0.31,0,0.03,282.99,446.81
-0.02,0.04,0.31,0,0.04,283.41,466.66
-0.02,0.04,0.31,0.01,0,300.63,391.89
-0.02,0.04,0.31,0.01,0.01,301.49,410.34
-0.02,0.04,0.31,0.01,0.02,302.19,428.43
-0.02,0.04,0.31,0.01,0.03,302.29,446.85
-0.02,0.04,0.31,0.01,0.04,302.14,465.45
-0.02,0.04,0.31,0.02,0,319.82,391.73
-0.02,0.04,0.31,0.02,0.01,319.71,410.18
-0.02,0.04,0.31,0.02,0.02,320.43,428.94
-0.02,0.04,0.31,0.02,0.03,320.41,447.45
-0.02,0.04,0.31,0.02,0.04,319.98,466.39
-0.02,0.04,0.31,0.03,0,337.29,393.15
-0.02,0.04,0.31,0.03,0.01,337.51,410.37
-0.02,0.04,0.31,0.03,0.02,338.3,428.61
-0.02,0.04,0.31,0.03,0.03,338.99,447.76
0,0,0.31,0.03,0.04,373.82,392.4
0,0.02,0.31,0,0,321.03,354.36
0,0.02,0.31,0,0.01,320.44,373.35
0,0.02,0.31,0,0.02,320.48,391.95
0,0.02,0.31,0,0.03,319.76,409.93
0,0.02,0.31,0,0.04,319.65,429.8
0,0.02,0.31,0.01,0,337.71,356.36
0,0.02,0.31,0.01,0.01,338.17,373.26
0,0.02,0.31,0.01,0.02,336.89,391.94
0,0.02,0.31,0.01,0.03,336.65,409.95
0,0.02,0.31,0.01,0.04,338.01,428.61
0,0.02,0.31,0.02,0,355.5,354.71
0,0.02,0.31,0.02,0.01,356.75,373.26
0,0.02,0.31,0.02,0.02,356.67,391.75
0,0.02,0.31,0.02,0.03,356.38,409.73
0,0.02,0.31,0.02,0.04,355.92,429.21
0,0.02,0.31,0.03,0,374.21,356.66
0,0.02,0.31,0.03,0.01,374.73,373.67
0,0.02,0.31,0.03,0.02,374.12,392.1
0,0.02,0.31,0.03,0.03,373.65,410.02
0,0.02,0.31,0.03,0.04,374.21,429.04
0,0.04,0.31,0,0,320.08,391.17
0,0.04,0.31,0,0.01,320.31,410.79
0,0.04,0.31,0,0.02,319.88,428.3
0,0.04,0.31,0,0.03,320.09,446.64
0,0.04,0.31,0,0.04,319.93,465.03
0,0.04,0.31,0.01,0,337.5,391.17
0,0.04,0.31,0.01,0.01,338.15,410.11
0,0.04,0.31,0.01,0.02,338.64,428.38
0,0.04,0.31,0.01,0.03,338.14,447.64
0,0.04,0.31,0.01,0.04,338.09,465.52
0,0.04,0.31,0.02,0,355.99,392.88
0,0.04,0.31,0.02,0.01,355.99,410.51
0,0.04,0.31,0.02,0.02,355.88,428.81
0,0.04,0.31,0.02,0.03,357.11,447.89
0,0.04,0.31,0.02,0.04,355.34,465.83
0,0.04,0.31,0.03,0,373.55,392.34
0,0.04,0.31,0.03,0.01,374.74,410.54
0,0.04,0.31,0.03,0.02,374.99,427.89
0,0.04,0.31,0.03,0.03,374.31,446.82
0.02,0,0.31,0.03,0.04,410.65,391.7
0.02,0.02,0.31,0,0,355.79,356.29
0.02,0.02,0.31,0,0.01,356.06,373.37
0.02,0.02,0.31,0,0.02,355.39,391.73
0.02,0.02,0.31,0,0.03,355.61,410.57
0.02,0.02,0.31,0,0.04,356.17,429.19
0.02,0.02,0.31,0.01,0,373.86,356.17
0.02,0.02,0.31,0.01,0.01,374.27,374.53
0.02,0.02,0.31,0.01,0.02,373.65,391.27
0.02,0.02,0.31,0.01,0.03,375.2,409.73
0.02,0.02,0.31,0.01,0.04,373.81,428.87
0.02,0.02,0.31,0.02,0,392.68,356
0.02,0.02,0.31,0.02,0.01,392.61,373.17
0.02,0.02,0.31,0.02,0.02,392.55,392.41
0.02,0.02,0.31,0.02,0.03,392.86,411.59
0.02,0.02,0.31,0.02,0.04,392.43,429.24
0.02,0.02,0.31,0.03,0,409.37,356.13
0.02,0.02,0.31,0.03,0.01,410.44,375.01
0.02,0.02,0.31,0.03,0.02,410.93,392.69
0.02,0.02,0.31,0.03,0.03,410.3,411.02
0.02,0.02,0.31,0.03,0.04,411.7,429.76
0.02,0.04,0.31,0,0,355.1,391.94
0.02,0.04,0.31,0,0.01,355.49,410.73
0.02,0.04,0.31,0,0.02,356.22,428.63
0.02,0.04,0.31,0,0.03,356.29,447.74
0.02,0.04,0.31,0,0.04,357.15,465.89
0.02,0.04,0.31,0.01,0,373.45,391.93
0.02,0.04,0.31,0.01,0.01,374.97,410.04
0.02,0.04,0.31,0.01,0.02,373.99,429.01
0.02,0.04,0.31,0.01,0.03,374.43,447.48
0.02,0.04,0.31,0.01,0.04,374.4,466.15
0.02,0.04,0.31,0.02,0,392.44,392.28
0.02,0.04,0.31,0.02,0.01,393.19,410.07
0.02,0.04,0.31,0.02,0.02,392.38,427.99
0.02,0.04,0.31,0.02,0.03,393.08,448.35
0.02,0.04,0.31,0.02,0.04,393.69,465.86
0.02,0.04,0.31,0.03,0,410.48,392.18
0.02,0.04,0.31,0.03,0.01,410.59,410.97
0.02,0.04,0.31,0.03,0.02,411.46,429.32
0.02,0.04,0.31,0.03,0.03,411.15,447.88
0.04,0,0.31,0.03,0.04,446.93,393.36
0.04,0.02,0.31,0,0,391.68,356.92
0.04,0.02,0.31,0,0.01,391.89,374.13
0.04,0.02,0.31,0,0.02,392.26,392.93
0.04,0.02,0.31,0,0.03,392.75,410.78
0.04,0.02,0.31,0,0.04,393.08,429.34
0.04,0.02,0.31,0.01,0,410.61,355.87
0.04,0.02,0.31,0.01,0.01,409.75,373.43
0.04,0.02,0.31,0.01,0.02,409.93,391.62
0.04,0.02,0.31,0.01,0.03,409.85,410.6
0.04,0.02,0.31,0.01,0.04,411.55,429.52
0.04,0.02,0.31,0.02,0,427.73,356.63
0.04,0.02,0.31,0.02,0.01,428.69,374.04
0.04,0.02,0.31,0.02,0.02,428.76,391.76
0.04,0.02,0.31,0.02,0.03,429.23,411.86
0.04,0.02,0.31,0.02,0.04,430.19,430.27
0.04,0.02,0.31,0.03,0,448.24,356.33
0.04,0.02,0.31,0.03,0.01,446.32,375.4
0.04,0.02,0.31,0.03,0.02,447.81,392.87
0.04,0.02,0.31,0.03,0.03,448.36,411.54
0.04,0.02,0.31,0.03,0.04,448.25,429.34
0.04,0.04,0.31,0,0,391.82,392.18
0.04,0.04,0.31,0,0.01,392.82,410.38
0.04,0.04,0.31,0,0.02,393.04,429.26
0.04,0.04,0.31,0,0.03,393.27,447.99
0.04,0.04,0.31,0,0.04,393.95,465.74
0.04,0.04,0.31,0.01,0,411.55,392.03
0.04,0.04,0.31,0.01,0.01,410.88,410.56
0.04,0.04,0.31,0.01,0.02,410.54,429.82
0.04,0.04,0.31,0.01,0.03,411.49,448.79
0.04,0.04,0.31,0.01,0.04,411.99,467.01
0.04,0.04,0.31,0.02,0,429.4,391.74
0.04,0.04,0.31,0.02,0.01,429.22,410.56
0.04,0.04,0.31,0.02,0.02,430.05,430.62
0.04,0.04,0.31,0.02,0.03,430.22,447.69
0.04,0.04,0.31,0.02,0.04,431.52,467.24
0.04,0.04,0.31,0.03,0,447.57,392.78
0.04,0.04,0.31,0.03,0.01,447.28,410.92
0.04,0.04,0.31,0.03,0.02,448.97,430.61
0.04,0.04,0.31,0.03,0.03,449.66,448.82
-0.04,0,0.32,0.03,0.04,302.13,388.89
-0.04,0.02,0.32,0,0,250.77,355.75
-0.04,0.02,0.32,0,0.01,250.2,371.83
-0.04,0.02,0.32,0,0.02,251.08,390.91
-0.04,0.02,0.32,0,0.03,250.24,407.28
-0.04,0.02,0.32,0,0.04,249.19,424.91
-0.04,0.02,0.32,0.01,0,267.11,355.28
-0.04,0.02,0.32,0.01,0.01,267.46,372.67
-0.04,0.02,0.32,0.01,0.02,267.05,389.36
-0.04,0.02,0.32,0.01,0.03,267.09,407.63
-0.04,0.02,0.32,0.01,0.04,267.27,425.38
-0.04,0.02,0.32,0.02,0,285.43,354.15
-0.04,0.02,0.32,0.02,0.01,285.33,371.7
-0.04,0.02,0.32,0.02,0.02,285.02,389.6
-0.04,0.02,0.32,0.02,0.03,284.7,406.6
-0.04,0.02,0.32,0.02,0.04,285.14,424.74
-0.04,0.02,0.32,0.03,0,302.69,355.87
-0.04,0.02,0.32,0.03,0.01,302.74,372
-0.04,0.02,0.32,0.03,0.02,301.61,389.6
-0.04,0.02,0.32,0.03,0.03,302.92,407.61
-0.04,0.02,0.32,0.03,0.04,303.3,425.33
-0.04,0.04,0.32,0,0,250.27,389.54
-0.04,0.04,0.32,0,0.01,249.35,407.61
-0.04,0.04,0.32,0,0.02,249.46,425.84
-0.04,0.04,0.32,0,0.03,249.36,442.56
-0.04,0.04,0.32,0,0.04,249.37,462.13
-0.04,0.04,0.32,0.01,0,267.79,389.24
-0.04,0.04,0.32,0.01,0.01,267.98,406.78
-0.04,0.04,0.32,0.01,0.02,266.6,424.83
-0.04,0.04,0.32,0.01,0.03,267.92,443.75
-0.04,0.04,0.32,0.01,0.04,266.5,461.83
-0.04,0.04,0.32,0.02,0,284.85,389.46
-0.04,0.04,0.32,0.02,0.01,284.77,408.51
-0.04,0.04,0.32,0.02,0.02,284.6,426.02
-0.04,0.04,0.32,0.02,0.03,285.48,443.21
-0.04,0.04,0.32,0.02,0.04,284.47,461.58
-0.04,0.04,0.32,0.03,0,302.17,389.73
-0.04,0.04,0.32,0.03,0.01,302.16,406.97
-0.04,0.04,0.32,0.03,0.02,302.78,423.88
-0.04,0.04,0.32,0.03,0.03,302.31,442.82
-0.02,0,0.32,0.03,0.04,337.36,389.04
-0.02,0.02,0.32,0,0,285.17,354.33
-0.02,0.02,0.32,0,0.01,284.63,372.07
-0.02,0.02,0.32,0,0.02,284.82,389.76
-0.02,0.02,0.32,0,0.03,284.61,407.95
-0.02,0.02,0.32,0,0.04,284.6,424.71
-0.02,0.02,0.32,0.01,0,302.36,354.8
-0.02,0.02,0.32,0.01,0.01,302.3,372.5
-0.02,0.02,0.32,0.01,0.02,303.04,389.42
-0.02,0.02,0.32,0.01,0.03,302.86,407.92
-0.02,0.02,0.32,0.01,0.04,303.04,425.62
-0.02,0.02,0.32,0.02,0,319.39,354.86
-0.02,0.02,0.32,0.02,0.01,319.91,372.12
-0.02,0.02,0.32,0.02,0.02,319.38,388.41
-0.02,0.02,0.32,0.02,0.03,318.97,405.96
-0.02,0.02,0.32,0.02,0.04,320.94,425.09
-0.02,0.02,0.32,0.03,0,337.76,354.9
-0.02,0.02,0.32,0.03,0.01,337.21,373.15
-0.02,0.02,0.32,0.03,0.02,337.14,389.73
-0.02,0.02,0.32,0.03,0.03,337.02,407.41
-0.02,0.02,0.32,0.03,0.04,337.02,424.55
-0.02,0.04,0.32,0,0,285.11,390.37
-0.02,0.04,0.32,0,0.01,285.36,407.6
-0.02,0.04,0.32,0,0.02,284.79,425.02
-0.02,0.04,0.32,0,0.03,283.99,442.38
-0.02,0.04,0.32,0,0.04,284.78,461.55
-0.02,0.04,0.32,0.01,0,302.55,388.73
-0.02,0.04,0.32,0.01,0.01,302.47,406.54
-0.02,0.04,0.32,0.01,0.02,301.83,424.4
-0.02,0.04,0.32,0.01,0.03,303.01,444.05
-0.02,0.04,0.32,0.01,0.04,302.52,460.66
-0.02,0.04,0.32,0.02,0,319.46,389.4
-0.02,0.04,0.32,0.02,0.01,319.68,406.87
-0.02,0.04,0.32,0.02,0.02,320.2,424.65
-0.02,0.04,0.32,0.02,0.03,319.47,441.94
-0.02,0.04,0.32,0.02,0.04,320.3,461.65
-0.02,0.04,0.32,0.03,0,337.69,389.29
-0.02,0.04,0.32,0.03,0.01,337.47,408.28
-0.02,0.04,0.32,0.03,0.02,337.86,425.39
-0.02,0.04,0.32,0.03,0.03,337.3,443.25
0,0,0.32,0.03,0.04,372.26,389.75
0,0.02,0.32,0,0,319.77,355.51
0,0.02,0.32,0,0.01,320.25,372.99
0,0.02,0.32,0,0.02,320.05,388.22
0,0.02,0.32,0,0.03,320.35,407.82
0,0.02,0.32,0,0.04,321.4,424.67
0,0.02,0.32,0.01,0,337.46,354.34
0,0.02,0.32,0.01,0.01,337.07,372.3
0,0.02,0.32,0.01,0.02,337.02,390.06
0,0.02,0.32,0.01,0.03,336.85,408.07
0,0.02,0.32,0.01,0.04,337.3,424.82
0,0.02,0.32,0.02,0,354.44,354.98
0,0.02,0.32,0.02,0.01,354.94,371.68
0,0.02,0.32,0.02,0.02,354.44,389.84
0,0.02,0.32,0.02,0.03,354.64,407.47
0,0.02,0.32,0.02,0.04,354.81,425.53
0,0.02,0.32,0.03,0,371.76,354.88
0,0.02,0.32,0.03,0.01,371.86,372.36
0,0.02,0.32,0.03,0.02,372.8,389.99
0,0.02,0.32,0.03,0.03,372.39,407.63
0,0.02,0.32,0.03,0.04,372.41,425.4
0,0.04,0.32,0,0,320.13,389.81
0,0.04,0.32,0,0.01,319.43,406.69
0,0.04,0.32,0,0.02,321.5,425.65
0,0.04,0.32,0,0.03,320.19,444.09
0,0.04,0.32,0,0.04,319.36,461.79
0,0.04,0.32,0.01,0,336.86,390.3
0,0.04,0.32,0.01,0.01,337.13,407.51
0,0.04,0.32,0.01,0.02,337.84,425.2
0,0.04,0.32,0.01,0.03,336.97,442.83
0,0.04,0.32,0.01,0.04,336.99,461.21
0,0.04,0.32,0.02,0,354.37,390.22
0,0.04,0.32,0.02,0.01,354.78,407.01
0,0.04,0.32,0.02,0.02,354.49,425.56
0,0.04,0.32,0.02,0.03,354.77,442.88
0,0.04,0.32,0.02,0.04,355.67,461.36
0,0.04,0.32,0.03,0,372.98,389.56
0,0.04,0.32,0.03,0.01,372.56,406.83
0,0.04,0.32,0.03,0.02,372.87,425.52
0,0.04,0.32,0.03,0.03,372.7,443.27
0.02,0,0.32,0.03,0.04,407.71,390.2
0.02,0.02,0.32,0,0,355.07,355.61
0.02,0.02,0.32,0,0.01,353.95,372.9
0.02,0.02,0.32,0,0.02,354.52,389.84
0.02,0.02,0.32,0,0.03,355,407.38
0.02,0.02,0.32,0,0.04,355.7,425.66
0.02,0.02,0.32,0.01,0,372.45,355.04
0.02,0.02,0.32,0.01,0.01,372.27,372.04
0.02,0.02,0.32,0.01,0.02,372.85,390.5
0.02,0.02,0.32,0.01,0.03,372.62,407.27
0.02,0.02,0.32,0.01,0.04,373.69,424.87
0.02,0.02,0.32,0.02,0,389.13,355.4
0.02,0.02,0.32,0.02,0.01,389.02,372.91
0.02,0.02,0.32,0.02,0.02,389.13,390.08
0.02,0.02,0.32,0.02,0.03,391.03,407.31
0.02,0.02,0.32,0.02,0.04,389.72,425.57
0.02,0.02,0.32,0.03,0,407.55,354.35
0.02,0.02,0.32,0.03,0.01,408.31,373.46
0.02,0.02,0.32,0.03,0.02,406.92,390.24
0.02,0.02,0.32,0.03,0.03,407.82,407.41
0.02,0.02,0.32,0.03,0.04,408.33,425.55
0.02,0.04,0.32,0,0,355.04,390.08
0.02,0.04,0.32,0,0.01,355.45,407.1
0.02,0.04,0.32,0,0.02,354.54,425.13
0.02,0.04,0.32,0,0.03,355.69,443.32
0.02,0.04,0.32,0,0.04,355.43,461.52
0.02,0.04,0.32,0.01,0,372.47,390.49
0.02,0.04,0.32,0.01,0.01,373.4,408.04
0.02,0.04,0.32,0.01,0.02,372.82,425.39
0.02,0.04,0.32,0.01,0.03,372.29,443.43
0.02,0.04,0.32,0.01,0.04,373.21,462.02
0.02,0.04,0.32,0.02,0,389.97,389.72
0.02,0.04,0.32,0.02,0.01,389.46,406.85
0.02,0.04,0.32,0.02,0.02,390.55,424.54
0.02,0.04,0.32,0.02,0.03,390.94,442.96
0.02,0.04,0.32,0.02,0.04,390.61,461.86
0.02,0.04,0.32,0.03,0,406.86,389.59
0.02,0.04,0.32,0.03,0.01,407.16,407.59
0.02,0.04,0.32,0.03,0.02,407.87,425.1
0.02,0.04,0.32,0.03,0.03,408.17,444.1
0.04,0,0.32,0.03,0.04,443.42,389.64
0.04,0.02,0.32,0,0,389.83,355.73
0.04,0.02,0.32,0,0.01,389.43,373.1
0.04,0.02,0.32,0,0.02,390,389.94
0.04,0.02,0.32,0,0.03,389.87,407.58
0.04,0.02,0.32,0,0.04,389.84,424.81
0.04,0.02,0.32,0.01,0,406.59,354.74
0.04,0.02,0.32,0.01,0.01,407.34,372.44
0.04,0.02,0.32,0.01,0.02,407.21,390.68
0.04,0.02,0.32,0.01,0.03,408.18,407.5
0.04,0.02,0.32,0.01,0.04,408.07,425.84
0.04,0.02,0.32,0.02,0,425.1,355.43
0.04,0.02,0.32,0.02,0.01,424.96,373.59
0.04,0.02,0.32,0.02,0.02,425.66,390
0.04,0.02,0.32,0.02,0.03,425.97,408.77
0.04,0.02,0.32,0.02,0.04,426.3,425.78
0.04,0.02,0.32,0.03,0,444.09,355.35
0.04,0.02,0.32,0.03,0.01,442.68,373.9
0.04,0.02,0.32,0.03,0.02,443.06,390.71
0.04,0.02,0.32,0.03,0.03,444.25,407.48
0.04,0.02,0.32,0.03,0.04,444.42,426.38
0.04,0.04,0.32,0,0,389.38,390.41
0.04,0.04,0.32,0,0.01,390.02,407.82
0.04,0.04,0.32,0,0.02,390.2,425.15
0.04,0.04,0.32,0,0.03,390.01,443.44
0.04,0.04,0.32,0,0.04,389.92,462.81
0.04,0.04,0.32,0.01,0,407.22,391.48
0.04,0.04,0.32,0.01,0.01,407.12,407.66
0.04,0.04,0.32,0.01,0.02,409.18,425.42
0.04,0.04,0.32,0.01,0.03,408.34,444.23
0.04,0.04,0.32,0.01,0.04,408.48,462.6
0.04,0.04,0.32,0.02,0,424.74,390.17
0.04,0.04,0.32,0.02,0.01,426.22,408.13
0.04,0.04,0.32,0.02,0.02,425.98,425.87
0.04,0.04,0.32,0.02,0.03,427.24,444.42
0.04,0.04,0.32,0.02,0.04,427.35,463.35
0.04,0.04,0.32,0.03,0,443.76,390.08
0.04,0.04,0.32,0.03,0.01,444.72,408.33
0.04,0.04,0.32,0.03,0.02,444.6,426.66
0.04,0.04,0.32,0.03,0.03,444.79,445.13
-0.04,0,0.33,0.03,0.04,303.43,387.4
-0.04,0.02,0.33,0,0,252.91,353.82
-0.04,0.02,0.33,0,0.01,252.08,370.3
-0.04,0.02,0.33,0,0.02,251.94,387.92
-0.04,0.02,0.33,0,0.03,252.49,404.6
-0.04,0.02,0.33,0,0.04,250.95,421
-0.04,0.02,0.33,0.01,0,269.95,353.29
-0.04,0.02,0.33,0.01,0.01,269.7,371.6
-0.04,0.02,0.33,0.01,0.02,269.22,388.2
-0.04,0.02,0.33,0.01,0.03,269.39,405.25
-0.04,0.02,0.33,0.01,0.04,268.23,422.9
-0.04,0.02,0.33,0.02,0,285.75,352.98
-0.04,0.02,0.33,0.02,0.01,286.51,370.44
-0.04,0.02,0.33,0.02,0.02,286.29,388.34
-0.04,0.02,0.33,0.02,0.03,286.09,405.43
-0.04,0.02,0.33,0.02,0.04,285.98,421.64
-0.04,0.02,0.33,0.03,0,303.84,353.46
-0.04,0.02,0.33,0.03,0.01,304.23,371.34
-0.04,0.02,0.33,0.03,0.02,303.11,387.65
-0.04,0.02,0.33,0.03,0.03,303.75,404.37
-0.04,0.02,0.33,0.03,0.04,303.48,421.97
-0.04,0.04,0.33,0,0,251.09,387.42
-0.04,0.04,0.33,0,0.01,251.68,404.73
-0.04,0.04,0.33,0,0.02,251.97,422.52
-0.04,0.04,0.33,0,0.03,251.56,439.39
-0.04,0.04,0.33,0,0.04,251.5,457.21
-0.04,0.04,0.33,0.01,0,269.56,387.99
-0.04,0.04,0.33,0.01,0.01,269.76,404.2
-0.04,0.04,0.33,0.01,0.02,269.16,422.33
-0.04,0.04,0.33,0.01,0.03,267.94,440.13
-0.04,0.04,0.33,0.01,0.04,269,456.82
-0.04,0.04,0.33,0.02,0,286.1,387.09
-0.04,0.04,0.33,0.02,0.01,286.5,404.19
-0.04,0.04,0.33,0.02,0.02,286.12,421.84
-0.04,0.04,0.33,0.02,0.03,285.93,438.4
-0.04,0.04,0.33,0.02,0.04,285.8,457.04
-0.04,0.04,0.33,0.03,0,303.16,388.28
-0.04,0.04,0.33,0.03,0.01,303.65,404.76
-0.04,0.04,0.33,0.03,0.02,303.74,422.7
-0.04,0.04,0.33,0.03,0.03,302.87,439.29
-0.02,0,0.33,0.03,0.04,336.5,386.95
-0.02,0.02,0.33,0,0,287.4,353.93
-0.02,0.02,0.33,0,0.01,286.24,370.71
-0.02,0.02,0.33,0,0.02,286.46,387.93
-0.02,0.02,0.33,0,0.03,285.8,404.43
-0.02,0.02,0.33,0,0.04,285.37,421.39
-0.02,0.02,0.33,0.01,0,302.72,353.65
-0.02,0.02,0.33,0.01,0.01,302.69,370.37
-0.02,0.02,0.33,0.01,0.02,302.84,387.77
-0.02,0.02,0.33,0.01,0.03,303.33,405.21
-0.02,0.02,0.33,0.01,0.04,303.57,421.03
-0.02,0.02,0.33,0.02,0,319.27,354.15
-0.02,0.02,0.33,0.02,0.01,319.88,370.71
-0.02,0.02,0.33,0.02,0.02,319.53,386.11
-0.02,0.02,0.33,0.02,0.03,320.17,404.98
-0.02,0.02,0.33,0.02,0.04,320.08,421.53
-0.02,0.02,0.33,0.03,0,337.34,353.59
-0.02,0.02,0.33,0.03,0.01,336.68,370.29
-0.02,0.02,0.33,0.03,0.02,337.45,387.4
-0.02,0.02,0.33,0.03,0.03,336.1,404.65
-0.02,0.02,0.33,0.03,0.04,337.25,422.52
-0.02,0.04,0.33,0,0,286.35,387.49
-0.02,0.04,0.33,0,0.01,286.07,404.81
-0.02,0.04,0.33,0,0.02,285.78,422.32
-0.02,0.04,0.33,0,0.03,285.7,439.37
-0.02,0.04,0.33,0,0.04,286.44,457.24
-0.02,0.04,0.33,0.01,0,302.74,387.04
-0.02,0.04,0.33,0.01,0.01,301.7,405.14
-0.02,0.04,0.33,0.01,0.02,303.48,422.11
-0.02,0.04,0.33,0.01,0.03,302.89,439.36
-0.02,0.04,0.33,0.01,0.04,302.58,456.67
-0.02,0.04,0.33,0.02,0,319.22,388.86
-0.02,0.04,0.33,0.02,0.01,319.34,403.48
-0.02,0.04,0.33,0.02,0.02,320.29,421.91
-0.02,0.04,0.33,0.02,0.03,320.1,438.46
-0.02,0.04,0.33,0.02,0.04,319.59,456.37
-0.02,0.04,0.33,0.03,0,336.85,387.01
-0.02,0.04,0.33,0.03,0.01,336.91,404.46
-0.02,0.04,0.33,0.03,0.02,336.49,421.03
-0.02,0.04,0.33,0.03,0.03,336.46,439.16
0,0,0.33,0.03,0.04,370.76,387.55
0,0.02,0.33,0,0,320.27,353.87
0,0.02,0.33,0,0.01,319.57,370.33
0,0.02,0.33,0,0.02,319.91,387.69
0,0.02,0.33,0,0.03,319.55,404.72
0,0.02,0.33,0,0.04,319.93,421.55
0,0.02,0.33,0.01,0,336.73,354.06
0,0.02,0.33,0.01,0.01,336.63,371.18
0,0.02,0.33,0.01,0.02,338.11,387.14
0,0.02,0.33,0.01,0.03,336.74,404.06
0,0.02,0.33,0.01,0.04,337.89,421.69
0,0.02,0.33,0.02,0,354.03,353.95
0,0.02,0.33,0.02,0.01,353.72,371.06
0,0.02,0.33,0.02,0.02,354.12,387.04
0,0.02,0.33,0.02,0.03,353.39,405.52
0,0.02,0.33,0.02,0.04,353.42,421.48
0,0.02,0.33,0.03,0,370.45,353.78
0,0.02,0.33,0.03,0.01,371.01,370.58
0,0.02,0.33,0.03,0.02,370.85,387.54
0,0.02,0.33,0.03,0.03,371.22,403.66
0,0.02,0.33,0.03,0.04,371.69,421.48
0,0.04,0.33,0,0,320.45,387.34
0,0.04,0.33,0,0.01,321.24,404.19
0,0.04,0.33,0,0.02,320.44,422.19
0,0.04,0.33,0,0.03,319.72,438.71
0,0.04,0.33,0,0.04,320.91,455.67
0,0.04,0.33,0.01,0,335.95,388.61
0,0.04,0.33,0.01,0.01,337.12,404.07
0,0.04,0.33,0.01,0.02,336.96,422.15
0,0.04,0.33,0.01,0.03,337.23,438.73
0,0.04,0.33,0.01,0.04,336.79,456.6
0,0.04,0.33,0.02,0,352.65,387.29
0,0.04,0.33,0.02,0.01,354.2,404.27
0,0.04,0.33,0.02,0.02,353.79,421.72
0,0.04,0.33,0.02,0.03,352.82,439.28
0,0.04,0.33,0.02,0.04,353.72,456.51
0,0.04,0.33,0.03,0,370.48,387.01
0,0.04,0.33,0.03,0.01,370.64,405.23
0,0.04,0.33,0.03,0.02,370.81,421.33
0,0.04,0.33,0.03,0.03,370.01,439.62
0.02,0,0.33,0.03,0.04,404.72,387.45
0.02,0.02,0.33,0,0,352.94,353.55
0.02,0.02,0.33,0,0.01,354.54,370.71
0.02,0.02,0.33,0,0.02,353.79,387.63
0.02,0.02,0.33,0,0.03,353.83,405.13
0.02,0.02,0.33,0,0.04,352.97,421.51
0.02,0.02,0.33,0.01,0,369.83,353.66
0.02,0.02,0.33,0.01,0.01,371.16,370.76
0.02,0.02,0.33,0.01,0.02,370.62,386.96
0.02,0.02,0.33,0.01,0.03,371.62,404.34
0.02,0.02,0.33,0.01,0.04,370.18,422.53
0.02,0.02,0.33,0.02,0,387.72,354.23
0.02,0.02,0.33,0.02,0.01,387.63,369.56
0.02,0.02,0.33,0.02,0.02,387.78,388.49
0.02,0.02,0.33,0.02,0.03,387.5,404.62
0.02,0.02,0.33,0.02,0.04,387.36,422.36
0.02,0.02,0.33,0.03,0,405.04,353.32
0.02,0.02,0.33,0.03,0.01,404.84,370.72
0.02,0.02,0.33,0.03,0.02,403.63,387.68
0.02,0.02,0.33,0.03,0.03,405.56,404.88
0.02,0.02,0.33,0.03,0.04,404.71,423.28
0.02,0.04,0.33,0,0,354.39,387.55
0.02,0.04,0.33,0,0.01,354.28,404.83
0.02,0.04,0.33,0,0.02,354.05,420.75
0.02,0.04,0.33,0,0.03,353.6,439.48
0.02,0.04,0.33,0,0.04,354.65,456.62
0.02,0.04,0.33,0.01,0,370.67,387.87
0.02,0.04,0.33,0.01,0.01,371.69,405.22
0.02,0.04,0.33,0.01,0.02,370.89,421.77
0.02,0.04,0.33,0.01,0.03,371.38,439.26
0.02,0.04,0.33,0.01,0.04,370.93,456.62
0.02,0.04,0.33,0.02,0,387.9,387.36
0.02,0.04,0.33,0.02,0.01,388.91,404.59
0.02,0.04,0.33,0.02,0.02,388.39,422.41
0.02,0.04,0.33,0.02,0.03,389.02,439.9
0.02,0.04,0.33,0.02,0.04,388.64,457.12
0.02,0.04,0.33,0.03,0,404.79,388.4
0.02,0.04,0.33,0.03,0.01,405.24,405.63
0.02,0.04,0.33,0.03,0.02,405.57,421.5
0.02,0.04,0.33,0.03,0.03,405.22,439.61
0.04,0,0.33,0.03,0.04,439.67,388.03
0.04,0.02,0.33,0,0,387.55,353.48
0.04,0.02,0.33,0,0.01,388.4,370.53
0.04,0.02,0.33,0,0.02,388.43,386.92
0.04,0.02,0.33,0,0.03,387.76,405.31
0.04,0.02,0.33,0,0.04,387.53,423.26
0.04,0.02,0.33,0.01,0,405.14,353.82
0.04,0.02,0.33,0.01,0.01,404.62,371.25
0.04,0.02,0.33,0.01,0.02,405.48,387.12
0.04,0.02,0.33,0.01,0.03,404.83,405.17
0.04,0.02,0.33,0.01,0.04,405.52,421.69
0.04,0.02,0.33,0.02,0,421.68,354.43
0.04,0.02,0.33,0.02,0.01,422.24,371.39
0.04,0.02,0.33,0.02,0.02,422.36,389.23
0.04,0.02,0.33,0.02,0.03,422.4,406.55
0.04,0.02,0.33,0.02,0.04,423.3,422.55
0.04,0.02,0.33,0.03,0,439.4,353.57
0.04,0.02,0.33,0.03,0.01,439.24,371.58
0.04,0.02,0.33,0.03,0.02,439.43,388.39
0.04,0.02,0.33,0.03,0.03,440.3,404.85
0.04,0.02,0.33,0.03,0.04,440.2,423.58
0.04,0.04,0.33,0,0,388.35,387.74
0.04,0.04,0.33,0,0.01,388.12,403.8
0.04,0.04,0.33,0,0.02,388.84,421.74
0.04,0.04,0.33,0,0.03,388.6,439.38
0.04,0.04,0.33,0,0.04,388.15,457.36
0.04,0.04,0.33,0.01,0,405.41,388.04
0.04,0.04,0.33,0.01,0.01,405.28,405.91
0.04,0.04,0.33,0.01,0.02,405.57,423.31
0.04,0.04,0.33,0.01,0.03,405.24,439.82
0.04,0.04,0.33,0.01,0.04,405.82,458.03
0.04,0.04,0.33,0.02,0,421.27,388.09
0.04,0.04,0.33,0.02,0.01,422.31,405.82
0.04,0.04,0.33,0.02,0.02,423.04,422.24
0.04,0.04,0.33,0.02,0.03,423.72,440.99
0.04,0.04,0.33,0.02,0.04,424.74,457.19
0.04,0.04,0.33,0.03,0,439.78,388.22
0.04,0.04,0.33,0.03,0.01,440.03,405.36
0.04,0.04,0.33,0.03,0.02,439.81,423.17
0.04,0.04,0.33,0.03,0.03,441.66,440.82
-0.04,0,0.34,0.03,0.04,303.53,386.37
-0.04,0.02,0.34,0,0,254.25,352.67
-0.04,0.02,0.34,0,0.01,253.85,369.15
-0.04,0.02,0.34,0,0.02,254.26,385.64
-0.04,0.02,0.34,0,0.03,254.39,402.12
-0.04,0.02,0.34,0,0.04,254.05,418.82
-0.04,0.02,0.34,0.01,0,270.99,352.97
-0.04,0.02,0.34,0.01,0.01,271.07,369.36
-0.04,0.02,0.34,0.01,0.02,270.06,385.19
-0.04,0.02,0.34,0.01,0.03,270.32,402.04
-0.04,0.02,0.34,0.01,0.04,271.04,418.45
-0.04,0.02,0.34,0.02,0,287.22,352.79
-0.04,0.02,0.34,0.02,0.01,288.16,368.57
-0.04,0.02,0.34,0.02,0.02,286.84,384.8
-0.04,0.02,0.34,0.02,0.03,287.84,402.23
-0.04,0.02,0.34,0.02,0.04,286.71,418.97
-0.04,0.02,0.34,0.03,0,304.34,352.8
-0.04,0.02,0.34,0.03,0.01,303.24,369.34
-0.04,0.02,0.34,0.03,0.02,302.55,385.57
-0.04,0.02,0.34,0.03,0.03,303.86,402.37
-0.04,0.02,0.34,0.03,0.04,303.22,418.44
-0.04,0.04,0.34,0,0,254.94,385.51
-0.04,0.04,0.34,0,0.01,254.01,402.51
-0.04,0.04,0.34,0,0.02,253.41,419.72
-0.04,0.04,0.34,0,0.03,253.47,436.65
-0.04,0.04,0.34,0,0.04,253.99,452.56
-0.04,0.04,0.34,0.01,0,270.92,385.82
-0.04,0.04,0.34,0.01,0.01,271.23,402.09
-0.04,0.04,0.34,0.01,0.02,271.06,418.52
-0.04,0.04,0.34,0.01,0.03,269.89,435.28
-0.04,0.04,0.34,0.01,0.04,269.87,453.41
-0.04,0.04,0.34,0.02,0,286.51,386.1
-0.04,0.04,0.34,0.02,0.01,285.93,402.45
-0.04,0.04,0.34,0.02,0.02,287.28,419.55
-0.04,0.04,0.34,0.02,0.03,286.86,435.01
-0.04,0.04,0.34,0.02,0.04,286.64,452.18
-0.04,0.04,0.34,0.03,0,303.9,386.34
-0.04,0.04,0.34,0.03,0.01,303.78,402.91
-0.04,0.04,0.34,0.03,0.02,303.39,419.35
-0.04,0.04,0.34,0.03,0.03,303.04,435.94
-0.02,0,0.34,0.03,0.04,336,385.3
-0.02,0.02,0.34,0,0,287.14,351.82
-0.02,0.02,0.34,0,0.01,287.65,368.65
-0.02,0.02,0.34,0,0.02,288.01,384.58
-0.02,0.02,0.34,0,0.03,287.13,401.79
-0.02,0.02,0.34,0,0.04,287.81,418.78
-0.02,0.02,0.34,0.01,0,303.12,353.29
-0.02,0.02,0.34,0.01,0.01,303.61,369.42
-0.02,0.02,0.34,0.01,0.02,303.8,385.42
-0.02,0.02,0.34,0.01,0.03,304.04,401.49
-0.02,0.02,0.34,0.01,0.04,303.43,418.3
-0.02,0.02,0.34,0.02,0,319.47,351.99
-0.02,0.02,0.34,0.02,0.01,319.74,369.46
-0.02,0.02,0.34,0.02,0.02,320.8,386.49
-0.02,0.02,0.34,0.02,0.03,320.23,401.78
-0.02,0.02,0.34,0.02,0.04,320.62,418.55
-0.02,0.02,0.34,0.03,0,336.93,352.93
-0.02,0.02,0.34,0.03,0.01,335.55,368.81
-0.02,0.02,0.34,0.03,0.02,336,385.43
-0.02,0.02,0.34,0.03,0.03,337.52,402.28
-0.02,0.02,0.34,0.03,0.04,336.72,419.36
-0.02,0.04,0.34,0,0,287.49,384.81
-0.02,0.04,0.34,0,0.01,286.89,402.05
-0.02,0.04,0.34,0,0.02,286.6,418.97
-0.02,0.04,0.34,0,0.03,287.02,435.48
-0.02,0.04,0.34,0,0.04,286.59,452.86
-0.02,0.04,0.34,0.01,0,303.85,386.25
-0.02,0.04,0.34,0.01,0.01,303.61,402.2
-0.02,0.04,0.34,0.01,0.02,303.42,419.06
-0.02,0.04,0.34,0.01,0.03,303.69,435.69
-0.02,0.04,0.34,0.01,0.04,304.08,452.5
-0.02,0.04,0.34,0.02,0,320.14,385.45
-0.02,0.04,0.34,0.02,0.01,319.97,401.54
-0.02,0.04,0.34,0.02,0.02,319.91,418.84
-0.02,0.04,0.34,0.02,0.03,319.55,436.93
-0.02,0.04,0.34,0.02,0.04,319.43,452.72
-0.02,0.04,0.34,0.03,0,335.68,385.23
-0.02,0.04,0.34,0.03,0.01,336.21,401.45
-0.02,0.04,0.34,0.03,0.02,335.85,418.53
-0.02,0.04,0.34,0.03,0.03,336.63,435.46
0,0,0.34,0.03,0.04,369.12,385.42
0,0.02,0.34,0,0,319.88,352.64
0,0.02,0.34,0,0.01,320.42,369.05
0,0.02,0.34,0,0.02,319.7,386.52
0,0.02,0.34,0,0.03,319.12,402.33
0,0.02,0.34,0,0.04,320.17,419.73
0,0.02,0.34,0.01,0,336.53,352.49
0,0.02,0.34,0.01,0.01,336.72,369.5
0,0.02,0.34,0.01,0.02,336.09,385.44
0,0.02,0.34,0.01,0.03,336.04,401.31
0,0.02,0.34,0.01,0.04,336.24,418.87
0,0.02,0.34,0.02,0,353.03,352.5
0,0.02,0.34,0.02,0.01,353.69,370.1
0,0.02,0.34,0.02,0.02,353.42,385.87
0,0.02,0.34,0.02,0.03,352.45,402.3
0,0.02,0.34,0.02,0.04,352.9,419.22
0,0.02,0.34,0.03,0,369.75,352.95
0,0.02,0.34,0.03,0.01,368.93,369.51
0,0.02,0.34,0.03,0.02,369.57,384.54
0,0.02,0.34,0.03,0.03,368.96,402.46
0,0.02,0.34,0.03,0.04,368.23,420.07
0,0.04,0.34,0,0,318.96,385.55
0,0.04,0.34,0,0.01,319.81,401.84
0,0.04,0.34,0,0.02,320,418.12
0,0.04,0.34,0,0.03,319.17,435.51
0,0.04,0.34,0,0.04,320.14,452.99
0,0.04,0.34,0.01,0,335.5,386.11
0,0.04,0.34,0.01,0.01,335.79,401.72
0,0.04,0.34,0.01,0.02,335.78,417.29
0,0.04,0.34,0.01,0.03,336.43,434.82
0,0.04,0.34,0.01,0.04,336.06,452.31
0,0.04,0.34,0.02,0,353.25,385.43
0,0.04,0.34,0.02,0.01,352.91,402.01
0,0.04,0.34,0.02,0.02,352.83,419.83
0,0.04,0.34,0.02,0.03,352.93,435.8
0,0.04,0.34,0.02,0.04,353.6,453.05
0,0.04,0.34,0.03,0,369.26,385.74
0,0.04,0.34,0.03,0.01,368.09,402.39
0,0.04,0.34,0.03,0.02,369.66,419.08
0,0.04,0.34,0.03,0.03,370.2,435.44
0.02,0,0.34,0.03,0.04,402.86,385.95
0.02,0.02,0.34,0,0,352.06,352.91
0.02,0.02,0.34,0,0.01,352.49,368.94
0.02,0.02,0.34,0,0.02,352.22,385.14
0.02,0.02,0.34,0,0.03,353.4,402.28
0.02,0.02,0.34,0,0.04,352.04,418.78
0.02,0.02,0.34,0.01,0,369.3,352.98
0.02,0.02,0.34,0.01,0.01,368.34,369.97
0.02,0.02,0.34,0.01,0.02,369.35,385.1
0.02,0.02,0.34,0.01,0.03,369.64,402.32
0.02,0.02,0.34,0.01,0.04,369.7,419.16
0.02,0.02,0.34,0.02,0,385.82,352.91
0.02,0.02,0.34,0.02,0.01,386.32,369.65
0.02,0.02,0.34,0.02,0.02,385.06,385.2
0.02,0.02,0.34,0.02,0.03,385.47,402.76
0.02,0.02,0.34,0.02,0.04,385.95,417.85
0.02,0.02,0.34,0.03,0,402.87,352.88
0.02,0.02,0.34,0.03,0.01,402.36,369.72
0.02,0.02,0.34,0.03,0.02,401.72,385.3
0.02,0.02,0.34,0.03,0.03,402.32,402.85
0.02,0.02,0.34,0.03,0.04,403.5,419.48
0.02,0.04,0.34,0,0,353.42,386.42
0.02,0.04,0.34,0,0.01,353.06,402.31
0.02,0.04,0.34,0,0.02,352.29,418.65
0.02,0.04,0.34,0,0.03,352.61,435.03
0.02,0.04,0.34,0,0.04,352.55,452.83
0.02,0.04,0.34,0.01,0,369.6,385.14
0.02,0.04,0.34,0.01,0.01,369.02,403.14
0.02,0.04,0.34,0.01,0.02,370.52,418.36
0.02,0.04,0.34,0.01,0.03,368.8,435.7
0.02,0.04,0.34,0.01,0.04,369.74,453.9
0.02,0.04,0.34,0.02,0,385.23,384.68
0.02,0.04,0.34,0.02,0.01,385.3,402.48
0.02,0.04,0.34,0.02,0.02,386.57,419.06
0.02,0.04,0.34,0.02,0.03,386.31,436.46
0.02,0.04,0.34,0.02,0.04,386.83,452.09
0.02,0.04,0.34,0.03,0,403.33,386.41
0.02,0.04,0.34,0.03,0.01,402.33,403.28
0.02,0.04,0.34,0.03,0.02,403.05,420.71
0.02,0.04,0.34,0.03,0.03,403.2,436.87
0.04,0,0.34,0.03,0.04,436.21,385.54
0.04,0.02,0.34,0,0,385.91,352.27
0.04,0.02,0.34,0,0.01,385.88,368.81
0.04,0.02,0.34,0,0.02,385.65,385.09
0.04,0.02,0.34,0,0.03,385.17,402.2
0.04,0.02,0.34,0,0.04,386.72,419.97
0.04,0.02,0.34,0.01,0,402.43,352.55
0.04,0.02,0.34,0.01,0.01,402.43,368.81
0.04,0.02,0.34,0.01,0.02,401.78,386.16
0.04,0.02,0.34,0.01,0.03,402.4,403.42
0.04,0.02,0.34,0.01,0.04,402.99,419.26
0.04,0.02,0.34,0.02,0,418.06,352.94
0.04,0.02,0.34,0.02,0.01,418.92,368.69
0.04,0.02,0.34,0.02,0.02,418.88,386.23
0.04,0.02,0.34,0.02,0.03,418.68,402.36
0.04,0.02,0.34,0.02,0.04,419.7,420.35
0.04,0.02,0.34,0.03,0,435.44,353.12
0.04,0.02,0.34,0.03,0.01,435.9,368.91
0.04,0.02,0.34,0.03,0.02,436.21,386.97
0.04,0.02,0.34,0.03,0.03,436.79,401.9
0.04,0.02,0.34,0.03,0.04,436.01,419.48
0.04,0.04,0.34,0,0,385.18,385.35
0.04,0.04,0.34,0,0.01,386.41,403.11
0.04,0.04,0.34,0,0.02,386.29,419.81
0.04,0.04,0.34,0,0.03,386.81,435.38
0.04,0.04,0.34,0,0.04,386.9,453.08
0.04,0.04,0.34,0.01,0,402.25,385.67
0.04,0.04,0.34,0.01,0.01,402.82,402.46
0.04,0.04,0.34,0.01,0.02,402.48,420.04
0.04,0.04,0.34,0.01,0.03,403.05,436.72
0.04,0.04,0.34,0.01,0.04,403.24,453.33
0.04,0.04,0.34,0.02,0,419.86,385.94
0.04,0.04,0.34,0.02,0.01,418.92,403.26
0.04,0.04,0.34,0.02,0.02,419.31,419.73
0.04,0.04,0.34,0.02,0.03,419.55,436.58
0.04,0.04,0.34,0.02,0.04,420.92,454.3
0.04,0.04,0.34,0.03,0,435.89,386.09
0.04,0.04,0.34,0.03,0.01,437.09,402.51
0.04,0.04,0.34,0.03,0.02,437.56,419.38
0.04,0.04,0.34,0.03,0.03,436.89,436.3
-0.04,0,0.35,0.03,0.04,303.69,383.67
-0.04,0.02,0.35,0,0,255.84,352.36
-0.04,0.02,0.35,0,0.01,256.53,367.38
-0.04,0.02,0.35,0,0.02,256.52,384.46
-0.04,0.02,0.35,0,0.03,256,399.97
-0.04,0.02,0.35,0,0.04,256.2,416.48
-0.04,0.02,0.35,0.01,0,272.71,351.49
-0.04,0.02,0.35,0.01,0.01,272.88,367.78
-0.04,0.02,0.35,0.01,0.02,273.18,383.5
-0.04,0.02,0.35,0.01,0.03,272.09,399.62
-0.04,0.02,0.35,0.01,0.04,271.92,416.55
-0.04,0.02,0.35,0.02,0,287.75,350.98
-0.04,0.02,0.35,0.02,0.01,287.98,367.92
-0.04,0.02,0.35,0.02,0.02,288.71,383.78
-0.04,0.02,0.35,0.02,0.03,288,399.34
-0.04,0.02,0.35,0.02,0.04,288.12,414.88
-0.04,0.02,0.35,0.03,0,303.89,351.59
-0.04,0.02,0.35,0.03,0.01,304.82,367.21
-0.04,0.02,0.35,0.03,0.02,304.18,383.42
-0.04,0.02,0.35,0.03,0.03,304.42,399.75
-0.04,0.02,0.35,0.03,0.04,304.52,415.8
-0.04,0.04,0.35,0,0,255.36,384.2
-0.04,0.04,0.35,0,0.01,255.9,399.34
-0.04,0.04,0.35,0,0.02,256.44,416.13
-0.04,0.04,0.35,0,0.03,255.79,432.21
-0.04,0.04,0.35,0,0.04,255.35,449.29
-0.04,0.04,0.35,0.01,0,272.15,383.75
-0.04,0.04,0.35,0.01,0.01,272.66,399.9
-0.04,0.04,0.35,0.01,0.02,272.2,415.49
-0.04,0.04,0.35,0.01,0.03,271.26,432.18
-0.04,0.04,0.35,0.01,0.04,272.5,448.7
-0.04,0.04,0.35,0.02,0,288.28,384.12
-0.04,0.04,0.35,0.02,0.01,287.74,399.28
-0.04,0.04,0.35,0.02,0.02,288.13,416.21
-0.04,0.04,0.35,0.02,0.03,287.77,432.72
-0.04,0.04,0.35,0.02,0.04,288.51,448.11
-0.04,0.04,0.35,0.03,0,303.66,382.64
-0.04,0.04,0.35,0.03,0.01,304.66,399.33
-0.04,0.04,0.35,0.03,0.02,303.93,416.43
-0.04,0.04,0.35,0.03,0.03,304.38,432.82
-0.02,0,0.35,0.03,0.04,335.87,383.24
-0.02,0.02,0.35,0,0,287.95,351.78
-0.02,0.02,0.35,0,0.01,287.86,367
-0.02,0.02,0.35,0,0.02,288.68,384.17
-0.02,0.02,0.35,0,0.03,287.15,399.75
-0.02,0.02,0.35,0,0.04,287.79,415.99
-0.02,0.02,0.35,0.01,0,303.76,351.41
-0.02,0.02,0.35,0.01,0.01,303.39,367.43
-0.02,0.02,0.35,0.01,0.02,304.16,383.66
-0.02,0.02,0.35,0.01,0.03,303.61,400.56
-0.02,0.02,0.35,0.01,0.04,303.73,415.34
-0.02,0.02,0.35,0.02,0,319.5,352.54
-0.02,0.02,0.35,0.02,0.01,320.84,367.73
-0.02,0.02,0.35,0.02,0.02,319.17,384.54
-0.02,0.02,0.35,0.02,0.03,320.08,400.6
-0.02,0.02,0.35,0.02,0.04,320.49,416.03
-0.02,0.02,0.35,0.03,0,335.75,351.87
-0.02,0.02,0.35,0.03,0.01,334.89,367.25
-0.02,0.02,0.35,0.03,0.02,335.45,383.89
-0.02,0.02,0.35,0.03,0.03,336.35,399.59
-0.02,0.02,0.35,0.03,0.04,335.66,415.79
-0.02,0.04,0.35,0,0,288.44,384.06
-0.02,0.04,0.35,0,0.01,287.7,398.73
-0.02,0.04,0.35,0,0.02,288.16,416.28
-0.02,0.04,0.35,0,0.03,287.23,431.98
-0.02,0.04,0.35,0,0.04,288.12,448.84
-0.02,0.04,0.35,0.01,0,303.82,384.25
-0.02,0.04,0.35,0.01,0.01,304.39,399.68
-0.02,0.04,0.35,0.01,0.02,303.7,415.24
-0.02,0.04,0.35,0.01,0.03,303.99,431.5
-0.02,0.04,0.35,0.01,0.04,304.41,448.81
-0.02,0.04,0.35,0.02,0,320.48,383.98
-0.02,0.04,0.35,0.02,0.01,320.32,399.24
-0.02,0.04,0.35,0.02,0.02,319.84,416.33
-0.02,0.04,0.35,0.02,0.03,319.66,432.29
-0.02,0.04,0.35,0.02,0.04,320.43,448.44
-0.02,0.04,0.35,0.03,0,335.36,383.37
-0.02,0.04,0.35,0.03,0.01,335.92,399.69
-0.02,0.04,0.35,0.03,0.02,336.38,415.66
-0.02,0.04,0.35,0.03,0.03,336.12,432.21
0,0,0.35,0.03,0.04,368.09,384.52
0,0.02,0.35,0,0,320.62,351.87
0,0.02,0.35,0,0.01,319.19,367.23
0,0.02,0.35,0,0.02,319.38,383.02
0,0.02,0.35,0,0.03,320.45,399.76
0,0.02,0.35,0,0.04,320.23,416.17
0,0.02,0.35,0.01,0,335.52,351.21
0,0.02,0.35,0.01,0.01,335.61,367.4
0,0.02,0.35,0.01,0.02,335.62,382.45
0,0.02,0.35,0.01,0.03,335.84,400.38
0,0.02,0.35,0.01,0.04,336.48,415.74
0,0.02,0.35,0.02,0,351.69,352.55
0,0.02,0.35,0.02,0.01,352.18,367.65
0,0.02,0.35,0.02,0.02,351.08,383.37
0,0.02,0.35,0.02,0.03,351.86,400.89
0,0.02,0.35,0.02,0.04,352.03,416.81
0,0.02,0.35,0.03,0,368.22,351.31
0,0.02,0.35,0.03,0.01,368.13,367.85
0,0.02,0.35,0.03,0.02,367.85,383.82
0,0.02,0.35,0.03,0.03,368.01,400.38
0,0.02,0.35,0.03,0.04,367.68,415.6
0,0.04,0.35,0,0,319.87,383.97
0,0.04,0.35,0,0.01,319.4,400.02
0,0.04,0.35,0,0.02,320.3,415.63
0,0.04,0.35,0,0.03,319.97,432.51
0,0.04,0.35,0,0.04,319.24,449.18
0,0.04,0.35,0.01,0,335.62,382.86
0,0.04,0.35,0.01,0.01,335.38,399.66
0,0.04,0.35,0.01,0.02,336.46,415.74
0,0.04,0.35,0.01,0.03,336.6,431.63
0,0.04,0.35,0.01,0.04,336.38,449.02
0,0.04,0.35,0.02,0,351.33,383.6
0,0.04,0.35,0.02,0.01,352.27,400.55
0,0.04,0.35,0.02,0.02,352.01,416.04
0,0.04,0.35,0.02,0.03,351.38,431.9
0,0.04,0.35,0.02,0.04,351.99,448.71
0,0.04,0.35,0.03,0,368.03,383.33
0,0.04,0.35,0.03,0.01,368.44,399.61
0,0.04,0.35,0.03,0.02,368.77,416.09
0,0.04,0.35,0.03,0.03,367.93,432.17
0.02,0,0.35,0.03,0.04,399.29,384.37
0.02,0.02,0.35,0,0,351.52,351.6
0.02,0.02,0.35,0,0.01,351.38,367.68
0.02,0.02,0.35,0,0.02,351.58,383.01
0.02,0.02,0.35,0,0.03,351.78,399.24
0.02,0.02,0.35,0,0.04,351.72,416.27
0.02,0.02,0.35,0.01,0,367.43,352.05
0.02,0.02,0.35,0.01,0.01,367.63,367.12
0.02,0.02,0.35,0.01,0.02,367.26,383.56
0.02,0.02,0.35,0.01,0.03,368.37,399.43
0.02,0.02,0.35,0.01,0.04,368.11,416.26
0.02,0.02,0.35,0.02,0,383.67,351.71
0.02,0.02,0.35,0.02,0.01,383.7,367.25
0.02,0.02,0.35,0.02,0.02,384.22,384.01
0.02,0.02,0.35,0.02,0.03,384.19,400.4
0.02,0.02,0.35,0.02,0.04,383.77,416.18
0.02,0.02,0.35,0.03,0,399.66,351.48
0.02,0.02,0.35,0.03,0.01,399.53,367.56
0.02,0.02,0.35,0.03,0.02,399.58,384.06
0.02,0.02,0.35,0.03,0.03,400.38,400.96
0.02,0.02,0.35,0.03,0.04,399.91,417.71
0.02,0.04,0.35,0,0,351.66,383.71
0.02,0.04,0.35,0,0.01,351.18,399.7
0.02,0.04,0.35,0,0.02,351.84,415.88
0.02,0.04,0.35,0,0.03,352.36,432.41
0.02,0.04,0.35,0,0.04,352.64,448.01
0.02,0.04,0.35,0.01,0,367.11,383.87
0.02,0.04,0.35,0.01,0.01,367.35,401.31
0.02,0.04,0.35,0.01,0.02,367.68,414.9
0.02,0.04,0.35,0.01,0.03,368.42,431.75
0.02,0.04,0.35,0.01,0.04,369.19,448.29
0.02,0.04,0.35,0.02,0,383.68,383.05
0.02,0.04,0.35,0.02,0.01,385.04,399.61
0.02,0.04,0.35,0.02,0.02,383.36,415.82
0.02,0.04,0.35,0.02,0.03,383.76,432.17
0.02,0.04,0.35,0.02,0.04,384.95,449.27
0.02,0.04,0.35,0.03,0,400.04,383.44
0.02,0.04,0.35,0.03,0.01,400.62,399.91
0.02,0.04,0.35,0.03,0.02,400.35,416.38
0.02,0.04,0.35,0.03,0.03,400.7,432.62
0.04,0,0.35,0.03,0.04,432.97,384.42
0.04,0.02,0.35,0,0,383.59,351.96
0.04,0.02,0.35,0,0.01,383.94,367.95
0.04,0.02,0.35,0,0.02,383.23,383.93
0.04,0.02,0.35,0,0.03,383.02,399.47
0.04,0.02,0.35,0,0.04,383.77,416.42
0.04,0.02,0.35,0.01,0,400.07,351.8
0.04,0.02,0.35,0.01,0.01,399.8,367.64
0.04,0.02,0.35,0.01,0.02,399.84,383.62
0.04,0.02,0.35,0.01,0.03,400.77,400.81
0.04,0.02,0.35,0.01,0.04,399.93,416.26
0.04,0.02,0.35,0.02,0,415.83,352.03
0.04,0.02,0.35,0.02,0.01,415.22,367.65
0.04,0.02,0.35,0.02,0.02,415.31,384.28
0.04,0.02,0.35,0.02,0.03,415.59,400.35
0.04,0.02,0.35,0.02,0.04,416.82,416.26
0.04,0.02,0.35,0.03,0,432.38,352.18
0.04,0.02,0.35,0.03,0.01,431.9,368.49
0.04,0.02,0.35,0.03,0.02,433,384.51
0.04,0.02,0.35,0.03,0.03,432.5,400.47
0.04,0.02,0.35,0.03,0.04,433.06,417.73
0.04,0.04,0.35,0,0,384.27,383.68
0.04,0.04,0.35,0,0.01,384.27,400.15
0.04,0.04,0.35,0,0.02,384.87,416.41
0.04,0.04,0.35,0,0.03,385.47,433.22
0.04,0.04,0.35,0,0.04,385.28,449.59
0.04,0.04,0.35,0.01,0,400.18,384.22
0.04,0.04,0.35,0.01,0.01,400.55,399.08
0.04,0.04,0.35,0.01,0.02,400.52,416.24
0.04,0.04,0.35,0.01,0.03,400.42,432.72
0.04,0.04,0.35,0.01,0.04,401.36,449.78
0.04,0.04,0.35,0.02,0,415.98,383.82
0.04,0.04,0.35,0.02,0.01,416.28,399.87
0.04,0.04,0.35,0.02,0.02,416.3,417.57
0.04,0.04,0.35,0.02,0.03,416.77,432.85
0.04,0.04,0.35,0.02,0.04,417.87,448.65
0.04,0.04,0.35,0.03,0,432.66,384.16
0.04,0.04,0.35,0.03,0.01,433.01,401.05
0.04,0.04,0.35,0.03,0.02,433.43,417.82
0.04,0.04,0.35,0.03,0.03,432.74,433.29
-0.04,0,0.36,0.03,0.04,303.66,382.27
-0.04,0.02,0.36,0,0,258.4,351.44
-0.04,0.02,0.36,0,0.01,258.09,366.39
-0.04,0.02,0.36,0,0.02,256.91,381.54
-0.04,0.02,0.36,0,0.03,257.48,398.44
-0.04,0.02,0.36,0,0.04,257.11,413.71
-0.04,0.02,0.36,0.01,0,273.83,349.93
-0.04,0.02,0.36,0.01,0.01,273.76,366.42
-0.04,0.02,0.36,0.01,0.02,273.73,382.51
-0.04,0.02,0.36,0.01,0.03,273.37,397.49
-0.04,0.02,0.36,0.01,0.04,272.85,412.79
-0.04,0.02,0.36,0.02,0,288.64,350.93
-0.04,0.02,0.36,0.02,0.01,288.22,366.61
-0.04,0.02,0.36,0.02,0.02,288.07,381.23
-0.04,0.02,0.36,0.02,0.03,289.7,397.55
-0.04,0.02,0.36,0.02,0.04,289.13,412.47
-0.04,0.02,0.36,0.03,0,304.11,350.71
-0.04,0.02,0.36,0.03,0.01,304.47,366.52
-0.04,0.02,0.36,0.03,0.02,304.77,382.06
-0.04,0.02,0.36,0.03,0.03,304.33,397.81
-0.04,0.02,0.36,0.03,0.04,304.61,412.57
-0.04,0.04,0.36,0,0,257.85,380.98
-0.04,0.04,0.36,0,0.01,257.92,398.12
-0.04,0.04,0.36,0,0.02,257.64,413.91
-0.04,0.04,0.36,0,0.03,256.87,429.05
-0.04,0.04,0.36,0,0.04,257.19,445.49
-0.04,0.04,0.36,0.01,0,272.81,381.6
-0.04,0.04,0.36,0.01,0.01,273.62,397.27
-0.04,0.04,0.36,0.01,0.02,273.19,413.82
-0.04,0.04,0.36,0.01,0.03,273.9,428.93
-0.04,0.04,0.36,0.01,0.04,273.52,446.17
-0.04,0.04,0.36,0.02,0,289.48,381.39
-0.04,0.04,0.36,0.02,0.01,288.6,398.25
-0.04,0.04,0.36,0.02,0.02,288.41,412.6
-0.04,0.04,0.36,0.02,0.03,287.92,428.55
-0.04,0.04,0.36,0.02,0.04,288.89,445.25
-0.04,0.04,0.36,0.03,0,304.47,381.14
-0.04,0.04,0.36,0.03,0.01,305.25,397.94
-0.04,0.04,0.36,0.03,0.02,304,413.38
-0.04,0.04,0.36,0.03,0.03,303.84,429.17
-0.02,0,0.36,0.03,0.04,335.36,382.03
-0.02,0.02,0.36,0,0,288.94,351.11
-0.02,0.02,0.36,0,0.01,289.32,365.35
-0.02,0.02,0.36,0,0.02,289.86,381.74
-0.02,0.02,0.36,0,0.03,289.78,397.42
-0.02,0.02,0.36,0,0.04,288.21,414.14
-0.02,0.02,0.36,0.01,0,304.17,350.93
-0.02,0.02,0.36,0.01,0.01,305.56,366.58
-0.02,0.02,0.36,0.01,0.02,305.13,381.45
-0.02,0.02,0.36,0.01,0.03,304.41,397.4
-0.02,0.02,0.36,0.01,0.04,304.48,414.43
-0.02,0.02,0.36,0.02,0,319.81,350.76
-0.02,0.02,0.36,0.02,0.01,319.44,365.5
-0.02,0.02,0.36,0.02,0.02,319.99,382.62
-0.02,0.02,0.36,0.02,0.03,319.36,397.75
-0.02,0.02,0.36,0.02,0.04,319.92,413.49
-0.02,0.02,0.36,0.03,0,335.5,350.93
-0.02,0.02,0.36,0.03,0.01,335.2,366.57
-0.02,0.02,0.36,0.03,0.02,336.09,381.39
-0.02,0.02,0.36,0.03,0.03,336.19,397.19
-0.02,0.02,0.36,0.03,0.04,335.42,413.47
-0.02,0.04,0.36,0,0,288.88,382.19
-0.02,0.04,0.36,0,0.01,288.61,396.99
-0.02,0.04,0.36,0,0.02,289.18,413.38
-0.02,0.04,0.36,0,0.03,288.72,429.1
-0.02,0.04,0.36,0,0.04,288.12,444.99
-0.02,0.04,0.36,0.01,0,304.75,381.28
-0.02,0.04,0.36,0.01,0.01,305.02,397.41
-0.02,0.04,0.36,0.01,0.02,304.83,414
-0.02,0.04,0.36,0.01,0.03,304.47,429.23
-0.02,0.04,0.36,0.01,0.04,304.7,444.54
-0.02,0.04,0.36,0.02,0,320.08,382.38
-0.02,0.04,0.36,0.02,0.01,320.28,397.98
-0.02,0.04,0.36,0.02,0.02,319.95,413.93
-0.02,0.04,0.36,0.02,0.03,320.3,428.53
-0.02,0.04,0.36,0.02,0.04,320.13,445.18
-0.02,0.04,0.36,0.03,0,335.08,382.35
-0.02,0.04,0.36,0.03,0.01,335.52,397.5
-0.02,0.04,0.36,0.03,0.02,335.8,413.21
-0.02,0.04,0.36,0.03,0.03,335.63,428.44
0,0,0.36,0.03,0.04,367.8,381.18
0,0.02,0.36,0,0,320.58,351.05
0,0.02,0.36,0,0.01,319.89,366.55
0,0.02,0.36,0,0.02,319.24,381.98
0,0.02,0.36,0,0.03,320.01,397.5
0,0.02,0.36,0,0.04,319.59,413.17
0,0.02,0.36,0.01,0,335.74,350.33
0,0.02,0.36,0.01,0.01,335.62,366.17
0,0.02,0.36,0.01,0.02,335,381.94
0,0.02,0.36,0.01,0.03,335.66,396.91
0,0.02,0.36,0.01,0.04,336.25,413.99
0,0.02,0.36,0.02,0,350.83,350.64
0,0.02,0.36,0.02,0.01,351.11,366.5
0,0.02,0.36,0.02,0.02,351.53,381.42
0,0.02,0.36,0.02,0.03,351.1,397.8
0,0.02,0.36,0.02,0.04,351.3,413.27
0,0.02,0.36,0.03,0,366.42,350.89
0,0.02,0.36,0.03,0.01,367.02,366.51
0,0.02,0.36,0.03,0.02,366.79,382.61
0,0.02,0.36,0.03,0.03,367.35,397.32
0,0.02,0.36,0.03,0.04,366.65,413.41
0,0.04,0.36,0,0,320.57,382.17
0,0.04,0.36,0,0.01,319.89,396.76
0,0.04,0.36,0,0.02,319.94,412.07
0,0.04,0.36,0,0.03,319.34,429.26
0,0.04,0.36,0,0.04,319.68,445.98
0,0.04,0.36,0.01,0,335.5,382.25
0,0.04,0.36,0.01,0.01,336.17,396.8
0,0.04,0.36,0.01,0.02,336.48,413.44
0,0.04,0.36,0.01,0.03,335.75,428.46
0,0.04,0.36,0.01,0.04,335.61,445.4
0,0.04,0.36,0.02,0,351.85,382.07
0,0.04,0.36,0.02,0.01,350.86,397.19
0,0.04,0.36,0.02,0.02,351.22,412.81
0,0.04,0.36,0.02,0.03,352.04,429.54
0,0.04,0.36,0.02,0.04,351.28,445.79
0,0.04,0.36,0.03,0,367.04,382.61
0,0.04,0.36,0.03,0.01,367.08,397.31
0,0.04,0.36,0.03,0.02,367.23,413.22
0,0.04,0.36,0.03,0.03,367.16,428.41
0.02,0,0.36,0.03,0.04,397.75,383.9
0.02,0.02,0.36,0,0,351.74,350.85
0.02,0.02,0.36,0,0.01,351.2,366.37
0.02,0.02,0.36,0,0.02,350.88,381.31
0.02,0.02,0.36,0,0.03,351.13,397.74
0.02,0.02,0.36,0,0.04,350.48,413.53
0.02,0.02,0.36,0.01,0,365.75,350.74
0.02,0.02,0.36,0.01,0.01,366.75,366.28
0.02,0.02,0.36,0.01,0.02,366.73,381.96
0.02,0.02,0.36,0.01,0.03,365.68,396.65
0.02,0.02,0.36,0.01,0.04,366.81,413.43
0.02,0.02,0.36,0.02,0,381.79,351
0.02,0.02,0.36,0.02,0.01,382.37,366.91
0.02,0.02,0.36,0.02,0.02,380.78,381.46
0.02,0.02,0.36,0.02,0.03,382.5,398.09
0.02,0.02,0.36,0.02,0.04,381.71,412.86
0.02,0.02,0.36,0.03,0,396.3,350.98
0.02,0.02,0.36,0.03,0.01,398.01,366.51
0.02,0.02,0.36,0.03,0.02,397.02,382.38
0.02,0.02,0.36,0.03,0.03,397.46,397.79
0.02,0.02,0.36,0.03,0.04,398.31,413.35
0.02,0.04,0.36,0,0,351.03,381.7
0.02,0.04,0.36,0,0.01,351.45,397.21
0.02,0.04,0.36,0,0.02,350.27,412.08
0.02,0.04,0.36,0,0.03,351.47,429.61
0.02,0.04,0.36,0,0.04,350.95,445.26
0.02,0.04,0.36,0.01,0,366.36,381.63
0.02,0.04,0.36,0.01,0.01,366.42,397.56
0.02,0.04,0.36,0.01,0.02,366.85,413.82
0.02,0.04,0.36,0.01,0.03,368.11,428.86
0.02,0.04,0.36,0.01,0.04,366.86,445.65
0.02,0.04,0.36,0.02,0,382.32,381.93
0.02,0.04,0.36,0.02,0.01,382.2,397.53
0.02,0.04,0.36,0.02,0.02,383.17,413.91
0.02,0.04,0.36,0.02,0.03,382.77,428.9
0.02,0.04,0.36,0.02,0.04,382.7,445.66
0.02,0.04,0.36,0.03,0,397.69,382.74
0.02,0.04,0.36,0.03,0.01,397.23,397.55
0.02,0.04,0.36,0.03,0.02,397.98,414.12
0.02,0.04,0.36,0.03,0.03,397.83,428.71
0.04,0,0.36,0.03,0.04,430.27,382.63
0.04,0.02,0.36,0,0,381.9,351.46
0.04,0.02,0.36,0,0.01,382.64,366.02
0.04,0.02,0.36,0,0.02,381.6,382.34
0.04,0.02,0.36,0,0.03,382.32,398.03
0.04,0.02,0.36,0,0.04,382.29,413.85
0.04,0.02,0.36,0.01,0,396.66,351.13
0.04,0.02,0.36,0.01,0.01,397.86,366.4
0.04,0.02,0.36,0.01,0.02,397.57,382.23
0.04,0.02,0.36,0.01,0.03,397.14,397.89
0.04,0.02,0.36,0.01,0.04,396.76,413.76
0.04,0.02,0.36,0.02,0,413.32,350.17
0.04,0.02,0.36,0.02,0.01,413.31,366.47
0.04,0.02,0.36,0.02,0.02,413.09,382.21
0.04,0.02,0.36,0.02,0.03,413.73,397.88
0.04,0.02,0.36,0.02,0.04,414.53,413.89
0.04,0.02,0.36,0.03,0,428.53,351.94
0.04,0.02,0.36,0.03,0.01,429.45,367.33
0.04,0.02,0.36,0.03,0.02,428.98,382.86
0.04,0.02,0.36,0.03,0.03,429.43,398.18
0.04,0.02,0.36,0.03,0.04,429.49,414.62
0.04,0.04,0.36,0,0,382.5,381.79
0.04,0.04,0.36,0,0.01,382.42,397.73
0.04,0.04,0.36,0,0.02,381.92,413.08
0.04,0.04,0.36,0,0.03,382.23,429.04
0.04,0.04,0.36,0,0.04,382.5,445.04
0.04,0.04,0.36,0.01,0,397.33,382.52
0.04,0.04,0.36,0.01,0.01,398.54,397.59
0.04,0.04,0.36,0.01,0.02,397.75,413.84
0.04,0.04,0.36,0.01,0.03,397.84,430
0.04,0.04,0.36,0.01,0.04,399.6,445.43
0.04,0.04,0.36,0.02,0,414.27,382.59
0.04,0.04,0.36,0.02,0.01,412.39,398.1
0.04,0.04,0.36,0.02,0.02,413.3,414.96
0.04,0.04,0.36,0.02,0.03,414.89,429.92
0.04,0.04,0.36,0.02,0.04,414.46,446.1
0.04,0.04,0.36,0.03,0,429.54,383.93
0.04,0.04,0.36,0.03,0.01,430.86,397.76
0.04,0.04,0.36,0.03,0.02,430.79,414.2
0.04,0.04,0.36,0.03,0.03,429.43,430.2
-0.04,0,0.37,0.03,0.04,305.51,380.07
-0.04,0.02,0.37,0,0,259.19,350.55
-0.04,0.02,0.37,0,0.01,260.1,366.16
-0.04,0.02,0.37,0,0.02,259.4,379.61
-0.04,0.02,0.37,0,0.03,259.33,396.39
-0.04,0.02,0.37,0,0.04,260.33,411.39
-0.04,0.02,0.37,0.01,0,274.74,349.64
-0.04,0.02,0.37,0.01,0.01,275.68,365.28
-0.04,0.02,0.37,0.01,0.02,274.91,380.15
-0.04,0.02,0.37,0.01,0.03,274.59,395
-0.04,0.02,0.37,0.01,0.04,274.23,411.08
-0.04,0.02,0.37,0.02,0,290.78,349.61
-0.04,0.02,0.37,0.02,0.01,289.57,364.9
-0.04,0.02,0.37,0.02,0.02,288.42,380.3
-0.04,0.02,0.37,0.02,0.03,290.44,396.95
-0.04,0.02,0.37,0.02,0.04,290.36,410.19
-0.04,0.02,0.37,0.03,0,304,350.71
-0.04,0.02,0.37,0.03,0.01,304.81,364.84
-0.04,0.02,0.37,0.03,0.02,304.52,379.33
-0.04,0.02,0.37,0.03,0.03,305.09,394.89
-0.04,0.02,0.37,0.03,0.04,305.23,411.29
-0.04,0.04,0.37,0,0,259.4,379.63
-0.04,0.04,0.37,0,0.01,259.01,394.95
-0.04,0.04,0.37,0,0.02,259.13,411.39
-0.04,0.04,0.37,0,0.03,258.58,425.87
-0.04,0.04,0.37,0,0.04,258.51,442.7
-0.04,0.04,0.37,0.01,0,274.7,380.55
-0.04,0.04,0.37,0.01,0.01,274.52,395.34
-0.04,0.04,0.37,0.01,0.02,274.35,411.4
-0.04,0.04,0.37,0.01,0.03,274.76,427.27
-0.04,0.04,0.37,0.01,0.04,274.81,441.18
-0.04,0.04,0.37,0.02,0,290.63,379.71
-0.04,0.04,0.37,0.02,0.01,289.84,395.89
-0.04,0.04,0.37,0.02,0.02,289.44,410.67
-0.04,0.04,0.37,0.02,0.03,290.09,426.56
-0.04,0.04,0.37,0.02,0.04,289.81,441.87
-0.04,0.04,0.37,0.03,0,304.63,379.38
-0.04,0.04,0.37,0.03,0.01,303.97,394.55
-0.04,0.04,0.37,0.03,0.02,305.04,411.45
-0.04,0.04,0.37,0.03,0.03,304.3,426.31
-0.02,0,0.37,0.03,0.04,335.32,380.04
-0.02,0.02,0.37,0,0,289.75,349.61
-0.02,0.02,0.37,0,0.01,290.23,364.33
-0.02,0.02,0.37,0,0.02,290.39,380.98
-0.02,0.02,0.37,0,0.03,290.93,395.49
-0.02,0.02,0.37,0,0.04,288.92,410.72
-0.02,0.02,0.37,0.01,0,305.13,349.83
-0.02,0.02,0.37,0.01,0.01,305.02,364.52
-0.02,0.02,0.37,0.01,0.02,304.56,380.34
-0.02,0.02,0.37,0.01,0.03,305.38,395.12
-0.02,0.02,0.37,0.01,0.04,304.58,411.1
-0.02,0.02,0.37,0.02,0,320.18,349.55
-0.02,0.02,0.37,0.02,0.01,318.92,365.27
-0.02,0.02,0.37,0.02,0.02,319.33,380.07
-0.02,0.02,0.37,0.02,0.03,320.07,396.16
-0.02,0.02,0.37,0.02,0.04,320.96,410.94
-0.02,0.02,0.37,0.03,0,335.29,350.16
-0.02,0.02,0.37,0.03,0.01,334.88,365.2
-0.02,0.02,0.37,0.03,0.02,335.4,380.32
-0.02,0.02,0.37,0.03,0.03,334.43,394.69
-0.02,0.02,0.37,0.03,0.04,334.71,410.29
-0.02,0.04,0.37,0,0,289.77,380.78
-0.02,0.04,0.37,0,0.01,288.76,394.54
-0.02,0.04,0.37,0,0.02,290.24,411.62
-0.02,0.04,0.37,0,0.03,288.88,425.53
-0.02,0.04,0.37,0,0.04,288.71,441.48
-0.02,0.04,0.37,0.01,0,304.76,379.65
-0.02,0.04,0.37,0.01,0.01,305.31,395.88
-0.02,0.04,0.37,0.01,0.02,304.77,411.24
-0.02,0.04,0.37,0.01,0.03,304.54,425.5
-0.02,0.04,0.37,0.01,0.04,304.17,441.15
-0.02,0.04,0.37,0.02,0,320.83,379.72
-0.02,0.04,0.37,0.02,0.01,320.59,395.47
-0.02,0.04,0.37,0.02,0.02,320.04,410.87
-0.02,0.04,0.37,0.02,0.03,319.74,426.25
-0.02,0.04,0.37,0.02,0.04,320.56,441.42
-0.02,0.04,0.37,0.03,0,335.93,379.93
-0.02,0.04,0.37,0.03,0.01,335.57,395.15
-0.02,0.04,0.37,0.03,0.02,335.96,410.68
-0.02,0.04,0.37,0.03,0.03,334.7,425.93
0,0,0.37,0.03,0.04,365.47,380.25
0,0.02,0.37,0,0,320.97,350.64
0,0.02,0.37,0,0.01,320.84,365.02
0,0.02,0.37,0,0.02,320.63,380.5
0,0.02,0.37,0,0.03,319.43,395.05
0,0.02,0.37,0,0.04,320,411.27
0,0.02,0.37,0.01,0,335.09,349.72
0,0.02,0.37,0.01,0.01,334.26,365.21
0,0.02,0.37,0.01,0.02,335.39,379.76
0,0.02,0.37,0.01,0.03,336.08,395.03
0,0.02,0.37,0.01,0.04,335.06,411.41
0,0.02,0.37,0.02,0,349.62,350.37
0,0.02,0.37,0.02,0.01,350.72,364.56
0,0.02,0.37,0.02,0.02,350.54,380.61
0,0.02,0.37,0.02,0.03,349.93,395.42
0,0.02,0.37,0.02,0.04,350.64,410.29
0,0.02,0.37,0.03,0,365.15,349.62
0,0.02,0.37,0.03,0.01,364.76,366.46
0,0.02,0.37,0.03,0.02,364.91,379.68
0,0.02,0.37,0.03,0.03,364.19,394.43
0,0.02,0.37,0.03,0.04,365.83,410.83
0,0.04,0.37,0,0,319.56,380.58
0,0.04,0.37,0,0.01,320.5,395.74
0,0.04,0.37,0,0.02,319.4,410.85
0,0.04,0.37,0,0.03,320.57,425.77
0,0.04,0.37,0,0.04,319.36,441.2
0,0.04,0.37,0.01,0,335,379.53
0,0.04,0.37,0.01,0.01,334.96,395.56
0,0.04,0.37,0.01,0.02,336.07,410.26
0,0.04,0.37,0.01,0.03,334.97,426.01
0,0.04,0.37,0.01,0.04,335.48,441.51
0,0.04,0.37,0.02,0,350.66,380.44
0,0.04,0.37,0.02,0.01,350.06,395.73
0,0.04,0.37,0.02,0.02,350.45,410.65
0,0.04,0.37,0.02,0.03,350.56,426.27
0,0.04,0.37,0.02,0.04,350.26,441.34
0,0.04,0.37,0.03,0,364.34,380.3
0,0.04,0.37,0.03,0.01,365.98,395.91
0,0.04,0.37,0.03,0.02,365.32,410.83
0,0.04,0.37,0.03,0.03,365.53,426.53
0.02,0,0.37,0.03,0.04,395.54,380.11
0.02,0.02,0.37,0,0,349.85,349.93
0.02,0.02,0.37,0,0.01,350.71,365.59
0.02,0.02,0.37,0,0.02,350.45,379.77
0.02,0.02,0.37,0,0.03,349.85,395.43
0.02,0.02,0.37,0,0.04,349.97,410.33
0.02,0.02,0.37,0.01,0,365.73,350.39
0.02,0.02,0.37,0.01,0.01,366.01,365.1
0.02,0.02,0.37,0.01,0.02,364.21,379.83
0.02,0.02,0.37,0.01,0.03,365.64,395.94
0.02,0.02,0.37,0.01,0.04,365.13,410.41
0.02,0.02,0.37,0.02,0,379.89,349.91
0.02,0.02,0.37,0.02,0.01,379.56,365.34
0.02,0.02,0.37,0.02,0.02,380.55,380.23
0.02,0.02,0.37,0.02,0.03,380.83,395.07
0.02,0.02,0.37,0.02,0.04,380.36,411.15
0.02,0.02,0.37,0.03,0,395.75,349.96
0.02,0.02,0.37,0.03,0.01,395.57,364.04
0.02,0.02,0.37,0.03,0.02,394.81,380.94
0.02,0.02,0.37,0.03,0.03,395.44,394.84
0.02,0.02,0.37,0.03,0.04,395.42,410.48
0.02,0.04,0.37,0,0,350.66,380.87
0.02,0.04,0.37,0,0.01,350.41,395.47
0.02,0.04,0.37,0,0.02,349.86,410.92
0.02,0.04,0.37,0,0.03,351.23,425.93
0.02,0.04,0.37,0,0.04,350.33,442.06
0.02,0.04,0.37,0.01,0,365.13,380.15
0.02,0.04,0.37,0.01,0.01,365.32,395.19
0.02,0.04,0.37,0.01,0.02,366.08,410.87
0.02,0.04,0.37,0.01,0.03,365.96,426.1
0.02,0.04,0.37,0.01,0.04,366.6,442.49
0.02,0.04,0.37,0.02,0,379.78,380.99
0.02,0.04,0.37,0.02,0.01,380,396.07
0.02,0.04,0.37,0.02,0.02,381.35,410.4
0.02,0.04,0.37,0.02,0.03,381.1,425.98
0.02,0.04,0.37,0.02,0.04,380.56,441.44
0.02,0.04,0.37,0.03,0,395.8,380.66
0.02,0.04,0.37,0.03,0.01,396.84,396.34
0.02,0.04,0.37,0.03,0.02,395.82,411.36
0.02,0.04,0.37,0.03,0.03,396.38,426.93
0.04,0,0.37,0.03,0.04,426.51,380.88
0.04,0.02,0.37,0,0,380.64,349.75
0.04,0.02,0.37,0,0.01,380.37,365.55
0.04,0.02,0.37,0,0.02,380.01,379.39
0.04,0.02,0.37,0,0.03,381.16,395.86
0.04,0.02,0.37,0,0.04,380.43,410.83
0.04,0.02,0.37,0.01,0,395.88,349.87
0.04,0.02,0.37,0.01,0.01,394.86,365.73
0.04,0.02,0.37,0.01,0.02,396.16,380.83
0.04,0.02,0.37,0.01,0.03,395.7,397.35
0.04,0.02,0.37,0.01,0.04,395.9,411.3
0.04,0.02,0.37,0.02,0,410.59,350.32
0.04,0.02,0.37,0.02,0.01,410.79,365.35
0.04,0.02,0.37,0.02,0.02,410.31,381.31
0.04,0.02,0.37,0.02,0.03,411.66,396.39
0.04,0.02,0.37,0.02,0.04,411.15,411.3
0.04,0.02,0.37,0.03,0,426.2,350.9
0.04,0.02,0.37,0.03,0.01,426.07,365.9
0.04,0.02,0.37,0.03,0.02,427.03,381.22
0.04,0.02,0.37,0.03,0.03,426.33,395.82
0.04,0.02,0.37,0.03,0.04,427.09,411.53
0.04,0.04,0.37,0,0,380.09,381.15
0.04,0.04,0.37,0,0.01,380.57,396.64
0.04,0.04,0.37,0,0.02,380.51,409.56
0.04,0.04,0.37,0,0.03,381.02,425.69
0.04,0.04,0.37,0,0.04,381.58,441.29
0.04,0.04,0.37,0.01,0,395.83,379.86
0.04,0.04,0.37,0.01,0.01,394.75,395.23
0.04,0.04,0.37,0.01,0.02,395.87,411.15
0.04,0.04,0.37,0.01,0.03,396.67,426.76
0.04,0.04,0.37,0.01,0.04,396.69,442.4
0.04,0.04,0.37,0.02,0,411.53,380.25
0.04,0.04,0.37,0.02,0.01,411.65,395.23
0.04,0.04,0.37,0.02,0.02,412.13,411.26
0.04,0.04,0.37,0.02,0.03,410.96,426.58
0.04,0.04,0.37,0.02,0.04,412.18,441.6
0.04,0.04,0.37,0.03,0,426.08,380.63
0.04,0.04,0.37,0.03,0.01,425.77,396.25
0.04,0.04,0.37,0.03,0.02,427.03,411.02
0.04,0.04,0.37,0.03,0.03,427.02,426.93
-0.04,0,0.38,0.03,0.04,304.51,378.78
-0.04,0.02,0.38,0,0,262.04,349.4
-0.04,0.02,0.38,0,0.01,261.1,363.34
-0.04,0.02,0.38,0,0.02,261.86,379.18
-0.04,0.02,0.38,0,0.03,261.54,393.92
-0.04,0.02,0.38,0,0.04,260.02,408.29
-0.04,0.02,0.38,0.01,0,276.34,349.95
-0.04,0.02,0.38,0.01,0.01,276.3,363.59
-0.04,0.02,0.38,0.01,0.02,275.54,378.59
-0.04,0.02,0.38,0.01,0.03,275.71,392.87
-0.04,0.02,0.38,0.01,0.04,276.07,408.61
-0.04,0.02,0.38,0.02,0,290.18,349.14
-0.04,0.02,0.38,0.02,0.01,290.44,364.63
-0.04,0.02,0.38,0.02,0.02,289.38,378.46
-0.04,0.02,0.38,0.02,0.03,290.1,393.19
-0.04,0.02,0.38,0.02,0.04,290.65,408.22
-0.04,0.02,0.38,0.03,0,305.29,349.39
-0.04,0.02,0.38,0.03,0.01,304.53,364.33
-0.04,0.02,0.38,0.03,0.02,305.22,378.56
-0.04,0.02,0.38,0.03,0.03,305.11,393.16
-0.04,0.02,0.38,0.03,0.04,305.79,408.17
-0.04,0.04,0.38,0,0,261.97,379.66
-0.04,0.04,0.38,0,0.01,260,394.07
-0.04,0.04,0.38,0,0.02,260.61,408.34
-0.04,0.04,0.38,0,0.03,261.3,423.25
-0.04,0.04,0.38,0,0.04,260.75,438.56
-0.04,0.04,0.38,0.01,0,275.77,378.3
-0.04,0.04,0.38,0.01,0.01,275.23,394.09
-0.04,0.04,0.38,0.01,0.02,275.9,408.57
-0.04,0.04,0.38,0.01,0.03,276.03,422.08
-0.04,0.04,0.38,0.01,0.04,275.43,438.16
-0.04,0.04,0.38,0.02,0,290.96,379.62
-0.04,0.04,0.38,0.02,0.01,291.06,393.57
-0.04,0.04,0.38,0.02,0.02,290.62,408.43
-0.04,0.04,0.38,0.02,0.03,290.46,423.44
-0.04,0.04,0.38,0.02,0.04,290.86,439.42
-0.04,0.04,0.38,0.03,0,304.71,378.43
-0.04,0.04,0.38,0.03,0.01,304.7,393.49
-0.04,0.04,0.38,0.03,0.02,305.69,408.33
-0.04,0.04,0.38,0.03,0.03,305.56,423.72
-0.02,0,0.38,0.03,0.04,334.98,378.96
-0.02,0.02,0.38,0,0,291.38,349.45
-0.02,0.02,0.38,0,0.01,290.64,363.45
-0.02,0.02,0.38,0,0.02,289.86,378.82
-0.02,0.02,0.38,0,0.03,290.39,394.21
-0.02,0.02,0.38,0,0.04,290.57,408.29
-0.02,0.02,0.38,0.01,0,304.49,348.63
-0.02,0.02,0.38,0.01,0.01,306.27,364.42
-0.02,0.02,0.38,0.01,0.02,305.36,377.64
-0.02,0.02,0.38,0.01,0.03,306.15,392.7
-0.02,0.02,0.38,0.01,0.04,305.09,408.07
-0.02,0.02,0.38,0.02,0,320.17,348.19
-0.02,0.02,0.38,0.02,0.01,319.92,363.78
-0.02,0.02,0.38,0.02,0.02,319.86,379.76
-0.02,0.02,0.38,0.02,0.03,319.47,393.01
-0.02,0.02,0.38,0.02,0.04,319.96,407.86
-0.02,0.02,0.38,0.03,0,334.73,348.25
-0.02,0.02,0.38,0.03,0.01,334.07,362.78
-0.02,0.02,0.38,0.03,0.02,333.85,378.31
-0.02,0.02,0.38,0.03,0.03,334.85,394.13
-0.02,0.02,0.38,0.03,0.04,334.38,408.38
-0.02,0.04,0.38,0,0,291.34,378.69
-0.02,0.04,0.38,0,0.01,290.31,393.7
-0.02,0.04,0.38,0,0.02,290.14,407.42
-0.02,0.04,0.38,0,0.03,291.04,423.57
-0.02,0.04,0.38,0,0.04,290.36,438.15
-0.02,0.04,0.38,0.01,0,306.61,378.22
-0.02,0.04,0.38,0.01,0.01,304.84,393.7
-0.02,0.04,0.38,0.01,0.02,304.45,408.51
-0.02,0.04,0.38,0.01,0.03,304.78,422.98
-0.02,0.04,0.38,0.01,0.04,304.81,437.98
-0.02,0.04,0.38,0.02,0,320.14,379.22
-0.02,0.04,0.38,0.02,0.01,319.43,392.58
-0.02,0.04,0.38,0.02,0.02,319.56,407.76
-0.02,0.04,0.38,0.02,0.03,319.47,423.18
-0.02,0.04,0.38,0.02,0.04,320.37,437.73
-0.02,0.04,0.38,0.03,0,334.99,378.47
-0.02,0.04,0.38,0.03,0.01,335.3,392.65
-0.02,0.04,0.38,0.03,0.02,334.57,407.54
-0.02,0.04,0.38,0.03,0.03,335.21,422.69
0,0,0.38,0.03,0.04,363.77,378.52
0,0.02,0.38,0,0,320.38,349.26
0,0.02,0.38,0,0.01,319.42,363.68
0,0.02,0.38,0,0.02,320.48,379.34
0,0.02,0.38,0,0.03,319.28,393.26
0,0.02,0.38,0,0.04,319.9,408.55
0,0.02,0.38,0.01,0,334.92,349.72
0,0.02,0.38,0.01,0.01,334.07,363.99
0,0.02,0.38,0.01,0.02,334.16,379.55
0,0.02,0.38,0.01,0.03,334.68,393.87
0,0.02,0.38,0.01,0.04,334.41,408.39
0,0.02,0.38,0.02,0,349.2,349.28
0,0.02,0.38,0.02,0.01,349.06,363.51
0,0.02,0.38,0.02,0.02,348.96,379.06
0,0.02,0.38,0.02,0.03,349.33,392.89
0,0.02,0.38,0.02,0.04,349.47,407.39
0,0.02,0.38,0.03,0,364.51,348.44
0,0.02,0.38,0.03,0.01,364.65,363.99
0,0.02,0.38,0.03,0.02,364.09,378.86
0,0.02,0.38,0.03,0.03,364.36,393.16
0,0.02,0.38,0.03,0.04,363.5,408.47
0,0.04,0.38,0,0,319.93,378.57
0,0.04,0.38,0,0.01,319.13,392.45
0,0.04,0.38,0,0.02,319.44,407.69
0,0.04,0.38,0,0.03,320.5,422.96
0,0.04,0.38,0,0.04,320.25,437.25
0,0.04,0.38,0.01,0,334.01,378.71
0,0.04,0.38,0.01,0.01,334.84,394.98
0,0.04,0.38,0.01,0.02,334.11,408.49
0,0.04,0.38,0.01,0.03,334.22,422.66
0,0.04,0.38,0.01,0.04,334.76,438.57
0,0.04,0.38,0.02,0,349.93,378.79
0,0.04,0.38,0.02,0.01,350.26,393.83
0,0.04,0.38,0.02,0.02,349.38,408.49
0,0.04,0.38,0.02,0.03,349.84,422.17
0,0.04,0.38,0.02,0.04,350.3,438.1
0,0.04,0.38,0.03,0,364.12,378.9
0,0.04,0.38,0.03,0.01,363.52,393.68
0,0.04,0.38,0.03,0.02,363.94,407.84
0,0.04,0.38,0.03,0.03,363.46,422.43
0.02,0,0.38,0.03,0.04,393.53,379.29
0.02,0.02,0.38,0,0,349.68,349.68
0.02,0.02,0.38,0,0.01,348.83,364.68
0.02,0.02,0.38,0,0.02,349.63,377.81
0.02,0.02,0.38,0,0.03,349.94,393.33
0.02,0.02,0.38,0,0.04,349.07,408.62
0.02,0.02,0.38,0.01,0,364.29,349.57
0.02,0.02,0.38,0.01,0.01,363.69,364.07
0.02,0.02,0.38,0.01,0.02,364.25,379.37
0.02,0.02,0.38,0.01,0.03,363.97,393.99
0.02,0.02,0.38,0.01,0.04,364.19,408.46
0.02,0.02,0.38,0.02,0,377.54,348.92
0.02,0.02,0.38,0.02,0.01,377.97,363.26
0.02,0.02,0.38,0.02,0.02,378.8,379.99
0.02,0.02,0.38,0.02,0.03,379.21,393.2
0.02,0.02,0.38,0.02,0.04,378.78,408.28
0.02,0.02,0.38,0.03,0,393.5,349.94
0.02,0.02,0.38,0.03,0.01,392.96,363.93
0.02,0.02,0.38,0.03,0.02,394.36,378.24
0.02,0.02,0.38,0.03,0.03,393.64,393.16
0.02,0.02,0.38,0.03,0.04,394.15,408.48
0.02,0.04,0.38,0,0,349.32,378.68
0.02,0.04,0.38,0,0.01,350.56,393.09
0.02,0.04,0.38,0,0.02,349.48,407.84
0.02,0.04,0.38,0,0.03,348.65,422.76
0.02,0.04,0.38,0,0.04,348.97,438.24
0.02,0.04,0.38,0.01,0,366.01,378.92
0.02,0.04,0.38,0.01,0.01,363.46,392.94
0.02,0.04,0.38,0.01,0.02,364.09,407.9
0.02,0.04,0.38,0.01,0.03,365.07,423.61
0.02,0.04,0.38,0.01,0.04,363.88,439.15
0.02,0.04,0.38,0.02,0,379.68,378.56
0.02,0.04,0.38,0.02,0.01,378.99,394.02
0.02,0.04,0.38,0.02,0.02,378.61,408.79
0.02,0.04,0.38,0.02,0.03,379.19,423.54
0.02,0.04,0.38,0.02,0.04,379.99,439.32
0.02,0.04,0.38,0.03,0,393.78,378.97
0.02,0.04,0.38,0.03,0.01,394.41,393.89
0.02,0.04,0.38,0.03,0.02,392.77,408.74
0.02,0.04,0.38,0.03,0.03,395.24,423.37
0.04,0,0.38,0.03,0.04,423.16,378.92
0.04,0.02,0.38,0,0,378.73,348.71
0.04,0.02,0.38,0,0.01,378.53,363.61
0.04,0.02,0.38,0,0.02,378.4,378.18
0.04,0.02,0.38,0,0.03,378.54,393.1
0.04,0.02,0.38,0,0.04,379.13,408.36
0.04,0.02,0.38,0.01,0,393.34,349.74
0.04,0.02,0.38,0.01,0.01,392.45,364.94
0.04,0.02,0.38,0.01,0.02,394.57,380.38
0.04,0.02,0.38,0.01,0.03,393.54,394.38
0.04,0.02,0.38,0.01,0.04,393.59,409.27
0.04,0.02,0.38,0.02,0,408.59,349.03
0.04,0.02,0.38,0.02,0.01,407.35,363.77
0.04,0.02,0.38,0.02,0.02,408.2,378.94
0.04,0.02,0.38,0.02,0.03,409.49,393.87
0.04,0.02,0.38,0.02,0.04,410.49,408.44
0.04,0.02,0.38,0.03,0,422.93,349.83
0.04,0.02,0.38,0.03,0.01,424.1,363.68
0.04,0.02,0.38,0.03,0.02,424.29,379.22
0.04,0.02,0.38,0.03,0.03,423.61,394.17
0.04,0.02,0.38,0.03,0.04,424.66,409.58
0.04,0.04,0.38,0,0,378.6,378.74
0.04,0.04,0.38,0,0.01,378.93,393.54
0.04,0.04,0.38,0,0.02,378.62,408.91
0.04,0.04,0.38,0,0.03,378.88,423.54
0.04,0.04,0.38,0,0.04,379.33,438.88
0.04,0.04,0.38,0.01,0,393.42,378.17
0.04,0.04,0.38,0.01,0.01,393.68,393.95
0.04,0.04,0.38,0.01,0.02,393.97,409.27
0.04,0.04,0.38,0.01,0.03,394.17,424.23
0.04,0.04,0.38,0.01,0.04,393.71,439.15
0.04,0.04,0.38,0.02,0,408.04,379.67
0.04,0.04,0.38,0.02,0.01,407.9,393.73
0.04,0.04,0.38,0.02,0.02,409.88,408.89
0.04,0.04,0.38,0.02,0.03,408.61,424.21
0.04,0.04,0.38,0.02,0.04,409.52,438.31
0.04,0.04,0.38,0.03,0,423.21,380.26
0.04,0.04,0.38,0.03,0.01,423.67,393.34
0.04,0.04,0.38,0.03,0.02,424.19,409.75
0.04,0.04,0.38,0.03,0.03,424.67,424.45
-0.04,0,0.39,0.03,0.04,306.86,377.53
-0.04,0.02,0.39,0,0,262.76,348.28
-0.04,0.02,0.39,0,0.01,262.98,363.33
-0.04,0.02,0.39,0,0.02,262.86,377.13
-0.04,0.02,0.39,0,0.03,261.95,391.68
-0.04,0.02,0.39,0,0.04,262.56,406.11
-0.04,0.02,0.39,0.01,0,277.67,348.93
-0.04,0.02,0.39,0.01,0.01,277.15,362.48
-0.04,0.02,0.39,0.01,0.02,277.58,378.18
-0.04,0.02,0.39,0.01,0.03,276.74,391.13
-0.04,0.02,0.39,0.01,0.04,276.25,406.26
-0.04,0.02,0.39,0.02,0,291.31,349.04
-0.04,0.02,0.39,0.02,0.01,291.11,363.34
-0.04,0.02,0.39,0.02,0.02,291.04,376.61
-0.04,0.02,0.39,0.02,0.03,290.46,391.01
-0.04,0.02,0.39,0.02,0.04,291.16,405.86
-0.04,0.02,0.39,0.03,0,305.13,348.97
-0.04,0.02,0.39,0.03,0.01,305.87,362.42
-0.04,0.02,0.39,0.03,0.02,305.56,376.81
-0.04,0.02,0.39,0.03,0.03,306.13,392.14
-0.04,0.02,0.39,0.03,0.04,305.38,406.39
-0.04,0.04,0.39,0,0,262.47,376.59
-0.04,0.04,0.39,0,0.01,262.99,391.7
-0.04,0.04,0.39,0,0.02,262.82,406.15
-0.04,0.04,0.39,0,0.03,262.41,420.56
-0.04,0.04,0.39,0,0.04,262.33,435.24
-0.04,0.04,0.39,0.01,0,277,376.36
-0.04,0.04,0.39,0.01,0.01,276.98,391.51
-0.04,0.04,0.39,0.01,0.02,276.57,406.85
-0.04,0.04,0.39,0.01,0.03,277.14,420.05
-0.04,0.04,0.39,0.01,0.04,277,435.18
-0.04,0.04,0.39,0.02,0,291.35,377.01
-0.04,0.04,0.39,0.02,0.01,290.91,391.3
-0.04,0.04,0.39,0.02,0.02,291.8,406.08
-0.04,0.04,0.39,0.02,0.03,290.64,420.61
-0.04,0.04,0.39,0.02,0.04,290.98,435.82
-0.04,0.04,0.39,0.03,0,305.29,377.22
-0.04,0.04,0.39,0.03,0.01,305.86,390.78
-0.04,0.04,0.39,0.03,0.02,304.55,405.85
-0.04,0.04,0.39,0.03,0.03,306.02,420.63
-0.02,0,0.39,0.03,0.04,333.71,376.87
-0.02,0.02,0.39,0,0,291.52,348.71
-0.02,0.02,0.39,0,0.01,291.36,363.1
-0.02,0.02,0.39,0,0.02,291.67,376.74
-0.02,0.02,0.39,0,0.03,290.76,391.24
-0.02,0.02,0.39,0,0.04,292.07,405.89
-0.02,0.02,0.39,0.01,0,305.36,348.71
-0.02,0.02,0.39,0.01,0.01,305.86,363.11
-0.02,0.02,0.39,0.01,0.02,305.23,377.88
-0.02,0.02,0.39,0.01,0.03,305.21,391.91
-0.02,0.02,0.39,0.01,0.04,305.61,406.28
-0.02,0.02,0.39,0.02,0,320.62,348.44
-0.02,0.02,0.39,0.02,0.01,319.74,362.6
-0.02,0.02,0.39,0.02,0.02,320.25,376.74
-0.02,0.02,0.39,0.02,0.03,320.89,391.15
-0.02,0.02,0.39,0.02,0.04,320.78,406.05
-0.02,0.02,0.39,0.03,0,333.59,348.24
-0.02,0.02,0.39,0.03,0.01,334.32,363
-0.02,0.02,0.39,0.03,0.02,334,377.42
-0.02,0.02,0.39,0.03,0.03,334.34,390.92
-0.02,0.02,0.39,0.03,0.04,333.91,406.24
-0.02,0.04,0.39,0,0,290.53,375.96
-0.02,0.04,0.39,0,0.01,291.37,392.28
-0.02,0.04,0.39,0,0.02,292.13,405.75
-0.02,0.04,0.39,0,0.03,290.69,421.21
-0.02,0.04,0.39,0,0.04,291.15,435.76
-0.02,0.04,0.39,0.01,0,305.71,377.77
-0.02,0.04,0.39,0.01,0.01,305.9,392.2
-0.02,0.04,0.39,0.01,0.02,305.65,407.12
-0.02,0.04,0.39,0.01,0.03,305.43,421.22
-0.02,0.04,0.39,0.01,0.04,307.07,435.54
-0.02,0.04,0.39,0.02,0,319.25,377.45
-0.02,0.04,0.39,0.02,0.01,320.27,390.27
-0.02,0.04,0.39,0.02,0.02,319.3,406.63
-0.02,0.04,0.39,0.02,0.03,321.04,420.18
-0.02,0.04,0.39,0.02,0.04,320.05,434.69
-0.02,0.04,0.39,0.03,0,334.08,376.9
-0.02,0.04,0.39,0.03,0.01,334.49,392.53
-0.02,0.04,0.39,0.03,0.02,335.44,405.38
-0.02,0.04,0.39,0.03,0.03,334.17,420.54
0,0,0.39,0.03,0.04,363.46,377.39
0,0.02,0.39,0,0,318.94,347.39
0,0.02,0.39,0,0.01,320.6,362.66
0,0.02,0.39,0,0.02,319.29,377.62
0,0.02,0.39,0,0.03,319.46,391.65
0,0.02,0.39,0,0.04,319.22,405.85
0,0.02,0.39,0.01,0,334.05,348.17
0,0.02,0.39,0.01,0.01,335.37,362.57
0,0.02,0.39,0.01,0.02,335.1,377.81
0,0.02,0.39,0.01,0.03,333.66,391.22
0,0.02,0.39,0.01,0.04,335.24,406.21
0,0.02,0.39,0.02,0,348.74,348.3
0,0.02,0.39,0.02,0.01,348.83,362.47
0,0.02,0.39,0.02,0.02,348.98,376.85
0,0.02,0.39,0.02,0.03,348.7,391.82
0,0.02,0.39,0.02,0.04,348.21,405.52
0,0.02,0.39,0.03,0,363.16,347.28
0,0.02,0.39,0.03,0.01,363.16,362.11
0,0.02,0.39,0.03,0.02,362.43,377.33
0,0.02,0.39,0.03,0.03,362.85,391.41
0,0.02,0.39,0.03,0.04,364.14,406
0,0.04,0.39,0,0,320.15,377.57
0,0.04,0.39,0,0.01,320.27,391.86
0,0.04,0.39,0,0.02,319.09,406.02
0,0.04,0.39,0,0.03,319.83,420.88
0,0.04,0.39,0,0.04,319.74,434.85
0,0.04,0.39,0.01,0,333.57,376.69
0,0.04,0.39,0.01,0.01,335.26,391.47
0,0.04,0.39,0.01,0.02,334.8,406.01
0,0.04,0.39,0.01,0.03,333.44,420.38
0,0.04,0.39,0.01,0.04,334.73,435.24
0,0.04,0.39,0.02,0,348.64,376.84
0,0.04,0.39,0.02,0.01,349.16,391.49
0,0.04,0.39,0.02,0.02,348.95,405.3
0,0.04,0.39,0.02,0.03,349.94,420.48
0,0.04,0.39,0.02,0.04,348.84,436.46
0,0.04,0.39,0.03,0,363.08,377.82
0,0.04,0.39,0.03,0.01,363.28,391.75
0,0.04,0.39,0.03,0.02,362.78,406.31
0,0.04,0.39,0.03,0.03,362.17,420.28
0.02,0,0.39,0.03,0.04,391.86,377.88
0.02,0.02,0.39,0,0,347.39,348.31
0.02,0.02,0.39,0,0.01,348.35,362.77
0.02,0.02,0.39,0,0.02,349.09,377.13
0.02,0.02,0.39,0,0.03,348.54,391.55
0.02,0.02,0.39,0,0.04,348.71,405.93
0.02,0.02,0.39,0.01,0,363.09,348.35
0.02,0.02,0.39,0.01,0.01,363.34,362.86
0.02,0.02,0.39,0.01,0.02,362.55,377
0.02,0.02,0.39,0.01,0.03,363.01,392.01
0.02,0.02,0.39,0.01,0.04,363.46,406.25
0.02,0.02,0.39,0.02,0,377.26,349.34
0.02,0.02,0.39,0.02,0.01,376.91,362.2
0.02,0.02,0.39,0.02,0.02,377.63,377.19
0.02,0.02,0.39,0.02,0.03,377.58,391.91
0.02,0.02,0.39,0.02,0.04,376.66,406.37
0.02,0.02,0.39,0.03,0,391.82,348.42
0.02,0.02,0.39,0.03,0.01,391.44,362.51
0.02,0.02,0.39,0.03,0.02,392.38,378.47
0.02,0.02,0.39,0.03,0.03,391.71,391.28
0.02,0.02,0.39,0.03,0.04,392.2,407.03
0.02,0.04,0.39,0,0,348.91,377.04
0.02,0.04,0.39,0,0.01,348.26,390.76
0.02,0.04,0.39,0,0.02,349.06,406.15
0.02,0.04,0.39,0,0.03,348.86,420.28
0.02,0.04,0.39,0,0.04,348.79,434.75
0.02,0.04,0.39,0.01,0,363.12,377.74
0.02,0.04,0.39,0.01,0.01,362.3,391.99
0.02,0.04,0.39,0.01,0.02,362.94,405.66
0.02,0.04,0.39,0.01,0.03,363.11,420.09
0.02,0.04,0.39,0.01,0.04,363.38,436.05
0.02,0.04,0.39,0.02,0,377.71,376.88
0.02,0.04,0.39,0.02,0.01,377.04,391.69
0.02,0.04,0.39,0.02,0.02,376.45,406.19
0.02,0.04,0.39,0.02,0.03,377.06,420.32
0.02,0.04,0.39,0.02,0.04,377.94,435.96
0.02,0.04,0.39,0.03,0,391.88,377.6
0.02,0.04,0.39,0.03,0.01,391.99,391.56
0.02,0.04,0.39,0.03,0.02,391.98,406.51
0.02,0.04,0.39,0.03,0.03,391.01,420.77
0.04,0,0.39,0.03,0.04,420.83,377.77
0.04,0.02,0.39,0,0,376.33,348.45
0.04,0.02,0.39,0,0.01,377.11,363.28
0.04,0.02,0.39,0,0.02,376.79,377.44
0.04,0.02,0.39,0,0.03,376.31,391.91
0.04,0.02,0.39,0,0.04,376.95,405.79
0.04,0.02,0.39,0.01,0,391.83,348.66
0.04,0.02,0.39,0.01,0.01,391.34,363.11
0.04,0.02,0.39,0.01,0.02,391.07,377.03
0.04,0.02,0.39,0.01,0.03,392.42,392.32
0.04,0.02,0.39,0.01,0.04,391.35,406.91
0.04,0.02,0.39,0.02,0,405.01,348.44
0.04,0.02,0.39,0.02,0.01,405.43,363.21
0.04,0.02,0.39,0.02,0.02,405.56,377.4
0.04,0.02,0.39,0.02,0.03,406.41,392.68
0.04,0.02,0.39,0.02,0.04,405.96,407.18
0.04,0.02,0.39,0.03,0,420.47,348.72
0.04,0.02,0.39,0.03,0.01,420.35,363.18
0.04,0.02,0.39,0.03,0.02,420.9,377.53
0.04,0.02,0.39,0.03,0.03,421.15,391.39
0.04,0.02,0.39,0.03,0.04,420.11,406.53
0.04,0.04,0.39,0,0,377.81,376.72
0.04,0.04,0.39,0,0.01,377.55,391.86
0.04,0.04,0.39,0,0.02,377.05,405.34
0.04,0.04,0.39,0,0.03,377.93,420.64
0.04,0.04,0.39,0,0.04,377.87,435.91
0.04,0.04,0.39,0.01,0,391.75,378.15
0.04,0.04,0.39,0.01,0.01,392.3,392.84
0.04,0.04,0.39,0.01,0.02,392.69,406.02
0.04,0.04,0.39,0.01,0.03,392.05,421.07
0.04,0.04,0.39,0.01,0.04,392.82,435.98
0.04,0.04,0.39,0.02,0,406.25,377.64
0.04,0.04,0.39,0.02,0.01,405.65,392.78
0.04,0.04,0.39,0.02,0.02,405.6,405.84
0.04,0.04,0.39,0.02,0.03,406.68,421.26
0.04,0.04,0.39,0.02,0.04,407.52,435.92
0.04,0.04,0.39,0.03,0,420.73,377.51
0.04,0.04,0.39,0.03,0.01,421.51,392.45
0.04,0.04,0.39,0.03,0.02,421.53,406.46
0.04,0.04,0.39,0.03,0.03,421.58,421.49
-0.04,0,0.4,0.03,0.04,305.84,375.9
-0.04,0.02,0.4,0,0,264.76,347.84
-0.04,0.02,0.4,0,0.01,264.42,361.83
-0.04,0.02,0.4,0,0.02,263.66,376.14
-0.04,0.02,0.4,0,0.03,263.65,390.36
-0.04,0.02,0.4,0,0.04,264.01,405.06
-0.04,0.02,0.4,0.01,0,279.48,348.03
-0.04,0.02,0.4,0.01,0.01,278.44,361.26
-0.04,0.02,0.4,0.01,0.02,277.9,375.58
-0.04,0.02,0.4,0.01,0.03,278.51,390
-0.04,0.02,0.4,0.01,0.04,278.8,404.75
-0.04,0.02,0.4,0.02,0,292.56,347.33
-0.04,0.02,0.4,0.02,0.01,291.18,361.33
-0.04,0.02,0.4,0.02,0.02,291.71,376.37
-0.04,0.02,0.4,0.02,0.03,293.57,389.64
-0.04,0.02,0.4,0.02,0.04,291.46,403.39
-0.04,0.02,0.4,0.03,0,305.57,348.04
-0.04,0.02,0.4,0.03,0.01,305.86,362.12
-0.04,0.02,0.4,0.03,0.02,305.97,375.79
-0.04,0.02,0.4,0.03,0.03,306.06,389.47
-0.04,0.02,0.4,0.03,0.04,306.32,403.93
-0.04,0.04,0.4,0,0,263.88,375.76
-0.04,0.04,0.4,0,0.01,264.21,390.14
-0.04,0.04,0.4,0,0.02,263.75,403.89
-0.04,0.04,0.4,0,0.03,263.26,417.79
-0.04,0.04,0.4,0,0.04,263.36,431.44
-0.04,0.04,0.4,0.01,0,277.8,375.81
-0.04,0.04,0.4,0.01,0.01,278.06,389.72
-0.04,0.04,0.4,0.01,0.02,277.8,404.03
-0.04,0.04,0.4,0.01,0.03,277.89,418.2
-0.04,0.04,0.4,0.01,0.04,278.46,432.83
-0.04,0.04,0.4,0.02,0,292.51,376.59
-0.04,0.04,0.4,0.02,0.01,291.22,389.49
-0.04,0.04,0.4,0.02,0.02,291.63,403.64
-0.04,0.04,0.4,0.02,0.03,290.31,417.85
-0.04,0.04,0.4,0.02,0.04,291.73,432.54
-0.04,0.04,0.4,0.03,0,306.44,375.71
-0.04,0.04,0.4,0.03,0.01,306.57,389.49
-0.04,0.04,0.4,0.03,0.02,306.52,403.27
-0.04,0.04,0.4,0.03,0.03,305.84,417.6
-0.02,0,0.4,0.03,0.04,334.23,376.06
-0.02,0.02,0.4,0,0,292.06,347.25
-0.02,0.02,0.4,0,0.01,292.57,361.29
-0.02,0.02,0.4,0,0.02,292.22,374.97
-0.02,0.02,0.4,0,0.03,291.86,390.45
-0.02,0.02,0.4,0,0.04,292.36,403.98
-0.02,0.02,0.4,0.01,0,306.11,348.16
-0.02,0.02,0.4,0.01,0.01,305.42,362.07
-0.02,0.02,0.4,0.01,0.02,306.24,375.55
-0.02,0.02,0.4,0.01,0.03,305.66,390.11
-0.02,0.02,0.4,0.01,0.04,306.91,403.01
-0.02,0.02,0.4,0.02,0,319.61,347.66
-0.02,0.02,0.4,0.02,0.01,319.88,361.37
-0.02,0.02,0.4,0.02,0.02,320.33,375.36
-0.02,0.02,0.4,0.02,0.03,319.97,389.65
-0.02,0.02,0.4,0.02,0.04,319.52,403.14
-0.02,0.02,0.4,0.03,0,334.64,347.96
-0.02,0.02,0.4,0.03,0.01,334.06,361.82
-0.02,0.02,0.4,0.03,0.02,334.16,376.03
-0.02,0.02,0.4,0.03,0.03,334.9,390.86
-0.02,0.02,0.4,0.03,0.04,333.9,402.93
-0.02,0.04,0.4,0,0,292.8,375.73
-0.02,0.04,0.4,0,0.01,291.32,389.81
-0.02,0.04,0.4,0,0.02,291.75,403.19
-0.02,0.04,0.4,0,0.03,290.77,417.25
-0.02,0.04,0.4,0,0.04,291.94,432.34
-0.02,0.04,0.4,0.01,0,306.13,375.7
-0.02,0.04,0.4,0.01,0.01,306.36,390.93
-0.02,0.04,0.4,0.01,0.02,306.24,403.89
-0.02,0.04,0.4,0.01,0.03,305.45,417.6
-0.02,0.04,0.4,0.01,0.04,305.69,432.47
-0.02,0.04,0.4,0.02,0,320.06,375.44
-0.02,0.04,0.4,0.02,0.01,320.05,389.61
-0.02,0.04,0.4,0.02,0.02,319.7,403.35
-0.02,0.04,0.4,0.02,0.03,320.79,417.19
-0.02,0.04,0.4,0.02,0.04,319.28,432.4
-0.02,0.04,0.4,0.03,0,334.29,375.74
-0.02,0.04,0.4,0.03,0.01,333.1,389.7
-0.02,0.04,0.4,0.03,0.02,334.09,403.7
-0.02,0.04,0.4,0.03,0.03,333.35,418.65
0,0,0.4,0.03,0.04,361.62,375.65
0,0.02,0.4,0,0,320.3,347.8
0,0.02,0.4,0,0.01,319.87,361.11
0,0.02,0.4,0,0.02,319.66,375.54
0,0.02,0.4,0,0.03,320.25,389.21
0,0.02,0.4,0,0.04,319.04,403.29
0,0.02,0.4,0.01,0,333.55,347.59
0,0.02,0.4,0.01,0.01,333.65,361.24
0,0.02,0.4,0.01,0.02,333.38,376.46
0,0.02,0.4,0.01,0.03,333.84,389.94
0,0.02,0.4,0.01,0.04,334.63,404.44
0,0.02,0.4,0.02,0,348.57,347.34
0,0.02,0.4,0.02,0.01,346.64,361.23
0,0.02,0.4,0.02,0.02,347.98,375.32
0,0.02,0.4,0.02,0.03,347.78,389.47
0,0.02,0.4,0.02,0.04,347.83,404.09
0,0.02,0.4,0.03,0,360.91,347.8
0,0.02,0.4,0.03,0.01,361.69,361.9
0,0.02,0.4,0.03,0.02,361.77,375.8
0,0.02,0.4,0.03,0.03,361.22,389.72
0,0.02,0.4,0.03,0.04,362.22,402.87
0,0.04,0.4,0,0,320.03,375.54
0,0.04,0.4,0,0.01,319.79,389.35
0,0.04,0.4,0,0.02,319.44,403.97
0,0.04,0.4,0,0.03,320.16,417.74
0,0.04,0.4,0,0.04,319.53,431.46
0,0.04,0.4,0.01,0,333.96,377.32
0,0.04,0.4,0.01,0.01,334.74,390.04
0,0.04,0.4,0.01,0.02,333.49,403.37
0,0.04,0.4,0.01,0.03,333.71,418.46
0,0.04,0.4,0.01,0.04,333.73,432.93
0,0.04,0.4,0.02,0,347.23,375.48
0,0.04,0.4,0.02,0.01,347.42,389.42
0,0.04,0.4,0.02,0.02,348.52,404.28
0,0.04,0.4,0.02,0.03,347.28,418.28
0,0.04,0.4,0.02,0.04,347.18,431.64
0,0.04,0.4,0.03,0,362.15,375.62
0,0.04,0.4,0.03,0.01,361.85,389.76
0,0.04,0.4,0.03,0.02,363.09,404.06
0,0.04,0.4,0.03,0.03,362.01,417.57
0.02,0,0.4,0.03,0.04,390.72,376.68
0.02,0.02,0.4,0,0,348.36,347.7
0.02,0.02,0.4,0,0.01,348,361.33
0.02,0.02,0.4,0,0.02,347.72,375.2
0.02,0.02,0.4,0,0.03,346.85,389.17
0.02,0.02,0.4,0,0.04,348.1,404.34
0.02,0.02,0.4,0.01,0,362.23,347.8
0.02,0.02,0.4,0.01,0.01,361.45,361.61
0.02,0.02,0.4,0.01,0.02,362.19,376.38
0.02,0.02,0.4,0.01,0.03,362.09,388.99
0.02,0.02,0.4,0.01,0.04,361.04,404.13
0.02,0.02,0.4,0.02,0,375.23,348.11
0.02,0.02,0.4,0.02,0.01,375.97,361.66
0.02,0.02,0.4,0.02,0.02,375.7,375.82
0.02,0.02,0.4,0.02,0.03,376.02,390.19
0.02,0.02,0.4,0.02,0.04,375.87,404.93
0.02,0.02,0.4,0.03,0,390.19,347.62
0.02,0.02,0.4,0.03,0.01,389.35,361.93
0.02,0.02,0.4,0.03,0.02,389.08,375.6
0.02,0.02,0.4,0.03,0.03,390.15,389.48
0.02,0.02,0.4,0.03,0.04,389.51,405.17
0.02,0.04,0.4,0,0,348.53,376.29
0.02,0.04,0.4,0,0.01,347.08,388.62
0.02,0.04,0.4,0,0.02,347.58,403.43
0.02,0.04,0.4,0,0.03,348.88,418.57
0.02,0.04,0.4,0,0.04,347.43,431.33
0.02,0.04,0.4,0.01,0,360.77,375.21
0.02,0.04,0.4,0.01,0.01,362.34,389
0.02,0.04,0.4,0.01,0.02,361.23,404.47
0.02,0.04,0.4,0.01,0.03,361.54,418.1
0.02,0.04,0.4,0.01,0.04,362.12,432.32
0.02,0.04,0.4,0.02,0,375.12,375.91
0.02,0.04,0.4,0.02,0.01,375.74,388.84
0.02,0.04,0.4,0.02,0.02,376.61,404.17
0.02,0.04,0.4,0.02,0.03,376.67,418.34
0.02,0.04,0.4,0.02,0.04,376.21,432.18
0.02,0.04,0.4,0.03,0,390.52,376.57
0.02,0.04,0.4,0.03,0.01,390.33,389.64
0.02,0.04,0.4,0.03,0.02,390.45,403.49
0.02,0.04,0.4,0.03,0.03,390.48,418.47
0.04,0,0.4,0.03,0.04,417.49,375.54
0.04,0.02,0.4,0,0,376.4,347.65
0.04,0.02,0.4,0,0.01,376.18,361.55
0.04,0.02,0.4,0,0.02,375.24,377.29
0.04,0.02,0.4,0,0.03,375.35,389.99
0.04,0.02,0.4,0,0.04,377.16,403.83
0.04,0.02,0.4,0.01,0,390.06,348.62
0.04,0.02,0.4,0.01,0.01,389.55,361.71
0.04,0.02,0.4,0.01,0.02,389.98,375.7
0.04,0.02,0.4,0.01,0.03,389.88,390.45
0.04,0.02,0.4,0.01,0.04,390.78,404.21
0.04,0.02,0.4,0.02,0,403.28,347.73
0.04,0.02,0.4,0.02,0.01,404.35,362
0.04,0.02,0.4,0.02,0.02,402.66,375.59
0.04,0.02,0.4,0.02,0.03,404.38,389.67
0.04,0.02,0.4,0.02,0.04,404.4,404.43
0.04,0.02,0.4,0.03,0,417.33,347.98
0.04,0.02,0.4,0.03,0.01,418.72,362.01
0.04,0.02,0.4,0.03,0.02,418.13,375.9
0.04,0.02,0.4,0.03,0.03,418.71,390.14
0.04,0.02,0.4,0.03,0.04,418.47,404.33
0.04,0.04,0.4,0,0,376.39,375.92
0.04,0.04,0.4,0,0.01,375.22,390.1
0.04,0.04,0.4,0,0.02,376.51,404.34
0.04,0.04,0.4,0,0.03,375.28,418.08
0.04,0.04,0.4,0,0.04,376.39,432.89
0.04,0.04,0.4,0.01,0,390.9,375.6
0.04,0.04,0.4,0.01,0.01,389.68,389.48
0.04,0.04,0.4,0.01,0.02,389.38,403.71
0.04,0.04,0.4,0.01,0.03,390.79,417.68
0.04,0.04,0.4,0.01,0.04,390.6,431.96
0.04,0.04,0.4,0.02,0,404.17,375.63
0.04,0.04,0.4,0.02,0.01,404.08,390.03
0.04,0.04,0.4,0.02,0.02,402.85,404.2
0.04,0.04,0.4,0.02,0.03,404.31,419.43
0.04,0.04,0.4,0.02,0.04,405.88,433.07
0.04,0.04,0.4,0.03,0,417.74,375.58
0.04,0.04,0.4,0.03,0.01,418.54,390.18
0.04,0.04,0.4,0.03,0.02,418.79,404.58
0.04,0.04,0.4,0.03,0.03,420.3,418.99
