-0.02,0,0.3,0.02,0.04,320.03,394.21
-0.02,0,0.3,0.03,0,337.97,319.41
-0.02,0,0.3,0.03,0.01,338.45,339.21
-0.02,0,0.3,0.03,0.02,338.31,357.21
-0.02,0,0.3,0.03,0.03,339.01,375.09
-0.02,0,0.3,0.03,0.04,338.63,393.76
-0.02,0.01,0.3,0,0,282.92,337.87
-0.02,0.01,0.3,0,0.01,282.81,356.27
-0.02,0.01,0.3,0,0.02,283.2,374.96
-0.02,0.01,0.3,0,0.03,282.2,393.53
-0.02,0.01,0.3,0,0.04,282.77,412.39
-0.02,0.01,0.3,0.01,0,301.9,338.07
-0.02,0.01,0.3,0.01,0.01,302.45,356.36
-0.02,0.01,0.3,0.01,0.02,301.67,375.28
-0.02,0.01,0.3,0.01,0.03,302.86,394.77
-0.02,0.01,0.3,0.01,0.04,301.88,412.06
-0.02,0.01,0.3,0.02,0,320.54,338.81
-0.02,0.01,0.3,0.02,0.01,319.99,356.83
-0.02,0.01,0.3,0.02,0.02,319.69,375.73
-0.02,0.01,0.3,0.02,0.03,320.27,394.54
-0.02,0.01,0.3,0.02,0.04,320,412.78
-0.02,0.01,0.3,0.03,0,337.79,339.22
-0.02,0.01,0.3,0.03,0.01,337.93,357.75
-0.02,0.01,0.3,0.03,0.02,339.05,376
-0.02,0.01,0.3,0.03,0.03,338.47,393.68
-0.02,0.01,0.3,0.03,0.04,339.32,412.4
-0.02,0.02,0.3,0,0,283.86,356.44
-0.02,0.02,0.3,0,0.01,283.09,374.98
-0.02,0.02,0.3,0,0.02,282.72,393.23
-0.02,0.02,0.3,0,0.03,283.45,412.39
-0.02,0.02,0.3,0,0.04,282.97,431.61
-0.02,0.02,0.3,0.01,0,301.52,357.85
-0.02,0.02,0.3,0.01,0.01,301.32,375.61
-0.02,0.02,0.3,0.01,0.02,301.21,393.54
-0.02,0.02,0.3,0.01,0.03,301.62,412.57
-0.02,0.02,0.3,0.01,0.04,301.33,430.78
-0.02,0.02,0.3,0.02,0,320.24,356.62
-0.02,0.02,0.3,0.02,0.01,320.53,375.28
-0.02,0.02,0.3,0.02,0.02,320.29,393.52
-0.02,0.02,0.3,0.02,0.03,320.5,411.64
-0.02,0.02,0.3,0.02,0.04,319.44,430.01
-0.02,0.02,0.3,0.03,0,338.8,356.8
-0.02,0.02,0.3,0.03,0.01,338.28,375.69
-0.02,0.02,0.3,0.03,0.02,338.89,393.54
-0.02,0.02,0.3,0.03,0.03,339.29,412.54
-0.01,0,0.3,0.02,0.04,339.28,394.4
-0.01,0,0.3,0.03,0,358.13,319.78
-0.01,0,0.3,0.03,0.01,356.11,338.64
-0.01,0,0.3,0.03,0.02,357.06,356.77
-0.01,0,0.3,0.03,0.03,356.93,376.47
-0.01,0,0.3,0.03,0.04,355.87,394.33
-0.01,0.01,0.3,0,0,301.26,339
-0.01,0.01,0.3,0,0.01,301.35,358.52
-0.01,0.01,0.3,0,0.02,301.77,375.9
-0.01,0.01,0.3,0,0.03,302.04,394.24
-0.01,0.01,0.3,0,0.04,301.99,412.42
-0.01,0.01,0.3,0.01,0,320.48,338.01
-0.01,0.01,0.3,0.01,0.01,319.8,357.28
-0.01,0.01,0.3,0.01,0.02,320.33,375.25
-0.01,0.01,0.3,0.01,0.03,320.81,394.38
-0.01,0.01,0.3,0.01,0.04,319.36,411.96
-0.01,0.01,0.3,0.02,0,339.65,338.84
-0.01,0.01,0.3,0.02,0.01,338.76,357.91
-0.01,0.01,0.3,0.02,0.02,339.16,375.19
-0.01,0.01,0.3,0.02,0.03,338.3,394.03
-0.01,0.01,0.3,0.02,0.04,339.14,412.11
-0.01,0.01,0.3,0.03,0,357.29,338.34
-0.01,0.01,0.3,0.03,0.01,358.02,356.72
-0.01,0.01,0.3,0.03,0.02,355.96,375.08
-0.01,0.01,0.3,0.03,0.03,356.66,394.42
-0.01,0.01,0.3,0.03,0.04,357.8,412.38
-0.01,0.02,0.3,0,0,301.01,356.79
-0.01,0.02,0.3,0,0.01,300.96,375.41
-0.01,0.02,0.3,0,0.02,301.84,395.1
-0.01,0.02,0.3,0,0.03,300.57,412.13
-0.01,0.02,0.3,0,0.04,301.68,429.6
-0.01,0.02,0.3,0.01,0,319.97,356.62
-0.01,0.02,0.3,0.01,0.01,319.49,375.57
-0.01,0.02,0.3,0.01,0.02,320.41,393.88
-0.01,0.02,0.3,0.01,0.03,320.76,412.09
-0.01,0.02,0.3,0.01,0.04,318.79,431.02
-0.01,0.02,0.3,0.02,0,337.65,356.64
-0.01,0.02,0.3,0.02,0.01,339.16,374.51
-0.01,0.02,0.3,0.02,0.02,338.11,393.93
-0.01,0.02,0.3,0.02,0.03,338.41,412.49
-0.01,0.02,0.3,0.02,0.04,338.4,431.45
-0.01,0.02,0.3,0.03,0,356.72,357.06
-0.01,0.02,0.3,0.03,0.01,357.06,375.66
-0.01,0.02,0.3,0.03,0.02,357.69,393.43
-0.01,0.02,0.3,0.03,0.03,356.68,411.83
0,0,0.3,0.02,0.04,356.81,393.72
0,0,0.3,0.03,0,375.31,320.07
0,0,0.3,0.03,0.01,375.12,338.3
0,0,0.3,0.03,0.02,375.55,356.41
0,0,0.3,0.03,0.03,375.85,376.34
0,0,0.3,0.03,0.04,375.6,393.59
0,0.01,0.3,0,0,319.84,338.88
0,0.01,0.3,0,0.01,320.25,357.48
0,0.01,0.3,0,0.02,319.99,376.06
0,0.01,0.3,0,0.03,320.44,392.96
0,0.01,0.3,0,0.04,319.65,412.48
0,0.01,0.3,0.01,0,338.35,338.64
0,0.01,0.3,0.01,0.01,339.08,357.01
0,0.01,0.3,0.01,0.02,339.2,375.44
0,0.01,0.3,0.01,0.03,337.81,393.08
0,0.01,0.3,0.01,0.04,337.64,412.6
0,0.01,0.3,0.02,0,357.27,338.79
0,0.01,0.3,0.02,0.01,356.73,356.68
0,0.01,0.3,0.02,0.02,356.89,375.53
0,0.01,0.3,0.02,0.03,357.36,394.29
0,0.01,0.3,0.02,0.04,357.58,412.68
0,0.01,0.3,0.03,0,376.09,338.85
0,0.01,0.3,0.03,0.01,374.9,356.5
0,0.01,0.3,0.03,0.02,375.74,375.85
0,0.01,0.3,0.03,0.03,375.75,393.86
0,0.01,0.3,0.03,0.04,375.46,411.04
0,0.02,0.3,0,0,320.4,357.21
0,0.02,0.3,0,0.01,320.8,375.89
0,0.02,0.3,0,0.02,319.41,393.64
0,0.02,0.3,0,0.03,319.88,411.99
0,0.02,0.3,0,0.04,319.93,430.7
0,0.02,0.3,0.01,0,338.72,356.48
0,0.02,0.3,0.01,0.01,338.24,374.69
0,0.02,0.3,0.01,0.02,338.25,395.4
0,0.02,0.3,0.01,0.03,338.44,412.1
0,0.02,0.3,0.01,0.04,338.52,430.75
0,0.02,0.3,0.02,0,356.24,357.69
0,0.02,0.3,0.02,0.01,356.93,375.66
0,0.02,0.3,0.02,0.02,356.78,393.72
0,0.02,0.3,0.02,0.03,356.59,413.18
0,0.02,0.3,0.02,0.04,357.08,430.73
0,0.02,0.3,0.03,0,375.01,357.27
0,0.02,0.3,0.03,0.01,375.69,374.87
0,0.02,0.3,0.03,0.02,375.07,394.2
0,0.02,0.3,0.03,0.03,376.03,412.34
0.01,0,0.3,0.02,0.04,374.58,395.47
0.01,0,0.3,0.03,0,394.1,320.04
0.01,0,0.3,0.03,0.01,394.09,338.95
0.01,0,0.3,0.03,0.02,393.94,356.63
0.01,0,0.3,0.03,0.03,394.63,375.14
0.01,0,0.3,0.03,0.04,393.72,394.37
0.01,0.01,0.3,0,0,338.21,338.61
0.01,0.01,0.3,0,0.01,338.56,357.02
0.01,0.01,0.3,0,0.02,339.13,374.65
0.01,0.01,0.3,0,0.03,337.86,393.36
0.01,0.01,0.3,0,0.04,338.05,411.92
0.01,0.01,0.3,0.01,0,356.64,338.49
0.01,0.01,0.3,0.01,0.01,357.27,357.04
0.01,0.01,0.3,0.01,0.02,357.64,375.2
0.01,0.01,0.3,0.01,0.03,356.73,394.29
0.01,0.01,0.3,0.01,0.04,357.04,413.23
0.01,0.01,0.3,0.02,0,375.16,338.2
0.01,0.01,0.3,0.02,0.01,374.93,357.1
0.01,0.01,0.3,0.02,0.02,375.62,375.05
0.01,0.01,0.3,0.02,0.03,376.19,394.36
0.01,0.01,0.3,0.02,0.04,377.23,411.79
0.01,0.01,0.3,0.03,0,393.66,338.4
0.01,0.01,0.3,0.03,0.01,394.38,356.89
0.01,0.01,0.3,0.03,0.02,394.5,375.43
0.01,0.01,0.3,0.03,0.03,393.65,393.56
0.01,0.01,0.3,0.03,0.04,394.12,411.31
0.01,0.02,0.3,0,0,338.13,357.07
0.01,0.02,0.3,0,0.01,338.65,376.3
0.01,0.02,0.3,0,0.02,338.58,394.18
0.01,0.02,0.3,0,0.03,338.56,412.98
0.01,0.02,0.3,0,0.04,338.96,431.48
0.01,0.02,0.3,0.01,0,356.8,356.85
0.01,0.02,0.3,0.01,0.01,356.93,374.56
0.01,0.02,0.3,0.01,0.02,357.31,393.02
0.01,0.02,0.3,0.01,0.03,357.11,411.09
0.01,0.02,0.3,0.01,0.04,356.15,431.55
0.01,0.02,0.3,0.02,0,375.07,356.67
0.01,0.02,0.3,0.02,0.01,375.68,376.23
0.01,0.02,0.3,0.02,0.02,376.32,393.81
0.01,0.02,0.3,0.02,0.03,374.44,412.05
0.01,0.02,0.3,0.02,0.04,374.9,430.14
0.01,0.02,0.3,0.03,0,393.7,357.49
0.01,0.02,0.3,0.03,0.01,393.28,376.08
0.01,0.02,0.3,0.03,0.02,393.93,394.45
0.01,0.02,0.3,0.03,0.03,393.95,412.87
0.02,0,0.3,0.02,0.04,394.02,394.74
0.02,0,0.3,0.03,0,412.28,320.9
0.02,0,0.3,0.03,0.01,412.04,338.19
0.02,0,0.3,0.03,0.02,413.87,356.73
0.02,0,0.3,0.03,0.03,411.71,374.76
0.02,0,0.3,0.03,0.04,411.94,393.78
0.02,0.01,0.3,0,0,356.96,338.69
0.02,0.01,0.3,0,0.01,357.23,357.05
0.02,0.01,0.3,0,0.02,357.68,375.96
0.02,0.01,0.3,0,0.03,356.37,394.43
0.02,0.01,0.3,0,0.04,356.83,411.45
0.02,0.01,0.3,0.01,0,375.65,338.33
0.02,0.01,0.3,0.01,0.01,376.05,356.42
0.02,0.01,0.3,0.01,0.02,374.96,375.87
0.02,0.01,0.3,0.01,0.03,375.45,393.86
0.02,0.01,0.3,0.01,0.04,375.43,411.73
0.02,0.01,0.3,0.02,0,394.29,338.06
0.02,0.01,0.3,0.02,0.01,393.71,357.35
0.02,0.01,0.3,0.02,0.02,394.05,375.64
0.02,0.01,0.3,0.02,0.03,393.46,394.02
0.02,0.01,0.3,0.02,0.04,394.24,412.42
0.02,0.01,0.3,0.03,0,412.3,339.17
0.02,0.01,0.3,0.03,0.01,413.21,355.8
0.02,0.01,0.3,0.03,0.02,412,375.81
0.02,0.01,0.3,0.03,0.03,412.61,394.22
0.02,0.01,0.3,0.03,0.04,412.74,412.44
0.02,0.02,0.3,0,0,356.94,356.74
0.02,0.02,0.3,0,0.01,357.61,374.87
0.02,0.02,0.3,0,0.02,357.08,393.72
0.02,0.02,0.3,0,0.03,357.13,412.61
0.02,0.02,0.3,0,0.04,357.28,430.45
0.02,0.02,0.3,0.01,0,376.14,357.08
0.02,0.02,0.3,0.01,0.01,375.73,376.09
0.02,0.02,0.3,0.01,0.02,375.76,393.78
0.02,0.02,0.3,0.01,0.03,374.5,412.55
0.02,0.02,0.3,0.01,0.04,375.59,430.66
0.02,0.02,0.3,0.02,0,393.5,356.2
0.02,0.02,0.3,0.02,0.01,393.91,375.91
0.02,0.02,0.3,0.02,0.02,393.96,394.51
0.02,0.02,0.3,0.02,0.03,393.39,412
0.02,0.02,0.3,0.02,0.04,393.58,431.41
0.02,0.02,0.3,0.03,0,411.89,356.5
0.02,0.02,0.3,0.03,0.01,412.26,375.52
0.02,0.02,0.3,0.03,0.02,412.58,394.99
0.02,0.02,0.3,0.03,0.03,412.13,412.12
-0.02,0,0.31,0.02,0.04,320.63,391.65
-0.02,0,0.31,0.03,0,336.89,320.08
-0.02,0,0.31,0.03,0.01,338.23,338.1
-0.02,0,0.31,0.03,0.02,337.99,355.56
-0.02,0,0.31,0.03,0.03,337.6,373.7
-0.02,0,0.31,0.03,0.04,338.57,391.09
-0.02,0.01,0.31,0,0,283.8,338
-0.02,0.01,0.31,0,0.01,284.91,356.26
-0.02,0.01,0.31,0,0.02,284.63,373.16
-0.02,0.01,0.31,0,0.03,283.17,392.07
-0.02,0.01,0.31,0,0.04,284.43,409.74
-0.02,0.01,0.31,0.01,0,302.36,337.82
-0.02,0.01,0.31,0.01,0.01,301.62,355.61
-0.02,0.01,0.31,0.01,0.02,302.27,373.03
-0.02,0.01,0.31,0.01,0.03,301.44,392.01
-0.02,0.01,0.31,0.01,0.04,302.06,409.46
-0.02,0.01,0.31,0.02,0,319.53,337.72
-0.02,0.01,0.31,0.02,0.01,320.06,355.54
-0.02,0.01,0.31,0.02,0.02,319.8,372.9
-0.02,0.01,0.31,0.02,0.03,320.05,391.43
-0.02,0.01,0.31,0.02,0.04,320.4,408.53
-0.02,0.01,0.31,0.03,0,338.46,337.64
-0.02,0.01,0.31,0.03,0.01,337.65,356.07
-0.02,0.01,0.31,0.03,0.02,337.51,373.75
-0.02,0.01,0.31,0.03,0.03,337.9,391.97
-0.02,0.01,0.31,0.03,0.04,337.96,408.94
-0.02,0.02,0.31,0,0,283.69,355.58
-0.02,0.02,0.31,0,0.01,283.89,374.17
-0.02,0.02,0.31,0,0.02,284.39,391.55
-0.02,0.02,0.31,0,0.03,285.01,409.82
-0.02,0.02,0.31,0,0.04,283.75,427.81
-0.02,0.02,0.31,0.01,0,302.79,355.55
-0.02,0.02,0.31,0.01,0.01,301.74,373.47
-0.02,0.02,0.31,0.01,0.02,302.35,391.12
-0.02,0.02,0.31,0.01,0.03,301.66,409.79
-0.02,0.02,0.31,0.01,0.04,302.1,427.58
-0.02,0.02,0.31,0.02,0,320.34,355.38
-0.02,0.02,0.31,0.02,0.01,320.75,373.38
-0.02,0.02,0.31,0.02,0.02,319.1,391.46
-0.02,0.02,0.31,0.02,0.03,320.04,409.8
-0.02,0.02,0.31,0.02,0.04,320.41,426.95
-0.02,0.02,0.31,0.03,0,338.06,355.95
-0.02,0.02,0.31,0.03,0.01,338.08,373.09
-0.02,0.02,0.31,0.03,0.02,337.55,391.89
-0.02,0.02,0.31,0.03,0.03,337.24,409.37
-0.01,0,0.31,0.02,0.04,338.39,392.18
-0.01,0,0.31,0.03,0,355.31,319.75
-0.01,0,0.31,0.03,0.01,354.95,337.31
-0.01,0,0.31,0.03,0.02,355.44,355.64
-0.01,0,0.31,0.03,0.03,355.82,373.54
-0.01,0,0.31,0.03,0.04,355.71,391.75
-0.01,0.01,0.31,0,0,302.44,338.32
-0.01,0.01,0.31,0,0.01,301.3,356.63
-0.01,0.01,0.31,0,0.02,302.73,373.85
-0.01,0.01,0.31,0,0.03,301.31,391.21
-0.01,0.01,0.31,0,0.04,302.34,409.27
-0.01,0.01,0.31,0.01,0,320.17,338.39
-0.01,0.01,0.31,0.01,0.01,319.47,355.68
-0.01,0.01,0.31,0.01,0.02,320.42,373.51
-0.01,0.01,0.31,0.01,0.03,320.11,392.68
-0.01,0.01,0.31,0.01,0.04,320.21,409.33
-0.01,0.01,0.31,0.02,0,338.29,338.54
-0.01,0.01,0.31,0.02,0.01,337.96,356.24
-0.01,0.01,0.31,0.02,0.02,337.91,373.97
-0.01,0.01,0.31,0.02,0.03,337,391.4
-0.01,0.01,0.31,0.02,0.04,337.52,409.18
-0.01,0.01,0.31,0.03,0,355.66,336.85
-0.01,0.01,0.31,0.03,0.01,354.93,356.3
-0.01,0.01,0.31,0.03,0.02,356.01,373.98
-0.01,0.01,0.31,0.03,0.03,355.54,391.27
-0.01,0.01,0.31,0.03,0.04,356.46,408.91
-0.01,0.02,0.31,0,0,302.71,354.98
-0.01,0.02,0.31,0,0.01,302.92,372.98
-0.01,0.02,0.31,0,0.02,302.55,391.29
-0.01,0.02,0.31,0,0.03,301.46,408.98
-0.01,0.02,0.31,0,0.04,302.04,427.87
-0.01,0.02,0.31,0.01,0,318.6,355.76
-0.01,0.02,0.31,0.01,0.01,319.52,373.85
-0.01,0.02,0.31,0.01,0.02,320.27,391.43
-0.01,0.02,0.31,0.01,0.03,320.45,409.14
-0.01,0.02,0.31,0.01,0.04,320.38,426.79
-0.01,0.02,0.31,0.02,0,337.69,355.62
-0.01,0.02,0.31,0.02,0.01,337.59,373.72
-0.01,0.02,0.31,0.02,0.02,338.31,391.97
-0.01,0.02,0.31,0.02,0.03,338.29,409.78
-0.01,0.02,0.31,0.02,0.04,337.86,427.78
-0.01,0.02,0.31,0.03,0,355.07,357.01
-0.01,0.02,0.31,0.03,0.01,355.25,373.88
-0.01,0.02,0.31,0.03,0.02,355.98,391.61
-0.01,0.02,0.31,0.03,0.03,356.59,410.05
0,0,0.31,0.02,0.04,355.45,391.53
0,0,0.31,0.03,0,373.94,319.02
0,0,0.31,0.03,0.01,373.61,337.34
0,0,0.31,0.03,0.02,373.96,356.37
0,0,0.31,0.03,0.03,373.37,373.98
0,0,0.31,0.03,0.04,373.4,391.85
0,0.01,0.31,0,0,321.03,336.43
0,0.01,0.31,0,0.01,320.44,355.32
0,0.01,0.31,0,0.02,320.48,373.72
0,0.01,0.31,0,0.03,319.76,391.35
0,0.01,0.31,0,0.04,319.65,410.72
0,0.01,0.31,0.01,0,337.68,338.43
0,0.01,0.31,0.01,0.01,338.11,355.21
0,0.01,0.31,0.01,0.02,336.79,373.68
0,0.01,0.31,0.01,0.03,336.5,391.35
0,0.01,0.31,0.01,0.04,337.8,409.49
0,0.01,0.31,0.02,0,355.41,336.74
0,0.01,0.31,0.02,0.01,356.6,355.16
0,0.01,0.31,0.02,0.02,356.44,373.42
0,0.01,0.31,0.02,0.03,356.05,391.05
0,0.01,0.31,0.02,0.04,355.47,409.99
0,0.01,0.31,0.03,0,374,338.64
0,0.01,0.31,0.03,0.01,374.43,355.49
0,0.01,0.31,0.03,0.02,373.7,373.66
0,0.01,0.31,0.03,0.03,373.08,391.19
0,0.01,0.31,0.03,0.04,373.45,409.65
0,0.02,0.31,0,0,320.08,355.05
0,0.02,0.31,0,0.01,320.31,374.33
0,0.02,0.31,0,0.02,319.88,391.34
0,0.02,0.31,0,0.03,320.09,408.97
0,0.02,0.31,0,0.04,319.93,426.41
0,0.02,0.31,0.01,0,337.4,355.04
0,0.02,0.31,0.01,0.01,338.01,373.62
0,0.02,0.31,0.01,0.02,338.43,391.38
0,0.02,0.31,0.01,0.03,337.86,409.93
0,0.02,0.31,0.01,0.04,337.73,426.86
0,0.02,0.31,0.02,0,355.76,356.68
0,0.02,0.31,0.02,0.01,355.66,373.94
0,0.02,0.31,0.02,0.02,355.44,391.72
0,0.02,0.31,0.02,0.03,356.52,410.06
0,0.02,0.31,0.02,0.04,354.58,427.04
0,0.02,0.31,0.03,0,373.13,356.03
0,0.02,0.31,0.03,0.01,374.17,373.83
0,0.02,0.31,0.03,0.02,374.24,390.63
0,0.02,0.31,0.03,0.03,373.34,408.79
0.01,0,0.31,0.02,0.04,374.18,391.84
0.01,0,0.31,0.03,0,391.33,320.17
0.01,0,0.31,0.03,0.01,391.97,338.36
0.01,0,0.31,0.03,0.02,391.54,355.38
0.01,0,0.31,0.03,0.03,391.17,373.51
0.01,0,0.31,0.03,0.04,391.62,390.78
0.01,0.01,0.31,0,0,337.83,338.32
0.01,0.01,0.31,0,0.01,338.03,355.27
0.01,0.01,0.31,0,0.02,337.28,373.4
0.01,0.01,0.31,0,0.03,337.4,391.88
0.01,0.01,0.31,0,0.04,337.84,409.98
0.01,0.01,0.31,0.01,0,355.76,338.15
0.01,0.01,0.31,0.01,0.01,356.09,356.35
0.01,0.01,0.31,0.01,0.02,355.35,372.83
0.01,0.01,0.31,0.01,0.03,356.75,390.91
0.01,0.01,0.31,0.01,0.04,355.18,409.49
0.01,0.01,0.31,0.02,0,374.35,337.9
0.01,0.01,0.31,0.02,0.01,374.17,354.87
0.01,0.01,0.31,0.02,0.02,373.96,373.82
0.01,0.01,0.31,0.02,0.03,374.07,392.57
0.01,0.01,0.31,0.02,0.04,373.39,409.62
0.01,0.01,0.31,0.03,0,390.68,337.93
0.01,0.01,0.31,0.03,0.01,391.61,356.57
0.01,0.01,0.31,0.03,0.02,391.91,373.9
0.01,0.01,0.31,0.03,0.03,391.02,391.74
0.01,0.01,0.31,0.03,0.04,392.12,409.84
0.01,0.02,0.31,0,0,337,355.73
0.01,0.02,0.31,0,0.01,337.29,374.16
0.01,0.02,0.31,0,0.02,337.9,391.53
0.01,0.02,0.31,0,0.03,337.82,409.91
0.01,0.02,0.31,0,0.04,338.51,427.09
0.01,0.02,0.31,0.01,0,355.15,355.61
0.01,0.02,0.31,0.01,0.01,356.53,373.33
0.01,0.02,0.31,0.01,0.02,355.36,391.74
0.01,0.02,0.31,0.01,0.03,355.58,409.46
0.01,0.02,0.31,0.01,0.04,355.3,427.14
0.01,0.02,0.31,0.02,0,373.84,355.81
0.01,0.02,0.31,0.02,0.01,374.4,373.17
0.01,0.02,0.31,0.02,0.02,373.34,390.49
0.01,0.02,0.31,0.02,0.03,373.75,410.05
0.01,0.02,0.31,0.02,0.04,374.02,426.53
0.01,0.02,0.31,0.03,0,391.46,355.51
0.01,0.02,0.31,0.03,0.01,391.31,373.81
0.01,0.02,0.31,0.03,0.02,391.88,391.52
0.01,0.02,0.31,0.03,0.03,391.21,409.23
0.02,0,0.31,0.02,0.04,391.13,392.27
0.02,0,0.31,0.03,0,408.99,318.88
0.02,0,0.31,0.03,0.01,409.4,337.15
0.02,0,0.31,0.03,0.02,409.84,355.71
0.02,0,0.31,0.03,0.03,409.47,373.52
0.02,0,0.31,0.03,0.04,408.63,391.91
0.02,0.01,0.31,0,0,355.48,338.82
0.02,0.01,0.31,0,0.01,355.57,355.83
0.02,0.01,0.31,0,0.02,355.79,374.34
0.02,0.01,0.31,0,0.03,356.07,391.76
0.02,0.01,0.31,0,0.04,356.16,409.72
0.02,0.01,0.31,0.01,0,374.04,337.67
0.02,0.01,0.31,0.01,0.01,373.04,354.98
0.02,0.01,0.31,0.01,0.02,373.03,372.83
0.02,0.01,0.31,0.01,0.03,372.7,391.33
0.02,0.01,0.31,0.01,0.04,374.09,409.6
0.02,0.01,0.31,0.02,0,390.63,338.31
0.02,0.01,0.31,0.02,0.01,391.43,355.4
0.02,0.01,0.31,0.02,0.02,391.26,372.72
0.02,0.01,0.31,0.02,0.03,391.43,392.28
0.02,0.01,0.31,0.02,0.04,392.02,409.98
0.02,0.01,0.31,0.03,0,410.41,337.86
0.02,0.01,0.31,0.03,0.01,408.3,356.55
0.02,0.01,0.31,0.03,0.02,409.51,373.54
0.02,0.01,0.31,0.03,0.03,409.71,391.59
0.02,0.01,0.31,0.03,0.04,409.17,408.61
0.02,0.02,0.31,0,0,355.35,355.71
0.02,0.02,0.31,0,0.01,356.14,373.48
0.02,0.02,0.31,0,0.02,356.12,391.76
0.02,0.02,0.31,0,0.03,356.06,409.7
0.02,0.02,0.31,0,0.04,356.4,426.41
0.02,0.02,0.31,0.01,0,374.65,355.36
0.02,0.02,0.31,0.01,0.01,373.73,373.41
0.02,0.02,0.31,0.01,0.02,373.08,392.02
0.02,0.02,0.31,0.01,0.03,373.67,410.14
0.02,0.02,0.31,0.01,0.04,373.75,427.27
0.02,0.02,0.31,0.02,0,391.9,354.82
0.02,0.02,0.31,0.02,0.01,391.41,373.1
0.02,0.02,0.31,0.02,0.02,391.88,392.45
0.02,0.02,0.31,0.02,0.03,391.62,408.61
0.02,0.02,0.31,0.02,0.04,392.41,427.02
0.02,0.02,0.31,0.03,0,409.27,355.57
0.02,0.02,0.31,0.03,0.01,408.63,373.1
0.02,0.02,0.31,0.03,0.02,409.89,392.01
0.02,0.02,0.31,0.03,0.03,410.07,409.23
-0.02,0,0.32,0.02,0.04,319.81,389.81
-0.02,0,0.32,0.03,0,336.71,320.33
-0.02,0,0.32,0.03,0.01,337.65,337.17
-0.02,0,0.32,0.03,0.02,336.64,354.43
-0.02,0,0.32,0.03,0.03,336.87,372.56
-0.02,0,0.32,0.03,0.04,336.86,388.54
-0.02,0.01,0.32,0,0,285.82,338.23
-0.02,0.01,0.32,0,0.01,285.35,354.13
-0.02,0.01,0.32,0,0.02,286.37,372.94
-0.02,0.01,0.32,0,0.03,285.71,388.92
-0.02,0.01,0.32,0,0.04,284.89,406.01
-0.02,0.01,0.32,0.01,0,301.95,337.83
-0.02,0.01,0.32,0.01,0.01,302.38,355.08
-0.02,0.01,0.32,0.01,0.02,302.07,371.54
-0.02,0.01,0.32,0.01,0.03,302.25,389.44
-0.02,0.01,0.32,0.01,0.04,302.59,406.69
-0.02,0.01,0.32,0.02,0,320.15,336.75
-0.02,0.01,0.32,0.02,0.01,320.11,354.18
-0.02,0.01,0.32,0.02,0.02,319.86,371.87
-0.02,0.01,0.32,0.02,0.03,319.64,388.54
-0.02,0.01,0.32,0.02,0.04,320.19,406.2
-0.02,0.01,0.32,0.03,0,337.36,338.5
-0.02,0.01,0.32,0.03,0.01,337.43,354.53
-0.02,0.01,0.32,0.03,0.02,336.33,371.93
-0.02,0.01,0.32,0.03,0.03,337.69,389.63
-0.02,0.01,0.32,0.03,0.04,338.13,406.88
-0.02,0.02,0.32,0,0,285.56,354.25
-0.02,0.02,0.32,0,0.01,284.82,371.93
-0.02,0.02,0.32,0,0.02,285.16,389.62
-0.02,0.02,0.32,0,0.03,285.32,405.61
-0.02,0.02,0.32,0,0.04,285.63,424.24
-0.02,0.02,0.32,0.01,0,302.81,354.1
-0.02,0.02,0.32,0.01,0.01,303.14,371.28
-0.02,0.02,0.32,0.01,0.02,301.93,388.82
-0.02,0.02,0.32,0.01,0.03,303.45,407.05
-0.02,0.02,0.32,0.01,0.04,302.25,424.22
-0.02,0.02,0.32,0.02,0,319.69,354.41
-0.02,0.02,0.32,0.02,0.01,319.71,373.14
-0.02,0.02,0.32,0.02,0.02,319.65,390.16
-0.02,0.02,0.32,0.02,0.03,320.66,406.69
-0.02,0.02,0.32,0.02,0.04,319.8,424.18
-0.02,0.02,0.32,0.03,0,336.9,354.74
-0.02,0.02,0.32,0.03,0.01,336.93,371.67
-0.02,0.02,0.32,0.03,0.02,337.61,388.11
-0.02,0.02,0.32,0.03,0.03,337.2,406.4
-0.01,0,0.32,0.02,0.04,337.12,389.26
-0.01,0,0.32,0.03,0,354.87,320.21
-0.01,0,0.32,0.03,0.01,355.14,336.63
-0.01,0,0.32,0.03,0.02,355.31,354.39
-0.01,0,0.32,0.03,0.03,354.53,373.05
-0.01,0,0.32,0.03,0.04,354.59,388.7
-0.01,0.01,0.32,0,0,302.57,336.93
-0.01,0.01,0.32,0,0.01,302.08,354.55
-0.01,0.01,0.32,0,0.02,302.35,372.03
-0.01,0.01,0.32,0,0.03,302.23,389.89
-0.01,0.01,0.32,0,0.04,302.32,406.17
-0.01,0.01,0.32,0.01,0,319.71,337.43
-0.01,0.01,0.32,0.01,0.01,319.67,355.03
-0.01,0.01,0.32,0.01,0.02,320.45,371.75
-0.01,0.01,0.32,0.01,0.03,320.31,389.94
-0.01,0.01,0.32,0.01,0.04,320.55,407.17
-0.01,0.01,0.32,0.02,0,336.71,337.5
-0.01,0.01,0.32,0.02,0.01,337.23,354.66
-0.01,0.01,0.32,0.02,0.02,336.7,370.77
-0.01,0.01,0.32,0.02,0.03,336.29,388.01
-0.01,0.01,0.32,0.02,0.04,338.26,406.67
-0.01,0.01,0.32,0.03,0,355.06,337.53
-0.01,0.01,0.32,0.03,0.01,354.48,355.68
-0.01,0.01,0.32,0.03,0.02,354.37,372.07
-0.01,0.01,0.32,0.03,0.03,354.21,389.43
-0.01,0.01,0.32,0.03,0.04,354.16,406.11
-0.01,0.02,0.32,0,0,302.63,355.32
-0.01,0.02,0.32,0,0.01,302.97,372.22
-0.01,0.02,0.32,0,0.02,302.52,389.16
-0.01,0.02,0.32,0,0.03,301.85,405.86
-0.01,0.02,0.32,0,0.04,302.79,424.15
-0.01,0.02,0.32,0.01,0,319.96,353.74
-0.01,0.02,0.32,0.01,0.01,319.92,371.24
-0.01,0.02,0.32,0.01,0.02,319.34,388.63
-0.01,0.02,0.32,0.01,0.03,320.59,407.64
-0.01,0.02,0.32,0.01,0.04,320.17,423.38
-0.01,0.02,0.32,0.02,0,336.78,354.43
-0.01,0.02,0.32,0.02,0.01,337,371.6
-0.01,0.02,0.32,0.02,0.02,337.52,388.91
-0.01,0.02,0.32,0.02,0.03,336.79,405.56
-0.01,0.02,0.32,0.02,0.04,337.62,424.41
-0.01,0.02,0.32,0.03,0,354.92,354.3
-0.01,0.02,0.32,0.03,0.01,354.66,372.98
-0.01,0.02,0.32,0.03,0.02,354.99,389.62
-0.01,0.02,0.32,0.03,0.03,354.36,406.83
0,0,0.32,0.02,0.04,354.89,390.01
0,0,0.32,0.03,0,371.95,320.42
0,0,0.32,0.03,0.01,371.2,338.13
0,0,0.32,0.03,0.02,371.63,354.33
0,0,0.32,0.03,0.03,372.56,371.83
0,0,0.32,0.03,0.04,371.88,389.24
0,0.01,0.32,0,0,319.77,338.15
0,0.01,0.32,0,0.01,320.25,355.54
0,0.01,0.32,0,0.02,320.05,370.58
0,0.01,0.32,0,0.03,320.35,389.87
0,0.01,0.32,0,0.04,321.4,406.25
0,0.01,0.32,0.01,0,337.43,336.97
0,0.01,0.32,0.01,0.01,337.02,354.83
0,0.01,0.32,0.01,0.02,336.93,372.39
0,0.01,0.32,0.01,0.03,336.72,390.09
0,0.01,0.32,0.01,0.04,337.11,406.37
0,0.01,0.32,0.02,0,354.35,337.58
0,0.01,0.32,0.02,0.01,354.81,354.16
0,0.01,0.32,0.02,0.02,354.24,372.12
0,0.01,0.32,0.02,0.03,354.35,389.41
0,0.01,0.32,0.02,0.04,354.41,406.99
0,0.01,0.32,0.03,0,371.57,337.42
0,0.01,0.32,0.03,0.01,371.59,354.77
0,0.01,0.32,0.03,0.02,372.41,372.16
0,0.01,0.32,0.03,0.03,371.87,389.44
0,0.01,0.32,0.03,0.04,371.73,406.71
0,0.02,0.32,0,0,320.13,354.84
0,0.02,0.32,0,0.01,319.43,371.41
0,0.02,0.32,0,0.02,321.5,389.91
0,0.02,0.32,0,0.03,320.19,407.71
0,0.02,0.32,0,0.04,319.36,424.55
0,0.02,0.32,0.01,0,336.78,355.32
0,0.02,0.32,0.01,0.01,337,372.21
0,0.02,0.32,0.01,0.02,337.65,389.43
0,0.02,0.32,0.01,0.03,336.71,406.41
0,0.02,0.32,0.01,0.04,336.66,423.93
0,0.02,0.32,0.02,0,354.17,355.17
0,0.02,0.32,0.02,0.01,354.49,371.63
0,0.02,0.32,0.02,0.02,354.09,389.7
0,0.02,0.32,0.02,0.03,354.23,406.36
0,0.02,0.32,0.02,0.04,354.98,423.96
0,0.02,0.32,0.03,0,372.6,354.41
0,0.02,0.32,0.03,0.01,372.05,371.32
0,0.02,0.32,0.03,0.02,372.19,389.51
0,0.02,0.32,0.03,0.03,371.81,406.57
0.01,0,0.32,0.02,0.04,373.14,388.94
0.01,0,0.32,0.03,0,389.71,320.63
0.01,0,0.32,0.03,0.01,389.1,337.14
0.01,0,0.32,0.03,0.02,390.14,354.63
0.01,0,0.32,0.03,0.03,389.58,371.2
0.01,0,0.32,0.03,0.04,389.35,389.37
0.01,0.01,0.32,0,0,337.67,338.21
0.01,0.01,0.32,0,0.01,336.5,355.38
0.01,0.01,0.32,0,0.02,337,372.12
0.01,0.01,0.32,0,0.03,337.39,389.33
0.01,0.01,0.32,0,0.04,337.97,407.12
0.01,0.01,0.32,0.01,0,354.93,337.59
0.01,0.01,0.32,0.01,0.01,354.68,354.45
0.01,0.01,0.32,0.01,0.02,355.15,372.68
0.01,0.01,0.32,0.01,0.03,354.79,389.09
0.01,0.01,0.32,0.01,0.04,355.69,406.18
0.01,0.01,0.32,0.02,0,371.4,337.88
0.01,0.01,0.32,0.02,0.01,371.19,355.21
0.01,0.01,0.32,0.02,0.02,371.16,372.11
0.01,0.01,0.32,0.02,0.03,372.88,388.94
0.01,0.01,0.32,0.02,0.04,371.35,406.67
0.01,0.01,0.32,0.03,0,389.49,336.73
0.01,0.01,0.32,0.03,0.01,390.13,355.62
0.01,0.01,0.32,0.03,0.02,388.56,372.09
0.01,0.01,0.32,0.03,0.03,389.23,388.82
0.01,0.01,0.32,0.03,0.04,389.46,406.38
0.01,0.02,0.32,0,0,337.51,355.03
0.01,0.02,0.32,0,0.01,337.84,371.72
0.01,0.02,0.32,0,0.02,336.82,389.27
0.01,0.02,0.32,0,0.03,337.83,406.8
0.01,0.02,0.32,0,0.04,337.42,424.12
0.01,0.02,0.32,0.01,0,354.77,355.34
0.01,0.02,0.32,0.01,0.01,355.56,372.53
0.01,0.02,0.32,0.01,0.02,354.81,389.38
0.01,0.02,0.32,0.01,0.03,354.08,406.73
0.01,0.02,0.32,0.01,0.04,354.77,424.42
0.01,0.02,0.32,0.02,0,372,354.43
0.01,0.02,0.32,0.02,0.01,371.31,371.17
0.01,0.02,0.32,0.02,0.02,372.17,388.32
0.01,0.02,0.32,0.02,0.03,372.3,406.01
0.01,0.02,0.32,0.02,0.04,371.66,423.97
0.01,0.02,0.32,0.03,0,388.5,354.11
0.01,0.02,0.32,0.03,0.01,388.57,371.68
0.01,0.02,0.32,0.03,0.02,389.01,388.6
0.01,0.02,0.32,0.03,0.03,388.97,406.84
0.02,0,0.32,0.02,0.04,389.22,389.63
0.02,0,0.32,0.03,0,406.04,320.05
0.02,0,0.32,0.03,0.01,407.11,337.52
0.02,0,0.32,0.03,0.02,407.02,355.18
0.02,0,0.32,0.03,0.03,406.62,371.93
0.02,0,0.32,0.03,0.04,406.47,388.32
0.02,0.01,0.32,0,0,354.79,338.21
0.02,0.01,0.32,0,0.01,354.28,355.4
0.02,0.01,0.32,0,0.02,354.71,371.97
0.02,0.01,0.32,0,0.03,354.4,389.22
0.02,0.01,0.32,0,0.04,354.14,405.91
0.02,0.01,0.32,0.01,0,371.21,337.12
0.02,0.01,0.32,0.01,0.01,371.83,354.6
0.02,0.01,0.32,0.01,0.02,371.53,372.53
0.02,0.01,0.32,0.01,0.03,372.27,388.91
0.02,0.01,0.32,0.01,0.04,371.88,406.66
0.02,0.01,0.32,0.02,0,389.24,337.71
0.02,0.01,0.32,0.02,0.01,388.95,355.58
0.02,0.01,0.32,0.02,0.02,389.43,371.62
0.02,0.01,0.32,0.02,0.03,389.47,389.9
0.02,0.01,0.32,0.02,0.04,389.46,406.27
0.02,0.01,0.32,0.03,0,407.57,337.49
0.02,0.01,0.32,0.03,0.01,405.98,355.69
0.02,0.01,0.32,0.03,0.02,406.11,372.07
0.02,0.01,0.32,0.03,0.03,406.99,388.28
0.02,0.01,0.32,0.03,0.04,406.76,406.47
0.02,0.02,0.32,0,0,354.09,355.12
0.02,0.02,0.32,0,0.01,354.55,372.14
0.02,0.02,0.32,0,0.02,354.5,388.93
0.02,0.02,0.32,0,0.03,354.05,406.49
0.02,0.02,0.32,0,0.04,353.65,424.92
0.02,0.02,0.32,0.01,0,371.54,356
0.02,0.02,0.32,0.01,0.01,371.21,371.75
0.02,0.02,0.32,0.01,0.02,372.99,388.92
0.02,0.02,0.32,0.01,0.03,371.83,406.96
0.02,0.02,0.32,0.01,0.04,371.58,424.34
0.02,0.02,0.32,0.02,0,388.52,354.48
0.02,0.02,0.32,0.02,0.01,389.72,371.94
0.02,0.02,0.32,0.02,0.02,389.15,389.04
0.02,0.02,0.32,0.02,0.03,390.01,406.76
0.02,0.02,0.32,0.02,0.04,389.66,424.65
0.02,0.02,0.32,0.03,0,406.81,354.12
0.02,0.02,0.32,0.03,0.01,407.45,371.81
0.02,0.02,0.32,0.03,0.02,406.94,389.43
0.02,0.02,0.32,0.03,0.03,406.67,407.01
-0.02,0,0.33,0.02,0.04,318.98,387.83
-0.02,0,0.33,0.03,0,337.14,320.88
-0.02,0,0.33,0.03,0.01,336.7,336.5
-0.02,0,0.33,0.03,0.02,336.51,352.87
-0.02,0,0.33,0.03,0.03,336.68,370.59
-0.02,0,0.33,0.03,0.04,337.1,387.08
-0.02,0.01,0.33,0,0,286.87,336.84
-0.02,0.01,0.33,0,0.01,286.13,353.16
-0.02,0.01,0.33,0,0.02,286.13,370.53
-0.02,0.01,0.33,0,0.03,286.84,386.86
-0.02,0.01,0.33,0,0.04,285.51,402.76
-0.02,0.01,0.33,0.01,0,303.72,336.37
-0.02,0.01,0.33,0.01,0.01,303.54,354.55
-0.02,0.01,0.33,0.01,0.02,303.16,370.94
-0.02,0.01,0.33,0.01,0.03,303.45,387.67
-0.02,0.01,0.33,0.01,0.04,302.45,404.85
-0.02,0.01,0.33,0.02,0,319.42,336.11
-0.02,0.01,0.33,0.02,0.01,320.22,353.47
-0.02,0.01,0.33,0.02,0.02,320.06,371.17
-0.02,0.01,0.33,0.02,0.03,319.95,387.96
-0.02,0.01,0.33,0.02,0.04,319.94,403.74
-0.02,0.01,0.33,0.03,0,337.46,336.61
-0.02,0.01,0.33,0.03,0.01,337.87,354.4
-0.02,0.01,0.33,0.03,0.02,336.78,370.54
-0.02,0.01,0.33,0.03,0.03,337.47,386.97
-0.02,0.01,0.33,0.03,0.04,337.24,404.15
-0.02,0.02,0.33,0,0,285.27,353.24
-0.02,0.02,0.33,0,0.01,286.03,370.19
-0.02,0.02,0.33,0,0.02,286.52,387.49
-0.02,0.02,0.33,0,0.03,286.35,403.7
-0.02,0.02,0.33,0,0.04,286.57,420.66
-0.02,0.02,0.33,0.01,0,303.5,353.94
-0.02,0.02,0.33,0.01,0.01,303.82,369.82
-0.02,0.02,0.33,0.01,0.02,303.38,387.49
-0.02,0.02,0.33,0.01,0.03,302.34,404.66
-0.02,0.02,0.33,0.01,0.04,303.61,420.52
-0.02,0.02,0.33,0.02,0,319.88,353.13
-0.02,0.02,0.33,0.02,0.01,320.36,369.92
-0.02,0.02,0.33,0.02,0.02,320.08,387.14
-0.02,0.02,0.33,0.02,0.03,320.01,403.09
-0.02,0.02,0.33,0.02,0.04,320.02,420.93
-0.02,0.02,0.33,0.03,0,336.83,354.38
-0.02,0.02,0.33,0.03,0.01,337.36,370.57
-0.02,0.02,0.33,0.03,0.02,337.5,388.08
-0.02,0.02,0.33,0.03,0.03,336.7,404.08
-0.01,0,0.33,0.02,0.04,337.33,387.21
-0.01,0,0.33,0.03,0,353.43,320.24
-0.01,0,0.33,0.03,0.01,354.19,336.52
-0.01,0,0.33,0.03,0.02,353.54,352.87
-0.01,0,0.33,0.03,0.03,354.13,370.74
-0.01,0,0.33,0.03,0.04,353.21,386.63
-0.01,0.01,0.33,0,0,304.27,337.06
-0.01,0.01,0.33,0,0.01,303.16,353.73
-0.01,0.01,0.33,0,0.02,303.44,370.77
-0.01,0.01,0.33,0,0.03,302.87,386.97
-0.01,0.01,0.33,0,0.04,302.53,403.49
-0.01,0.01,0.33,0.01,0,319.54,336.8
-0.01,0.01,0.33,0.01,0.01,319.53,353.44
-0.01,0.01,0.33,0.01,0.02,319.72,370.66
-0.01,0.01,0.33,0.01,0.03,320.24,387.81
-0.01,0.01,0.33,0.01,0.04,320.54,403.21
-0.01,0.01,0.33,0.02,0,336.07,337.32
-0.01,0.01,0.33,0.02,0.01,336.67,353.79
-0.01,0.01,0.33,0.02,0.02,336.33,369.02
-0.01,0.01,0.33,0.02,0.03,336.97,387.6
-0.01,0.01,0.33,0.02,0.04,336.87,403.73
-0.01,0.01,0.33,0.03,0,354.11,336.74
-0.01,0.01,0.33,0.03,0.01,353.43,353.36
-0.01,0.01,0.33,0.03,0.02,354.17,370.29
-0.01,0.01,0.33,0.03,0.03,352.77,387.25
-0.01,0.01,0.33,0.03,0.04,353.88,404.7
-0.01,0.02,0.33,0,0,303.33,353.53
-0.01,0.02,0.33,0,0.01,303.13,370.55
-0.01,0.02,0.33,0,0.02,302.95,387.61
-0.01,0.02,0.33,0,0.03,302.99,404.06
-0.01,0.02,0.33,0,0.04,303.86,421.13
-0.01,0.02,0.33,0.01,0,319.62,353.14
-0.01,0.02,0.33,0.01,0.01,318.62,370.95
-0.01,0.02,0.33,0.01,0.02,320.45,387.49
-0.01,0.02,0.33,0.01,0.03,319.92,404.15
-0.01,0.02,0.33,0.01,0.04,319.68,420.67
-0.01,0.02,0.33,0.02,0,336.02,354.97
-0.01,0.02,0.33,0.02,0.01,336.14,369.31
-0.01,0.02,0.33,0.02,0.02,337.09,387.32
-0.01,0.02,0.33,0.02,0.03,336.89,403.28
-0.01,0.02,0.33,0.02,0.04,336.38,420.41
-0.01,0.02,0.33,0.03,0,353.57,353.1
-0.01,0.02,0.33,0.03,0.01,353.59,370.27
-0.01,0.02,0.33,0.03,0.02,353.11,386.41
-0.01,0.02,0.33,0.03,0.03,353.03,403.95
0,0,0.33,0.02,0.04,353.45,388.33
0,0,0.33,0.03,0,371.1,319.41
0,0,0.33,0.03,0.01,370.56,337.17
0,0,0.33,0.03,0.02,370.15,354.01
0,0,0.33,0.03,0.03,370.95,370.83
0,0,0.33,0.03,0.04,370.42,387.08
0,0.01,0.33,0,0,320.27,337.04
0,0.01,0.33,0,0.01,319.57,353.41
0,0.01,0.33,0,0.02,319.91,370.6
0,0.01,0.33,0,0.03,319.55,387.35
0,0.01,0.33,0,0.04,319.93,403.76
0,0.01,0.33,0.01,0,336.71,337.22
0,0.01,0.33,0.01,0.01,336.58,354.25
0,0.01,0.33,0.01,0.02,338.04,370.03
0,0.01,0.33,0.01,0.03,336.62,386.66
0,0.01,0.33,0.01,0.04,337.72,403.87
0,0.01,0.33,0.02,0,353.95,337.08
0,0.01,0.33,0.02,0.01,353.6,354.09
0,0.01,0.33,0.02,0.02,353.94,369.87
0,0.01,0.33,0.02,0.03,353.13,388.05
0,0.01,0.33,0.02,0.04,353.05,403.57
0,0.01,0.33,0.03,0,370.27,336.87
0,0.01,0.33,0.03,0.01,370.76,353.53
0,0.01,0.33,0.03,0.02,370.5,370.28
0,0.01,0.33,0.03,0.03,370.75,386.08
0,0.01,0.33,0.03,0.04,371.06,403.43
0,0.02,0.33,0,0,320.45,353.45
0,0.02,0.33,0,0.01,321.24,370.02
0,0.02,0.33,0,0.02,320.44,387.6
0,0.02,0.33,0,0.03,319.72,403.53
0,0.02,0.33,0,0.04,320.91,419.71
0,0.02,0.33,0.01,0,335.88,354.7
0,0.02,0.33,0.01,0.01,337,369.88
0,0.02,0.33,0.01,0.02,336.79,387.53
0,0.02,0.33,0.01,0.03,337,403.52
0,0.02,0.33,0.01,0.04,336.48,420.6
0,0.02,0.33,0.02,0,352.46,353.33
0,0.02,0.33,0.02,0.01,353.93,370.01
0,0.02,0.33,0.02,0.02,353.42,387.02
0,0.02,0.33,0.02,0.03,352.33,403.97
0,0.02,0.33,0.02,0.04,353.09,420.4
0,0.02,0.33,0.03,0,370.14,352.95
0,0.02,0.33,0.03,0.01,370.17,370.85
0,0.02,0.33,0.03,0.02,370.19,386.49
0,0.02,0.33,0.03,0.03,369.2,404.15
0.01,0,0.33,0.02,0.04,370.01,388.24
0.01,0,0.33,0.03,0,386.19,319.63
0.01,0,0.33,0.03,0.01,387.52,336.19
0.01,0,0.33,0.03,0.02,386.93,353.97
0.01,0,0.33,0.03,0.03,387.75,370.09
0.01,0,0.33,0.03,0.04,386.97,386.69
0.01,0.01,0.33,0,0,336.07,336.68
0.01,0.01,0.33,0,0.01,337.62,353.74
0.01,0.01,0.33,0,0.02,336.81,370.46
0.01,0.01,0.33,0,0.03,336.77,387.67
0.01,0.01,0.33,0,0.04,335.81,403.61
0.01,0.01,0.33,0.01,0,352.85,336.75
0.01,0.01,0.33,0.01,0.01,354.11,353.72
0.01,0.01,0.33,0.01,0.02,353.48,369.7
0.01,0.01,0.33,0.01,0.03,354.36,386.76
0.01,0.01,0.33,0.01,0.04,352.76,404.48
0.01,0.01,0.33,0.02,0,370.55,337.25
0.01,0.01,0.33,0.02,0.01,370.37,352.41
0.01,0.01,0.33,0.02,0.02,370.4,371.1
0.01,0.01,0.33,0.02,0.03,369.94,386.88
0.01,0.01,0.33,0.02,0.04,369.6,404.12
0.01,0.01,0.33,0.03,0,387.58,336.26
0.01,0.01,0.33,0.03,0.01,387.26,353.46
0.01,0.01,0.33,0.03,0.02,385.88,370.13
0.01,0.01,0.33,0.03,0.03,387.6,386.93
0.01,0.01,0.33,0.03,0.04,386.5,404.79
0.01,0.02,0.33,0,0,337.41,353.59
0.01,0.02,0.33,0,0.01,337.21,370.57
0.01,0.02,0.33,0,0.02,336.88,386.04
0.01,0.02,0.33,0,0.03,336.32,404.17
0.01,0.02,0.33,0,0.04,337.22,420.51
0.01,0.02,0.33,0.01,0,353.53,353.81
0.01,0.02,0.33,0.01,0.01,354.42,370.85
0.01,0.02,0.33,0.01,0.02,353.47,386.93
0.01,0.02,0.33,0.01,0.03,353.78,403.79
0.01,0.02,0.33,0.01,0.04,353.12,420.32
0.01,0.02,0.33,0.02,0,370.51,353.18
0.01,0.02,0.33,0.02,0.01,371.36,370.05
0.01,0.02,0.33,0.02,0.02,370.63,387.37
0.01,0.02,0.33,0.02,0.03,371.02,404.21
0.01,0.02,0.33,0.02,0.04,370.36,420.57
0.01,0.02,0.33,0.03,0,387.04,354.05
0.01,0.02,0.33,0.03,0.01,387.29,370.88
0.01,0.02,0.33,0.03,0.02,387.36,386.22
0.01,0.02,0.33,0.03,0.03,386.72,403.62
0.02,0,0.33,0.02,0.04,387.18,386.83
0.02,0,0.33,0.03,0,404.04,319.43
0.02,0,0.33,0.03,0.01,404.05,336.76
0.02,0,0.33,0.03,0.02,404.22,354.58
0.02,0,0.33,0.03,0.03,404.12,370.06
0.02,0,0.33,0.03,0.04,403.97,386.83
0.02,0.01,0.33,0,0,353.59,336.5
0.02,0.01,0.33,0,0.01,354.35,353.39
0.02,0.01,0.33,0,0.02,354.24,369.53
0.02,0.01,0.33,0,0.03,353.41,387.57
0.02,0.01,0.33,0,0.04,352.98,405.02
0.02,0.01,0.33,0.01,0,370.88,336.76
0.02,0.01,0.33,0.01,0.01,370.25,353.98
0.02,0.01,0.33,0.01,0.02,370.94,369.56
0.02,0.01,0.33,0.01,0.03,370.08,387.21
0.02,0.01,0.33,0.01,0.04,370.52,403.2
0.02,0.01,0.33,0.02,0,386.98,337.27
0.02,0.01,0.33,0.02,0.01,387.4,353.97
0.02,0.01,0.33,0.02,0.02,387.33,371.48
0.02,0.01,0.33,0.02,0.03,387.11,388.34
0.02,0.01,0.33,0.02,0.04,387.71,403.76
0.02,0.01,0.33,0.03,0,404.09,336.29
0.02,0.01,0.33,0.03,0.01,403.77,353.98
0.02,0.01,0.33,0.03,0.02,403.73,370.39
0.02,0.01,0.33,0.03,0.03,404.31,386.35
0.02,0.01,0.33,0.03,0.04,403.86,404.42
0.02,0.02,0.33,0,0,354.17,353.55
0.02,0.02,0.33,0,0.01,353.77,369.26
0.02,0.02,0.33,0,0.02,354.28,386.7
0.02,0.02,0.33,0,0.03,353.81,403.69
0.02,0.02,0.33,0,0.04,353.08,420.81
0.02,0.02,0.33,0.01,0,370.87,353.69
0.02,0.02,0.33,0.01,0.01,370.53,371.16
0.02,0.02,0.33,0.01,0.02,370.56,388.02
0.02,0.02,0.33,0.01,0.03,369.93,403.84
0.02,0.02,0.33,0.01,0.04,370.17,421.14
0.02,0.02,0.33,0.02,0,386.24,353.54
0.02,0.02,0.33,0.02,0.01,387.02,370.82
0.02,0.02,0.33,0.02,0.02,387.45,386.65
0.02,0.02,0.33,0.02,0.03,387.77,404.65
0.02,0.02,0.33,0.02,0.04,388.37,419.89
0.02,0.02,0.33,0.03,0,404.08,353.42
0.02,0.02,0.33,0.03,0.01,404.04,370.06
0.02,0.02,0.33,0.03,0.02,403.47,387.22
0.02,0.02,0.33,0.03,0.03,404.89,404.05
-0.02,0,0.34,0.02,0.04,320.56,385.5
-0.02,0,0.34,0.03,0,335.97,320.39
-0.02,0,0.34,0.03,0.01,336.14,336.09
-0.02,0,0.34,0.03,0.02,335.56,352.47
-0.02,0,0.34,0.03,0.03,336.65,368.82
-0.02,0,0.34,0.03,0.04,336.21,386.08
-0.02,0.01,0.34,0,0,287.2,336.2
-0.02,0.01,0.34,0,0.01,286.88,352.53
-0.02,0.01,0.34,0,0.02,287.41,368.8
-0.02,0.01,0.34,0,0.03,287.68,384.95
-0.02,0.01,0.34,0,0.04,287.53,401.19
-0.02,0.01,0.34,0.01,0,303.76,336.56
-0.02,0.01,0.34,0.01,0.01,303.9,352.83
-0.02,0.01,0.34,0.01,0.02,302.98,368.46
-0.02,0.01,0.34,0.01,0.03,303.35,385.02
-0.02,0.01,0.34,0.01,0.04,304.21,401
-0.02,0.01,0.34,0.02,0,319.89,336.42
-0.02,0.01,0.34,0.02,0.01,320.87,352.1
-0.02,0.01,0.34,0.02,0.02,319.61,368.16
-0.02,0.01,0.34,0.02,0.03,320.69,385.32
-0.02,0.01,0.34,0.02,0.04,319.66,401.66
-0.02,0.01,0.34,0.03,0,336.97,336.45
-0.02,0.01,0.34,0.03,0.01,335.88,352.91
-0.02,0.01,0.34,0.03,0.02,335.23,368.98
-0.02,0.01,0.34,0.03,0.03,336.57,385.52
-0.02,0.01,0.34,0.03,0.04,335.98,401.2
-0.02,0.02,0.34,0,0,288.08,352.37
-0.02,0.02,0.34,0,0.01,287.31,369.04
-0.02,0.02,0.34,0,0.02,286.89,385.8
-0.02,0.02,0.34,0,0.03,287.17,402.12
-0.02,0.02,0.34,0,0.04,287.95,417.25
-0.02,0.02,0.34,0.01,0,303.84,352.79
-0.02,0.02,0.34,0.01,0.01,304.26,368.77
-0.02,0.02,0.34,0.01,0.02,304.24,384.77
-0.02,0.02,0.34,0.01,0.03,303.23,400.96
-0.02,0.02,0.34,0.01,0.04,303.4,418.34
-0.02,0.02,0.34,0.02,0,319.28,353.16
-0.02,0.02,0.34,0.02,0.01,318.78,369.24
-0.02,0.02,0.34,0.02,0.02,320.22,385.93
-0.02,0.02,0.34,0.02,0.03,319.91,400.84
-0.02,0.02,0.34,0.02,0.04,319.82,417.28
-0.02,0.02,0.34,0.03,0,336.58,353.45
-0.02,0.02,0.34,0.03,0.01,336.49,369.75
-0.02,0.02,0.34,0.03,0.02,336.15,385.81
-0.02,0.02,0.34,0.03,0.03,335.86,401.85
-0.01,0,0.34,0.02,0.04,336.16,385.41
-0.01,0,0.34,0.03,0,352.56,320.49
-0.01,0,0.34,0.03,0.01,352.69,336.72
-0.01,0,0.34,0.03,0.02,353.06,353.05
-0.01,0,0.34,0.03,0.03,352.35,368.37
-0.01,0,0.34,0.03,0.04,352.23,385.01
-0.01,0.01,0.34,0,0,303.51,335.45
-0.01,0.01,0.34,0,0.01,304.06,352.18
-0.01,0.01,0.34,0,0.02,304.48,367.94
-0.01,0.01,0.34,0,0.03,303.68,384.88
-0.01,0.01,0.34,0,0.04,304.45,401.46
-0.01,0.01,0.34,0.01,0,319.45,336.95
-0.01,0.01,0.34,0.01,0.01,319.96,352.99
-0.01,0.01,0.34,0.01,0.02,320.17,368.83
-0.01,0.01,0.34,0.01,0.03,320.45,384.64
-0.01,0.01,0.34,0.01,0.04,319.89,401.06
-0.01,0.01,0.34,0.02,0,335.77,335.65
-0.01,0.01,0.34,0.02,0.01,336.04,353.04
-0.01,0.01,0.34,0.02,0.02,337.1,369.91
-0.01,0.01,0.34,0.02,0.03,336.53,384.95
-0.01,0.01,0.34,0.02,0.04,336.92,401.34
-0.01,0.01,0.34,0.03,0,353.21,336.58
-0.01,0.01,0.34,0.03,0.01,351.81,352.38
-0.01,0.01,0.34,0.03,0.02,352.23,368.84
-0.01,0.01,0.34,0.03,0.03,353.71,385.43
-0.01,0.01,0.34,0.03,0.04,352.87,402.12
-0.01,0.02,0.34,0,0,303.96,351.87
-0.01,0.02,0.34,0,0.01,303.44,368.83
-0.01,0.02,0.34,0,0.02,303.24,385.36
-0.01,0.02,0.34,0,0.03,303.77,401.3
-0.01,0.02,0.34,0,0.04,303.47,417.96
-0.01,0.02,0.34,0.01,0,320.22,353.36
-0.01,0.02,0.34,0.01,0.01,320.02,369.05
-0.01,0.02,0.34,0.01,0.02,319.88,385.52
-0.01,0.02,0.34,0.01,0.03,320.21,401.6
-0.01,0.02,0.34,0.01,0.04,320.66,417.69
-0.01,0.02,0.34,0.02,0,336.44,352.58
-0.01,0.02,0.34,0.02,0.01,336.27,368.4
-0.01,0.02,0.34,0.02,0.02,336.21,385.32
-0.01,0.02,0.34,0.02,0.03,335.86,402.88
-0.01,0.02,0.34,0.02,0.04,335.73,417.95
-0.01,0.02,0.34,0.03,0,351.91,352.34
-0.01,0.02,0.34,0.03,0.01,352.4,368.3
-0.01,0.02,0.34,0.03,0.02,352,384.99
-0.01,0.02,0.34,0.03,0.03,352.72,401.38
0,0,0.34,0.02,0.04,352.22,384.78
0,0,0.34,0.03,0,368.45,320.92
0,0,0.34,0.03,0.01,369.08,335.97
0,0,0.34,0.03,0.02,369.07,353.05
0,0,0.34,0.03,0.03,368.53,368.66
0,0,0.34,0.03,0.04,368.8,384.99
0,0.01,0.34,0,0,319.88,336.31
0,0.01,0.34,0,0.01,320.42,352.64
0,0.01,0.34,0,0.02,319.7,369.94
0,0.01,0.34,0,0.03,319.12,385.5
0,0.01,0.34,0,0.04,320.17,402.52
0,0.01,0.34,0.01,0,336.51,336.14
0,0.01,0.34,0.01,0.01,336.68,353.07
0,0.01,0.34,0.01,0.02,336.01,368.85
0,0.01,0.34,0.01,0.03,335.93,384.46
0,0.01,0.34,0.01,0.04,336.08,401.63
0,0.01,0.34,0.02,0,352.96,336.13
0,0.01,0.34,0.02,0.01,353.58,353.64
0,0.01,0.34,0.02,0.02,353.25,369.23
0,0.01,0.34,0.02,0.03,352.21,385.38
0,0.01,0.34,0.02,0.04,352.56,401.91
0,0.01,0.34,0.03,0,369.59,336.54
0,0.01,0.34,0.03,0.01,368.7,352.98
0,0.01,0.34,0.03,0.02,369.25,367.81
0,0.01,0.34,0.03,0.03,368.53,385.44
0,0.01,0.34,0.03,0.04,367.66,402.63
0,0.02,0.34,0,0,318.96,352.68
0,0.02,0.34,0,0.01,319.81,368.7
0,0.02,0.34,0,0.02,320,384.61
0,0.02,0.34,0,0.03,319.17,401.45
0,0.02,0.34,0,0.04,320.14,418.22
0,0.02,0.34,0.01,0,335.42,353.22
0,0.02,0.34,0.01,0.01,335.68,368.57
0,0.02,0.34,0.01,0.02,335.62,383.75
0,0.02,0.34,0.01,0.03,336.22,400.73
0,0.02,0.34,0.01,0.04,335.78,417.51
0,0.02,0.34,0.02,0,353.08,352.49
0,0.02,0.34,0.02,0.01,352.66,368.79
0,0.02,0.34,0.02,0.02,352.49,386.21
0,0.02,0.34,0.02,0.03,352.48,401.63
0,0.02,0.34,0.02,0.04,353.02,418.14
0,0.02,0.34,0.03,0,368.94,352.71
0,0.02,0.34,0.03,0.01,367.66,369.07
0,0.02,0.34,0.03,0.02,369.09,385.34
0,0.02,0.34,0.03,0.03,369.46,401.12
0.01,0,0.34,0.02,0.04,368.23,384.91
0.01,0,0.34,0.03,0,384.48,319.64
0.01,0,0.34,0.03,0.01,386.13,336.14
0.01,0,0.34,0.03,0.02,385.07,352.29
0.01,0,0.34,0.03,0.03,385.33,368.99
0.01,0,0.34,0.03,0.04,385.69,385.26
0.01,0.01,0.34,0,0,335.69,336.54
0.01,0.01,0.34,0,0.01,336.08,352.47
0.01,0.01,0.34,0,0.02,335.75,368.5
0.01,0.01,0.34,0,0.03,336.85,385.37
0.01,0.01,0.34,0,0.04,335.4,401.46
0.01,0.01,0.34,0.01,0,352.83,336.57
0.01,0.01,0.34,0.01,0.01,351.81,353.44
0.01,0.01,0.34,0.01,0.02,352.73,368.37
0.01,0.01,0.34,0.01,0.03,352.9,385.3
0.01,0.01,0.34,0.01,0.04,352.83,401.72
0.01,0.01,0.34,0.02,0,369.18,336.44
0.01,0.01,0.34,0.02,0.01,369.6,353.03
0.01,0.01,0.34,0.02,0.02,368.22,368.36
0.01,0.01,0.34,0.02,0.03,368.48,385.59
0.01,0.01,0.34,0.02,0.04,368.77,400.23
0.01,0.01,0.34,0.03,0,385.95,336.34
0.01,0.01,0.34,0.03,0.01,385.33,352.99
0.01,0.01,0.34,0.03,0.02,384.55,368.31
0.01,0.01,0.34,0.03,0.03,384.96,385.49
0.01,0.01,0.34,0.03,0.04,385.9,401.63
0.01,0.02,0.34,0,0,336.95,353.48
0.01,0.02,0.34,0,0.01,336.52,369.09
0.01,0.02,0.34,0,0.02,335.65,385.03
0.01,0.02,0.34,0,0.03,335.86,400.85
0.01,0.02,0.34,0,0.04,335.67,417.93
0.01,0.02,0.34,0.01,0,352.98,352.11
0.01,0.02,0.34,0.01,0.01,352.28,369.81
0.01,0.02,0.34,0.01,0.02,353.65,384.62
0.01,0.02,0.34,0.01,0.03,351.77,401.38
0.01,0.02,0.34,0.01,0.04,352.51,418.82
0.01,0.02,0.34,0.02,0,368.39,351.54
0.01,0.02,0.34,0.02,0.01,368.31,369.01
0.01,0.02,0.34,0.02,0.02,369.39,385.14
0.01,0.02,0.34,0.02,0.03,368.9,401.93
0.01,0.02,0.34,0.02,0.04,369.17,416.77
0.01,0.02,0.34,0.03,0,386.16,353.12
0.01,0.02,0.34,0.03,0.01,384.97,369.62
0.01,0.02,0.34,0.03,0.02,385.46,386.56
0.01,0.02,0.34,0.03,0.03,385.33,402.08
0.02,0,0.34,0.02,0.04,385.23,384.55
0.02,0,0.34,0.03,0,401.47,319.93
0.02,0,0.34,0.03,0.01,401.81,336.29
0.02,0,0.34,0.03,0.02,401.49,353.73
0.02,0,0.34,0.03,0.03,401.18,368.91
0.02,0,0.34,0.03,0.04,401.68,384.44
0.02,0.01,0.34,0,0,352.97,335.8
0.02,0.01,0.34,0,0.01,352.85,352.19
0.02,0.01,0.34,0,0.02,352.51,368.25
0.02,0.01,0.34,0,0.03,351.87,385.03
0.02,0.01,0.34,0,0.04,353.24,402.35
0.02,0.01,0.34,0.01,0,369.21,336.01
0.02,0.01,0.34,0.01,0.01,369.1,352.08
0.02,0.01,0.34,0.01,0.02,368.31,369.17
0.02,0.01,0.34,0.01,0.03,368.74,386.06
0.02,0.01,0.34,0.01,0.04,369.09,401.41
0.02,0.01,0.34,0.02,0,384.44,336.3
0.02,0.01,0.34,0.02,0.01,385.18,351.82
0.02,0.01,0.34,0.02,0.02,384.96,369.04
0.02,0.01,0.34,0.02,0.03,384.53,384.77
0.02,0.01,0.34,0.02,0.04,385.27,402.22
0.02,0.01,0.34,0.03,0,401.27,336.37
0.02,0.01,0.34,0.03,0.01,401.58,351.87
0.02,0.01,0.34,0.03,0.02,401.69,369.57
0.02,0.01,0.34,0.03,0.03,401.99,384.03
0.02,0.01,0.34,0.03,0.04,400.89,401.02
0.02,0.02,0.34,0,0,352.04,352.2
0.02,0.02,0.34,0,0.01,353.11,369.64
0.02,0.02,0.34,0,0.02,352.81,385.89
0.02,0.02,0.34,0,0.03,353.11,400.85
0.02,0.02,0.34,0,0.04,352.94,417.77
0.02,0.02,0.34,0.01,0,368.78,352.37
0.02,0.02,0.34,0.01,0.01,369.16,368.79
0.02,0.02,0.34,0.01,0.02,368.59,385.89
0.02,0.02,0.34,0.01,0.03,368.88,401.93
0.02,0.02,0.34,0.01,0.04,368.75,417.71
0.02,0.02,0.34,0.02,0,385.94,352.46
0.02,0.02,0.34,0.02,0.01,384.77,369.37
0.02,0.02,0.34,0.02,0.02,384.88,385.3
0.02,0.02,0.34,0.02,0.03,384.79,401.45
0.02,0.02,0.34,0.02,0.04,385.78,418.31
0.02,0.02,0.34,0.03,0,401.36,352.39
0.02,0.02,0.34,0.03,0.01,402.3,368.34
0.02,0.02,0.34,0.03,0.02,402.44,384.62
0.02,0.02,0.34,0.03,0.03,401.39,400.8
-0.02,0,0.35,0.02,0.04,320.24,383.52
-0.02,0,0.35,0.03,0,335.71,320.56
-0.02,0,0.35,0.03,0.01,334.9,336.04
-0.02,0,0.35,0.03,0.02,336.5,351.83
-0.02,0,0.35,0.03,0.03,335.85,367.02
-0.02,0,0.35,0.03,0.04,335.42,383.4
-0.02,0.01,0.35,0,0,287.82,336.37
-0.02,0.01,0.35,0,0.01,288.59,351.25
-0.02,0.01,0.35,0,0.02,288.69,368.12
-0.02,0.01,0.35,0,0.03,288.31,383.33
-0.02,0.01,0.35,0,0.04,288.68,399.43
-0.02,0.01,0.35,0.01,0,304.53,335.55
-0.02,0.01,0.35,0.01,0.01,304.76,351.73
-0.02,0.01,0.35,0.01,0.02,305.14,367.28
-0.02,0.01,0.35,0.01,0.03,304.16,383.13
-0.02,0.01,0.35,0.01,0.04,304.12,399.67
-0.02,0.01,0.35,0.02,0,319.49,335.09
-0.02,0.01,0.35,0.02,0.01,319.75,351.93
-0.02,0.01,0.35,0.02,0.02,320.54,367.63
-0.02,0.01,0.35,0.02,0.03,319.9,382.94
-0.02,0.01,0.35,0.02,0.04,320.11,398.12
-0.02,0.01,0.35,0.03,0,335.58,335.71
-0.02,0.01,0.35,0.03,0.01,336.54,351.26
-0.02,0.01,0.35,0.03,0.02,335.92,367.32
-0.02,0.01,0.35,0.03,0.03,336.19,383.41
-0.02,0.01,0.35,0.03,0.04,336.34,399.11
-0.02,0.02,0.35,0,0,287.53,352.03
-0.02,0.02,0.35,0,0.01,288.21,366.88
-0.02,0.02,0.35,0,0.02,288.92,383.25
-0.02,0.02,0.35,0,0.03,288.47,398.77
-0.02,0.02,0.35,0,0.04,288.26,415.14
-0.02,0.02,0.35,0.01,0,304.12,351.69
-0.02,0.02,0.35,0.01,0.01,304.73,367.57
-0.02,0.02,0.35,0.01,0.02,304.4,382.77
-0.02,0.02,0.35,0.01,0.03,303.61,398.93
-0.02,0.02,0.35,0.01,0.04,305.02,414.76
-0.02,0.02,0.35,0.02,0,320.11,352.13
-0.02,0.02,0.35,0.02,0.01,319.64,367.05
-0.02,0.02,0.35,0.02,0.02,320.11,383.61
-0.02,0.02,0.35,0.02,0.03,319.85,399.61
-0.02,0.02,0.35,0.02,0.04,320.7,414.33
-0.02,0.02,0.35,0.03,0,335.4,350.71
-0.02,0.02,0.35,0.03,0.01,336.43,367.16
-0.02,0.02,0.35,0.03,0.02,335.74,383.9
-0.02,0.02,0.35,0.03,0.03,336.24,399.79
-0.01,0,0.35,0.02,0.04,335.31,383.8
-0.01,0,0.35,0.03,0,351.88,320.07
-0.01,0,0.35,0.03,0.01,351.66,336.36
-0.01,0,0.35,0.03,0.02,351.95,352.18
-0.01,0,0.35,0.03,0.03,351.1,368.24
-0.01,0,0.35,0.03,0.04,351.64,382.98
-0.01,0.01,0.35,0,0,303.85,335.88
-0.01,0.01,0.35,0,0.01,303.8,351.01
-0.01,0.01,0.35,0,0.02,304.67,368.02
-0.01,0.01,0.35,0,0.03,303.21,383.35
-0.01,0.01,0.35,0,0.04,303.93,399.22
-0.01,0.01,0.35,0.01,0,319.61,335.54
-0.01,0.01,0.35,0.01,0.01,319.27,351.48
-0.01,0.01,0.35,0.01,0.02,320.07,367.56
-0.01,0.01,0.35,0.01,0.03,319.55,384.22
-0.01,0.01,0.35,0.01,0.04,319.71,398.65
-0.01,0.01,0.35,0.02,0,335.33,336.67
-0.01,0.01,0.35,0.02,0.01,336.68,351.79
-0.01,0.01,0.35,0.02,0.02,335,368.46
-0.01,0.01,0.35,0.02,0.03,335.92,384.28
-0.01,0.01,0.35,0.02,0.04,336.32,399.35
-0.01,0.01,0.35,0.03,0,351.57,335.99
-0.01,0.01,0.35,0.03,0.01,350.69,351.29
-0.01,0.01,0.35,0.03,0.02,351.22,367.79
-0.01,0.01,0.35,0.03,0.03,352.08,383.25
-0.01,0.01,0.35,0.03,0.04,351.35,399.1
-0.01,0.02,0.35,0,0,304.43,352.08
-0.01,0.02,0.35,0,0.01,303.76,366.49
-0.01,0.02,0.35,0,0.02,304.31,383.68
-0.01,0.02,0.35,0,0.03,303.48,398.87
-0.01,0.02,0.35,0,0.04,304.49,415.06
-0.01,0.02,0.35,0.01,0,319.72,352.31
-0.01,0.02,0.35,0.01,0.01,320.32,367.5
-0.01,0.02,0.35,0.01,0.02,319.68,382.71
-0.01,0.02,0.35,0.01,0.03,320.02,398.47
-0.01,0.02,0.35,0.01,0.04,320.5,415.12
-0.01,0.02,0.35,0.02,0,336.31,352.06
-0.01,0.02,0.35,0.02,0.01,336.16,367.08
-0.01,0.02,0.35,0.02,0.02,335.68,383.82
-0.01,0.02,0.35,0.02,0.03,335.5,399.29
-0.01,0.02,0.35,0.02,0.04,336.26,414.78
-0.01,0.02,0.35,0.03,0,351.13,351.43
-0.01,0.02,0.35,0.03,0.01,351.65,367.51
-0.01,0.02,0.35,0.03,0.02,352.08,383.13
-0.01,0.02,0.35,0.03,0.03,351.76,399.18
0,0,0.35,0.02,0.04,351.83,384.07
0,0,0.35,0.03,0,367.41,320.21
0,0,0.35,0.03,0.01,367.73,336.29
0,0,0.35,0.03,0.02,367.41,351.36
0,0,0.35,0.03,0.03,367.71,368.4
0,0,0.35,0.03,0.04,367.8,384.13
0,0.01,0.35,0,0,320.62,336
0,0.01,0.35,0,0.01,319.19,351.29
0,0.01,0.35,0,0.02,319.38,366.94
0,0.01,0.35,0,0.03,320.45,383.44
0,0.01,0.35,0,0.04,320.23,399.5
0,0.01,0.35,0.01,0,335.5,335.33
0,0.01,0.35,0.01,0.01,335.57,351.44
0,0.01,0.35,0.01,0.02,335.55,366.35
0,0.01,0.35,0.01,0.03,335.74,384.04
0,0.01,0.35,0.01,0.04,336.34,399.04
0,0.01,0.35,0.02,0,351.62,336.65
0,0.01,0.35,0.02,0.01,352.08,351.66
0,0.01,0.35,0.02,0.02,350.92,367.23
0,0.01,0.35,0.02,0.03,351.64,384.49
0,0.01,0.35,0.02,0.04,351.72,400.05
0,0.01,0.35,0.03,0,368.07,335.38
0,0.01,0.35,0.03,0.01,367.92,351.8
0,0.01,0.35,0.03,0.02,367.56,367.6
0,0.01,0.35,0.03,0.03,367.61,383.89
0,0.01,0.35,0.03,0.04,367.15,398.72
0,0.02,0.35,0,0,319.87,352.05
0,0.02,0.35,0,0.01,319.4,367.86
0,0.02,0.35,0,0.02,320.3,383.12
0,0.02,0.35,0,0.03,319.97,399.51
0,0.02,0.35,0,0.04,319.24,415.52
0,0.02,0.35,0.01,0,335.55,350.92
0,0.02,0.35,0.01,0.01,335.27,367.48
0,0.02,0.35,0.01,0.02,336.32,383.21
0,0.02,0.35,0.01,0.03,336.4,398.6
0,0.02,0.35,0.01,0.04,336.13,415.33
0,0.02,0.35,0.02,0,351.17,351.62
0,0.02,0.35,0.02,0.01,352.04,368.31
0,0.02,0.35,0.02,0.02,351.7,383.44
0,0.02,0.35,0.02,0.03,350.97,398.79
0,0.02,0.35,0.02,0.04,351.46,414.93
0,0.02,0.35,0.03,0,367.74,351.27
0,0.02,0.35,0.03,0.01,368.05,367.28
0,0.02,0.35,0.03,0.02,368.25,383.37
0,0.02,0.35,0.03,0.03,367.26,398.93
0.01,0,0.35,0.02,0.04,367.34,382.96
0.01,0,0.35,0.03,0,383.61,320.84
0.01,0,0.35,0.03,0.01,383.98,336.27
0.01,0,0.35,0.03,0.02,383.15,350.95
0.01,0,0.35,0.03,0.03,382.97,366.74
0.01,0,0.35,0.03,0.04,382.66,383.74
0.01,0.01,0.35,0,0,335.62,335.7
0.01,0.01,0.35,0,0.01,335.45,351.69
0.01,0.01,0.35,0,0.02,335.59,366.87
0.01,0.01,0.35,0,0.03,335.72,382.84
0.01,0.01,0.35,0,0.04,335.58,399.51
0.01,0.01,0.35,0.01,0,351.44,336.11
0.01,0.01,0.35,0.01,0.01,351.59,351.08
0.01,0.01,0.35,0.01,0.02,351.14,367.33
0.01,0.01,0.35,0.01,0.03,352.14,382.93
0.01,0.01,0.35,0.01,0.04,351.75,399.37
0.01,0.01,0.35,0.02,0,367.53,335.72
0.01,0.01,0.35,0.02,0.01,367.48,351.12
0.01,0.01,0.35,0.02,0.02,367.88,367.68
0.01,0.01,0.35,0.02,0.03,367.72,383.77
0.01,0.01,0.35,0.02,0.04,367.13,399.13
0.01,0.01,0.35,0.03,0,383.27,335.41
0.01,0.01,0.35,0.03,0.01,383.04,351.33
0.01,0.01,0.35,0.03,0.02,382.95,367.59
0.01,0.01,0.35,0.03,0.03,383.58,384.15
0.01,0.01,0.35,0.03,0.04,382.89,400.46
0.01,0.02,0.35,0,0,335.67,351.73
0.01,0.02,0.35,0,0.01,335.12,367.47
0.01,0.02,0.35,0,0.02,335.69,383.28
0.01,0.02,0.35,0,0.03,336.11,399.3
0.01,0.02,0.35,0,0.04,336.28,414.23
0.01,0.02,0.35,0.01,0,350.98,351.81
0.01,0.02,0.35,0.01,0.01,351.12,368.98
0.01,0.02,0.35,0.01,0.02,351.32,382.19
0.01,0.02,0.35,0.01,0.03,351.91,398.51
0.01,0.02,0.35,0.01,0.04,352.51,414.35
0.01,0.02,0.35,0.02,0,367.35,350.88
0.01,0.02,0.35,0.02,0.01,368.57,367.15
0.01,0.02,0.35,0.02,0.02,366.72,382.94
0.01,0.02,0.35,0.02,0.03,366.91,398.73
0.01,0.02,0.35,0.02,0.04,367.87,415.12
0.01,0.02,0.35,0.03,0,383.41,351.13
0.01,0.02,0.35,0.03,0.01,383.82,367.27
0.01,0.02,0.35,0.03,0.02,383.34,383.29
0.01,0.02,0.35,0.03,0.03,383.43,398.94
0.02,0,0.35,0.02,0.04,383.44,383.45
0.02,0,0.35,0.03,0,399.85,321.27
0.02,0,0.35,0.03,0.01,398.53,335.32
0.02,0,0.35,0.03,0.02,399.52,351.4
0.02,0,0.35,0.03,0.03,400.06,367.48
0.02,0,0.35,0.03,0.04,399.53,383.41
0.02,0.01,0.35,0,0,351.61,335.97
0.02,0.01,0.35,0,0.01,351.88,351.82
0.02,0.01,0.35,0,0.02,351.06,367.59
0.02,0.01,0.35,0,0.03,350.72,382.84
0.02,0.01,0.35,0,0.04,351.29,399.38
0.02,0.01,0.35,0.01,0,367.83,335.74
0.02,0.01,0.35,0.01,0.01,367.47,351.41
0.02,0.01,0.35,0.01,0.02,367.37,367.15
0.02,0.01,0.35,0.01,0.03,368.13,384.01
0.02,0.01,0.35,0.01,0.04,367.08,399.01
0.02,0.01,0.35,0.02,0,383.22,335.88
0.02,0.01,0.35,0.02,0.01,382.5,351.29
0.02,0.01,0.35,0.02,0.02,382.43,367.63
0.02,0.01,0.35,0.02,0.03,382.5,383.34
0.02,0.01,0.35,0.02,0.04,383.47,398.75
0.02,0.01,0.35,0.03,0,399.27,335.93
0.02,0.01,0.35,0.03,0.01,398.65,351.98
0.02,0.01,0.35,0.03,0.02,399.56,367.67
0.02,0.01,0.35,0.03,0.03,398.82,383.2
0.02,0.01,0.35,0.03,0.04,399.08,399.91
0.02,0.02,0.35,0,0,352.1,351.51
0.02,0.02,0.35,0,0.01,351.96,367.69
0.02,0.02,0.35,0,0.02,352.39,383.52
0.02,0.02,0.35,0,0.03,352.79,399.79
0.02,0.02,0.35,0,0.04,352.37,415.44
0.02,0.02,0.35,0.01,0,367.72,351.91
0.02,0.02,0.35,0.01,0.01,367.91,366.44
0.02,0.02,0.35,0.01,0.02,367.66,383.15
0.02,0.02,0.35,0.01,0.03,367.32,399.04
0.02,0.02,0.35,0.01,0.04,367.96,415.35
0.02,0.02,0.35,0.02,0,383.09,351.34
0.02,0.02,0.35,0.02,0.01,383.19,367.01
0.02,0.02,0.35,0.02,0.02,382.95,384.23
0.02,0.02,0.35,0.02,0.03,383.12,398.87
0.02,0.02,0.35,0.02,0.04,383.87,413.88
0.02,0.02,0.35,0.03,0,399.22,351.48
0.02,0.02,0.35,0.03,0.01,399.33,367.94
0.02,0.02,0.35,0.03,0.02,399.45,384.17
0.02,0.02,0.35,0.03,0.03,398.41,398.96
-0.02,0,0.36,0.02,0.04,319.64,381.07
-0.02,0,0.36,0.03,0,335.69,319.66
-0.02,0,0.36,0.03,0.01,336,334.8
-0.02,0,0.36,0.03,0.02,335.27,350.96
-0.02,0,0.36,0.03,0.03,335.52,366.27
-0.02,0,0.36,0.03,0.04,334.51,382.03
-0.02,0.01,0.36,0,0,289.48,335.9
-0.02,0.01,0.36,0,0.01,289.24,350.72
-0.02,0.01,0.36,0,0.02,288.16,365.69
-0.02,0.01,0.36,0,0.03,288.86,382.31
-0.02,0.01,0.36,0,0.04,288.65,397.21
-0.02,0.01,0.36,0.01,0,304.76,334.44
-0.02,0.01,0.36,0.01,0.01,304.75,350.83
-0.02,0.01,0.36,0.01,0.02,304.79,366.75
-0.02,0.01,0.36,0.01,0.03,304.53,381.48
-0.02,0.01,0.36,0.01,0.04,304.13,396.43
-0.02,0.01,0.36,0.02,0,319.49,335.48
-0.02,0.01,0.36,0.02,0.01,319.1,351.07
-0.02,0.01,0.36,0.02,0.02,319.01,365.55
-0.02,0.01,0.36,0.02,0.03,320.7,381.64
-0.02,0.01,0.36,0.02,0.04,320.21,396.22
-0.02,0.01,0.36,0.03,0,334.92,335.28
-0.02,0.01,0.36,0.03,0.01,335.3,351.02
-0.02,0.01,0.36,0.03,0.02,335.63,366.43
-0.02,0.01,0.36,0.03,0.03,335.21,381.95
-0.02,0.01,0.36,0.03,0.04,335.53,396.38
-0.02,0.02,0.36,0,0,289.1,349.74
-0.02,0.02,0.36,0,0.01,289.3,366.6
-0.02,0.02,0.36,0,0.02,289.17,382.01
-0.02,0.02,0.36,0,0.03,288.59,396.64
-0.02,0.02,0.36,0,0.04,289.12,412.41
-0.02,0.02,0.36,0.01,0,303.87,350.45
-0.02,0.02,0.36,0.01,0.01,304.78,365.87
-0.02,0.02,0.36,0.01,0.02,304.46,382.07
-0.02,0.02,0.36,0.01,0.03,305.31,396.69
-0.02,0.02,0.36,0.01,0.04,305.09,413.3
-0.02,0.02,0.36,0.02,0,320.41,350.31
-0.02,0.02,0.36,0.02,0.01,319.6,366.94
-0.02,0.02,0.36,0.02,0.02,319.49,380.96
-0.02,0.02,0.36,0.02,0.03,319.09,396.44
-0.02,0.02,0.36,0.02,0.04,320.16,412.52
-0.02,0.02,0.36,0.03,0,335.32,350.11
-0.02,0.02,0.36,0.03,0.01,336.13,366.68
-0.02,0.02,0.36,0.03,0.02,334.92,381.8
-0.02,0.02,0.36,0.03,0.03,334.81,397.13
-0.01,0,0.36,0.02,0.04,335.01,382.21
-0.01,0,0.36,0.03,0,349.99,321.16
-0.01,0,0.36,0.03,0.01,349.62,335.77
-0.01,0,0.36,0.03,0.02,350.97,350.62
-0.01,0,0.36,0.03,0.03,350.26,366.55
-0.01,0,0.36,0.03,0.04,350.7,381.79
-0.01,0.01,0.36,0,0,304.39,335.66
-0.01,0.01,0.36,0,0.01,304.81,349.82
-0.01,0.01,0.36,0,0.02,305.4,366.06
-0.01,0.01,0.36,0,0.03,305.39,381.5
-0.01,0.01,0.36,0,0.04,303.89,397.89
-0.01,0.01,0.36,0.01,0,319.58,335.5
-0.01,0.01,0.36,0.01,0.01,320.99,351.08
-0.01,0.01,0.36,0.01,0.02,320.59,365.81
-0.01,0.01,0.36,0.01,0.03,319.9,381.54
-0.01,0.01,0.36,0.01,0.04,320.01,398.24
-0.01,0.01,0.36,0.02,0,335.21,335.34
-0.01,0.01,0.36,0.02,0.01,334.84,350.01
-0.01,0.01,0.36,0.02,0.02,335.38,367
-0.01,0.01,0.36,0.02,0.03,334.75,381.9
-0.01,0.01,0.36,0.02,0.04,335.32,397.33
-0.01,0.01,0.36,0.03,0,350.88,335.5
-0.01,0.01,0.36,0.03,0.01,350.56,351.07
-0.01,0.01,0.36,0.03,0.02,351.43,365.75
-0.01,0.01,0.36,0.03,0.03,351.49,381.33
-0.01,0.01,0.36,0.03,0.04,350.68,397.28
-0.01,0.02,0.36,0,0,304.42,351.12
-0.01,0.02,0.36,0,0.01,304.21,365.68
-0.01,0.02,0.36,0,0.02,304.86,381.73
-0.01,0.02,0.36,0,0.03,304.5,396.99
-0.01,0.02,0.36,0,0.04,304,412.26
-0.01,0.02,0.36,0.01,0,320.2,350.25
-0.01,0.02,0.36,0.01,0.01,320.5,366.15
-0.01,0.02,0.36,0.01,0.02,320.36,382.42
-0.01,0.02,0.36,0.01,0.03,320.05,397.19
-0.01,0.02,0.36,0.01,0.04,320.33,411.89
-0.01,0.02,0.36,0.02,0,335.48,351.36
-0.01,0.02,0.36,0.02,0.01,335.67,366.74
-0.01,0.02,0.36,0.02,0.02,335.34,382.36
-0.01,0.02,0.36,0.02,0.03,335.7,396.52
-0.01,0.02,0.36,0.02,0.04,335.52,412.57
-0.01,0.02,0.36,0.03,0,350.42,351.31
-0.01,0.02,0.36,0.03,0.01,350.83,366.25
-0.01,0.02,0.36,0.03,0.02,351.07,381.63
-0.01,0.02,0.36,0.03,0.03,350.85,396.4
0,0,0.36,0.02,0.04,350.44,381.4
0,0,0.36,0.03,0,366.71,320.11
0,0,0.36,0.03,0.01,366.37,335.73
0,0,0.36,0.03,0.02,366.4,350.33
0,0,0.36,0.03,0.03,365.31,365.51
0,0,0.36,0.03,0.04,367.53,380.82
0,0.01,0.36,0,0,320.58,335.63
0,0.01,0.36,0,0.01,319.89,351.06
0,0.01,0.36,0,0.02,319.24,366.36
0,0.01,0.36,0,0.03,320.01,381.66
0,0.01,0.36,0,0.04,319.59,397
0,0.01,0.36,0.01,0,335.72,334.89
0,0.01,0.36,0.01,0.01,335.58,350.66
0,0.01,0.36,0.01,0.02,334.94,366.3
0,0.01,0.36,0.01,0.03,335.57,381.05
0,0.01,0.36,0.01,0.04,336.12,397.8
0,0.01,0.36,0.02,0,350.77,335.18
0,0.01,0.36,0.02,0.01,351.02,350.97
0,0.01,0.36,0.02,0.02,351.39,365.74
0,0.01,0.36,0.02,0.03,350.9,381.88
0,0.01,0.36,0.02,0.04,351.02,397.02
0,0.01,0.36,0.03,0,366.28,335.4
0,0.01,0.36,0.03,0.01,366.82,350.92
0,0.01,0.36,0.03,0.02,366.53,366.86
0,0.01,0.36,0.03,0.03,366.99,381.32
0,0.01,0.36,0.03,0.04,366.17,397.05
0,0.02,0.36,0,0,320.57,351.15
0,0.02,0.36,0,0.01,319.89,365.52
0,0.02,0.36,0,0.02,319.94,380.51
0,0.02,0.36,0,0.03,319.34,397.25
0,0.02,0.36,0,0.04,319.68,413.36
0,0.02,0.36,0.01,0,335.44,351.21
0,0.02,0.36,0.01,0.01,336.08,365.54
0,0.02,0.36,0.01,0.02,336.35,381.85
0,0.02,0.36,0.01,0.03,335.57,396.42
0,0.02,0.36,0.01,0.04,335.37,412.76
0,0.02,0.36,0.02,0,351.71,350.99
0,0.02,0.36,0.02,0.01,350.65,365.89
0,0.02,0.36,0.02,0.02,350.94,381.17
0,0.02,0.36,0.02,0.03,351.66,397.43
0,0.02,0.36,0.02,0.04,350.8,413.05
0,0.02,0.36,0.03,0,366.77,351.47
0,0.02,0.36,0.03,0.01,366.72,365.92
0,0.02,0.36,0.03,0.02,366.75,381.47
0,0.02,0.36,0.03,0.03,366.54,396.17
0.01,0,0.36,0.02,0.04,365.69,381.28
0.01,0,0.36,0.03,0,381.7,320.7
0.01,0,0.36,0.03,0.01,381.34,335.64
0.01,0,0.36,0.03,0.02,381.23,351.08
0.01,0,0.36,0.03,0.03,380.68,366.19
0.01,0,0.36,0.03,0.04,381.62,383.31
0.01,0.01,0.36,0,0,336.29,335.4
0.01,0.01,0.36,0,0.01,335.71,350.83
0.01,0.01,0.36,0,0.02,335.34,365.63
0.01,0.01,0.36,0,0.03,335.52,381.83
0.01,0.01,0.36,0,0.04,334.79,397.28
0.01,0.01,0.36,0.01,0,350.22,335.26
0.01,0.01,0.36,0.01,0.01,351.16,350.69
0.01,0.01,0.36,0.01,0.02,351.06,366.21
0.01,0.01,0.36,0.01,0.03,349.92,380.65
0.01,0.01,0.36,0.01,0.04,350.93,397.07
0.01,0.01,0.36,0.02,0,366.11,335.46
0.01,0.01,0.36,0.02,0.01,366.62,351.24
0.01,0.01,0.36,0.02,0.02,364.93,365.61
0.01,0.01,0.36,0.02,0.03,366.52,381.96
0.01,0.01,0.36,0.02,0.04,365.58,396.35
0.01,0.01,0.36,0.03,0,380.38,335.37
0.01,0.01,0.36,0.03,0.01,382,350.75
0.01,0.01,0.36,0.03,0.02,380.89,366.4
0.01,0.01,0.36,0.03,0.03,381.18,381.5
0.01,0.01,0.36,0.03,0.04,381.83,396.65
0.01,0.02,0.36,0,0,335.5,350.62
0.01,0.02,0.36,0,0.01,335.84,365.9
0.01,0.02,0.36,0,0.02,334.59,380.43
0.01,0.02,0.36,0,0.03,335.69,397.5
0.01,0.02,0.36,0,0.04,335.07,412.53
0.01,0.02,0.36,0.01,0,350.7,350.48
0.01,0.02,0.36,0.01,0.01,350.67,366.16
0.01,0.02,0.36,0.01,0.02,350.97,382.07
0.01,0.02,0.36,0.01,0.03,352.1,396.62
0.01,0.02,0.36,0.01,0.04,350.68,412.78
0.01,0.02,0.36,0.02,0,366.46,350.68
0.01,0.02,0.36,0.02,0.01,366.22,366.01
0.01,0.02,0.36,0.02,0.02,367.04,382.01
0.01,0.02,0.36,0.02,0.03,366.44,396.48
0.01,0.02,0.36,0.02,0.04,366.17,412.59
0.01,0.02,0.36,0.03,0,381.56,351.37
0.01,0.02,0.36,0.03,0.01,380.94,365.87
0.01,0.02,0.36,0.03,0.02,381.5,382.02
0.01,0.02,0.36,0.03,0.03,381.11,396.07
0.02,0,0.36,0.02,0.04,381.73,382.08
0.02,0,0.36,0.03,0,397.43,320.36
0.02,0,0.36,0.03,0.01,397.55,334.49
0.02,0,0.36,0.03,0.02,397.4,350.41
0.02,0,0.36,0.03,0.03,396.75,365.28
0.02,0,0.36,0.03,0.04,397.86,381.71
0.02,0.01,0.36,0,0,350.82,335.92
0.02,0.01,0.36,0,0.01,351.49,350.36
0.02,0.01,0.36,0,0.02,350.35,366.49
0.02,0.01,0.36,0,0.03,350.95,381.9
0.02,0.01,0.36,0,0.04,350.75,397.34
0.02,0.01,0.36,0.01,0,365.35,335.53
0.02,0.01,0.36,0.01,0.01,366.46,350.64
0.02,0.01,0.36,0.01,0.02,366.05,366.24
0.02,0.01,0.36,0.01,0.03,365.45,381.6
0.02,0.01,0.36,0.01,0.04,364.88,397.06
0.02,0.01,0.36,0.02,0,381.67,334.48
0.02,0.01,0.36,0.02,0.01,381.56,350.59
0.02,0.01,0.36,0.02,0.02,381.18,366.08
0.02,0.01,0.36,0.02,0.03,381.64,381.39
0.02,0.01,0.36,0.02,0.04,382.2,396.96
0.02,0.01,0.36,0.03,0,396.42,336.16
0.02,0.01,0.36,0.03,0.01,397.21,351.31
0.02,0.01,0.36,0.03,0.02,396.56,366.54
0.02,0.01,0.36,0.03,0.03,396.79,381.47
0.02,0.01,0.36,0.03,0.04,396.58,397.4
0.02,0.02,0.36,0,0,351.25,350.54
0.02,0.02,0.36,0,0.01,351.04,366.21
0.02,0.02,0.36,0,0.02,350.38,381.17
0.02,0.02,0.36,0,0.03,350.52,396.63
0.02,0.02,0.36,0,0.04,350.56,411.96
0.02,0.02,0.36,0.01,0,365.81,351.14
0.02,0.02,0.36,0.01,0.01,366.85,365.91
0.02,0.02,0.36,0.01,0.02,365.87,381.75
0.02,0.02,0.36,0.01,0.03,365.73,397.36
0.02,0.02,0.36,0.01,0.04,367.22,412.1
0.02,0.02,0.36,0.02,0,382.37,351.06
0.02,0.02,0.36,0.02,0.01,380.29,366.22
0.02,0.02,0.36,0.02,0.02,380.97,382.63
0.02,0.02,0.36,0.02,0.03,382.28,397
0.02,0.02,0.36,0.02,0.04,381.53,412.46
0.02,0.02,0.36,0.03,0,397.13,352.21
0.02,0.02,0.36,0.03,0.01,398.23,365.65
0.02,0.02,0.36,0.03,0.02,397.88,381.59
0.02,0.02,0.36,0.03,0.03,396.2,396.97
-0.02,0,0.37,0.02,0.04,319.4,380.13
-0.02,0,0.37,0.03,0,335.75,319.53
-0.02,0,0.37,0.03,0.01,334.62,334.46
-0.02,0,0.37,0.03,0.02,335.05,349.88
-0.02,0,0.37,0.03,0.03,335.53,364.74
-0.02,0,0.37,0.03,0.04,335.52,379.85
-0.02,0.01,0.37,0,0,289.41,335.44
-0.02,0.01,0.37,0,0.01,290.39,350.93
-0.02,0.01,0.37,0,0.02,289.78,364.21
-0.02,0.01,0.37,0,0.03,289.83,380.74
-0.02,0.01,0.37,0,0.04,290.97,395.39
-0.02,0.01,0.37,0.01,0,304.83,334.57
-0.02,0.01,0.37,0.01,0.01,305.82,350.13
-0.02,0.01,0.37,0.01,0.02,305.11,364.84
-0.02,0.01,0.37,0.01,0.03,304.88,379.46
-0.02,0.01,0.37,0.01,0.04,304.63,395.21
-0.02,0.01,0.37,0.02,0,320.79,334.58
-0.02,0.01,0.37,0.02,0.01,319.62,349.79
-0.02,0.01,0.37,0.02,0.02,318.51,365.06
-0.02,0.01,0.37,0.02,0.03,320.59,381.5
-0.02,0.01,0.37,0.02,0.04,320.58,394.42
-0.02,0.01,0.37,0.03,0,333.97,335.7
-0.02,0.01,0.37,0.03,0.01,334.81,349.76
-0.02,0.01,0.37,0.03,0.02,334.54,364.13
-0.02,0.01,0.37,0.03,0.03,335.13,379.48
-0.02,0.01,0.37,0.03,0.04,335.31,395.58
-0.02,0.02,0.37,0,0,289.78,349.25
-0.02,0.02,0.37,0,0.01,289.51,364.31
-0.02,0.02,0.37,0,0.02,289.77,380.4
-0.02,0.02,0.37,0,0.03,289.39,394.41
-0.02,0.02,0.37,0,0.04,289.52,410.64
-0.02,0.02,0.37,0.01,0,304.9,350.26
-0.02,0.02,0.37,0.01,0.01,304.82,364.82
-0.02,0.02,0.37,0.01,0.02,304.76,380.56
-0.02,0.02,0.37,0.01,0.03,305.29,395.98
-0.02,0.02,0.37,0.01,0.04,305.49,409.31
-0.02,0.02,0.37,0.02,0,320.72,349.49
-0.02,0.02,0.37,0.02,0.01,319.99,365.45
-0.02,0.02,0.37,0.02,0.02,319.66,379.92
-0.02,0.02,0.37,0.02,0.03,320.4,395.38
-0.02,0.02,0.37,0.02,0.04,320.22,410.12
-0.02,0.02,0.37,0.03,0,334.65,349.2
-0.02,0.02,0.37,0.03,0.01,334.02,364.16
-0.02,0.02,0.37,0.03,0.02,335.12,380.76
-0.02,0.02,0.37,0.03,0.03,334.42,395.2
-0.01,0,0.37,0.02,0.04,335.48,378.99
-0.01,0,0.37,0.03,0,349.56,320.21
-0.01,0,0.37,0.03,0.01,350.6,334.78
-0.01,0,0.37,0.03,0.02,349.17,349.48
-0.01,0,0.37,0.03,0.03,349.99,364.57
-0.01,0,0.37,0.03,0.04,350.25,379.82
-0.01,0.01,0.37,0,0,304.78,334.58
-0.01,0.01,0.37,0,0.01,305.3,349.23
-0.01,0.01,0.37,0,0.02,305.5,365.74
-0.01,0.01,0.37,0,0.03,306.1,380.03
-0.01,0.01,0.37,0,0.04,304.16,394.96
-0.01,0.01,0.37,0.01,0,320.13,334.82
-0.01,0.01,0.37,0.01,0.01,320.04,349.44
-0.01,0.01,0.37,0.01,0.02,319.6,365.13
-0.01,0.01,0.37,0.01,0.03,320.45,379.71
-0.01,0.01,0.37,0.01,0.04,319.68,395.39
-0.01,0.01,0.37,0.02,0,335.16,334.54
-0.01,0.01,0.37,0.02,0.01,333.9,350.2
-0.01,0.01,0.37,0.02,0.02,334.31,364.88
-0.01,0.01,0.37,0.02,0.03,335.05,380.77
-0.01,0.01,0.37,0.02,0.04,335.94,395.25
-0.01,0.01,0.37,0.03,0,350.26,335.15
-0.01,0.01,0.37,0.03,0.01,349.83,350.12
-0.01,0.01,0.37,0.03,0.02,350.33,365.12
-0.01,0.01,0.37,0.03,0.03,349.32,379.28
-0.01,0.01,0.37,0.03,0.04,349.56,394.59
-0.01,0.02,0.37,0,0,304.88,350.56
-0.01,0.02,0.37,0,0.01,303.93,364.1
-0.01,0.02,0.37,0,0.02,305.49,380.87
-0.01,0.02,0.37,0,0.03,304.21,394.36
-0.01,0.02,0.37,0,0.04,304.14,409.74
-0.01,0.02,0.37,0.01,0,319.79,349.46
-0.01,0.02,0.37,0.01,0.01,320.37,365.5
-0.01,0.02,0.37,0.01,0.02,319.87,380.55
-0.01,0.02,0.37,0.01,0.03,319.68,394.39
-0.01,0.02,0.37,0.01,0.04,319.37,409.49
-0.01,0.02,0.37,0.02,0,335.81,349.55
-0.01,0.02,0.37,0.02,0.01,335.57,365.1
-0.01,0.02,0.37,0.02,0.02,335.02,380.2
-0.01,0.02,0.37,0.02,0.03,334.72,395.17
-0.01,0.02,0.37,0.02,0.04,335.54,409.78
-0.01,0.02,0.37,0.03,0,350.85,349.74
-0.01,0.02,0.37,0.03,0.01,350.47,364.76
-0.01,0.02,0.37,0.03,0.02,350.81,379.99
-0.01,0.02,0.37,0.03,0.03,349.52,394.82
0,0,0.37,0.02,0.04,348.89,379.15
0,0,0.37,0.03,0,365.94,320.38
0,0,0.37,0.03,0.01,364.59,335.07
0,0,0.37,0.03,0.02,365.66,350.1
0,0,0.37,0.03,0.03,365.18,365.72
0,0,0.37,0.03,0.04,365.22,379.92
0,0.01,0.37,0,0,320.97,335.64
0,0.01,0.37,0,0.01,320.84,349.96
0,0.01,0.37,0,0.02,320.63,365.31
0,0.01,0.37,0,0.03,319.43,379.66
0,0.01,0.37,0,0.04,320,395.58
0,0.01,0.37,0.01,0,335.07,334.7
0,0.01,0.37,0.01,0.01,334.23,350.13
0,0.01,0.37,0.01,0.02,335.33,364.56
0,0.01,0.37,0.01,0.03,335.99,379.63
0,0.01,0.37,0.01,0.04,334.94,395.7
0,0.01,0.37,0.02,0,349.57,335.34
0,0.01,0.37,0.02,0.01,350.64,349.45
0,0.01,0.37,0.02,0.02,350.4,365.37
0,0.01,0.37,0.02,0.03,349.74,379.96
0,0.01,0.37,0.02,0.04,350.38,394.52
0,0.01,0.37,0.03,0,365.03,334.55
0,0.01,0.37,0.03,0.01,364.59,351.3
0,0.01,0.37,0.03,0.02,364.66,364.37
0,0.01,0.37,0.03,0.03,363.85,378.89
0,0.01,0.37,0.03,0.04,365.39,394.96
0,0.02,0.37,0,0,319.56,350.41
0,0.02,0.37,0,0.01,320.5,365.37
0,0.02,0.37,0,0.02,319.4,380.18
0,0.02,0.37,0,0.03,320.57,394.68
0,0.02,0.37,0,0.04,319.36,409.56
0,0.02,0.37,0.01,0,334.95,349.35
0,0.02,0.37,0.01,0.01,334.87,365.18
0,0.02,0.37,0.01,0.02,335.95,379.57
0,0.02,0.37,0.01,0.03,334.81,394.9
0,0.02,0.37,0.01,0.04,335.26,409.85
0,0.02,0.37,0.02,0,350.52,350.22
0,0.02,0.37,0.02,0.01,349.87,365.3
0,0.02,0.37,0.02,0.02,350.19,379.9
0,0.02,0.37,0.02,0.03,350.21,395.1
0,0.02,0.37,0.02,0.04,349.81,409.6
0,0.02,0.37,0.03,0,364.1,350.01
0,0.02,0.37,0.03,0.01,365.65,365.39
0,0.02,0.37,0.03,0.02,364.87,379.98
0,0.02,0.37,0.03,0.03,364.96,395.23
0.01,0,0.37,0.02,0.04,364.8,379.42
0.01,0,0.37,0.03,0,380.46,319.75
0.01,0,0.37,0.03,0.01,380.57,334.85
0.01,0,0.37,0.03,0.02,379.97,350.04
0.01,0,0.37,0.03,0.03,380.42,365.44
0.01,0,0.37,0.03,0.04,379.88,379.58
0.01,0.01,0.37,0,0,334.81,334.89
0.01,0.01,0.37,0,0.01,335.64,350.48
0.01,0.01,0.37,0,0.02,335.34,364.53
0.01,0.01,0.37,0,0.03,334.68,379.98
0.01,0.01,0.37,0,0.04,334.72,394.56
0.01,0.01,0.37,0.01,0,350.62,335.33
0.01,0.01,0.37,0.01,0.01,350.85,349.95
0.01,0.01,0.37,0.01,0.02,348.98,364.52
0.01,0.01,0.37,0.01,0.03,350.32,380.4
0.01,0.01,0.37,0.01,0.04,349.71,394.54
0.01,0.01,0.37,0.02,0,364.65,334.8
0.01,0.01,0.37,0.02,0.01,364.25,350.12
0.01,0.01,0.37,0.02,0.02,365.15,364.83
0.01,0.01,0.37,0.02,0.03,365.31,379.41
0.01,0.01,0.37,0.02,0.04,364.7,395.15
0.01,0.01,0.37,0.03,0,380.3,334.79
0.01,0.01,0.37,0.03,0.01,380.04,348.73
0.01,0.01,0.37,0.03,0.02,379.16,365.42
0.01,0.01,0.37,0.03,0.03,379.64,379.04
0.01,0.01,0.37,0.03,0.04,379.44,394.3
0.01,0.02,0.37,0,0,335.55,350.65
0.01,0.02,0.37,0,0.01,335.24,365.03
0.01,0.02,0.37,0,0.02,334.62,380.18
0.01,0.02,0.37,0,0.03,335.91,394.76
0.01,0.02,0.37,0,0.04,334.9,410.31
0.01,0.02,0.37,0.01,0,349.91,349.86
0.01,0.02,0.37,0.01,0.01,350,364.67
0.01,0.02,0.37,0.01,0.02,350.65,380.02
0.01,0.02,0.37,0.01,0.03,350.41,394.81
0.01,0.02,0.37,0.01,0.04,350.9,410.61
0.01,0.02,0.37,0.02,0,364.38,350.61
0.01,0.02,0.37,0.02,0.01,364.48,365.44
0.01,0.02,0.37,0.02,0.02,365.69,379.41
0.01,0.02,0.37,0.02,0.03,365.26,394.53
0.01,0.02,0.37,0.02,0.04,364.53,409.38
0.01,0.02,0.37,0.03,0,380.14,350.16
0.01,0.02,0.37,0.03,0.01,381.04,365.55
0.01,0.02,0.37,0.03,0.02,379.84,380.2
0.01,0.02,0.37,0.03,0.03,380.19,395.27
0.02,0,0.37,0.02,0.04,379.95,380.48
0.02,0,0.37,0.03,0,395.39,320.52
0.02,0,0.37,0.03,0.01,395.7,335.58
0.02,0,0.37,0.03,0.02,395.15,350.15
0.02,0,0.37,0.03,0.03,395.08,364.62
0.02,0,0.37,0.03,0.04,395.05,380.02
0.02,0.01,0.37,0,0,350.41,334.64
0.02,0.01,0.37,0,0.01,350.08,350.32
0.02,0.01,0.37,0,0.02,349.63,363.99
0.02,0.01,0.37,0,0.03,350.66,380.21
0.02,0.01,0.37,0,0.04,349.79,394.83
0.02,0.01,0.37,0.01,0,365.44,334.7
0.02,0.01,0.37,0.01,0.01,364.35,350.41
0.02,0.01,0.37,0.01,0.02,365.53,365.32
0.02,0.01,0.37,0.01,0.03,364.92,381.55
0.02,0.01,0.37,0.01,0.04,364.94,395.12
0.02,0.01,0.37,0.02,0,379.84,335.08
0.02,0.01,0.37,0.02,0.01,379.95,349.93
0.02,0.01,0.37,0.02,0.02,379.33,365.65
0.02,0.01,0.37,0.02,0.03,380.49,380.4
0.02,0.01,0.37,0.02,0.04,379.77,394.9
0.02,0.01,0.37,0.03,0,395.02,335.57
0.02,0.01,0.37,0.03,0.01,394.78,350.35
0.02,0.01,0.37,0.03,0.02,395.58,365.39
0.02,0.01,0.37,0.03,0.03,394.67,379.63
0.02,0.01,0.37,0.03,0.04,395.18,394.88
0.02,0.02,0.37,0,0,349.71,350.77
0.02,0.02,0.37,0,0.01,350.07,366.01
0.02,0.02,0.37,0,0.02,349.86,378.57
0.02,0.02,0.37,0,0.03,350.21,394.23
0.02,0.02,0.37,0,0.04,350.57,409.23
0.02,0.02,0.37,0.01,0,365.19,349.37
0.02,0.02,0.37,0.01,0.01,363.97,364.45
0.02,0.02,0.37,0.01,0.02,364.91,379.99
0.02,0.02,0.37,0.01,0.03,365.49,395.1
0.02,0.02,0.37,0.01,0.04,365.27,410.1
0.02,0.02,0.37,0.02,0,380.55,349.61
0.02,0.02,0.37,0.02,0.01,380.49,364.27
0.02,0.02,0.37,0.02,0.02,380.75,379.88
0.02,0.02,0.37,0.02,0.03,379.32,394.67
0.02,0.02,0.37,0.02,0.04,380.25,409.01
0.02,0.02,0.37,0.03,0,394.63,349.81
0.02,0.02,0.37,0.03,0.01,394.11,365.07
0.02,0.02,0.37,0.03,0.02,395.11,379.39
0.02,0.02,0.37,0.03,0.03,394.81,394.72
-0.02,0,0.38,0.02,0.04,319.41,379.45
-0.02,0,0.38,0.03,0,334.27,320.48
-0.02,0,0.38,0.03,0.01,334.81,334.74
-0.02,0,0.38,0.03,0.02,334.54,348.66
-0.02,0,0.38,0.03,0.03,334.6,362.71
-0.02,0,0.38,0.03,0.04,333.74,378.57
-0.02,0.01,0.38,0,0,291.45,334.7
-0.02,0.01,0.38,0,0.01,290.58,348.53
-0.02,0.01,0.38,0,0.02,291.42,364.2
-0.02,0.01,0.38,0,0.03,291.21,378.72
-0.02,0.01,0.38,0,0.04,289.82,392.76
-0.02,0.01,0.38,0.01,0,305.63,335.28
-0.02,0.01,0.38,0.01,0.01,305.63,348.84
-0.02,0.01,0.38,0.01,0.02,304.94,363.7
-0.02,0.01,0.38,0.01,0.03,305.19,377.77
-0.02,0.01,0.38,0.01,0.04,305.65,393.21
-0.02,0.01,0.38,0.02,0,319.4,334.51
-0.02,0.01,0.38,0.02,0.01,319.69,349.93
-0.02,0.01,0.38,0.02,0.02,318.67,363.63
-0.02,0.01,0.38,0.02,0.03,319.44,378.17
-0.02,0.01,0.38,0.02,0.04,320.06,392.91
-0.02,0.01,0.38,0.03,0,334.47,334.77
-0.02,0.01,0.38,0.03,0.01,333.73,349.65
-0.02,0.01,0.38,0.03,0.02,334.44,363.77
-0.02,0.01,0.38,0.03,0.03,334.36,378.18
-0.02,0.01,0.38,0.03,0.04,335.08,392.92
-0.02,0.02,0.38,0,0,291.53,350.1
-0.02,0.02,0.38,0,0.01,289.67,364.28
-0.02,0.02,0.38,0,0.02,290.41,378.23
-0.02,0.02,0.38,0,0.03,291.26,392.7
-0.02,0.02,0.38,0,0.04,290.89,407.45
-0.02,0.02,0.38,0.01,0,305.17,348.83
-0.02,0.02,0.38,0.01,0.01,304.71,364.41
-0.02,0.02,0.38,0.01,0.02,305.48,378.58
-0.02,0.02,0.38,0.01,0.03,305.73,391.68
-0.02,0.02,0.38,0.01,0.04,305.27,407.22
-0.02,0.02,0.38,0.02,0,320.26,350.21
-0.02,0.02,0.38,0.02,0.01,320.41,363.96
-0.02,0.02,0.38,0.02,0.02,320.03,378.53
-0.02,0.02,0.38,0.02,0.03,319.96,393.15
-0.02,0.02,0.38,0.02,0.04,320.45,408.6
-0.02,0.02,0.38,0.03,0,333.93,349.06
-0.02,0.02,0.38,0.03,0.01,333.95,363.92
-0.02,0.02,0.38,0.03,0.02,334.98,378.49
-0.02,0.02,0.38,0.03,0.03,334.88,393.49
-0.01,0,0.38,0.02,0.04,333.94,377.94
-0.01,0,0.38,0.03,0,349.09,319.52
-0.01,0,0.38,0.03,0.01,348.25,334.06
-0.01,0,0.38,0.03,0.02,348.62,349
-0.01,0,0.38,0.03,0.03,349.16,363.55
-0.01,0,0.38,0.03,0.04,349.51,378.75
-0.01,0.01,0.38,0,0,306.01,334.81
-0.01,0.01,0.38,0,0.01,305.31,348.75
-0.01,0.01,0.38,0,0.02,304.57,363.99
-0.01,0.01,0.38,0,0.03,305.15,379.19
-0.01,0.01,0.38,0,0.04,305.4,392.98
-0.01,0.01,0.38,0.01,0,319.09,334.01
-0.01,0.01,0.38,0.01,0.01,320.88,349.74
-0.01,0.01,0.38,0.01,0.02,320,362.84
-0.01,0.01,0.38,0.01,0.03,320.81,377.72
-0.01,0.01,0.38,0.01,0.04,319.79,392.81
-0.01,0.01,0.38,0.02,0,334.75,333.58
-0.01,0.01,0.38,0.02,0.01,334.51,349.12
-0.01,0.01,0.38,0.02,0.02,334.45,364.98
-0.01,0.01,0.38,0.02,0.03,334.05,378.05
-0.01,0.01,0.38,0.02,0.04,334.55,392.62
-0.01,0.01,0.38,0.03,0,349.3,333.63
-0.01,0.01,0.38,0.03,0.01,348.63,348.1
-0.01,0.01,0.38,0.03,0.02,348.38,363.52
-0.01,0.01,0.38,0.03,0.03,349.35,379.15
-0.01,0.01,0.38,0.03,0.04,348.85,393.12
-0.01,0.02,0.38,0,0,306.04,349.27
-0.01,0.02,0.38,0,0.01,305.07,364.08
-0.01,0.02,0.38,0,0.02,304.97,377.52
-0.01,0.02,0.38,0,0.03,305.95,393.28
-0.01,0.02,0.38,0,0.04,305.35,407.33
-0.01,0.02,0.38,0.01,0,321.24,348.84
-0.01,0.02,0.38,0.01,0.01,319.51,364.13
-0.01,0.02,0.38,0.01,0.02,319.14,378.67
-0.01,0.02,0.38,0.01,0.03,319.52,392.74
-0.01,0.02,0.38,0.01,0.04,319.59,407.23
-0.01,0.02,0.38,0.02,0,334.72,349.85
-0.01,0.02,0.38,0.02,0.01,334.01,363.02
-0.01,0.02,0.38,0.02,0.02,334.15,377.94
-0.01,0.02,0.38,0.02,0.03,334.06,392.97
-0.01,0.02,0.38,0.02,0.04,334.96,407.01
-0.01,0.02,0.38,0.03,0,349.53,349.09
-0.01,0.02,0.38,0.03,0.01,349.81,363.08
-0.01,0.02,0.38,0.03,0.02,349.04,377.7
-0.01,0.02,0.38,0.03,0.03,349.65,392.46
0,0,0.38,0.02,0.04,350.11,378.62
0,0,0.38,0.03,0,363.54,320.3
0,0,0.38,0.03,0.01,364.09,334.35
0,0,0.38,0.03,0.02,363.82,349.62
0,0,0.38,0.03,0.03,363.92,363.8
0,0,0.38,0.03,0.04,363.54,378.21
0,0.01,0.38,0,0,320.38,334.65
0,0.01,0.38,0,0.01,319.42,349.02
0,0.01,0.38,0,0.02,320.48,364.56
0,0.01,0.38,0,0.03,319.28,378.3
0,0.01,0.38,0,0.04,319.9,393.31
0,0.01,0.38,0.01,0,334.91,335.1
0,0.01,0.38,0.01,0.01,334.04,349.31
0,0.01,0.38,0.01,0.02,334.11,364.76
0,0.01,0.38,0.01,0.03,334.6,378.89
0,0.01,0.38,0.01,0.04,334.3,393.13
0,0.01,0.38,0.02,0,349.15,334.64
0,0.01,0.38,0.02,0.01,348.98,348.81
0,0.01,0.38,0.02,0.02,348.84,364.23
0,0.01,0.38,0.02,0.03,349.16,377.86
0,0.01,0.38,0.02,0.04,349.23,392.08
0,0.01,0.38,0.03,0,364.39,333.77
0,0.01,0.38,0.03,0.01,364.49,349.24
0,0.01,0.38,0.03,0.02,363.86,363.97
0,0.01,0.38,0.03,0.03,364.05,378.05
0,0.01,0.38,0.03,0.04,363.09,393.07
0,0.02,0.38,0,0,319.93,349.2
0,0.02,0.38,0,0.01,319.13,362.9
0,0.02,0.38,0,0.02,319.44,377.86
0,0.02,0.38,0,0.03,320.5,392.75
0,0.02,0.38,0,0.04,320.25,406.52
0,0.02,0.38,0.01,0,333.95,349.33
0,0.02,0.38,0.01,0.01,334.76,365.42
0,0.02,0.38,0.01,0.02,334,378.64
0,0.02,0.38,0.01,0.03,334.07,392.42
0,0.02,0.38,0.01,0.04,334.56,407.82
0,0.02,0.38,0.02,0,349.81,349.37
0,0.02,0.38,0.02,0.01,350.09,364.22
0,0.02,0.38,0.02,0.02,349.14,378.6
0,0.02,0.38,0.02,0.03,349.52,391.88
0,0.02,0.38,0.02,0.04,349.89,407.28
0,0.02,0.38,0.03,0,363.89,349.43
0,0.02,0.38,0.03,0.01,363.21,363.99
0,0.02,0.38,0.03,0.02,363.53,377.85
0,0.02,0.38,0.03,0.03,362.94,392.03
0.01,0,0.38,0.02,0.04,363.47,378.79
0.01,0,0.38,0.03,0,378.62,320.01
0.01,0,0.38,0.03,0.01,378.96,334.14
0.01,0,0.38,0.03,0.02,378.07,349.84
0.01,0,0.38,0.03,0.03,378.13,363.21
0.01,0,0.38,0.03,0.04,378.32,378.79
0.01,0.01,0.38,0,0,335.04,335.05
0.01,0.01,0.38,0,0.01,334.17,349.98
0.01,0.01,0.38,0,0.02,334.92,362.98
0.01,0.01,0.38,0,0.03,335.17,378.31
0.01,0.01,0.38,0,0.04,334.24,393.31
0.01,0.01,0.38,0.01,0,349.59,334.9
0.01,0.01,0.38,0.01,0.01,348.94,349.33
0.01,0.01,0.38,0.01,0.02,349.44,364.48
0.01,0.01,0.38,0.01,0.03,349.07,378.89
0.01,0.01,0.38,0.01,0.04,349.2,393.06
0.01,0.01,0.38,0.02,0,362.71,334.21
0.01,0.01,0.38,0.02,0.01,363.08,348.45
0.01,0.01,0.38,0.02,0.02,363.83,365.01
0.01,0.01,0.38,0.02,0.03,364.13,377.99
0.01,0.01,0.38,0.02,0.04,363.56,392.75
0.01,0.01,0.38,0.03,0,378.48,335.18
0.01,0.01,0.38,0.03,0.01,377.86,349.04
0.01,0.01,0.38,0.03,0.02,379.16,363.16
0.01,0.01,0.38,0.03,0.03,378.29,377.82
0.01,0.01,0.38,0.03,0.04,378.64,392.79
0.01,0.02,0.38,0,0,334.61,349.27
0.01,0.02,0.38,0,0.01,335.8,363.47
0.01,0.02,0.38,0,0.02,334.65,377.94
0.01,0.02,0.38,0,0.03,333.74,392.46
0.01,0.02,0.38,0,0.04,333.97,407.42
0.01,0.02,0.38,0.01,0,351.2,349.44
0.01,0.02,0.38,0.01,0.01,348.57,363.26
0.01,0.02,0.38,0.01,0.02,349.09,377.91
0.01,0.02,0.38,0.01,0.03,349.95,393.21
0.01,0.02,0.38,0.01,0.04,348.63,408.21
0.01,0.02,0.38,0.02,0,364.7,349
0.01,0.02,0.38,0.02,0.01,363.9,364.23
0.01,0.02,0.38,0.02,0.02,363.4,378.67
0.01,0.02,0.38,0.02,0.03,363.82,392.99
0.01,0.02,0.38,0.02,0.04,364.44,408.21
0.01,0.02,0.38,0.03,0,378.57,349.3
0.01,0.02,0.38,0.03,0.01,379.07,363.96
0.01,0.02,0.38,0.03,0.02,377.26,378.46
0.01,0.02,0.38,0.03,0.03,379.53,392.63
0.02,0,0.38,0.02,0.04,378.63,378.42
0.02,0,0.38,0.03,0,392.99,319.76
0.02,0,0.38,0.03,0.01,393.17,335.23
0.02,0,0.38,0.03,0.02,392.71,349.28
0.02,0,0.38,0.03,0.03,392.8,363.2
0.02,0,0.38,0.03,0.04,392.61,378.13
0.02,0.01,0.38,0,0,349.32,334
0.02,0.01,0.38,0,0.01,349.06,348.8
0.02,0.01,0.38,0,0.02,348.84,363.21
0.02,0.01,0.38,0,0.03,348.87,377.89
0.02,0.01,0.38,0,0.04,349.33,392.83
0.02,0.01,0.38,0.01,0,363.73,334.98
0.02,0.01,0.38,0.01,0.01,362.76,350.04
0.02,0.01,0.38,0.01,0.02,364.78,365.3
0.02,0.01,0.38,0.01,0.03,363.61,379.04
0.02,0.01,0.38,0.01,0.04,363.5,393.58
0.02,0.01,0.38,0.02,0,378.69,334.2
0.02,0.01,0.38,0.02,0.01,377.36,348.77
0.02,0.01,0.38,0.02,0.02,378.08,363.72
0.02,0.01,0.38,0.02,0.03,379.21,378.36
0.02,0.01,0.38,0.02,0.04,380.01,392.54
0.02,0.01,0.38,0.03,0,392.63,334.92
0.02,0.01,0.38,0.03,0.01,393.7,348.57
0.02,0.01,0.38,0.03,0.02,393.74,363.85
0.02,0.01,0.38,0.03,0.03,392.87,378.46
0.02,0.01,0.38,0.03,0.04,393.68,393.45
0.02,0.02,0.38,0,0,349.04,349.19
0.02,0.02,0.38,0,0.01,349.27,363.75
0.02,0.02,0.38,0,0.02,348.82,378.79
0.02,0.02,0.38,0,0.03,348.92,392.99
0.02,0.02,0.38,0,0.04,349.19,407.77
0.02,0.02,0.38,0.01,0,363.63,348.5
0.02,0.02,0.38,0.01,0.01,363.75,364.02
0.02,0.02,0.38,0.01,0.02,363.87,378.99
0.02,0.02,0.38,0.01,0.03,363.88,393.49
0.02,0.02,0.38,0.01,0.04,363.19,407.82
0.02,0.02,0.38,0.02,0,377.92,349.87
0.02,0.02,0.38,0.02,0.01,377.62,363.64
0.02,0.02,0.38,0.02,0.02,379.4,378.41
0.02,0.02,0.38,0.02,0.03,377.89,393.23
0.02,0.02,0.38,0.02,0.04,378.53,406.71
0.02,0.02,0.38,0.03,0,392.66,350.3
0.02,0.02,0.38,0.03,0.01,392.93,363.04
0.02,0.02,0.38,0.03,0.02,393.22,379.03
0.02,0.02,0.38,0.03,0.03,393.42,393.2
-0.02,0,0.39,0.02,0.04,321.11,376.69
-0.02,0,0.39,0.03,0,334.21,320.08
-0.02,0,0.39,0.03,0.01,333.98,333.63
-0.02,0,0.39,0.03,0.02,335.4,348.51
-0.02,0,0.39,0.03,0.03,334.39,362.52
-0.02,0,0.39,0.03,0.04,335.33,377.34
-0.02,0.01,0.39,0,0,291.4,333.96
-0.02,0.01,0.39,0,0.01,291.68,348.91
-0.02,0.01,0.39,0,0.02,291.64,362.56
-0.02,0.01,0.39,0,0.03,290.84,376.89
-0.02,0.01,0.39,0,0.04,291.56,391.02
-0.02,0.01,0.39,0.01,0,306.21,334.65
-0.02,0.01,0.39,0.01,0.01,305.73,348.11
-0.02,0.01,0.39,0.01,0.02,306.21,363.69
-0.02,0.01,0.39,0.01,0.03,305.45,376.44
-0.02,0.01,0.39,0.01,0.04,305.05,391.29
-0.02,0.01,0.39,0.02,0,319.78,334.78
-0.02,0.01,0.39,0.02,0.01,319.61,349.02
-0.02,0.01,0.39,0.02,0.02,319.58,362.17
-0.02,0.01,0.39,0.02,0.03,319.04,376.4
-0.02,0.01,0.39,0.02,0.04,319.81,390.98
-0.02,0.01,0.39,0.03,0,333.57,334.73
-0.02,0.01,0.39,0.03,0.01,334.32,348.13
-0.02,0.01,0.39,0.03,0.02,334.03,362.41
-0.02,0.01,0.39,0.03,0.03,334.63,377.56
-0.02,0.01,0.39,0.03,0.04,333.91,391.55
-0.02,0.02,0.39,0,0,291.25,347.81
-0.02,0.02,0.39,0,0.01,291.87,362.7
-0.02,0.02,0.39,0,0.02,291.83,376.85
-0.02,0.02,0.39,0,0.03,291.56,390.86
-0.02,0.02,0.39,0,0.04,291.65,405.02
-0.02,0.02,0.39,0.01,0,305.63,347.65
-0.02,0.02,0.39,0.01,0.01,305.69,362.61
-0.02,0.02,0.39,0.01,0.02,305.37,377.67
-0.02,0.02,0.39,0.01,0.03,306.06,390.49
-0.02,0.02,0.39,0.01,0.04,306.04,405.12
-0.02,0.02,0.39,0.02,0,319.88,348.36
-0.02,0.02,0.39,0.02,0.01,319.49,362.47
-0.02,0.02,0.39,0.02,0.02,320.44,376.99
-0.02,0.02,0.39,0.02,0.03,319.36,391.14
-0.02,0.02,0.39,0.02,0.04,319.79,405.87
-0.02,0.02,0.39,0.03,0,333.76,348.61
-0.02,0.02,0.39,0.03,0.01,334.35,361.99
-0.02,0.02,0.39,0.03,0.02,333.08,376.8
-0.02,0.02,0.39,0.03,0.03,334.59,391.22
-0.01,0,0.39,0.02,0.04,333.68,376.63
-0.01,0,0.39,0.03,0,348.17,319.9
-0.01,0,0.39,0.03,0.01,348.19,333.75
-0.01,0,0.39,0.03,0.02,349.48,347.88
-0.01,0,0.39,0.03,0.03,349.08,362.61
-0.01,0,0.39,0.03,0.04,347.88,376.68
-0.01,0.01,0.39,0,0,305.78,334.45
-0.01,0.01,0.39,0,0.01,305.64,348.78
-0.01,0.01,0.39,0,0.02,305.99,362.31
-0.01,0.01,0.39,0,0.03,305.13,376.62
-0.01,0.01,0.39,0,0.04,306.51,391.01
-0.01,0.01,0.39,0.01,0,319.58,334.47
-0.01,0.01,0.39,0.01,0.01,320.1,348.82
-0.01,0.01,0.39,0.01,0.02,319.49,363.47
-0.01,0.01,0.39,0.01,0.03,319.5,377.34
-0.01,0.01,0.39,0.01,0.04,319.92,391.45
-0.01,0.01,0.39,0.02,0,334.83,334.21
-0.01,0.01,0.39,0.02,0.01,333.95,348.31
-0.01,0.01,0.39,0.02,0.02,334.46,362.35
-0.01,0.01,0.39,0.02,0.03,335.1,376.59
-0.01,0.01,0.39,0.02,0.04,334.99,391.23
-0.01,0.01,0.39,0.03,0,347.79,334
-0.01,0.01,0.39,0.03,0.01,348.5,348.71
-0.01,0.01,0.39,0.03,0.02,348.16,363.02
-0.01,0.01,0.39,0.03,0.03,348.48,376.34
-0.01,0.01,0.39,0.03,0.04,348.01,391.41
-0.01,0.02,0.39,0,0,304.85,347.31
-0.01,0.02,0.39,0,0.01,305.74,363.45
-0.01,0.02,0.39,0,0.02,306.56,376.65
-0.01,0.02,0.39,0,0.03,305.2,391.75
-0.01,0.02,0.39,0,0.04,305.74,405.81
-0.01,0.02,0.39,0.01,0,319.97,349.16
-0.01,0.02,0.39,0.01,0.01,320.18,363.41
-0.01,0.02,0.39,0.01,0.02,319.96,378.08
-0.01,0.02,0.39,0.01,0.03,319.78,391.82
-0.01,0.02,0.39,0.01,0.04,321.46,405.66
-0.01,0.02,0.39,0.02,0,333.47,348.85
-0.01,0.02,0.39,0.02,0.01,334.48,361.49
-0.01,0.02,0.39,0.02,0.02,333.51,377.61
-0.01,0.02,0.39,0.02,0.03,335.25,390.79
-0.01,0.02,0.39,0.02,0.04,334.26,404.83
-0.01,0.02,0.39,0.03,0,348.25,348.29
-0.01,0.02,0.39,0.03,0.01,348.63,363.74
-0.01,0.02,0.39,0.03,0.02,349.55,376.33
-0.01,0.02,0.39,0.03,0.03,348.24,391.14
0,0,0.39,0.02,0.04,348.9,376.87
0,0,0.39,0.03,0,362.53,319.9
0,0,0.39,0.03,0.01,362.87,333.79
0,0,0.39,0.03,0.02,363.37,348.23
0,0,0.39,0.03,0.03,362.29,362.47
0,0,0.39,0.03,0.04,363.25,377.11
0,0.01,0.39,0,0,318.94,333.16
0,0.01,0.39,0,0.01,320.6,348.37
0,0.01,0.39,0,0.02,319.29,363.23
0,0.01,0.39,0,0.03,319.46,377.09
0,0.01,0.39,0,0.04,319.22,391.03
0,0.01,0.39,0.01,0,334.03,333.93
0,0.01,0.39,0.01,0.01,335.34,348.27
0,0.01,0.39,0.01,0.02,335.05,363.41
0,0.01,0.39,0.01,0.03,333.58,376.64
0,0.01,0.39,0.01,0.04,335.13,391.37
0,0.01,0.39,0.02,0,348.69,334.05
0,0.01,0.39,0.02,0.01,348.76,348.15
0,0.01,0.39,0.02,0.02,348.86,362.41
0,0.01,0.39,0.02,0.03,348.53,377.2
0,0.01,0.39,0.02,0.04,347.98,390.64
0,0.01,0.39,0.03,0,363.05,333
0,0.01,0.39,0.03,0.01,363.01,347.74
0,0.01,0.39,0.03,0.02,362.22,362.84
0,0.01,0.39,0.03,0.03,362.56,376.72
0,0.01,0.39,0.03,0.04,363.77,391.03
0,0.02,0.39,0,0,320.15,348.96
0,0.02,0.39,0,0.01,320.27,363.09
0,0.02,0.39,0,0.02,319.09,376.99
0,0.02,0.39,0,0.03,319.83,391.5
0,0.02,0.39,0,0.04,319.74,405
0,0.02,0.39,0.01,0,333.52,348.07
0,0.02,0.39,0.01,0.01,335.19,362.68
0,0.02,0.39,0.01,0.02,334.69,376.96
0,0.02,0.39,0.01,0.03,333.3,390.97
0,0.02,0.39,0.01,0.04,334.55,405.36
0,0.02,0.39,0.02,0,348.53,348.2
0,0.02,0.39,0.02,0.01,349,362.66
0,0.02,0.39,0.02,0.02,348.73,376.2
0,0.02,0.39,0.02,0.03,349.65,391.01
0,0.02,0.39,0.02,0.04,348.46,406.51
0,0.02,0.39,0.03,0,362.87,349.12
0,0.02,0.39,0.03,0.01,363,362.85
0,0.02,0.39,0.03,0.02,362.4,377.13
0,0.02,0.39,0.03,0.03,361.69,390.72
0.01,0,0.39,0.02,0.04,363.12,376.67
0.01,0,0.39,0.03,0,377.97,320.05
0.01,0,0.39,0.03,0.01,376.27,334.58
0.01,0,0.39,0.03,0.02,376.26,348.28
0.01,0,0.39,0.03,0.03,377.46,363.35
0.01,0,0.39,0.03,0.04,377.07,377.42
0.01,0.01,0.39,0,0,333.14,334.05
0.01,0.01,0.39,0,0.01,334.07,348.44
0.01,0.01,0.39,0,0.02,334.77,362.7
0.01,0.01,0.39,0,0.03,334.16,376.93
0.01,0.01,0.39,0,0.04,334.27,391.04
0.01,0.01,0.39,0.01,0,348.77,334.06
0.01,0.01,0.39,0.01,0.01,348.98,348.5
0.01,0.01,0.39,0.01,0.02,348.13,362.5
0.01,0.01,0.39,0.01,0.03,348.52,377.32
0.01,0.01,0.39,0.01,0.04,348.87,391.28
0.01,0.01,0.39,0.02,0,362.82,335.01
0.01,0.01,0.39,0.02,0.01,362.42,347.78
0.01,0.01,0.39,0.02,0.02,363.06,362.62
0.01,0.01,0.39,0.02,0.03,362.9,377.12
0.01,0.01,0.39,0.02,0.04,361.87,391.28
0.01,0.01,0.39,0.03,0,377.2,334.04
0.01,0.01,0.39,0.03,0.01,376.76,348.01
0.01,0.01,0.39,0.03,0.02,377.6,363.79
0.01,0.01,0.39,0.03,0.03,376.8,376.37
0.01,0.01,0.39,0.03,0.04,377.13,391.79
0.01,0.02,0.39,0,0,334.59,348.39
0.01,0.02,0.39,0,0.01,333.89,361.93
0.01,0.02,0.39,0,0.02,334.62,377.05
0.01,0.02,0.39,0,0.03,334.36,390.82
0.01,0.02,0.39,0,0.04,334.2,404.8
0.01,0.02,0.39,0.01,0,348.7,349.04
0.01,0.02,0.39,0.01,0.01,347.8,363.09
0.01,0.02,0.39,0.01,0.02,348.35,376.48
0.01,0.02,0.39,0.01,0.03,348.41,390.53
0.01,0.02,0.39,0.01,0.04,348.56,405.99
0.01,0.02,0.39,0.02,0,363.14,348.09
0.01,0.02,0.39,0.02,0.01,362.37,362.69
0.01,0.02,0.39,0.02,0.02,361.65,376.9
0.01,0.02,0.39,0.02,0.03,362.12,390.62
0.01,0.02,0.39,0.02,0.04,362.83,405.74
0.01,0.02,0.39,0.03,0,377.09,348.72
0.01,0.02,0.39,0.03,0.01,377.08,362.44
0.01,0.02,0.39,0.03,0.02,376.92,377.06
0.01,0.02,0.39,0.03,0.03,375.76,390.89
0.02,0,0.39,0.02,0.04,376.06,376.9
0.02,0,0.39,0.03,0,392.03,319.8
0.02,0,0.39,0.03,0.01,390.91,334.22
0.02,0,0.39,0.03,0.02,391.51,349.16
0.02,0,0.39,0.03,0.03,391.17,362.42
0.02,0,0.39,0.03,0.04,391.13,377.05
0.02,0.01,0.39,0,0,347.69,334.12
0.02,0.01,0.39,0,0.01,348.41,348.86
0.02,0.01,0.39,0,0.02,348.01,362.87
0.02,0.01,0.39,0,0.03,347.43,377.12
0.02,0.01,0.39,0,0.04,347.95,390.71
0.02,0.01,0.39,0.01,0,363,334.29
0.02,0.01,0.39,0.01,0.01,362.44,348.61
0.02,0.01,0.39,0.01,0.02,362.07,362.36
0.02,0.01,0.39,0.01,0.03,363.3,377.41
0.02,0.01,0.39,0.01,0.04,362.07,391.67
0.02,0.01,0.39,0.02,0,375.91,334
0.02,0.01,0.39,0.02,0.01,376.25,348.62
0.02,0.01,0.39,0.02,0.02,376.26,362.61
0.02,0.01,0.39,0.02,0.03,376.96,377.62
0.02,0.01,0.39,0.02,0.04,376.32,391.76
0.02,0.01,0.39,0.03,0,391.01,334.22
0.02,0.01,0.39,0.03,0.01,390.79,348.48
0.02,0.01,0.39,0.03,0.02,391.2,362.58
0.02,0.01,0.39,0.03,0.03,391.28,376.15
0.02,0.01,0.39,0.03,0.04,390.02,390.89
0.02,0.02,0.39,0,0,349.03,347.94
0.02,0.02,0.39,0,0.01,348.67,362.86
0.02,0.02,0.39,0,0.02,348.04,376.05
0.02,0.02,0.39,0,0.03,348.78,390.94
0.02,0.02,0.39,0,0.04,348.55,405.69
0.02,0.02,0.39,0.01,0,362.76,349.27
0.02,0.02,0.39,0.01,0.01,363.17,363.72
0.02,0.02,0.39,0.01,0.02,363.41,376.57
0.02,0.02,0.39,0.01,0.03,362.59,391.2
0.02,0.02,0.39,0.01,0.04,363.15,405.56
0.02,0.02,0.39,0.02,0,376.96,348.64
0.02,0.02,0.39,0.02,0.01,376.2,363.5
0.02,0.02,0.39,0.02,0.02,375.96,376.21
0.02,0.02,0.39,0.02,0.03,376.82,391.17
0.02,0.02,0.39,0.02,0.04,377.41,405.26
0.02,0.02,0.39,0.03,0,391.03,348.36
0.02,0.02,0.39,0.03,0.01,391.64,362.99
0.02,0.02,0.39,0.03,0.02,391.44,376.6
0.02,0.02,0.39,0.03,0.03,391.24,391.14
-0.02,0,0.4,0.02,0.04,319.65,375.94
-0.02,0,0.4,0.03,0,333.79,319.87
-0.02,0,0.4,0.03,0.01,334.04,333.33
-0.02,0,0.4,0.03,0.02,334.12,347.56
-0.02,0,0.4,0.03,0.03,334.11,361.69
-0.02,0,0.4,0.03,0.04,333.59,375.72
-0.02,0.01,0.4,0,0,292.68,333.88
-0.02,0.01,0.4,0,0.01,292.39,347.78
-0.02,0.01,0.4,0,0.02,291.71,361.95
-0.02,0.01,0.4,0,0.03,291.79,375.97
-0.02,0.01,0.4,0,0.04,292.26,390.39
-0.02,0.01,0.4,0.01,0,307.29,334.11
-0.02,0.01,0.4,0.01,0.01,306.29,347.26
-0.02,0.01,0.4,0.01,0.02,305.81,361.46
-0.02,0.01,0.4,0.01,0.03,306.48,375.7
-0.02,0.01,0.4,0.01,0.04,306.86,390.19
-0.02,0.01,0.4,0.02,0,320.32,333.43
-0.02,0.01,0.4,0.02,0.01,318.96,347.37
-0.02,0.01,0.4,0.02,0.02,319.53,362.3
-0.02,0.01,0.4,0.02,0.03,321.43,375.41
-0.02,0.01,0.4,0.02,0.04,319.38,388.91
-0.02,0.01,0.4,0.03,0,333.3,334.16
-0.02,0.01,0.4,0.03,0.01,333.6,348.19
-0.02,0.01,0.4,0.03,0.02,333.72,361.76
-0.02,0.01,0.4,0.03,0.03,333.84,375.28
-0.02,0.01,0.4,0.03,0.04,334.13,389.49
-0.02,0.02,0.4,0,0,291.93,347.71
-0.02,0.02,0.4,0,0.01,292.35,361.9
-0.02,0.02,0.4,0,0.02,292,375.37
-0.02,0.02,0.4,0,0.03,291.65,388.9
-0.02,0.02,0.4,0,0.04,291.9,402.07
-0.02,0.02,0.4,0.01,0,305.71,347.84
-0.02,0.02,0.4,0.01,0.01,306.04,361.57
-0.02,0.02,0.4,0.01,0.02,305.86,375.62
-0.02,0.02,0.4,0.01,0.03,306.05,389.43
-0.02,0.02,0.4,0.01,0.04,306.74,403.6
-0.02,0.02,0.4,0.02,0,320.33,348.67
-0.02,0.02,0.4,0.02,0.01,319.08,361.4
-0.02,0.02,0.4,0.02,0.02,319.55,375.3
-0.02,0.02,0.4,0.02,0.03,318.3,389.18
-0.02,0.02,0.4,0.02,0.04,319.79,403.41
-0.02,0.02,0.4,0.03,0,334.2,347.82
-0.02,0.02,0.4,0.03,0.01,334.35,361.44
-0.02,0.02,0.4,0.03,0.02,334.33,374.98
-0.02,0.02,0.4,0.03,0.03,333.69,388.97
-0.01,0,0.4,0.02,0.04,333.14,374.99
-0.01,0,0.4,0.03,0,347.39,319.7
-0.01,0,0.4,0.03,0.01,347.89,332.68
-0.01,0,0.4,0.03,0.02,348.59,348.07
-0.01,0,0.4,0.03,0.03,346.9,361.54
-0.01,0,0.4,0.03,0.04,348.04,375.89
-0.01,0.01,0.4,0,0,305.96,333.36
-0.01,0.01,0.4,0,0.01,306.49,347.33
-0.01,0.01,0.4,0,0.02,306.18,360.91
-0.01,0.01,0.4,0,0.03,305.87,376.22
-0.01,0.01,0.4,0,0.04,306.43,389.5
-0.01,0.01,0.4,0.01,0,319.98,334.28
-0.01,0.01,0.4,0.01,0.01,319.31,348.14
-0.01,0.01,0.4,0.01,0.02,320.14,361.52
-0.01,0.01,0.4,0.01,0.03,319.58,375.92
-0.01,0.01,0.4,0.01,0.04,320.86,388.58
-0.01,0.01,0.4,0.02,0,333.47,333.78
-0.01,0.01,0.4,0.02,0.01,333.74,347.44
-0.01,0.01,0.4,0.02,0.02,334.19,361.34
-0.01,0.01,0.4,0.02,0.03,333.83,375.47
-0.01,0.01,0.4,0.02,0.04,333.38,388.72
-0.01,0.01,0.4,0.03,0,348.48,334.07
-0.01,0.01,0.4,0.03,0.01,347.89,347.89
-0.01,0.01,0.4,0.03,0.02,347.98,362
-0.01,0.01,0.4,0.03,0.03,348.69,376.67
-0.01,0.01,0.4,0.03,0.04,347.66,388.5
-0.01,0.02,0.4,0,0,306.76,347.81
-0.01,0.02,0.4,0,0.01,305.33,361.72
-0.01,0.02,0.4,0,0.02,305.82,374.85
-0.01,0.02,0.4,0,0.03,304.9,388.57
-0.01,0.02,0.4,0,0.04,306.15,403.21
-0.01,0.02,0.4,0.01,0,320.03,347.81
-0.01,0.02,0.4,0.01,0.01,320.28,362.88
-0.01,0.02,0.4,0.01,0.02,320.2,375.6
-0.01,0.02,0.4,0.01,0.03,319.44,388.98
-0.01,0.02,0.4,0.01,0.04,319.71,403.41
-0.01,0.02,0.4,0.02,0,333.91,347.56
-0.01,0.02,0.4,0.02,0.01,333.9,361.57
-0.01,0.02,0.4,0.02,0.02,333.56,375.08
-0.01,0.02,0.4,0.02,0.03,334.64,388.58
-0.01,0.02,0.4,0.02,0.04,333.13,403.36
-0.01,0.02,0.4,0.03,0,348.1,347.85
-0.01,0.02,0.4,0.03,0.01,346.89,361.65
-0.01,0.02,0.4,0.03,0.02,347.85,375.41
-0.01,0.02,0.4,0.03,0.03,347.07,390.03
0,0,0.4,0.02,0.04,347.27,375.64
0,0,0.4,0.03,0,361.87,319.92
0,0,0.4,0.03,0.01,361.04,333.94
0,0,0.4,0.03,0.02,361.2,348.09
0,0,0.4,0.03,0.03,361.24,361.65
0,0,0.4,0.03,0.04,361.42,375.39
0,0.01,0.4,0,0,320.3,333.92
0,0.01,0.4,0,0.01,319.87,347.19
0,0.01,0.4,0,0.02,319.66,361.52
0,0.01,0.4,0,0.03,320.25,375.03
0,0.01,0.4,0,0.04,319.04,388.87
0,0.01,0.4,0.01,0,333.54,333.71
0,0.01,0.4,0.01,0.01,333.63,347.3
0,0.01,0.4,0.01,0.02,333.34,362.43
0,0.01,0.4,0.01,0.03,333.77,375.74
0,0.01,0.4,0.01,0.04,334.53,390.01
0,0.01,0.4,0.02,0,348.53,333.44
0,0.01,0.4,0.02,0.01,346.57,347.28
0,0.01,0.4,0.02,0.02,347.87,361.26
0,0.01,0.4,0.02,0.03,347.63,375.24
0,0.01,0.4,0.02,0.04,347.62,389.61
0,0.01,0.4,0.03,0,360.81,333.88
0,0.01,0.4,0.03,0.01,361.55,347.9
0,0.01,0.4,0.03,0.02,361.57,361.69
0,0.01,0.4,0.03,0.03,360.96,375.43
0,0.01,0.4,0.03,0.04,361.87,388.31
0,0.02,0.4,0,0,320.03,347.67
0,0.02,0.4,0,0.01,319.79,361.31
0,0.02,0.4,0,0.02,319.44,375.69
0,0.02,0.4,0,0.03,320.16,389.13
0,0.02,0.4,0,0.04,319.53,402.42
0,0.02,0.4,0.01,0,333.92,349.43
0,0.02,0.4,0.01,0.01,334.68,361.99
0,0.02,0.4,0.01,0.02,333.39,375.08
0,0.02,0.4,0.01,0.03,333.58,389.83
0,0.02,0.4,0.01,0.04,333.56,403.87
0,0.02,0.4,0.02,0,347.13,347.56
0,0.02,0.4,0.02,0.01,347.27,361.33
0,0.02,0.4,0.02,0.02,348.31,375.95
0,0.02,0.4,0.02,0.03,347,389.61
0,0.02,0.4,0.02,0.04,346.83,402.51
0,0.02,0.4,0.03,0,361.95,347.65
0,0.02,0.4,0.03,0.01,361.59,361.6
0,0.02,0.4,0.03,0.02,362.74,375.64
0,0.02,0.4,0.03,0.03,361.56,388.81
0.01,0,0.4,0.02,0.04,362.1,376.39
0.01,0,0.4,0.03,0,375.66,319.89
0.01,0,0.4,0.03,0.01,375.88,333.94
0.01,0,0.4,0.03,0.02,375.54,346.94
0.01,0,0.4,0.03,0.03,375.7,362.15
0.01,0,0.4,0.03,0.04,376.34,376.26
0.01,0.01,0.4,0,0,334.46,333.81
0.01,0.01,0.4,0,0.01,334.07,347.37
0.01,0.01,0.4,0,0.02,333.76,361.13
0.01,0.01,0.4,0,0.03,332.84,374.94
0.01,0.01,0.4,0,0.04,334.03,389.86
0.01,0.01,0.4,0.01,0,348.27,333.87
0.01,0.01,0.4,0.01,0.01,347.45,347.61
0.01,0.01,0.4,0.01,0.02,348.14,362.27
0.01,0.01,0.4,0.01,0.03,347.97,374.69
0.01,0.01,0.4,0.01,0.04,346.84,389.58
0.01,0.01,0.4,0.02,0,361.17,334.15
0.01,0.01,0.4,0.02,0.01,361.86,347.61
0.01,0.01,0.4,0.02,0.02,361.51,361.63
0.01,0.01,0.4,0.02,0.03,361.74,375.8
0.01,0.01,0.4,0.02,0.04,361.47,390.27
0.01,0.01,0.4,0.03,0,375.95,333.61
0.01,0.01,0.4,0.03,0.01,375.06,347.81
0.01,0.01,0.4,0.03,0.02,374.69,361.31
0.01,0.01,0.4,0.03,0.03,375.64,374.98
0.01,0.01,0.4,0.03,0.04,374.86,390.36
0.01,0.02,0.4,0,0,334.57,348.37
0.01,0.02,0.4,0,0.01,333.08,360.53
0.01,0.02,0.4,0,0.02,333.52,375.09
0.01,0.02,0.4,0,0.03,334.75,389.89
0.01,0.02,0.4,0,0.04,333.22,402.2
0.01,0.02,0.4,0.01,0,346.71,347.23
0.01,0.02,0.4,0.01,0.01,348.22,360.84
0.01,0.02,0.4,0.01,0.02,347.02,376.05
0.01,0.02,0.4,0.01,0.03,347.23,389.33
0.01,0.02,0.4,0.01,0.04,347.7,403.09
0.01,0.02,0.4,0.02,0,360.93,347.86
0.01,0.02,0.4,0.02,0.01,361.45,360.6
0.01,0.02,0.4,0.02,0.02,362.22,375.64
0.01,0.02,0.4,0.02,0.03,362.14,389.45
0.01,0.02,0.4,0.02,0.04,361.52,402.8
0.01,0.02,0.4,0.03,0,376.13,348.43
0.01,0.02,0.4,0.03,0.01,375.82,361.27
0.01,0.02,0.4,0.03,0.02,375.8,374.83
0.01,0.02,0.4,0.03,0.03,375.66,389.42
0.02,0,0.4,0.02,0.04,375.06,375.47
0.02,0,0.4,0.03,0,390.28,320
0.02,0,0.4,0.03,0.01,390.28,334.33
0.02,0,0.4,0.03,0.02,389.09,347.7
0.02,0,0.4,0.03,0.03,389.34,361.41
0.02,0,0.4,0.03,0.04,388.6,374.87
0.02,0.01,0.4,0,0,348.48,333.69
0.02,0.01,0.4,0,0.01,348.21,347.5
0.02,0.01,0.4,0,0.02,347.2,363.1
0.02,0.01,0.4,0,0.03,347.21,375.6
0.02,0.01,0.4,0,0.04,348.91,389.16
0.02,0.01,0.4,0.01,0,361.97,334.61
0.02,0.01,0.4,0.01,0.01,361.4,347.58
0.02,0.01,0.4,0.01,0.02,361.73,361.42
0.02,0.01,0.4,0.01,0.03,361.52,375.94
0.02,0.01,0.4,0.01,0.04,362.27,389.41
0.02,0.01,0.4,0.02,0,374.94,333.66
0.02,0.01,0.4,0.02,0.01,375.93,347.79
0.02,0.01,0.4,0.02,0.02,374.13,361.19
0.02,0.01,0.4,0.02,0.03,375.71,375.03
0.02,0.01,0.4,0.02,0.04,375.56,389.45
0.02,0.01,0.4,0.03,0,388.66,333.85
0.02,0.01,0.4,0.03,0.01,389.95,347.7
0.02,0.01,0.4,0.03,0.02,389.23,361.37
0.02,0.01,0.4,0.03,0.03,389.66,375.32
0.02,0.01,0.4,0.03,0.04,389.21,389.15
0.02,0.02,0.4,0,0,348.34,347.88
0.02,0.02,0.4,0,0.01,347.08,361.85
0.02,0.02,0.4,0,0.02,348.26,375.82
0.02,0.02,0.4,0,0.03,346.89,389.19
0.02,0.02,0.4,0,0.04,347.85,403.51
0.02,0.02,0.4,0.01,0,362.66,347.47
0.02,0.02,0.4,0.01,0.01,361.32,361.12
0.02,0.02,0.4,0.01,0.02,360.87,375.05
0.02,0.02,0.4,0.01,0.03,362.12,388.62
0.02,0.02,0.4,0.01,0.04,361.73,402.4
0.02,0.02,0.4,0.02,0,375.65,347.38
0.02,0.02,0.4,0.02,0.01,375.42,361.52
0.02,0.02,0.4,0.02,0.02,374.02,375.36
0.02,0.02,0.4,0.02,0.03,375.27,390.17
0.02,0.02,0.4,0.02,0.04,376.6,403.28
0.02,0.02,0.4,0.03,0,388.84,347.19
0.02,0.02,0.4,0.03,0.01,389.48,361.5
0.02,0.02,0.4,0.03,0.02,389.53,375.54
0.02,0.02,0.4,0.03,0.03,390.8,389.5
