-0.1,0,0.3,0.02,0.04,169.77,398.91
-0.1,0,0.3,0.03,0,190.89,320
-0.1,0,0.3,0.03,0.01,190.84,339.52
-0.1,0,0.3,0.03,0.02,190.7,359.09
-0.1,0,0.3,0.03,0.03,190.47,378.74
-0.1,0,0.3,0.03,0.04,190.15,398.51
-0.1,0.05,0.3,0,0,127.55,416.23
-0.1,0.05,0.3,0,0.01,126.84,436.67
-0.1,0.05,0.3,0,0.02,126,457.35
-0.1,0.05,0.3,0,0.03,125.03,478.32
-0.1,0.05,0.3,0,0.04,123.92,499.61
-0.1,0.05,0.3,0.01,0,148.65,415.62
-0.1,0.05,0.3,0.01,0.01,148.02,435.93
-0.1,0.05,0.3,0.01,0.02,147.27,456.49
-0.1,0.05,0.3,0.01,0.03,146.39,477.33
-0.1,0.05,0.3,0.01,0.04,145.4,498.49
-0.1,0.05,0.3,0.02,0,169.4,415.08
-0.1,0.05,0.3,0.02,0.01,168.84,435.28
-0.1,0.05,0.3,0.02,0.02,168.17,455.73
-0.1,0.05,0.3,0.02,0.03,167.4,476.45
-0.1,0.05,0.3,0.02,0.04,166.52,497.5
-0.1,0.05,0.3,0.03,0,189.83,414.6
-0.1,0.05,0.3,0.03,0.01,189.34,434.71
-0.1,0.05,0.3,0.03,0.02,188.76,455.05
-0.1,0.05,0.3,0.03,0.03,188.09,475.68
-0.1,0.05,0.3,0.03,0.04,187.33,496.64
-0.1,0.1,0.3,0,0,122.93,517.07
-0.1,0.1,0.3,0,0.01,121.58,539.05
-0.1,0.1,0.3,0,0.02,120.1,561.48
-0.1,0.1,0.3,0,0.03,118.49,584.38
-0.1,0.1,0.3,0,0.04,116.74,607.81
-0.1,0.1,0.3,0.01,0,144.51,515.85
-0.1,0.1,0.3,0.01,0.01,143.31,537.71
-0.1,0.1,0.3,0.01,0.02,141.98,560.01
-0.1,0.1,0.3,0.01,0.03,140.53,582.79
-0.1,0.1,0.3,0.01,0.04,138.97,606.09
-0.1,0.1,0.3,0.02,0,165.74,514.77
-0.1,0.1,0.3,0.02,0.01,164.67,536.52
-0.1,0.1,0.3,0.02,0.02,163.5,558.7
-0.1,0.1,0.3,0.02,0.03,162.22,581.37
-0.1,0.1,0.3,0.02,0.04,160.84,604.56
-0.1,0.1,0.3,0.03,0,186.65,513.83
-0.1,0.1,0.3,0.03,0.01,185.72,535.47
-0.1,0.1,0.3,0.03,0.02,184.7,557.56
-0.1,0.1,0.3,0.03,0.03,183.59,580.13
-0.05,0,0.3,0.02,0.04,265.59,397.52
-0.05,0,0.3,0.03,0,285.23,320
-0.05,0,0.3,0.03,0.01,285.21,339.24
-0.05,0,0.3,0.03,0.02,285.18,358.53
-0.05,0,0.3,0.03,0.03,285.11,377.9
-0.05,0,0.3,0.03,0.04,285.03,397.39
-0.05,0.05,0.3,0,0,226.08,413.92
-0.05,0.05,0.3,0,0.01,225.73,433.88
-0.05,0.05,0.3,0,0.02,225.31,454.08
-0.05,0.05,0.3,0,0.03,224.82,474.57
-0.05,0.05,0.3,0,0.04,224.27,495.38
-0.05,0.05,0.3,0.01,0,245.85,413.63
-0.05,0.05,0.3,0.01,0.01,245.57,433.53
-0.05,0.05,0.3,0.01,0.02,245.23,453.67
-0.05,0.05,0.3,0.01,0.03,244.85,474.1
-0.05,0.05,0.3,0.01,0.04,244.41,494.85
-0.05,0.05,0.3,0.02,0,265.45,413.41
-0.05,0.05,0.3,0.02,0.01,265.24,433.26
-0.05,0.05,0.3,0.02,0.02,265,453.36
-0.05,0.05,0.3,0.02,0.03,264.71,473.74
-0.05,0.05,0.3,0.02,0.04,264.39,494.45
-0.05,0.05,0.3,0.03,0,284.94,413.25
-0.05,0.05,0.3,0.03,0.01,284.8,433.08
-0.05,0.05,0.3,0.03,0.02,284.65,453.14
-0.05,0.05,0.3,0.03,0.03,284.46,473.49
-0.05,0.05,0.3,0.03,0.04,284.25,494.17
-0.05,0.1,0.3,0,0,223.77,512.45
-0.05,0.1,0.3,0,0.01,223.1,533.95
-0.05,0.1,0.3,0,0.02,222.36,555.9
-0.05,0.1,0.3,0,0.03,221.55,578.32
-0.05,0.1,0.3,0,0.04,220.68,601.27
-0.05,0.1,0.3,0.01,0,244.02,511.88
-0.05,0.1,0.3,0.01,0.01,243.48,533.32
-0.05,0.1,0.3,0.01,0.02,242.9,555.2
-0.05,0.1,0.3,0.01,0.03,242.26,577.57
-0.05,0.1,0.3,0.01,0.04,241.57,600.46
-0.05,0.1,0.3,0.02,0,264.1,511.44
-0.05,0.1,0.3,0.02,0.01,263.71,532.83
-0.05,0.1,0.3,0.02,0.02,263.27,554.67
-0.05,0.1,0.3,0.02,0.03,262.8,576.99
-0.05,0.1,0.3,0.02,0.04,262.29,599.84
-0.05,0.1,0.3,0.03,0,284.07,511.13
-0.05,0.1,0.3,0.03,0.01,283.81,532.49
-0.05,0.1,0.3,0.03,0.02,283.54,554.3
-0.05,0.1,0.3,0.03,0.03,283.23,576.59
0,0,0.3,0.02,0.04,358.71,397.41
0,0,0.3,0.03,0,377.83,320
0,0,0.3,0.03,0.01,377.85,339.28
0,0,0.3,0.03,0.02,377.91,358.61
0,0,0.3,0.03,0.03,378.02,378.02
0,0,0.3,0.03,0.04,378.16,397.55
0,0.05,0.3,0,0,320,413.15
0,0.05,0.3,0,0.01,320,432.95
0,0.05,0.3,0,0.02,320,452.99
0,0.05,0.3,0,0.03,320,473.32
0,0.05,0.3,0,0.04,320,493.97
0,0.05,0.3,0.01,0,339.38,413.18
0,0.05,0.3,0.01,0.01,339.45,432.99
0,0.05,0.3,0.01,0.02,339.54,453.04
0,0.05,0.3,0.01,0.03,339.64,473.37
0,0.05,0.3,0.01,0.04,339.76,494.03
0,0.05,0.3,0.02,0,358.8,413.28
0,0.05,0.3,0.02,0.01,358.95,433.11
0,0.05,0.3,0.02,0.02,359.13,453.18
0,0.05,0.3,0.02,0.03,359.33,473.53
0,0.05,0.3,0.02,0.04,359.56,494.21
0,0.05,0.3,0.03,0,378.31,413.45
0,0.05,0.3,0.03,0.01,378.53,433.31
0,0.05,0.3,0.03,0.02,378.79,453.41
0,0.05,0.3,0.03,0.03,379.1,473.8
0,0.05,0.3,0.03,0.04,379.44,494.52
0,0.1,0.3,0,0,320,510.91
0,0.1,0.3,0,0.01,320,532.25
0,0.1,0.3,0,0.02,320,554.04
0,0.1,0.3,0,0.03,320,576.3
0,0.1,0.3,0,0.04,320,599.09
0,0.1,0.3,0.01,0,339.86,510.98
0,0.1,0.3,0.01,0.01,340,532.33
0,0.1,0.3,0.01,0.02,340.16,554.12
0,0.1,0.3,0.01,0.03,340.32,576.39
0,0.1,0.3,0.01,0.04,340.51,599.19
0,0.1,0.3,0.02,0,359.76,511.18
0,0.1,0.3,0.02,0.01,360.05,532.55
0,0.1,0.3,0.02,0.02,360.35,554.36
0,0.1,0.3,0.02,0.03,360.69,576.65
0,0.1,0.3,0.02,0.04,361.05,599.47
0,0.1,0.3,0.03,0,379.75,511.51
0,0.1,0.3,0.03,0.01,380.17,532.91
0,0.1,0.3,0.03,0.02,380.63,554.76
0,0.1,0.3,0.03,0.03,381.14,577.09
0.05,0,0.3,0.02,0.04,453.74,398.58
0.05,0,0.3,0.03,0,473.32,320
0.05,0,0.3,0.03,0.01,473.37,339.64
0.05,0,0.3,0.03,0.02,473.53,359.33
0.05,0,0.3,0.03,0.03,473.8,379.1
0.05,0,0.3,0.03,0.04,474.18,398.99
0.05,0.05,0.3,0,0,413.92,413.92
0.05,0.05,0.3,0,0.01,414.27,433.88
0.05,0.05,0.3,0,0.02,414.69,454.08
0.05,0.05,0.3,0,0.03,415.18,474.57
0.05,0.05,0.3,0,0.04,415.73,495.38
0.05,0.05,0.3,0.01,0,433.88,414.27
0.05,0.05,0.3,0.01,0.01,434.3,434.3
0.05,0.05,0.3,0.01,0.02,434.81,454.58
0.05,0.05,0.3,0.01,0.03,435.4,475.14
0.05,0.05,0.3,0.01,0.04,436.07,496.02
0.05,0.05,0.3,0.02,0,454.08,414.69
0.05,0.05,0.3,0.02,0.01,454.58,434.81
0.05,0.05,0.3,0.02,0.02,455.18,455.18
0.05,0.05,0.3,0.02,0.03,455.86,475.82
0.05,0.05,0.3,0.02,0.04,456.65,496.79
0.05,0.05,0.3,0.03,0,474.57,415.18
0.05,0.05,0.3,0.03,0.01,475.14,435.4
0.05,0.05,0.3,0.03,0.02,475.82,455.86
0.05,0.05,0.3,0.03,0.03,476.61,476.61
0.05,0.05,0.3,0.03,0.04,477.51,497.69
0.05,0.1,0.3,0,0,416.23,512.45
0.05,0.1,0.3,0,0.01,416.9,533.95
0.05,0.1,0.3,0,0.02,417.64,555.9
0.05,0.1,0.3,0,0.03,418.45,578.32
0.05,0.1,0.3,0,0.04,419.32,601.27
0.05,0.1,0.3,0.01,0,436.67,513.16
0.05,0.1,0.3,0.01,0.01,437.48,534.73
0.05,0.1,0.3,0.01,0.02,438.38,556.75
0.05,0.1,0.3,0.01,0.03,439.35,579.25
0.05,0.1,0.3,0.01,0.04,440.41,602.27
0.05,0.1,0.3,0.02,0,457.35,514
0.05,0.1,0.3,0.02,0.01,458.3,535.66
0.05,0.1,0.3,0.02,0.02,459.35,557.77
0.05,0.1,0.3,0.02,0.03,460.5,580.35
0.05,0.1,0.3,0.02,0.04,461.73,603.46
0.05,0.1,0.3,0.03,0,478.32,514.97
0.05,0.1,0.3,0.03,0.01,479.41,536.74
0.05,0.1,0.3,0.03,0.02,480.61,558.94
0.05,0.1,0.3,0.03,0.03,481.92,581.63
0.1,0,0.3,0.02,0.04,555.32,401.04
0.1,0,0.3,0.03,0,576.3,320
0.1,0,0.3,0.03,0.01,576.39,340.32
0.1,0,0.3,0.03,0.02,576.65,360.69
0.1,0,0.3,0.03,0.03,577.09,381.14
0.1,0,0.3,0.03,0.04,577.7,401.71
0.1,0.05,0.3,0,0,512.45,416.23
0.1,0.05,0.3,0,0.01,513.16,436.67
0.1,0.05,0.3,0,0.02,514,457.35
0.1,0.05,0.3,0,0.03,514.97,478.32
0.1,0.05,0.3,0,0.04,516.08,499.61
0.1,0.05,0.3,0.01,0,533.95,416.9
0.1,0.05,0.3,0.01,0.01,534.73,437.48
0.1,0.05,0.3,0.01,0.02,535.66,458.3
0.1,0.05,0.3,0.01,0.03,536.74,479.41
0.1,0.05,0.3,0.01,0.04,537.96,500.84
0.1,0.05,0.3,0.02,0,555.9,417.64
0.1,0.05,0.3,0.02,0.01,556.75,438.38
0.1,0.05,0.3,0.02,0.02,557.77,459.35
0.1,0.05,0.3,0.02,0.03,558.94,480.61
0.1,0.05,0.3,0.02,0.04,560.28,502.2
0.1,0.05,0.3,0.03,0,578.32,418.45
0.1,0.05,0.3,0.03,0.01,579.25,439.35
0.1,0.05,0.3,0.03,0.02,580.35,460.5
0.1,0.05,0.3,0.03,0.03,581.63,481.92
0.1,0.05,0.3,0.03,0.04,583.08,503.68
0.1,0.1,0.3,0,0,517.07,517.07
0.1,0.1,0.3,0,0.01,518.42,539.05
0.1,0.1,0.3,0,0.02,519.9,561.48
0.1,0.1,0.3,0,0.03,521.51,584.38
0.1,0.1,0.3,0,0.04,523.26,607.81
0.1,0.1,0.3,0.01,0,539.05,518.42
0.1,0.1,0.3,0.01,0.01,540.54,540.54
0.1,0.1,0.3,0.01,0.02,542.17,563.1
0.1,0.1,0.3,0.01,0.03,543.96,586.15
0.1,0.1,0.3,0.01,0.04,545.89,609.72
0.1,0.1,0.3,0.02,0,561.48,519.9
0.1,0.1,0.3,0.02,0.01,563.1,542.17
0.1,0.1,0.3,0.02,0.02,564.89,564.89
0.1,0.1,0.3,0.02,0.03,566.84,588.09
0.1,0.1,0.3,0.02,0.04,568.95,611.82
0.1,0.1,0.3,0.03,0,584.38,521.51
0.1,0.1,0.3,0.03,0.01,586.15,543.96
0.1,0.1,0.3,0.03,0.02,588.09,566.84
0.1,0.1,0.3,0.03,0.03,590.21,590.21
-0.1,0,0.31,0.02,0.04,174.86,396.24
-0.1,0,0.31,0.03,0,195.17,320
-0.1,0,0.31,0.03,0.01,195.13,338.88
-0.1,0,0.31,0.03,0.02,195.01,357.79
-0.1,0,0.31,0.03,0.03,194.8,376.78
-0.1,0,0.31,0.03,0.04,194.51,395.88
-0.1,0.05,0.31,0,0,134.23,412.88
-0.1,0.05,0.31,0,0.01,133.59,432.59
-0.1,0.05,0.31,0,0.02,132.83,452.52
-0.1,0.05,0.31,0,0.03,131.95,472.7
-0.1,0.05,0.31,0,0.04,130.94,493.18
-0.1,0.05,0.31,0.01,0,154.54,412.33
-0.1,0.05,0.31,0.01,0.01,153.96,431.93
-0.1,0.05,0.31,0.01,0.02,153.28,451.74
-0.1,0.05,0.31,0.01,0.03,152.49,471.81
-0.1,0.05,0.31,0.01,0.04,151.59,492.17
-0.1,0.05,0.31,0.02,0,174.52,411.84
-0.1,0.05,0.31,0.02,0.01,174.01,431.34
-0.1,0.05,0.31,0.02,0.02,173.41,451.04
-0.1,0.05,0.31,0.02,0.03,172.71,471.01
-0.1,0.05,0.31,0.02,0.04,171.91,491.27
-0.1,0.05,0.31,0.03,0,194.21,411.41
-0.1,0.05,0.31,0.03,0.01,193.77,430.82
-0.1,0.05,0.31,0.03,0.02,193.25,450.44
-0.1,0.05,0.31,0.03,0.03,192.64,470.31
-0.1,0.05,0.31,0.03,0.04,191.95,490.48
-0.1,0.1,0.31,0,0,130.04,509.96
-0.1,0.1,0.31,0,0.01,128.82,531.06
-0.1,0.1,0.31,0,0.02,127.48,552.56
-0.1,0.1,0.31,0,0.03,126.02,574.5
-0.1,0.1,0.31,0,0.04,124.44,596.92
-0.1,0.1,0.31,0.01,0,150.79,508.85
-0.1,0.1,0.31,0.01,0.01,149.69,529.84
-0.1,0.1,0.31,0.01,0.02,148.49,551.23
-0.1,0.1,0.31,0.01,0.03,147.18,573.06
-0.1,0.1,0.31,0.01,0.04,145.76,595.36
-0.1,0.1,0.31,0.02,0,171.2,507.87
-0.1,0.1,0.31,0.02,0.01,170.24,528.76
-0.1,0.1,0.31,0.02,0.02,169.17,550.05
-0.1,0.1,0.31,0.02,0.03,168.01,571.77
-0.1,0.1,0.31,0.02,0.04,166.76,593.97
-0.1,0.1,0.31,0.03,0,191.33,507.02
-0.1,0.1,0.31,0.03,0.01,190.49,527.81
-0.1,0.1,0.31,0.03,0.02,189.57,549.01
-0.1,0.1,0.31,0.03,0.03,188.56,570.65
-0.05,0,0.31,0.02,0.04,267.37,394.98
-0.05,0,0.31,0.03,0,286.35,320
-0.05,0,0.31,0.03,0.01,286.34,338.62
-0.05,0,0.31,0.03,0.02,286.3,357.28
-0.05,0,0.31,0.03,0.03,286.25,376.01
-0.05,0,0.31,0.03,0.04,286.17,394.86
-0.05,0.05,0.31,0,0,229.21,410.79
-0.05,0.05,0.31,0,0.01,228.89,430.06
-0.05,0.05,0.31,0,0.02,228.51,449.55
-0.05,0.05,0.31,0,0.03,228.07,469.3
-0.05,0.05,0.31,0,0.04,227.56,489.34
-0.05,0.05,0.31,0.01,0,248.3,410.53
-0.05,0.05,0.31,0.01,0.01,248.05,429.75
-0.05,0.05,0.31,0.01,0.02,247.74,449.19
-0.05,0.05,0.31,0.01,0.03,247.39,468.88
-0.05,0.05,0.31,0.01,0.04,247,488.87
-0.05,0.05,0.31,0.02,0,267.25,410.33
-0.05,0.05,0.31,0.02,0.01,267.06,429.51
-0.05,0.05,0.31,0.02,0.02,266.84,448.9
-0.05,0.05,0.31,0.02,0.03,266.58,468.55
-0.05,0.05,0.31,0.02,0.04,266.29,488.5
-0.05,0.05,0.31,0.03,0,286.09,410.19
-0.05,0.05,0.31,0.03,0.01,285.97,429.34
-0.05,0.05,0.31,0.03,0.02,285.82,448.71
-0.05,0.05,0.31,0.03,0.03,285.66,468.33
-0.05,0.05,0.31,0.03,0.04,285.47,488.24
-0.05,0.1,0.31,0,0,227.12,505.77
-0.05,0.1,0.31,0,0.01,226.5,526.44
-0.05,0.1,0.31,0,0.02,225.83,547.51
-0.05,0.1,0.31,0,0.03,225.1,569.01
-0.05,0.1,0.31,0,0.04,224.31,590.99
-0.05,0.1,0.31,0.01,0,246.64,505.25
-0.05,0.1,0.31,0.01,0.01,246.16,525.86
-0.05,0.1,0.31,0.01,0.02,245.63,546.88
-0.05,0.1,0.31,0.01,0.03,245.05,568.33
-0.05,0.1,0.31,0.01,0.04,244.42,590.26
-0.05,0.1,0.31,0.02,0,266.02,504.85
-0.05,0.1,0.31,0.02,0.01,265.67,525.42
-0.05,0.1,0.31,0.02,0.02,265.28,546.39
-0.05,0.1,0.31,0.02,0.03,264.85,567.81
-0.05,0.1,0.31,0.02,0.04,264.39,589.69
-0.05,0.1,0.31,0.03,0,285.3,504.57
-0.05,0.1,0.31,0.03,0.01,285.07,525.11
-0.05,0.1,0.31,0.03,0.02,284.82,546.06
-0.05,0.1,0.31,0.03,0.03,284.54,567.44
0,0,0.31,0.02,0.04,357.44,394.88
0,0,0.31,0.03,0,375.95,320
0,0,0.31,0.03,0.01,375.97,338.66
0,0,0.31,0.03,0.02,376.03,357.35
0,0,0.31,0.03,0.03,376.12,376.12
0,0,0.31,0.03,0.04,376.25,395.01
0,0.05,0.31,0,0,320,410.09
0,0.05,0.31,0,0.01,320,429.22
0,0.05,0.31,0,0.02,320,448.57
0,0.05,0.31,0,0.03,320,468.17
0,0.05,0.31,0,0.04,320,488.06
0,0.05,0.31,0.01,0,338.75,410.12
0,0.05,0.31,0.01,0.01,338.81,429.26
0,0.05,0.31,0.01,0.02,338.89,448.61
0,0.05,0.31,0.01,0.03,338.98,468.22
0,0.05,0.31,0.01,0.04,339.09,488.12
0,0.05,0.31,0.02,0,357.53,410.21
0,0.05,0.31,0.02,0.01,357.66,429.37
0,0.05,0.31,0.02,0.02,357.82,448.74
0,0.05,0.31,0.02,0.03,358,468.36
0,0.05,0.31,0.02,0.04,358.21,488.28
0,0.05,0.31,0.03,0,376.39,410.37
0,0.05,0.31,0.03,0.01,376.59,429.55
0,0.05,0.31,0.03,0.02,376.83,448.95
0,0.05,0.31,0.03,0.03,377.1,468.61
0,0.05,0.31,0.03,0.04,377.41,488.56
0,0.1,0.31,0,0,320,504.37
0,0.1,0.31,0,0.01,320,524.9
0,0.1,0.31,0,0.02,320,545.82
0,0.1,0.31,0,0.03,320,567.18
0,0.1,0.31,0,0.04,320,589.02
0,0.1,0.31,0.01,0,339.18,504.43
0,0.1,0.31,0.01,0.01,339.31,524.96
0,0.1,0.31,0.01,0.02,339.45,545.89
0,0.1,0.31,0.01,0.03,339.6,567.26
0,0.1,0.31,0.01,0.04,339.76,589.1
0,0.1,0.31,0.02,0,358.4,504.62
0,0.1,0.31,0.02,0.01,358.65,525.16
0,0.1,0.31,0.02,0.02,358.93,546.11
0,0.1,0.31,0.02,0.03,359.24,567.5
0,0.1,0.31,0.02,0.04,359.57,589.36
0,0.1,0.31,0.03,0,377.69,504.92
0,0.1,0.31,0.03,0.01,378.08,525.5
0,0.1,0.31,0.03,0.02,378.49,546.48
0,0.1,0.31,0.03,0.03,378.95,567.89
0.05,0,0.31,0.02,0.04,449.25,395.94
0.05,0,0.31,0.03,0,468.17,320
0.05,0,0.31,0.03,0.01,468.22,338.98
0.05,0,0.31,0.03,0.02,468.36,358
0.05,0,0.31,0.03,0.03,468.61,377.1
0.05,0,0.31,0.03,0.04,468.95,396.31
0.05,0.05,0.31,0,0,410.79,410.79
0.05,0.05,0.31,0,0.01,411.11,430.06
0.05,0.05,0.31,0,0.02,411.49,449.55
0.05,0.05,0.31,0,0.03,411.93,469.3
0.05,0.05,0.31,0,0.04,412.44,489.34
0.05,0.05,0.31,0.01,0,430.06,411.11
0.05,0.05,0.31,0.01,0.01,430.45,430.45
0.05,0.05,0.31,0.01,0.02,430.91,450.01
0.05,0.05,0.31,0.01,0.03,431.44,469.82
0.05,0.05,0.31,0.01,0.04,432.05,489.93
0.05,0.05,0.31,0.02,0,449.55,411.49
0.05,0.05,0.31,0.02,0.01,450.01,430.91
0.05,0.05,0.31,0.02,0.02,450.55,450.55
0.05,0.05,0.31,0.02,0.03,451.17,470.44
0.05,0.05,0.31,0.02,0.04,451.88,490.63
0.05,0.05,0.31,0.03,0,469.3,411.93
0.05,0.05,0.31,0.03,0.01,469.82,431.44
0.05,0.05,0.31,0.03,0.02,470.44,451.17
0.05,0.05,0.31,0.03,0.03,471.16,471.16
0.05,0.05,0.31,0.03,0.04,471.97,491.43
0.05,0.1,0.31,0,0,412.88,505.77
0.05,0.1,0.31,0,0.01,413.5,526.44
0.05,0.1,0.31,0,0.02,414.17,547.51
0.05,0.1,0.31,0,0.03,414.9,569.01
0.05,0.1,0.31,0,0.04,415.69,590.99
0.05,0.1,0.31,0.01,0,432.59,506.41
0.05,0.1,0.31,0.01,0.01,433.33,527.14
0.05,0.1,0.31,0.01,0.02,434.14,548.28
0.05,0.1,0.31,0.01,0.03,435.02,569.85
0.05,0.1,0.31,0.01,0.04,435.98,591.9
0.05,0.1,0.31,0.02,0,452.52,507.17
0.05,0.1,0.31,0.02,0.01,453.38,527.99
0.05,0.1,0.31,0.02,0.02,454.33,549.2
0.05,0.1,0.31,0.02,0.03,455.37,570.85
0.05,0.1,0.31,0.02,0.04,456.49,592.98
0.05,0.1,0.31,0.03,0,472.7,508.05
0.05,0.1,0.31,0.03,0.01,473.69,528.96
0.05,0.1,0.31,0.03,0.02,474.78,550.27
0.05,0.1,0.31,0.03,0.03,475.97,572.01
0.1,0,0.31,0.02,0.04,546.99,398.17
0.1,0,0.31,0.03,0,567.18,320
0.1,0,0.31,0.03,0.01,567.26,339.6
0.1,0,0.31,0.03,0.02,567.5,359.24
0.1,0,0.31,0.03,0.03,567.89,378.95
0.1,0,0.31,0.03,0.04,568.45,398.78
0.1,0.05,0.31,0,0,505.77,412.88
0.1,0.05,0.31,0,0.01,506.41,432.59
0.1,0.05,0.31,0,0.02,507.17,452.52
0.1,0.05,0.31,0,0.03,508.05,472.7
0.1,0.05,0.31,0,0.04,509.06,493.18
0.1,0.05,0.31,0.01,0,526.44,413.5
0.1,0.05,0.31,0.01,0.01,527.14,433.33
0.1,0.05,0.31,0.01,0.02,527.99,453.38
0.1,0.05,0.31,0.01,0.03,528.96,473.69
0.1,0.05,0.31,0.01,0.04,530.07,494.29
0.1,0.05,0.31,0.02,0,547.51,414.17
0.1,0.05,0.31,0.02,0.01,548.28,434.14
0.1,0.05,0.31,0.02,0.02,549.2,454.33
0.1,0.05,0.31,0.02,0.03,550.27,474.78
0.1,0.05,0.31,0.02,0.04,551.48,495.52
0.1,0.05,0.31,0.03,0,569.01,414.9
0.1,0.05,0.31,0.03,0.01,569.85,435.02
0.1,0.05,0.31,0.03,0.02,570.85,455.37
0.1,0.05,0.31,0.03,0.03,572.01,475.97
0.1,0.05,0.31,0.03,0.04,573.32,496.86
0.1,0.1,0.31,0,0,509.96,509.96
0.1,0.1,0.31,0,0.01,511.18,531.06
0.1,0.1,0.31,0,0.02,512.52,552.56
0.1,0.1,0.31,0,0.03,513.98,574.5
0.1,0.1,0.31,0,0.04,515.56,596.92
0.1,0.1,0.31,0.01,0,531.06,511.18
0.1,0.1,0.31,0.01,0.01,532.41,532.41
0.1,0.1,0.31,0.01,0.02,533.89,554.04
0.1,0.1,0.31,0.01,0.03,535.5,576.11
0.1,0.1,0.31,0.01,0.04,537.25,598.65
0.1,0.1,0.31,0.02,0,552.56,512.52
0.1,0.1,0.31,0.02,0.01,554.04,533.89
0.1,0.1,0.31,0.02,0.02,555.66,555.66
0.1,0.1,0.31,0.02,0.03,557.43,577.87
0.1,0.1,0.31,0.02,0.04,559.34,600.55
0.1,0.1,0.31,0.03,0,574.5,513.98
0.1,0.1,0.31,0.03,0.01,576.11,535.5
0.1,0.1,0.31,0.03,0.02,577.87,557.43
0.1,0.1,0.31,0.03,0.03,579.79,579.79
-0.1,0,0.32,0.02,0.04,179.61,393.74
-0.1,0,0.32,0.03,0,199.18,320
-0.1,0,0.32,0.03,0.01,199.14,338.27
-0.1,0,0.32,0.03,0.02,199.03,356.57
-0.1,0,0.32,0.03,0.03,198.84,374.94
-0.1,0,0.32,0.03,0.04,198.58,393.42
-0.1,0.05,0.32,0,0,140.45,409.77
-0.1,0.05,0.32,0,0.01,139.87,428.8
-0.1,0.05,0.32,0,0.02,139.18,448.02
-0.1,0.05,0.32,0,0.03,138.37,467.48
-0.1,0.05,0.32,0,0.04,137.46,487.2
-0.1,0.05,0.32,0.01,0,160.02,409.27
-0.1,0.05,0.32,0.01,0.01,159.5,428.19
-0.1,0.05,0.32,0.01,0.02,158.88,447.31
-0.1,0.05,0.32,0.01,0.03,158.16,466.67
-0.1,0.05,0.32,0.01,0.04,157.34,486.29
-0.1,0.05,0.32,0.02,0,179.3,408.83
-0.1,0.05,0.32,0.02,0.01,178.83,427.66
-0.1,0.05,0.32,0.02,0.02,178.29,446.68
-0.1,0.05,0.32,0.02,0.03,177.65,465.94
-0.1,0.05,0.32,0.02,0.04,176.93,485.47
-0.1,0.05,0.32,0.03,0,198.31,408.44
-0.1,0.05,0.32,0.03,0.01,197.91,427.18
-0.1,0.05,0.32,0.03,0.02,197.43,446.13
-0.1,0.05,0.32,0.03,0.03,196.88,465.31
-0.1,0.05,0.32,0.03,0.04,196.25,484.76
-0.1,0.1,0.32,0,0,136.65,503.35
-0.1,0.1,0.32,0,0.01,135.54,523.65
-0.1,0.1,0.32,0,0.02,134.32,544.31
-0.1,0.1,0.32,0,0.03,132.99,565.36
-0.1,0.1,0.32,0,0.04,131.55,586.85
-0.1,0.1,0.32,0.01,0,156.61,502.35
-0.1,0.1,0.32,0.01,0.01,155.62,522.54
-0.1,0.1,0.32,0.01,0.02,154.52,543.1
-0.1,0.1,0.32,0.01,0.03,153.33,564.05
-0.1,0.1,0.32,0.01,0.04,152.04,585.43
-0.1,0.1,0.32,0.02,0,176.28,501.46
-0.1,0.1,0.32,0.02,0.01,175.4,521.56
-0.1,0.1,0.32,0.02,0.02,174.44,542.02
-0.1,0.1,0.32,0.02,0.03,173.38,562.88
-0.1,0.1,0.32,0.02,0.04,172.24,584.17
-0.1,0.1,0.32,0.03,0,195.69,500.68
-0.1,0.1,0.32,0.03,0.01,194.93,520.7
-0.1,0.1,0.32,0.03,0.02,194.09,541.08
-0.1,0.1,0.32,0.03,0.03,193.17,561.86
-0.05,0,0.32,0.02,0.04,269.04,392.6
-0.05,0,0.32,0.03,0,287.4,320
-0.05,0,0.32,0.03,0.01,287.39,338.04
-0.05,0,0.32,0.03,0.02,287.36,356.11
-0.05,0,0.32,0.03,0.03,287.31,374.25
-0.05,0,0.32,0.03,0.04,287.24,392.49
-0.05,0.05,0.32,0,0,232.13,407.87
-0.05,0.05,0.32,0,0.01,231.84,426.5
-0.05,0.05,0.32,0,0.02,231.49,445.33
-0.05,0.05,0.32,0,0.03,231.09,464.39
-0.05,0.05,0.32,0,0.04,230.63,483.72
-0.05,0.05,0.32,0.01,0,250.59,407.63
-0.05,0.05,0.32,0.01,0.01,250.36,426.21
-0.05,0.05,0.32,0.01,0.02,250.09,444.99
-0.05,0.05,0.32,0.01,0.03,249.77,464.01
-0.05,0.05,0.32,0.01,0.04,249.41,483.28
-0.05,0.05,0.32,0.02,0,268.93,407.45
-0.05,0.05,0.32,0.02,0.01,268.76,426
-0.05,0.05,0.32,0.02,0.02,268.56,444.74
-0.05,0.05,0.32,0.02,0.03,268.32,463.71
-0.05,0.05,0.32,0.02,0.04,268.05,482.95
-0.05,0.05,0.32,0.03,0,287.17,407.33
-0.05,0.05,0.32,0.03,0.01,287.06,425.84
-0.05,0.05,0.32,0.03,0.02,286.93,444.56
-0.05,0.05,0.32,0.03,0.03,286.77,463.5
-0.05,0.05,0.32,0.03,0.04,286.6,482.72
-0.05,0.1,0.32,0,0,230.23,499.55
-0.05,0.1,0.32,0,0.01,229.67,519.45
-0.05,0.1,0.32,0,0.02,229.06,539.71
-0.05,0.1,0.32,0,0.03,228.4,560.37
-0.05,0.1,0.32,0,0.04,227.68,581.46
-0.05,0.1,0.32,0.01,0,249.09,499.08
-0.05,0.1,0.32,0.01,0.01,248.65,518.92
-0.05,0.1,0.32,0.01,0.02,248.16,539.14
-0.05,0.1,0.32,0.01,0.03,247.64,559.75
-0.05,0.1,0.32,0.01,0.04,247.07,580.79
-0.05,0.1,0.32,0.02,0,267.82,498.71
-0.05,0.1,0.32,0.02,0.01,267.49,518.52
-0.05,0.1,0.32,0.02,0.02,267.14,538.7
-0.05,0.1,0.32,0.02,0.03,266.75,559.27
-0.05,0.1,0.32,0.02,0.04,266.33,580.28
-0.05,0.1,0.32,0.03,0,286.45,498.46
-0.05,0.1,0.32,0.03,0.01,286.24,518.24
-0.05,0.1,0.32,0.03,0.02,286.01,538.39
-0.05,0.1,0.32,0.03,0.03,285.76,558.94
0,0,0.32,0.02,0.04,356.25,392.51
0,0,0.32,0.03,0,374.19,320
0,0,0.32,0.03,0.01,374.21,338.07
0,0,0.32,0.03,0.02,374.26,356.18
0,0,0.32,0.03,0.03,374.35,374.35
0,0,0.32,0.03,0.04,374.47,392.62
0,0.05,0.32,0,0,320,407.24
0,0.05,0.32,0,0.01,320,425.73
0,0.05,0.32,0,0.02,320,444.43
0,0.05,0.32,0,0.03,320,463.36
0,0.05,0.32,0,0.04,320,482.56
0,0.05,0.32,0.01,0,338.15,407.26
0,0.05,0.32,0.01,0.01,338.21,425.77
0,0.05,0.32,0.01,0.02,338.28,444.47
0,0.05,0.32,0.01,0.03,338.37,463.4
0,0.05,0.32,0.01,0.04,338.46,482.61
0,0.05,0.32,0.02,0,356.34,407.35
0,0.05,0.32,0.02,0.01,356.46,425.87
0,0.05,0.32,0.02,0.02,356.6,444.59
0,0.05,0.32,0.02,0.03,356.77,463.54
0,0.05,0.32,0.02,0.04,356.96,482.76
0,0.05,0.32,0.03,0,374.59,407.48
0,0.05,0.32,0.03,0.01,374.77,426.03
0,0.05,0.32,0.03,0.02,374.99,444.78
0,0.05,0.32,0.03,0.03,375.24,463.76
0,0.05,0.32,0.03,0.04,375.52,483.01
0,0.1,0.32,0,0,320,498.28
0,0.1,0.32,0,0.01,320,518.05
0,0.1,0.32,0,0.02,320,538.18
0,0.1,0.32,0,0.03,320,558.71
0,0.1,0.32,0,0.04,320,579.67
0,0.1,0.32,0.01,0,338.55,498.33
0,0.1,0.32,0.01,0.01,338.66,518.11
0,0.1,0.32,0.01,0.02,338.79,538.24
0,0.1,0.32,0.01,0.03,338.93,558.78
0,0.1,0.32,0.01,0.04,339.08,579.74
0,0.1,0.32,0.02,0,357.13,498.5
0,0.1,0.32,0.02,0.01,357.36,518.29
0,0.1,0.32,0.02,0.02,357.61,538.44
0,0.1,0.32,0.02,0.03,357.89,558.99
0,0.1,0.32,0.02,0.04,358.19,579.98
0,0.1,0.32,0.03,0,375.78,498.77
0,0.1,0.32,0.03,0.01,376.12,518.59
0,0.1,0.32,0.03,0.02,376.5,538.77
0,0.1,0.32,0.03,0.03,376.92,559.35
0.05,0,0.32,0.02,0.04,445.05,393.48
0.05,0,0.32,0.03,0,463.36,320
0.05,0,0.32,0.03,0.01,463.4,338.37
0.05,0,0.32,0.03,0.02,463.54,356.77
0.05,0,0.32,0.03,0.03,463.76,375.24
0.05,0,0.32,0.03,0.04,464.07,393.81
0.05,0.05,0.32,0,0,407.87,407.87
0.05,0.05,0.32,0,0.01,408.16,426.5
0.05,0.05,0.32,0,0.02,408.51,445.33
0.05,0.05,0.32,0,0.03,408.91,464.39
0.05,0.05,0.32,0,0.04,409.37,483.72
0.05,0.05,0.32,0.01,0,426.5,408.16
0.05,0.05,0.32,0.01,0.01,426.85,426.85
0.05,0.05,0.32,0.01,0.02,427.27,445.74
0.05,0.05,0.32,0.01,0.03,427.75,464.86
0.05,0.05,0.32,0.01,0.04,428.31,484.25
0.05,0.05,0.32,0.02,0,445.33,408.51
0.05,0.05,0.32,0.02,0.01,445.74,427.27
0.05,0.05,0.32,0.02,0.02,446.23,446.23
0.05,0.05,0.32,0.02,0.03,446.8,465.42
0.05,0.05,0.32,0.02,0.04,447.44,484.89
0.05,0.05,0.32,0.03,0,464.39,408.91
0.05,0.05,0.32,0.03,0.01,464.86,427.75
0.05,0.05,0.32,0.03,0.02,465.42,446.8
0.05,0.05,0.32,0.03,0.03,466.08,466.08
0.05,0.05,0.32,0.03,0.04,466.82,485.62
0.05,0.1,0.32,0,0,409.77,499.55
0.05,0.1,0.32,0,0.01,410.33,519.45
0.05,0.1,0.32,0,0.02,410.94,539.71
0.05,0.1,0.32,0,0.03,411.6,560.37
0.05,0.1,0.32,0,0.04,412.32,581.46
0.05,0.1,0.32,0.01,0,428.8,500.13
0.05,0.1,0.32,0.01,0.01,429.47,520.09
0.05,0.1,0.32,0.01,0.02,430.21,540.41
0.05,0.1,0.32,0.01,0.03,431.01,561.13
0.05,0.1,0.32,0.01,0.04,431.88,582.29
0.05,0.1,0.32,0.02,0,448.02,500.82
0.05,0.1,0.32,0.02,0.01,448.81,520.85
0.05,0.1,0.32,0.02,0.02,449.67,541.25
0.05,0.1,0.32,0.02,0.03,450.61,562.04
0.05,0.1,0.32,0.02,0.04,451.63,583.27
0.05,0.1,0.32,0.03,0,467.48,501.63
0.05,0.1,0.32,0.03,0.01,468.38,521.74
0.05,0.1,0.32,0.03,0.02,469.37,542.22
0.05,0.1,0.32,0.03,0.03,470.45,563.09
0.1,0,0.32,0.02,0.04,539.24,395.5
0.1,0,0.32,0.03,0,558.71,320
0.1,0,0.32,0.03,0.01,558.78,338.93
0.1,0,0.32,0.03,0.02,558.99,357.89
0.1,0,0.32,0.03,0.03,559.35,376.92
0.1,0,0.32,0.03,0.04,559.86,396.05
0.1,0.05,0.32,0,0,499.55,409.77
0.1,0.05,0.32,0,0.01,500.13,428.8
0.1,0.05,0.32,0,0.02,500.82,448.02
0.1,0.05,0.32,0,0.03,501.63,467.48
0.1,0.05,0.32,0,0.04,502.54,487.2
0.1,0.05,0.32,0.01,0,519.45,410.33
0.1,0.05,0.32,0.01,0.01,520.09,429.47
0.1,0.05,0.32,0.01,0.02,520.85,448.81
0.1,0.05,0.32,0.01,0.03,521.74,468.38
0.1,0.05,0.32,0.01,0.04,522.75,488.22
0.1,0.05,0.32,0.02,0,539.71,410.94
0.1,0.05,0.32,0.02,0.01,540.41,430.21
0.1,0.05,0.32,0.02,0.02,541.25,449.67
0.1,0.05,0.32,0.02,0.03,542.22,469.37
0.1,0.05,0.32,0.02,0.04,543.32,489.34
0.1,0.05,0.32,0.03,0,560.37,411.6
0.1,0.05,0.32,0.03,0.01,561.13,431.01
0.1,0.05,0.32,0.03,0.02,562.04,450.61
0.1,0.05,0.32,0.03,0.03,563.09,470.45
0.1,0.05,0.32,0.03,0.04,564.29,490.56
0.1,0.1,0.32,0,0,503.35,503.35
0.1,0.1,0.32,0,0.01,504.46,523.65
0.1,0.1,0.32,0,0.02,505.68,544.31
0.1,0.1,0.32,0,0.03,507.01,565.36
0.1,0.1,0.32,0,0.04,508.45,586.85
0.1,0.1,0.32,0.01,0,523.65,504.46
0.1,0.1,0.32,0.01,0.01,524.87,524.87
0.1,0.1,0.32,0.01,0.02,526.22,545.65
0.1,0.1,0.32,0.01,0.03,527.69,566.82
0.1,0.1,0.32,0.01,0.04,529.28,588.42
0.1,0.1,0.32,0.02,0,544.31,505.68
0.1,0.1,0.32,0.02,0.01,545.65,526.22
0.1,0.1,0.32,0.02,0.02,547.12,547.12
0.1,0.1,0.32,0.02,0.03,548.73,568.42
0.1,0.1,0.32,0.02,0.04,550.47,590.15
0.1,0.1,0.32,0.03,0,565.36,507.01
0.1,0.1,0.32,0.03,0.01,566.82,527.69
0.1,0.1,0.32,0.03,0.02,568.42,548.73
0.1,0.1,0.32,0.03,0.03,570.17,570.17
-0.1,0,0.33,0.02,0.04,184.05,391.41
-0.1,0,0.33,0.03,0,202.94,320
-0.1,0,0.33,0.03,0.01,202.9,337.7
-0.1,0,0.33,0.03,0.02,202.8,355.43
-0.1,0,0.33,0.03,0.03,202.63,373.23
-0.1,0,0.33,0.03,0.04,202.39,391.11
-0.1,0.05,0.33,0,0,146.26,406.87
-0.1,0.05,0.33,0,0.01,145.73,425.26
-0.1,0.05,0.33,0,0.02,145.1,443.83
-0.1,0.05,0.33,0,0.03,144.37,462.61
-0.1,0.05,0.33,0,0.04,143.53,481.64
-0.1,0.05,0.33,0.01,0,165.15,406.41
-0.1,0.05,0.33,0.01,0.01,164.67,424.71
-0.1,0.05,0.33,0.01,0.02,164.1,443.19
-0.1,0.05,0.33,0.01,0.03,163.45,461.87
-0.1,0.05,0.33,0.01,0.04,162.7,480.81
-0.1,0.05,0.33,0.02,0,183.76,406.01
-0.1,0.05,0.33,0.02,0.01,183.34,424.22
-0.1,0.05,0.33,0.02,0.02,182.84,442.61
-0.1,0.05,0.33,0.02,0.03,182.26,461.21
-0.1,0.05,0.33,0.02,0.04,181.61,480.06
-0.1,0.05,0.33,0.03,0,202.14,405.65
-0.1,0.05,0.33,0.03,0.01,201.78,423.79
-0.1,0.05,0.33,0.03,0.02,201.34,442.11
-0.1,0.05,0.33,0.03,0.03,200.84,460.64
-0.1,0.05,0.33,0.03,0.04,200.27,479.41
-0.1,0.1,0.33,0,0,142.79,497.21
-0.1,0.1,0.33,0,0.01,141.78,516.76
-0.1,0.1,0.33,0,0.02,140.66,536.64
-0.1,0.1,0.33,0,0.03,139.45,556.88
-0.1,0.1,0.33,0,0.04,138.14,577.51
-0.1,0.1,0.33,0.01,0,162.04,496.3
-0.1,0.1,0.33,0.01,0.01,161.13,515.75
-0.1,0.1,0.33,0.01,0.02,160.13,535.53
-0.1,0.1,0.33,0.01,0.03,159.05,555.68
-0.1,0.1,0.33,0.01,0.04,157.87,576.22
-0.1,0.1,0.33,0.02,0,181.02,495.49
-0.1,0.1,0.33,0.02,0.01,180.21,514.85
-0.1,0.1,0.33,0.02,0.02,179.33,534.55
-0.1,0.1,0.33,0.02,0.03,178.37,554.62
-0.1,0.1,0.33,0.02,0.04,177.33,575.07
-0.1,0.1,0.33,0.03,0,199.76,494.77
-0.1,0.1,0.33,0.03,0.01,199.06,514.07
-0.1,0.1,0.33,0.03,0.02,198.29,533.69
-0.1,0.1,0.33,0.03,0.03,197.46,553.68
-0.05,0,0.33,0.02,0.04,270.61,390.37
-0.05,0,0.33,0.03,0,288.39,320
-0.05,0,0.33,0.03,0.01,288.38,337.49
-0.05,0,0.33,0.03,0.02,288.36,355.01
-0.05,0,0.33,0.03,0.03,288.31,372.59
-0.05,0,0.33,0.03,0.04,288.24,390.27
-0.05,0.05,0.33,0,0,234.87,405.13
-0.05,0.05,0.33,0,0.01,234.6,423.16
-0.05,0.05,0.33,0,0.02,234.28,441.37
-0.05,0.05,0.33,0,0.03,233.92,459.8
-0.05,0.05,0.33,0,0.04,233.5,478.46
-0.05,0.05,0.33,0.01,0,252.74,404.92
-0.05,0.05,0.33,0.01,0.01,252.53,422.9
-0.05,0.05,0.33,0.01,0.02,252.28,441.07
-0.05,0.05,0.33,0.01,0.03,251.99,459.45
-0.05,0.05,0.33,0.01,0.04,251.66,478.07
-0.05,0.05,0.33,0.02,0,270.5,404.75
-0.05,0.05,0.33,0.02,0.01,270.35,422.7
-0.05,0.05,0.33,0.02,0.02,270.16,440.83
-0.05,0.05,0.33,0.02,0.03,269.95,459.18
-0.05,0.05,0.33,0.02,0.04,269.71,477.77
-0.05,0.05,0.33,0.03,0,288.18,404.64
-0.05,0.05,0.33,0.03,0.01,288.08,422.56
-0.05,0.05,0.33,0.03,0.02,287.96,440.67
-0.05,0.05,0.33,0.03,0.03,287.82,458.99
-0.05,0.05,0.33,0.03,0.04,287.66,477.55
-0.05,0.1,0.33,0,0,233.13,493.74
-0.05,0.1,0.33,0,0.01,232.62,512.93
-0.05,0.1,0.33,0,0.02,232.07,532.44
-0.05,0.1,0.33,0,0.03,231.46,552.33
-0.05,0.1,0.33,0,0.04,230.8,572.6
-0.05,0.1,0.33,0.01,0,251.37,493.31
-0.05,0.1,0.33,0.01,0.01,250.97,512.45
-0.05,0.1,0.33,0.01,0.02,250.53,531.92
-0.05,0.1,0.33,0.01,0.03,250.05,551.76
-0.05,0.1,0.33,0.01,0.04,249.53,571.99
-0.05,0.1,0.33,0.02,0,269.49,492.98
-0.05,0.1,0.33,0.02,0.01,269.19,512.09
-0.05,0.1,0.33,0.02,0.02,268.87,531.52
-0.05,0.1,0.33,0.02,0.03,268.52,551.33
-0.05,0.1,0.33,0.02,0.04,268.13,571.52
-0.05,0.1,0.33,0.03,0,287.52,492.75
-0.05,0.1,0.33,0.03,0.01,287.33,511.83
-0.05,0.1,0.33,0.03,0.02,287.12,531.25
-0.05,0.1,0.33,0.03,0.03,286.9,551.02
0,0,0.33,0.02,0.04,355.14,390.29
0,0,0.33,0.03,0,372.54,320
0,0,0.33,0.03,0.01,372.56,337.52
0,0,0.33,0.03,0.02,372.61,355.07
0,0,0.33,0.03,0.03,372.68,372.68
0,0,0.33,0.03,0.04,372.79,390.39
0,0.05,0.33,0,0,320,404.56
0,0.05,0.33,0,0.01,320,422.47
0,0.05,0.33,0,0.02,320,440.56
0,0.05,0.33,0,0.03,320,458.86
0,0.05,0.33,0,0.04,320,477.4
0,0.05,0.33,0.01,0,337.59,404.58
0,0.05,0.33,0.01,0.01,337.65,422.5
0,0.05,0.33,0.01,0.02,337.71,440.59
0,0.05,0.33,0.01,0.03,337.79,458.9
0,0.05,0.33,0.01,0.04,337.88,477.45
0,0.05,0.33,0.02,0,355.22,404.66
0,0.05,0.33,0.02,0.01,355.33,422.59
0,0.05,0.33,0.02,0.02,355.46,440.7
0,0.05,0.33,0.02,0.03,355.61,459.02
0,0.05,0.33,0.02,0.04,355.78,477.59
0,0.05,0.33,0.03,0,372.9,404.78
0,0.05,0.33,0.03,0.01,373.07,422.74
0,0.05,0.33,0.03,0.02,373.27,440.87
0,0.05,0.33,0.03,0.03,373.49,459.22
0,0.05,0.33,0.03,0.04,373.75,477.82
0,0.1,0.33,0,0,320,492.58
0,0.1,0.33,0,0.01,320,511.65
0,0.1,0.33,0,0.02,320,531.05
0,0.1,0.33,0,0.03,320,550.81
0,0.1,0.33,0,0.04,320,570.96
0,0.1,0.33,0.01,0,337.95,492.63
0,0.1,0.33,0.01,0.01,338.06,511.7
0,0.1,0.33,0.01,0.02,338.17,531.11
0,0.1,0.33,0.01,0.03,338.3,550.87
0,0.1,0.33,0.01,0.04,338.44,571.03
0,0.1,0.33,0.02,0,355.94,492.78
0,0.1,0.33,0.02,0.01,356.15,511.87
0,0.1,0.33,0.02,0.02,356.38,531.29
0,0.1,0.33,0.02,0.03,356.63,551.07
0,0.1,0.33,0.02,0.04,356.91,571.25
0,0.1,0.33,0.03,0,373.99,493.03
0,0.1,0.33,0.03,0.01,374.3,512.15
0,0.1,0.33,0.03,0.02,374.65,531.59
0,0.1,0.33,0.03,0.03,375.03,551.4
0.05,0,0.33,0.02,0.04,441.12,391.17
0.05,0,0.33,0.03,0,458.86,320
0.05,0,0.33,0.03,0.01,458.9,337.79
0.05,0,0.33,0.03,0.02,459.02,355.61
0.05,0,0.33,0.03,0.03,459.22,373.49
0.05,0,0.33,0.03,0.04,459.51,391.47
0.05,0.05,0.33,0,0,405.13,405.13
0.05,0.05,0.33,0,0.01,405.4,423.16
0.05,0.05,0.33,0,0.02,405.72,441.37
0.05,0.05,0.33,0,0.03,406.08,459.8
0.05,0.05,0.33,0,0.04,406.5,478.46
0.05,0.05,0.33,0.01,0,423.16,405.4
0.05,0.05,0.33,0.01,0.01,423.48,423.48
0.05,0.05,0.33,0.01,0.02,423.87,441.75
0.05,0.05,0.33,0.01,0.03,424.31,460.23
0.05,0.05,0.33,0.01,0.04,424.81,478.95
0.05,0.05,0.33,0.02,0,441.37,405.72
0.05,0.05,0.33,0.02,0.01,441.75,423.87
0.05,0.05,0.33,0.02,0.02,442.2,442.2
0.05,0.05,0.33,0.02,0.03,442.72,460.74
0.05,0.05,0.33,0.02,0.04,443.3,479.53
0.05,0.05,0.33,0.03,0,459.8,406.08
0.05,0.05,0.33,0.03,0.01,460.23,424.31
0.05,0.05,0.33,0.03,0.02,460.74,442.72
0.05,0.05,0.33,0.03,0.03,461.33,461.33
0.05,0.05,0.33,0.03,0.04,462.01,480.2
0.05,0.1,0.33,0,0,406.87,493.74
0.05,0.1,0.33,0,0.01,407.38,512.93
0.05,0.1,0.33,0,0.02,407.93,532.44
0.05,0.1,0.33,0,0.03,408.54,552.33
0.05,0.1,0.33,0,0.04,409.2,572.6
0.05,0.1,0.33,0.01,0,425.26,494.27
0.05,0.1,0.33,0.01,0.01,425.87,513.51
0.05,0.1,0.33,0.01,0.02,426.54,533.09
0.05,0.1,0.33,0.01,0.03,427.28,553.02
0.05,0.1,0.33,0.01,0.04,428.07,573.35
0.05,0.1,0.33,0.02,0,443.83,494.9
0.05,0.1,0.33,0.02,0.01,444.55,514.21
0.05,0.1,0.33,0.02,0.02,445.34,533.85
0.05,0.1,0.33,0.02,0.03,446.19,553.85
0.05,0.1,0.33,0.02,0.04,447.12,574.25
0.05,0.1,0.33,0.03,0,462.61,495.63
0.05,0.1,0.33,0.03,0.01,463.44,515.02
0.05,0.1,0.33,0.03,0.02,464.34,534.73
0.05,0.1,0.33,0.03,0.03,465.32,554.81
0.1,0,0.33,0.02,0.04,532.01,393.01
0.1,0,0.33,0.03,0,550.81,320
0.1,0,0.33,0.03,0.01,550.87,338.3
0.1,0,0.33,0.03,0.02,551.07,356.63
0.1,0,0.33,0.03,0.03,551.4,375.03
0.1,0,0.33,0.03,0.04,551.86,393.52
0.1,0.05,0.33,0,0,493.74,406.87
0.1,0.05,0.33,0,0.01,494.27,425.26
0.1,0.05,0.33,0,0.02,494.9,443.83
0.1,0.05,0.33,0,0.03,495.63,462.61
0.1,0.05,0.33,0,0.04,496.47,481.64
0.1,0.05,0.33,0.01,0,512.93,407.38
0.1,0.05,0.33,0.01,0.01,513.51,425.87
0.1,0.05,0.33,0.01,0.02,514.21,444.55
0.1,0.05,0.33,0.01,0.03,515.02,463.44
0.1,0.05,0.33,0.01,0.04,515.94,482.57
0.1,0.05,0.33,0.02,0,532.44,407.93
0.1,0.05,0.33,0.02,0.01,533.09,426.54
0.1,0.05,0.33,0.02,0.02,533.85,445.34
0.1,0.05,0.33,0.02,0.03,534.73,464.34
0.1,0.05,0.33,0.02,0.04,535.74,483.59
0.1,0.05,0.33,0.03,0,552.33,408.54
0.1,0.05,0.33,0.03,0.01,553.02,427.28
0.1,0.05,0.33,0.03,0.02,553.85,446.19
0.1,0.05,0.33,0.03,0.03,554.81,465.32
0.1,0.05,0.33,0.03,0.04,555.9,484.7
0.1,0.1,0.33,0,0,497.21,497.21
0.1,0.1,0.33,0,0.01,498.22,516.76
0.1,0.1,0.33,0,0.02,499.34,536.64
0.1,0.1,0.33,0,0.03,500.55,556.88
0.1,0.1,0.33,0,0.04,501.86,577.51
0.1,0.1,0.33,0.01,0,516.76,498.22
0.1,0.1,0.33,0.01,0.01,517.88,517.88
0.1,0.1,0.33,0.01,0.02,519.1,537.86
0.1,0.1,0.33,0.01,0.03,520.44,558.21
0.1,0.1,0.33,0.01,0.04,521.89,578.95
0.1,0.1,0.33,0.02,0,536.64,499.34
0.1,0.1,0.33,0.02,0.01,537.86,519.1
0.1,0.1,0.33,0.02,0.02,539.2,539.2
0.1,0.1,0.33,0.02,0.03,540.67,559.67
0.1,0.1,0.33,0.02,0.04,542.25,580.52
0.1,0.1,0.33,0.03,0,556.88,500.55
0.1,0.1,0.33,0.03,0.01,558.21,520.44
0.1,0.1,0.33,0.03,0.02,559.67,540.67
0.1,0.1,0.33,0.03,0.03,561.26,561.26
-0.1,0,0.34,0.02,0.04,188.21,389.22
-0.1,0,0.34,0.03,0,206.47,320
-0.1,0,0.34,0.03,0.01,206.44,337.17
-0.1,0,0.34,0.03,0.02,206.34,354.36
-0.1,0,0.34,0.03,0.03,206.18,371.61
-0.1,0,0.34,0.03,0.04,205.96,388.95
-0.1,0.05,0.34,0,0,151.7,404.15
-0.1,0.05,0.34,0,0.01,151.21,421.95
-0.1,0.05,0.34,0,0.02,150.63,439.91
-0.1,0.05,0.34,0,0.03,149.96,458.07
-0.1,0.05,0.34,0,0.04,149.2,476.45
-0.1,0.05,0.34,0.01,0,169.95,403.74
-0.1,0.05,0.34,0.01,0.01,169.51,421.45
-0.1,0.05,0.34,0.01,0.02,168.99,439.32
-0.1,0.05,0.34,0.01,0.03,168.39,457.39
-0.1,0.05,0.34,0.01,0.04,167.71,475.69
-0.1,0.05,0.34,0.02,0,187.95,403.36
-0.1,0.05,0.34,0.02,0.01,187.57,421
-0.1,0.05,0.34,0.02,0.02,187.11,438.8
-0.1,0.05,0.34,0.02,0.03,186.58,456.79
-0.1,0.05,0.34,0.02,0.04,185.98,475.01
-0.1,0.05,0.34,0.03,0,205.74,403.04
-0.1,0.05,0.34,0.03,0.01,205.41,420.6
-0.1,0.05,0.34,0.03,0.02,205.01,438.33
-0.1,0.05,0.34,0.03,0.03,204.55,456.26
-0.1,0.05,0.34,0.03,0.04,204.02,474.41
-0.1,0.1,0.34,0,0,148.52,491.48
-0.1,0.1,0.34,0,0.01,147.6,510.33
-0.1,0.1,0.34,0,0.02,146.58,529.49
-0.1,0.1,0.34,0,0.03,145.47,548.98
-0.1,0.1,0.34,0,0.04,144.27,568.83
-0.1,0.1,0.34,0.01,0,167.1,490.64
-0.1,0.1,0.34,0.01,0.01,166.27,509.41
-0.1,0.1,0.34,0.01,0.02,165.36,528.48
-0.1,0.1,0.34,0.01,0.03,164.37,547.89
-0.1,0.1,0.34,0.01,0.04,163.29,567.65
-0.1,0.1,0.34,0.02,0,185.44,489.9
-0.1,0.1,0.34,0.02,0.01,184.71,508.59
-0.1,0.1,0.34,0.02,0.02,183.9,527.59
-0.1,0.1,0.34,0.02,0.03,183.02,546.91
-0.1,0.1,0.34,0.02,0.04,182.07,566.6
-0.1,0.1,0.34,0.03,0,203.56,489.25
-0.1,0.1,0.34,0.03,0.01,202.92,507.87
-0.1,0.1,0.34,0.03,0.02,202.22,526.8
-0.1,0.1,0.34,0.03,0.03,201.46,546.06
-0.05,0,0.34,0.02,0.04,272.08,388.27
-0.05,0,0.34,0.03,0,289.32,320
-0.05,0,0.34,0.03,0.01,289.32,336.97
-0.05,0,0.34,0.03,0.02,289.29,353.98
-0.05,0,0.34,0.03,0.03,289.25,371.04
-0.05,0,0.34,0.03,0.04,289.19,388.18
-0.05,0.05,0.34,0,0,237.43,402.57
-0.05,0.05,0.34,0,0.01,237.19,420.03
-0.05,0.05,0.34,0,0.02,236.9,437.67
-0.05,0.05,0.34,0,0.03,236.57,455.49
-0.05,0.05,0.34,0,0.04,236.19,473.54
-0.05,0.05,0.34,0.01,0,254.76,402.37
-0.05,0.05,0.34,0.01,0.01,254.57,419.79
-0.05,0.05,0.34,0.01,0.02,254.34,437.39
-0.05,0.05,0.34,0.01,0.03,254.08,455.17
-0.05,0.05,0.34,0.01,0.04,253.78,473.18
-0.05,0.05,0.34,0.02,0,271.99,402.22
-0.05,0.05,0.34,0.02,0.01,271.84,419.61
-0.05,0.05,0.34,0.02,0.02,271.67,437.17
-0.05,0.05,0.34,0.02,0.03,271.48,454.93
-0.05,0.05,0.34,0.02,0.04,271.26,472.91
-0.05,0.05,0.34,0.03,0,289.13,402.11
-0.05,0.05,0.34,0.03,0.01,289.03,419.48
-0.05,0.05,0.34,0.03,0.02,288.93,437.02
-0.05,0.05,0.34,0.03,0.03,288.8,454.76
-0.05,0.05,0.34,0.03,0.04,288.66,472.71
-0.05,0.1,0.34,0,0,235.85,488.3
-0.05,0.1,0.34,0,0.01,235.38,506.83
-0.05,0.1,0.34,0,0.02,234.88,525.66
-0.05,0.1,0.34,0,0.03,234.32,544.82
-0.05,0.1,0.34,0,0.04,233.72,564.34
-0.05,0.1,0.34,0.01,0,253.51,487.91
-0.05,0.1,0.34,0.01,0.01,253.14,506.4
-0.05,0.1,0.34,0.01,0.02,252.74,525.18
-0.05,0.1,0.34,0.01,0.03,252.3,544.3
-0.05,0.1,0.34,0.01,0.04,251.82,563.78
-0.05,0.1,0.34,0.02,0,271.06,487.61
-0.05,0.1,0.34,0.02,0.01,270.79,506.06
-0.05,0.1,0.34,0.02,0.02,270.49,524.82
-0.05,0.1,0.34,0.02,0.03,270.17,543.91
-0.05,0.1,0.34,0.02,0.04,269.82,563.35
-0.05,0.1,0.34,0.03,0,288.53,487.4
-0.05,0.1,0.34,0.03,0.01,288.36,505.83
-0.05,0.1,0.34,0.03,0.02,288.16,524.56
-0.05,0.1,0.34,0.03,0.03,287.96,543.63
0,0,0.34,0.02,0.04,354.1,388.2
0,0,0.34,0.03,0,370.99,320
0,0,0.34,0.03,0.01,371,337
0,0,0.34,0.03,0.02,371.05,354.03
0,0,0.34,0.03,0.03,371.12,371.12
0,0,0.34,0.03,0.04,371.22,388.29
0,0.05,0.34,0,0,320,402.04
0,0.05,0.34,0,0.01,320,419.39
0,0.05,0.34,0,0.02,320,436.92
0,0.05,0.34,0,0.03,320,454.63
0,0.05,0.34,0,0.04,320,472.57
0,0.05,0.34,0.01,0,337.07,402.06
0,0.05,0.34,0.01,0.01,337.12,419.42
0,0.05,0.34,0.01,0.02,337.18,436.95
0,0.05,0.34,0.01,0.03,337.25,454.67
0,0.05,0.34,0.01,0.04,337.33,472.62
0,0.05,0.34,0.02,0,354.17,402.13
0,0.05,0.34,0.02,0.01,354.27,419.5
0,0.05,0.34,0.02,0.02,354.39,437.05
0,0.05,0.34,0.02,0.03,354.53,454.78
0,0.05,0.34,0.02,0.04,354.68,472.74
0,0.05,0.34,0.03,0,371.32,402.24
0,0.05,0.34,0.03,0.01,371.47,419.64
0,0.05,0.34,0.03,0.02,371.65,437.21
0,0.05,0.34,0.03,0.03,371.86,454.97
0,0.05,0.34,0.03,0.04,372.1,472.95
0,0.1,0.34,0,0,320,487.25
0,0.1,0.34,0,0.01,320,505.66
0,0.1,0.34,0,0.02,320,524.38
0,0.1,0.34,0,0.03,320,543.43
0,0.1,0.34,0,0.04,320,562.84
0,0.1,0.34,0.01,0,337.4,487.29
0,0.1,0.34,0.01,0.01,337.49,505.71
0,0.1,0.34,0.01,0.02,337.6,524.44
0,0.1,0.34,0.01,0.03,337.72,543.49
0,0.1,0.34,0.01,0.04,337.84,562.91
0,0.1,0.34,0.02,0,354.83,487.43
0,0.1,0.34,0.02,0.01,355.02,505.86
0,0.1,0.34,0.02,0.02,355.23,524.6
0,0.1,0.34,0.02,0.03,355.46,543.67
0,0.1,0.34,0.02,0.04,355.71,563.1
0,0.1,0.34,0.03,0,372.31,487.66
0,0.1,0.34,0.03,0.01,372.6,506.12
0,0.1,0.34,0.03,0.02,372.92,524.88
0,0.1,0.34,0.03,0.03,373.26,543.97
0.05,0,0.34,0.02,0.04,437.44,389
0.05,0,0.34,0.03,0,454.63,320
0.05,0,0.34,0.03,0.01,454.67,337.25
0.05,0,0.34,0.03,0.02,454.78,354.53
0.05,0,0.34,0.03,0.03,454.97,371.86
0.05,0,0.34,0.03,0.04,455.23,389.28
0.05,0.05,0.34,0,0,402.57,402.57
0.05,0.05,0.34,0,0.01,402.81,420.03
0.05,0.05,0.34,0,0.02,403.1,437.67
0.05,0.05,0.34,0,0.03,403.43,455.49
0.05,0.05,0.34,0,0.04,403.81,473.54
0.05,0.05,0.34,0.01,0,420.03,402.81
0.05,0.05,0.34,0.01,0.01,420.33,420.33
0.05,0.05,0.34,0.01,0.02,420.68,438.01
0.05,0.05,0.34,0.01,0.03,421.08,455.89
0.05,0.05,0.34,0.01,0.04,421.54,473.99
0.05,0.05,0.34,0.02,0,437.67,403.1
0.05,0.05,0.34,0.02,0.01,438.01,420.68
0.05,0.05,0.34,0.02,0.02,438.42,438.42
0.05,0.05,0.34,0.02,0.03,438.89,456.36
0.05,0.05,0.34,0.02,0.04,439.43,474.52
0.05,0.05,0.34,0.03,0,455.49,403.43
0.05,0.05,0.34,0.03,0.01,455.89,421.08
0.05,0.05,0.34,0.03,0.02,456.36,438.89
0.05,0.05,0.34,0.03,0.03,456.9,456.9
0.05,0.05,0.34,0.03,0.04,457.52,475.13
0.05,0.1,0.34,0,0,404.15,488.3
0.05,0.1,0.34,0,0.01,404.62,506.83
0.05,0.1,0.34,0,0.02,405.12,525.66
0.05,0.1,0.34,0,0.03,405.68,544.82
0.05,0.1,0.34,0,0.04,406.28,564.34
0.05,0.1,0.34,0.01,0,421.95,488.79
0.05,0.1,0.34,0.01,0.01,422.51,507.37
0.05,0.1,0.34,0.01,0.02,423.12,526.25
0.05,0.1,0.34,0.01,0.03,423.79,545.46
0.05,0.1,0.34,0.01,0.04,424.52,565.03
0.05,0.1,0.34,0.02,0,439.91,489.37
0.05,0.1,0.34,0.02,0.01,440.57,508
0.05,0.1,0.34,0.02,0.02,441.29,526.94
0.05,0.1,0.34,0.02,0.03,442.07,546.21
0.05,0.1,0.34,0.02,0.04,442.92,565.85
0.05,0.1,0.34,0.03,0,458.07,490.04
0.05,0.1,0.34,0.03,0.01,458.82,508.74
0.05,0.1,0.34,0.03,0.02,459.65,527.75
0.05,0.1,0.34,0.03,0.03,460.55,547.09
0.1,0,0.34,0.02,0.04,525.27,390.69
0.1,0,0.34,0.03,0,543.43,320
0.1,0,0.34,0.03,0.01,543.49,337.72
0.1,0,0.34,0.03,0.02,543.67,355.46
0.1,0,0.34,0.03,0.03,543.97,373.26
0.1,0,0.34,0.03,0.04,544.39,391.15
0.1,0.05,0.34,0,0,488.3,404.15
0.1,0.05,0.34,0,0.01,488.79,421.95
0.1,0.05,0.34,0,0.02,489.37,439.91
0.1,0.05,0.34,0,0.03,490.04,458.07
0.1,0.05,0.34,0,0.04,490.8,476.45
0.1,0.05,0.34,0.01,0,506.83,404.62
0.1,0.05,0.34,0.01,0.01,507.37,422.51
0.1,0.05,0.34,0.01,0.02,508,440.57
0.1,0.05,0.34,0.01,0.03,508.74,458.82
0.1,0.05,0.34,0.01,0.04,509.58,477.3
0.1,0.05,0.34,0.02,0,525.66,405.12
0.1,0.05,0.34,0.02,0.01,526.25,423.12
0.1,0.05,0.34,0.02,0.02,526.94,441.29
0.1,0.05,0.34,0.02,0.03,527.75,459.65
0.1,0.05,0.34,0.02,0.04,528.67,478.23
0.1,0.05,0.34,0.03,0,544.82,405.68
0.1,0.05,0.34,0.03,0.01,545.46,423.79
0.1,0.05,0.34,0.03,0.02,546.21,442.07
0.1,0.05,0.34,0.03,0.03,547.09,460.55
0.1,0.05,0.34,0.03,0.04,548.09,479.25
0.1,0.1,0.34,0,0,491.48,491.48
0.1,0.1,0.34,0,0.01,492.4,510.33
0.1,0.1,0.34,0,0.02,493.42,529.49
0.1,0.1,0.34,0,0.03,494.53,548.98
0.1,0.1,0.34,0,0.04,495.73,568.83
0.1,0.1,0.34,0.01,0,510.33,492.4
0.1,0.1,0.34,0.01,0.01,511.36,511.36
0.1,0.1,0.34,0.01,0.02,512.48,530.61
0.1,0.1,0.34,0.01,0.03,513.7,550.2
0.1,0.1,0.34,0.01,0.04,515.03,570.14
0.1,0.1,0.34,0.02,0,529.49,493.42
0.1,0.1,0.34,0.02,0.01,530.61,512.48
0.1,0.1,0.34,0.02,0.02,531.84,531.84
0.1,0.1,0.34,0.02,0.03,533.18,551.53
0.1,0.1,0.34,0.02,0.04,534.63,571.58
0.1,0.1,0.34,0.03,0,548.98,494.53
0.1,0.1,0.34,0.03,0.01,550.2,513.7
0.1,0.1,0.34,0.03,0.02,551.53,533.18
0.1,0.1,0.34,0.03,0.03,552.99,552.99
-0.1,0,0.35,0.02,0.04,192.12,387.17
-0.1,0,0.35,0.03,0,209.79,320
-0.1,0,0.35,0.03,0.01,209.76,336.66
-0.1,0,0.35,0.03,0.02,209.67,353.36
-0.1,0,0.35,0.03,0.03,209.53,370.1
-0.1,0,0.35,0.03,0.04,209.32,386.92
-0.1,0.05,0.35,0,0,156.79,401.6
-0.1,0.05,0.35,0,0.01,156.35,418.85
-0.1,0.05,0.35,0,0.02,155.82,436.24
-0.1,0.05,0.35,0,0.03,155.21,453.81
-0.1,0.05,0.35,0,0.04,154.51,471.59
-0.1,0.05,0.35,0.01,0,174.45,401.22
-0.1,0.05,0.35,0.01,0.01,174.05,418.38
-0.1,0.05,0.35,0.01,0.02,173.58,435.7
-0.1,0.05,0.35,0.01,0.03,173.03,453.19
-0.1,0.05,0.35,0.01,0.04,172.41,470.89
-0.1,0.05,0.35,0.02,0,191.89,400.88
-0.1,0.05,0.35,0.02,0.01,191.53,417.97
-0.1,0.05,0.35,0.02,0.02,191.11,435.22
-0.1,0.05,0.35,0.02,0.03,190.63,452.64
-0.1,0.05,0.35,0.02,0.04,190.08,470.27
-0.1,0.05,0.35,0.03,0,209.12,400.58
-0.1,0.05,0.35,0.03,0.01,208.81,417.61
-0.1,0.05,0.35,0.03,0.02,208.45,434.79
-0.1,0.05,0.35,0.03,0.03,208.03,452.15
-0.1,0.05,0.35,0.03,0.04,207.55,469.72
-0.1,0.1,0.35,0,0,153.88,486.12
-0.1,0.1,0.35,0,0.01,153.04,504.33
-0.1,0.1,0.35,0,0.02,152.1,522.82
-0.1,0.1,0.35,0,0.03,151.09,541.61
-0.1,0.1,0.35,0,0.04,149.99,560.74
-0.1,0.1,0.35,0.01,0,171.85,485.35
-0.1,0.1,0.35,0.01,0.01,171.09,503.48
-0.1,0.1,0.35,0.01,0.02,170.25,521.9
-0.1,0.1,0.35,0.01,0.03,169.34,540.61
-0.1,0.1,0.35,0.01,0.04,168.35,559.66
-0.1,0.1,0.35,0.02,0,189.58,484.67
-0.1,0.1,0.35,0.02,0.01,188.91,502.73
-0.1,0.1,0.35,0.02,0.02,188.17,521.07
-0.1,0.1,0.35,0.02,0.03,187.37,539.72
-0.1,0.1,0.35,0.02,0.04,186.49,558.69
-0.1,0.1,0.35,0.03,0,207.12,484.07
-0.1,0.1,0.35,0.03,0.01,206.53,502.07
-0.1,0.1,0.35,0.03,0.02,205.89,520.35
-0.1,0.1,0.35,0.03,0.03,205.19,538.93
-0.05,0,0.35,0.02,0.04,273.47,386.29
-0.05,0,0.35,0.03,0,290.2,320
-0.05,0,0.35,0.03,0.01,290.19,336.49
-0.05,0,0.35,0.03,0.02,290.17,353
-0.05,0,0.35,0.03,0.03,290.13,369.57
-0.05,0,0.35,0.03,0.04,290.08,386.21
-0.05,0.05,0.35,0,0,239.85,400.15
-0.05,0.05,0.35,0,0.01,239.63,417.09
-0.05,0.05,0.35,0,0.02,239.36,434.18
-0.05,0.05,0.35,0,0.03,239.06,451.45
-0.05,0.05,0.35,0,0.04,238.71,468.93
-0.05,0.05,0.35,0.01,0,256.67,399.97
-0.05,0.05,0.35,0.01,0.01,256.49,416.87
-0.05,0.05,0.35,0.01,0.02,256.28,433.93
-0.05,0.05,0.35,0.01,0.03,256.04,451.16
-0.05,0.05,0.35,0.01,0.04,255.76,468.59
-0.05,0.05,0.35,0.02,0,273.38,399.83
-0.05,0.05,0.35,0.02,0.01,273.25,416.7
-0.05,0.05,0.35,0.02,0.02,273.09,433.73
-0.05,0.05,0.35,0.02,0.03,272.92,450.93
-0.05,0.05,0.35,0.02,0.04,272.71,468.34
-0.05,0.05,0.35,0.03,0,290.02,399.73
-0.05,0.05,0.35,0.03,0.01,289.94,416.59
-0.05,0.05,0.35,0.03,0.02,289.84,433.59
-0.05,0.05,0.35,0.03,0.03,289.72,450.78
-0.05,0.05,0.35,0.03,0.04,289.59,468.16
-0.05,0.1,0.35,0,0,238.4,483.21
-0.05,0.1,0.35,0,0.01,237.97,501.12
-0.05,0.1,0.35,0,0.02,237.51,519.31
-0.05,0.1,0.35,0,0.03,237,537.8
-0.05,0.1,0.35,0,0.04,236.45,556.62
-0.05,0.1,0.35,0.01,0,255.51,482.85
-0.05,0.1,0.35,0.01,0.01,255.18,500.72
-0.05,0.1,0.35,0.01,0.02,254.81,518.87
-0.05,0.1,0.35,0.01,0.03,254.41,537.32
-0.05,0.1,0.35,0.01,0.04,253.97,556.11
-0.05,0.1,0.35,0.02,0,272.53,482.57
-0.05,0.1,0.35,0.02,0.01,272.28,500.41
-0.05,0.1,0.35,0.02,0.02,272.01,518.53
-0.05,0.1,0.35,0.02,0.03,271.71,536.96
-0.05,0.1,0.35,0.02,0.04,271.39,555.72
-0.05,0.1,0.35,0.03,0,289.47,482.37
-0.05,0.1,0.35,0.03,0.01,289.31,500.2
-0.05,0.1,0.35,0.03,0.02,289.14,518.3
-0.05,0.1,0.35,0.03,0.03,288.95,536.71
0,0,0.35,0.02,0.04,353.11,386.23
0,0,0.35,0.03,0,369.53,320
0,0,0.35,0.03,0.01,369.54,336.51
0,0,0.35,0.03,0.02,369.58,353.05
0,0,0.35,0.03,0.03,369.64,369.64
0,0,0.35,0.03,0.04,369.74,386.31
0,0.05,0.35,0,0,320,399.66
0,0.05,0.35,0,0.01,320,416.5
0,0.05,0.35,0,0.02,320,433.49
0,0.05,0.35,0,0.03,320,450.66
0,0.05,0.35,0,0.04,320,468.04
0,0.05,0.35,0.01,0,336.57,399.69
0,0.05,0.35,0.01,0.01,336.62,416.53
0,0.05,0.35,0.01,0.02,336.68,433.52
0,0.05,0.35,0.01,0.03,336.74,450.7
0,0.05,0.35,0.01,0.04,336.81,468.08
0,0.05,0.35,0.02,0,353.18,399.75
0,0.05,0.35,0.02,0.01,353.27,416.6
0,0.05,0.35,0.02,0.02,353.38,433.61
0,0.05,0.35,0.02,0.03,353.51,450.8
0,0.05,0.35,0.02,0.04,353.65,468.19
0,0.05,0.35,0.03,0,369.83,399.85
0,0.05,0.35,0.03,0.01,369.97,416.73
0,0.05,0.35,0.03,0.02,370.13,433.76
0,0.05,0.35,0.03,0.03,370.32,450.97
0,0.05,0.35,0.03,0.04,370.54,468.38
0,0.1,0.35,0,0,320,482.24
0,0.1,0.35,0,0.01,320,500.05
0,0.1,0.35,0,0.02,320,518.13
0,0.1,0.35,0,0.03,320,536.53
0,0.1,0.35,0,0.04,320,555.25
0,0.1,0.35,0.01,0,336.88,482.28
0,0.1,0.35,0.01,0.01,336.97,500.09
0,0.1,0.35,0.01,0.02,337.06,518.18
0,0.1,0.35,0.01,0.03,337.17,536.58
0,0.1,0.35,0.01,0.04,337.28,555.31
0,0.1,0.35,0.02,0,353.78,482.4
0,0.1,0.35,0.02,0.01,353.96,500.23
0,0.1,0.35,0.02,0.02,354.15,518.34
0,0.1,0.35,0.02,0.03,354.36,536.75
0,0.1,0.35,0.02,0.04,354.59,555.48
0,0.1,0.35,0.03,0,370.74,482.61
0,0.1,0.35,0.03,0.01,371,500.46
0,0.1,0.35,0.03,0.02,371.29,518.59
0,0.1,0.35,0.03,0.03,371.61,537.02
0.05,0,0.35,0.02,0.04,433.97,386.97
0.05,0,0.35,0.03,0,450.66,320
0.05,0,0.35,0.03,0.01,450.7,336.74
0.05,0,0.35,0.03,0.02,450.8,353.51
0.05,0,0.35,0.03,0.03,450.97,370.32
0.05,0,0.35,0.03,0.04,451.21,387.22
0.05,0.05,0.35,0,0,400.15,400.15
0.05,0.05,0.35,0,0.01,400.37,417.09
0.05,0.05,0.35,0,0.02,400.64,434.18
0.05,0.05,0.35,0,0.03,400.94,451.45
0.05,0.05,0.35,0,0.04,401.29,468.93
0.05,0.05,0.35,0.01,0,417.09,400.37
0.05,0.05,0.35,0.01,0.01,417.36,417.36
0.05,0.05,0.35,0.01,0.02,417.68,434.5
0.05,0.05,0.35,0.01,0.03,418.05,451.81
0.05,0.05,0.35,0.01,0.04,418.47,469.33
0.05,0.05,0.35,0.02,0,434.18,400.64
0.05,0.05,0.35,0.02,0.01,434.5,417.68
0.05,0.05,0.35,0.02,0.02,434.87,434.87
0.05,0.05,0.35,0.02,0.03,435.3,452.24
0.05,0.05,0.35,0.02,0.04,435.8,469.82
0.05,0.05,0.35,0.03,0,451.45,400.94
0.05,0.05,0.35,0.03,0.01,451.81,418.05
0.05,0.05,0.35,0.03,0.02,452.24,435.3
0.05,0.05,0.35,0.03,0.03,452.74,452.74
0.05,0.05,0.35,0.03,0.04,453.31,470.38
0.05,0.1,0.35,0,0,401.6,483.21
0.05,0.1,0.35,0,0.01,402.03,501.12
0.05,0.1,0.35,0,0.02,402.49,519.31
0.05,0.1,0.35,0,0.03,403,537.8
0.05,0.1,0.35,0,0.04,403.55,556.62
0.05,0.1,0.35,0.01,0,418.85,483.65
0.05,0.1,0.35,0.01,0.01,419.36,501.61
0.05,0.1,0.35,0.01,0.02,419.92,519.84
0.05,0.1,0.35,0.01,0.03,420.54,538.38
0.05,0.1,0.35,0.01,0.04,421.2,557.25
0.05,0.1,0.35,0.02,0,436.24,484.18
0.05,0.1,0.35,0.02,0.01,436.84,502.19
0.05,0.1,0.35,0.02,0.02,437.5,520.48
0.05,0.1,0.35,0.02,0.03,438.22,539.08
0.05,0.1,0.35,0.02,0.04,439,558
0.05,0.1,0.35,0.03,0,453.81,484.79
0.05,0.1,0.35,0.03,0.01,454.5,502.87
0.05,0.1,0.35,0.03,0.02,455.26,521.22
0.05,0.1,0.35,0.03,0.03,456.08,539.88
0.1,0,0.35,0.02,0.04,518.94,388.51
0.1,0,0.35,0.03,0,536.53,320
0.1,0,0.35,0.03,0.01,536.58,337.17
0.1,0,0.35,0.03,0.02,536.75,354.36
0.1,0,0.35,0.03,0.03,537.02,371.61
0.1,0,0.35,0.03,0.04,537.41,388.93
0.1,0.05,0.35,0,0,483.21,401.6
0.1,0.05,0.35,0,0.01,483.65,418.85
0.1,0.05,0.35,0,0.02,484.18,436.24
0.1,0.05,0.35,0,0.03,484.79,453.81
0.1,0.05,0.35,0,0.04,485.49,471.59
0.1,0.05,0.35,0.01,0,501.12,402.03
0.1,0.05,0.35,0.01,0.01,501.61,419.36
0.1,0.05,0.35,0.01,0.02,502.19,436.84
0.1,0.05,0.35,0.01,0.03,502.87,454.5
0.1,0.05,0.35,0.01,0.04,503.64,472.37
0.1,0.05,0.35,0.02,0,519.31,402.49
0.1,0.05,0.35,0.02,0.01,519.84,419.92
0.1,0.05,0.35,0.02,0.02,520.48,437.5
0.1,0.05,0.35,0.02,0.03,521.22,455.26
0.1,0.05,0.35,0.02,0.04,522.06,473.22
0.1,0.05,0.35,0.03,0,537.8,403
0.1,0.05,0.35,0.03,0.01,538.38,420.54
0.1,0.05,0.35,0.03,0.02,539.08,438.22
0.1,0.05,0.35,0.03,0.03,539.88,456.08
0.1,0.05,0.35,0.03,0.04,540.79,474.15
0.1,0.1,0.35,0,0,486.12,486.12
0.1,0.1,0.35,0,0.01,486.96,504.33
0.1,0.1,0.35,0,0.02,487.9,522.82
0.1,0.1,0.35,0,0.03,488.91,541.61
0.1,0.1,0.35,0,0.04,490.01,560.74
0.1,0.1,0.35,0.01,0,504.33,486.96
0.1,0.1,0.35,0.01,0.01,505.27,505.27
0.1,0.1,0.35,0.01,0.02,506.29,523.84
0.1,0.1,0.35,0.01,0.03,507.42,542.73
0.1,0.1,0.35,0.01,0.04,508.63,561.94
0.1,0.1,0.35,0.02,0,522.82,487.9
0.1,0.1,0.35,0.02,0.01,523.84,506.29
0.1,0.1,0.35,0.02,0.02,524.97,524.97
0.1,0.1,0.35,0.02,0.03,526.2,543.95
0.1,0.1,0.35,0.02,0.04,527.53,563.26
0.1,0.1,0.35,0.03,0,541.61,488.91
0.1,0.1,0.35,0.03,0.01,542.73,507.42
0.1,0.1,0.35,0.03,0.02,543.95,526.2
0.1,0.1,0.35,0.03,0.03,545.28,545.28
-0.1,0,0.36,0.02,0.04,195.8,385.23
-0.1,0,0.36,0.03,0,212.91,320
-0.1,0,0.36,0.03,0.01,212.89,336.19
-0.1,0,0.36,0.03,0.02,212.81,352.41
-0.1,0,0.36,0.03,0.03,212.68,368.67
-0.1,0,0.36,0.03,0.04,212.49,385.01
-0.1,0.05,0.36,0,0,161.59,399.21
-0.1,0.05,0.36,0,0.01,161.18,415.93
-0.1,0.05,0.36,0,0.02,160.69,432.79
-0.1,0.05,0.36,0,0.03,160.13,449.82
-0.1,0.05,0.36,0,0.04,159.49,467.03
-0.1,0.05,0.36,0.01,0,178.69,398.86
-0.1,0.05,0.36,0.01,0.01,178.32,415.51
-0.1,0.05,0.36,0.01,0.02,177.89,432.29
-0.1,0.05,0.36,0.01,0.03,177.38,449.25
-0.1,0.05,0.36,0.01,0.04,176.81,466.39
-0.1,0.05,0.36,0.02,0,195.59,398.54
-0.1,0.05,0.36,0.02,0.01,195.26,415.13
-0.1,0.05,0.36,0.02,0.02,194.88,431.85
-0.1,0.05,0.36,0.02,0.03,194.43,448.74
-0.1,0.05,0.36,0.02,0.04,193.92,465.81
-0.1,0.05,0.36,0.03,0,212.3,398.27
-0.1,0.05,0.36,0.03,0.01,212.02,414.8
-0.1,0.05,0.36,0.03,0.02,211.69,431.46
-0.1,0.05,0.36,0.03,0.03,211.3,448.29
-0.1,0.05,0.36,0.03,0.04,210.86,465.31
-0.1,0.1,0.36,0,0,158.91,481.09
-0.1,0.1,0.36,0,0.01,158.13,498.7
-0.1,0.1,0.36,0,0.02,157.28,516.57
-0.1,0.1,0.36,0,0.03,156.34,534.72
-0.1,0.1,0.36,0,0.04,155.33,553.17
-0.1,0.1,0.36,0.01,0,176.29,480.39
-0.1,0.1,0.36,0.01,0.01,175.6,497.93
-0.1,0.1,0.36,0.01,0.02,174.83,515.72
-0.1,0.1,0.36,0.01,0.03,173.99,533.8
-0.1,0.1,0.36,0.01,0.04,173.09,552.18
-0.1,0.1,0.36,0.02,0,193.47,479.76
-0.1,0.1,0.36,0.02,0.01,192.85,497.24
-0.1,0.1,0.36,0.02,0.02,192.17,514.97
-0.1,0.1,0.36,0.02,0.03,191.43,532.98
-0.1,0.1,0.36,0.02,0.04,190.63,551.29
-0.1,0.1,0.36,0.03,0,210.46,479.21
-0.1,0.1,0.36,0.03,0.01,209.93,496.63
-0.1,0.1,0.36,0.03,0.02,209.34,514.3
-0.1,0.1,0.36,0.03,0.03,208.69,532.26
-0.05,0,0.36,0.02,0.04,274.77,384.43
-0.05,0,0.36,0.03,0,291.03,320
-0.05,0,0.36,0.03,0.01,291.02,336.03
-0.05,0,0.36,0.03,0.02,291,352.08
-0.05,0,0.36,0.03,0.03,290.97,368.18
-0.05,0,0.36,0.03,0.04,290.92,384.36
-0.05,0.05,0.36,0,0,242.13,397.87
-0.05,0.05,0.36,0,0.01,241.92,414.32
-0.05,0.05,0.36,0,0.02,241.68,430.9
-0.05,0.05,0.36,0,0.03,241.4,447.65
-0.05,0.05,0.36,0,0.04,241.08,464.58
-0.05,0.05,0.36,0.01,0,258.46,397.7
-0.05,0.05,0.36,0.01,0.01,258.3,414.11
-0.05,0.05,0.36,0.01,0.02,258.1,430.66
-0.05,0.05,0.36,0.01,0.03,257.88,447.38
-0.05,0.05,0.36,0.01,0.04,257.63,464.28
-0.05,0.05,0.36,0.02,0,274.69,397.58
-0.05,0.05,0.36,0.02,0.01,274.58,413.96
-0.05,0.05,0.36,0.02,0.02,274.43,430.48
-0.05,0.05,0.36,0.02,0.03,274.27,447.17
-0.05,0.05,0.36,0.02,0.04,274.08,464.04
-0.05,0.05,0.36,0.03,0,290.86,397.49
-0.05,0.05,0.36,0.03,0.01,290.79,413.85
-0.05,0.05,0.36,0.03,0.02,290.7,430.36
-0.05,0.05,0.36,0.03,0.03,290.59,447.03
-0.05,0.05,0.36,0.03,0.04,290.47,463.88
-0.05,0.1,0.36,0,0,240.79,478.41
-0.05,0.1,0.36,0,0.01,240.4,495.75
-0.05,0.1,0.36,0,0.02,239.97,513.34
-0.05,0.1,0.36,0,0.03,239.51,531.21
-0.05,0.1,0.36,0,0.04,239,549.39
-0.05,0.1,0.36,0.01,0,257.4,478.08
-0.05,0.1,0.36,0.01,0.01,257.09,495.38
-0.05,0.1,0.36,0.01,0.02,256.75,512.94
-0.05,0.1,0.36,0.01,0.03,256.38,530.78
-0.05,0.1,0.36,0.01,0.04,255.98,548.92
-0.05,0.1,0.36,0.02,0,273.91,477.83
-0.05,0.1,0.36,0.02,0.01,273.69,495.1
-0.05,0.1,0.36,0.02,0.02,273.44,512.63
-0.05,0.1,0.36,0.02,0.03,273.16,530.44
-0.05,0.1,0.36,0.02,0.04,272.87,548.56
-0.05,0.1,0.36,0.03,0,290.36,477.65
-0.05,0.1,0.36,0.03,0.01,290.22,494.91
-0.05,0.1,0.36,0.03,0.02,290.05,512.42
-0.05,0.1,0.36,0.03,0.03,289.88,530.21
0,0,0.36,0.02,0.04,352.18,384.37
0,0,0.36,0.03,0,368.14,320
0,0,0.36,0.03,0.01,368.16,336.05
0,0,0.36,0.03,0.02,368.19,352.13
0,0,0.36,0.03,0.03,368.25,368.25
0,0,0.36,0.03,0.04,368.34,384.45
0,0.05,0.36,0,0,320,397.43
0,0.05,0.36,0,0.01,320,413.78
0,0.05,0.36,0,0.02,320,430.27
0,0.05,0.36,0,0.03,320,446.92
0,0.05,0.36,0,0.04,320,463.77
0,0.05,0.36,0.01,0,336.11,397.44
0,0.05,0.36,0.01,0.01,336.15,413.8
0,0.05,0.36,0.01,0.02,336.2,430.3
0,0.05,0.36,0.01,0.03,336.26,446.95
0,0.05,0.36,0.01,0.04,336.33,463.8
0,0.05,0.36,0.02,0,352.24,397.5
0,0.05,0.36,0.02,0.01,352.33,413.87
0,0.05,0.36,0.02,0.02,352.43,430.38
0,0.05,0.36,0.02,0.03,352.54,447.05
0,0.05,0.36,0.02,0.04,352.68,463.91
0,0.05,0.36,0.03,0,368.42,397.6
0,0.05,0.36,0.03,0.01,368.55,413.99
0,0.05,0.36,0.03,0.02,368.7,430.51
0,0.05,0.36,0.03,0.03,368.88,447.21
0,0.05,0.36,0.03,0.04,369.08,464.08
0,0.1,0.36,0,0,320,477.52
0,0.1,0.36,0,0.01,320,494.77
0,0.1,0.36,0,0.02,320,512.27
0,0.1,0.36,0,0.03,320,530.04
0,0.1,0.36,0,0.04,320,548.13
0,0.1,0.36,0.01,0,336.39,477.56
0,0.1,0.36,0.01,0.01,336.47,494.81
0,0.1,0.36,0.01,0.02,336.56,512.31
0,0.1,0.36,0.01,0.03,336.65,530.09
0,0.1,0.36,0.01,0.04,336.76,548.18
0,0.1,0.36,0.02,0,352.8,477.68
0,0.1,0.36,0.02,0.01,352.96,494.94
0,0.1,0.36,0.02,0.02,353.14,512.45
0,0.1,0.36,0.02,0.03,353.33,530.25
0,0.1,0.36,0.02,0.04,353.54,548.34
0,0.1,0.36,0.03,0,369.26,477.87
0,0.1,0.36,0.03,0.01,369.5,495.15
0,0.1,0.36,0.03,0.02,369.77,512.69
0,0.1,0.36,0.03,0.03,370.06,530.5
0.05,0,0.36,0.02,0.04,430.71,385.05
0.05,0,0.36,0.03,0,446.92,320
0.05,0,0.36,0.03,0.01,446.95,336.26
0.05,0,0.36,0.03,0.02,447.05,352.54
0.05,0,0.36,0.03,0.03,447.21,368.88
0.05,0,0.36,0.03,0.04,447.42,385.28
0.05,0.05,0.36,0,0,397.87,397.87
0.05,0.05,0.36,0,0.01,398.08,414.32
0.05,0.05,0.36,0,0.02,398.32,430.9
0.05,0.05,0.36,0,0.03,398.6,447.65
0.05,0.05,0.36,0,0.04,398.92,464.58
0.05,0.05,0.36,0.01,0,414.32,398.08
0.05,0.05,0.36,0.01,0.01,414.56,414.56
0.05,0.05,0.36,0.01,0.02,414.86,431.19
0.05,0.05,0.36,0.01,0.03,415.2,447.98
0.05,0.05,0.36,0.01,0.04,415.58,464.96
0.05,0.05,0.36,0.02,0,430.9,398.32
0.05,0.05,0.36,0.02,0.01,431.19,414.86
0.05,0.05,0.36,0.02,0.02,431.53,431.53
0.05,0.05,0.36,0.02,0.03,431.93,448.37
0.05,0.05,0.36,0.02,0.04,432.39,465.4
0.05,0.05,0.36,0.03,0,447.65,398.6
0.05,0.05,0.36,0.03,0.01,447.98,415.2
0.05,0.05,0.36,0.03,0.02,448.37,431.93
0.05,0.05,0.36,0.03,0.03,448.83,448.83
0.05,0.05,0.36,0.03,0.04,449.35,465.92
0.05,0.1,0.36,0,0,399.21,478.41
0.05,0.1,0.36,0,0.01,399.6,495.75
0.05,0.1,0.36,0,0.02,400.03,513.34
0.05,0.1,0.36,0,0.03,400.49,531.21
0.05,0.1,0.36,0,0.04,401,549.39
0.05,0.1,0.36,0.01,0,415.93,478.82
0.05,0.1,0.36,0.01,0.01,416.4,496.2
0.05,0.1,0.36,0.01,0.02,416.92,513.84
0.05,0.1,0.36,0.01,0.03,417.48,531.75
0.05,0.1,0.36,0.01,0.04,418.09,549.97
0.05,0.1,0.36,0.02,0,432.79,479.31
0.05,0.1,0.36,0.02,0.01,433.34,496.74
0.05,0.1,0.36,0.02,0.02,433.95,514.42
0.05,0.1,0.36,0.02,0.03,434.61,532.39
0.05,0.1,0.36,0.02,0.04,435.33,550.66
0.05,0.1,0.36,0.03,0,449.82,479.87
0.05,0.1,0.36,0.03,0.01,450.45,497.36
0.05,0.1,0.36,0.03,0.02,451.15,515.1
0.05,0.1,0.36,0.03,0.03,451.91,533.13
0.1,0,0.36,0.02,0.04,513.01,386.47
0.1,0,0.36,0.03,0,530.04,320
0.1,0,0.36,0.03,0.01,530.09,336.65
0.1,0,0.36,0.03,0.02,530.25,353.33
0.1,0,0.36,0.03,0.03,530.5,370.06
0.1,0,0.36,0.03,0.04,530.85,386.86
0.1,0.05,0.36,0,0,478.41,399.21
0.1,0.05,0.36,0,0.01,478.82,415.93
0.1,0.05,0.36,0,0.02,479.31,432.79
0.1,0.05,0.36,0,0.03,479.87,449.82
0.1,0.05,0.36,0,0.04,480.51,467.03
0.1,0.05,0.36,0.01,0,495.75,399.6
0.1,0.05,0.36,0.01,0.01,496.2,416.4
0.1,0.05,0.36,0.01,0.02,496.74,433.34
0.1,0.05,0.36,0.01,0.03,497.36,450.45
0.1,0.05,0.36,0.01,0.04,498.07,467.75
0.1,0.05,0.36,0.02,0,513.34,400.03
0.1,0.05,0.36,0.02,0.01,513.84,416.92
0.1,0.05,0.36,0.02,0.02,514.42,433.95
0.1,0.05,0.36,0.02,0.03,515.1,451.15
0.1,0.05,0.36,0.02,0.04,515.88,468.53
0.1,0.05,0.36,0.03,0,531.21,400.49
0.1,0.05,0.36,0.03,0.01,531.75,417.48
0.1,0.05,0.36,0.03,0.02,532.39,434.61
0.1,0.05,0.36,0.03,0.03,533.13,451.91
0.1,0.05,0.36,0.03,0.04,533.97,469.39
0.1,0.1,0.36,0,0,481.09,481.09
0.1,0.1,0.36,0,0.01,481.87,498.7
0.1,0.1,0.36,0,0.02,482.72,516.57
0.1,0.1,0.36,0,0.03,483.66,534.72
0.1,0.1,0.36,0,0.04,484.67,553.17
0.1,0.1,0.36,0.01,0,498.7,481.87
0.1,0.1,0.36,0.01,0.01,499.56,499.56
0.1,0.1,0.36,0.01,0.02,500.51,517.51
0.1,0.1,0.36,0.01,0.03,501.54,535.74
0.1,0.1,0.36,0.01,0.04,502.66,554.28
0.1,0.1,0.36,0.02,0,516.57,482.72
0.1,0.1,0.36,0.02,0.01,517.51,500.51
0.1,0.1,0.36,0.02,0.02,518.55,518.55
0.1,0.1,0.36,0.02,0.03,519.68,536.87
0.1,0.1,0.36,0.02,0.04,520.9,555.49
0.1,0.1,0.36,0.03,0,534.72,483.66
0.1,0.1,0.36,0.03,0.01,535.74,501.54
0.1,0.1,0.36,0.03,0.02,536.87,519.68
0.1,0.1,0.36,0.03,0.03,538.09,538.09
-0.1,0,0.37,0.02,0.04,199.28,383.41
-0.1,0,0.37,0.03,0,215.87,320
-0.1,0,0.37,0.03,0.01,215.84,335.74
-0.1,0,0.37,0.03,0.02,215.77,351.51
-0.1,0,0.37,0.03,0.03,215.65,367.32
-0.1,0,0.37,0.03,0.04,215.48,383.2
-0.1,0.05,0.37,0,0,166.1,396.95
-0.1,0.05,0.37,0,0.01,165.72,413.18
-0.1,0.05,0.37,0,0.02,165.27,429.55
-0.1,0.05,0.37,0,0.03,164.75,446.06
-0.1,0.05,0.37,0,0.04,164.16,462.75
-0.1,0.05,0.37,0.01,0,182.68,396.63
-0.1,0.05,0.37,0.01,0.01,182.35,412.79
-0.1,0.05,0.37,0.01,0.02,181.94,429.09
-0.1,0.05,0.37,0.01,0.03,181.48,445.53
-0.1,0.05,0.37,0.01,0.04,180.95,462.15
-0.1,0.05,0.37,0.02,0,199.08,396.34
-0.1,0.05,0.37,0.02,0.01,198.78,412.45
-0.1,0.05,0.37,0.02,0.02,198.43,428.68
-0.1,0.05,0.37,0.02,0.03,198.01,445.07
-0.1,0.05,0.37,0.02,0.04,197.55,461.62
-0.1,0.05,0.37,0.03,0,215.3,396.09
-0.1,0.05,0.37,0.03,0.01,215.05,412.14
-0.1,0.05,0.37,0.03,0.02,214.74,428.32
-0.1,0.05,0.37,0.03,0.03,214.38,444.66
-0.1,0.05,0.37,0.03,0.04,213.97,461.16
-0.1,0.1,0.37,0,0,163.64,476.36
-0.1,0.1,0.37,0,0.01,162.92,493.42
-0.1,0.1,0.37,0,0.02,162.13,510.71
-0.1,0.1,0.37,0,0.03,161.27,528.26
-0.1,0.1,0.37,0,0.04,160.34,546.08
-0.1,0.1,0.37,0.01,0,180.48,475.72
-0.1,0.1,0.37,0.01,0.01,179.83,492.7
-0.1,0.1,0.37,0.01,0.02,179.13,509.93
-0.1,0.1,0.37,0.01,0.03,178.36,527.41
-0.1,0.1,0.37,0.01,0.04,177.52,545.17
-0.1,0.1,0.37,0.02,0,197.13,475.14
-0.1,0.1,0.37,0.02,0.01,196.56,492.07
-0.1,0.1,0.37,0.02,0.02,195.93,509.23
-0.1,0.1,0.37,0.02,0.03,195.25,526.65
-0.1,0.1,0.37,0.02,0.04,194.52,544.35
-0.1,0.1,0.37,0.03,0,213.61,474.64
-0.1,0.1,0.37,0.03,0.01,213.12,491.51
-0.1,0.1,0.37,0.03,0.02,212.57,508.62
-0.1,0.1,0.37,0.03,0.03,211.98,525.99
-0.05,0,0.37,0.02,0.04,276.01,382.67
-0.05,0,0.37,0.03,0,291.82,320
-0.05,0,0.37,0.03,0.01,291.81,335.59
-0.05,0,0.37,0.03,0.02,291.79,351.21
-0.05,0,0.37,0.03,0.03,291.76,366.87
-0.05,0,0.37,0.03,0.04,291.71,382.6
-0.05,0.05,0.37,0,0,244.28,395.72
-0.05,0.05,0.37,0,0.01,244.09,411.7
-0.05,0.05,0.37,0,0.02,243.87,427.8
-0.05,0.05,0.37,0,0.03,243.61,444.06
-0.05,0.05,0.37,0,0.04,243.31,460.49
-0.05,0.05,0.37,0.01,0,260.15,395.57
-0.05,0.05,0.37,0.01,0.01,260,411.51
-0.05,0.05,0.37,0.01,0.02,259.82,427.59
-0.05,0.05,0.37,0.01,0.03,259.62,443.81
-0.05,0.05,0.37,0.01,0.04,259.39,460.21
-0.05,0.05,0.37,0.02,0,275.94,395.45
-0.05,0.05,0.37,0.02,0.01,275.83,411.37
-0.05,0.05,0.37,0.02,0.02,275.7,427.42
-0.05,0.05,0.37,0.02,0.03,275.54,443.62
-0.05,0.05,0.37,0.02,0.04,275.37,460
-0.05,0.05,0.37,0.03,0,291.66,395.37
-0.05,0.05,0.37,0.03,0.01,291.59,411.27
-0.05,0.05,0.37,0.03,0.02,291.51,427.3
-0.05,0.05,0.37,0.03,0.03,291.41,443.49
-0.05,0.05,0.37,0.03,0.04,291.3,459.85
-0.05,0.1,0.37,0,0,243.05,473.9
-0.05,0.1,0.37,0,0.01,242.69,490.7
-0.05,0.1,0.37,0,0.02,242.3,507.74
-0.05,0.1,0.37,0,0.03,241.86,525.03
-0.05,0.1,0.37,0,0.04,241.4,542.6
-0.05,0.1,0.37,0.01,0,259.18,473.6
-0.05,0.1,0.37,0.01,0.01,258.89,490.36
-0.05,0.1,0.37,0.01,0.02,258.58,507.37
-0.05,0.1,0.37,0.01,0.03,258.24,524.63
-0.05,0.1,0.37,0.01,0.04,257.87,542.16
-0.05,0.1,0.37,0.02,0,275.22,473.36
-0.05,0.1,0.37,0.02,0.01,275.01,490.1
-0.05,0.1,0.37,0.02,0.02,274.78,507.08
-0.05,0.1,0.37,0.02,0.03,274.53,524.32
-0.05,0.1,0.37,0.02,0.04,274.26,541.83
-0.05,0.1,0.37,0.03,0,291.2,473.2
-0.05,0.1,0.37,0.03,0.01,291.06,489.92
-0.05,0.1,0.37,0.03,0.02,290.92,506.88
-0.05,0.1,0.37,0.03,0.03,290.75,524.1
0,0,0.37,0.02,0.04,351.31,382.61
0,0,0.37,0.03,0,366.84,320
0,0,0.37,0.03,0.01,366.85,335.62
0,0,0.37,0.03,0.02,366.88,351.25
0,0,0.37,0.03,0.03,366.94,366.94
0,0,0.37,0.03,0.04,367.01,382.69
0,0.05,0.37,0,0,320,395.31
0,0.05,0.37,0,0.01,320,411.2
0,0.05,0.37,0,0.02,320,427.22
0,0.05,0.37,0,0.03,320,443.39
0,0.05,0.37,0,0.04,320,459.74
0,0.05,0.37,0.01,0,335.67,395.33
0,0.05,0.37,0.01,0.01,335.71,411.22
0,0.05,0.37,0.01,0.02,335.75,427.25
0,0.05,0.37,0.01,0.03,335.81,443.42
0,0.05,0.37,0.01,0.04,335.87,459.77
0,0.05,0.37,0.02,0,351.36,395.38
0,0.05,0.37,0.02,0.01,351.44,411.29
0,0.05,0.37,0.02,0.02,351.53,427.32
0,0.05,0.37,0.02,0.03,351.64,443.51
0,0.05,0.37,0.02,0.04,351.76,459.87
0,0.05,0.37,0.03,0,367.09,395.47
0,0.05,0.37,0.03,0.01,367.21,411.39
0,0.05,0.37,0.03,0.02,367.35,427.45
0,0.05,0.37,0.03,0.03,367.51,443.65
0,0.05,0.37,0.03,0.04,367.7,460.03
0,0.1,0.37,0,0,320,473.08
0,0.1,0.37,0,0.01,320,489.8
0,0.1,0.37,0,0.02,320,506.74
0,0.1,0.37,0,0.03,320,523.95
0,0.1,0.37,0,0.04,320,541.44
0,0.1,0.37,0.01,0,335.92,473.12
0,0.1,0.37,0.01,0.01,336,489.83
0,0.1,0.37,0.01,0.02,336.08,506.79
0,0.1,0.37,0.01,0.03,336.17,524
0,0.1,0.37,0.01,0.04,336.27,541.49
0,0.1,0.37,0.02,0,351.87,473.22
0,0.1,0.37,0.02,0.01,352.02,489.95
0,0.1,0.37,0.02,0.02,352.18,506.92
0,0.1,0.37,0.02,0.03,352.36,524.14
0,0.1,0.37,0.02,0.04,352.56,541.64
0,0.1,0.37,0.03,0,367.86,473.4
0,0.1,0.37,0.03,0.01,368.09,490.15
0,0.1,0.37,0.03,0.02,368.33,507.13
0,0.1,0.37,0.03,0.03,368.6,524.37
0.05,0,0.37,0.02,0.04,427.62,383.24
0.05,0,0.37,0.03,0,443.39,320
0.05,0,0.37,0.03,0.01,443.42,335.81
0.05,0,0.37,0.03,0.02,443.51,351.64
0.05,0,0.37,0.03,0.03,443.65,367.51
0.05,0,0.37,0.03,0.04,443.86,383.45
0.05,0.05,0.37,0,0,395.72,395.72
0.05,0.05,0.37,0,0.01,395.91,411.7
0.05,0.05,0.37,0,0.02,396.13,427.8
0.05,0.05,0.37,0,0.03,396.39,444.06
0.05,0.05,0.37,0,0.04,396.69,460.49
0.05,0.05,0.37,0.01,0,411.7,395.91
0.05,0.05,0.37,0.01,0.01,411.93,411.93
0.05,0.05,0.37,0.01,0.02,412.2,428.07
0.05,0.05,0.37,0.01,0.03,412.51,444.37
0.05,0.05,0.37,0.01,0.04,412.87,460.84
0.05,0.05,0.37,0.02,0,427.8,396.13
0.05,0.05,0.37,0.02,0.01,428.07,412.2
0.05,0.05,0.37,0.02,0.02,428.39,428.39
0.05,0.05,0.37,0.02,0.03,428.76,444.73
0.05,0.05,0.37,0.02,0.04,429.17,461.25
0.05,0.05,0.37,0.03,0,444.06,396.39
0.05,0.05,0.37,0.03,0.01,444.37,412.51
0.05,0.05,0.37,0.03,0.02,444.73,428.76
0.05,0.05,0.37,0.03,0.03,445.15,445.15
0.05,0.05,0.37,0.03,0.04,445.63,461.72
0.05,0.1,0.37,0,0,396.95,473.9
0.05,0.1,0.37,0,0.01,397.31,490.7
0.05,0.1,0.37,0,0.02,397.7,507.74
0.05,0.1,0.37,0,0.03,398.14,525.03
0.05,0.1,0.37,0,0.04,398.6,542.6
0.05,0.1,0.37,0.01,0,413.18,474.28
0.05,0.1,0.37,0.01,0.01,413.62,491.12
0.05,0.1,0.37,0.01,0.02,414.1,508.19
0.05,0.1,0.37,0.01,0.03,414.61,525.52
0.05,0.1,0.37,0.01,0.04,415.18,543.13
0.05,0.1,0.37,0.02,0,429.55,474.73
0.05,0.1,0.37,0.02,0.01,430.06,491.61
0.05,0.1,0.37,0.02,0.02,430.61,508.73
0.05,0.1,0.37,0.02,0.03,431.22,526.11
0.05,0.1,0.37,0.02,0.04,431.88,543.77
0.05,0.1,0.37,0.03,0,446.06,475.25
0.05,0.1,0.37,0.03,0.01,446.64,492.18
0.05,0.1,0.37,0.03,0.02,447.28,509.36
0.05,0.1,0.37,0.03,0.03,447.98,526.79
0.1,0,0.37,0.02,0.04,507.43,384.55
0.1,0,0.37,0.03,0,523.95,320
0.1,0,0.37,0.03,0.01,524,336.17
0.1,0,0.37,0.03,0.02,524.14,352.36
0.1,0,0.37,0.03,0.03,524.37,368.6
0.1,0,0.37,0.03,0.04,524.7,384.9
0.1,0.05,0.37,0,0,473.9,396.95
0.1,0.05,0.37,0,0.01,474.28,413.18
0.1,0.05,0.37,0,0.02,474.73,429.55
0.1,0.05,0.37,0,0.03,475.25,446.06
0.1,0.05,0.37,0,0.04,475.84,462.75
0.1,0.05,0.37,0.01,0,490.7,397.31
0.1,0.05,0.37,0.01,0.01,491.12,413.62
0.1,0.05,0.37,0.01,0.02,491.61,430.06
0.1,0.05,0.37,0.01,0.03,492.18,446.64
0.1,0.05,0.37,0.01,0.04,492.84,463.4
0.1,0.05,0.37,0.02,0,507.74,397.7
0.1,0.05,0.37,0.02,0.01,508.19,414.1
0.1,0.05,0.37,0.02,0.02,508.73,430.61
0.1,0.05,0.37,0.02,0.03,509.36,447.28
0.1,0.05,0.37,0.02,0.04,510.07,464.13
0.1,0.05,0.37,0.03,0,525.03,398.14
0.1,0.05,0.37,0.03,0.01,525.52,414.61
0.1,0.05,0.37,0.03,0.02,526.11,431.22
0.1,0.05,0.37,0.03,0.03,526.79,447.98
0.1,0.05,0.37,0.03,0.04,527.56,464.91
0.1,0.1,0.37,0,0,476.36,476.36
0.1,0.1,0.37,0,0.01,477.08,493.42
0.1,0.1,0.37,0,0.02,477.87,510.71
0.1,0.1,0.37,0,0.03,478.73,528.26
0.1,0.1,0.37,0,0.04,479.66,546.08
0.1,0.1,0.37,0.01,0,493.42,477.08
0.1,0.1,0.37,0.01,0.01,494.21,494.21
0.1,0.1,0.37,0.01,0.02,495.08,511.58
0.1,0.1,0.37,0.01,0.03,496.03,529.2
0.1,0.1,0.37,0.01,0.04,497.06,547.1
0.1,0.1,0.37,0.02,0,510.71,477.87
0.1,0.1,0.37,0.02,0.01,511.58,495.08
0.1,0.1,0.37,0.02,0.02,512.53,512.53
0.1,0.1,0.37,0.02,0.03,513.57,530.23
0.1,0.1,0.37,0.02,0.04,514.69,548.22
0.1,0.1,0.37,0.03,0,528.26,478.73
0.1,0.1,0.37,0.03,0.01,529.2,496.03
0.1,0.1,0.37,0.03,0.02,530.23,513.57
0.1,0.1,0.37,0.03,0.03,531.36,531.36
-0.1,0,0.38,0.02,0.04,202.56,381.69
-0.1,0,0.38,0.03,0,218.66,320
-0.1,0,0.38,0.03,0.01,218.64,335.32
-0.1,0,0.38,0.03,0.02,218.57,350.66
-0.1,0,0.38,0.03,0.03,218.46,366.05
-0.1,0,0.38,0.03,0.04,218.3,381.49
-0.1,0.05,0.38,0,0,170.36,394.82
-0.1,0.05,0.38,0,0.01,170.01,410.6
-0.1,0.05,0.38,0,0.02,169.59,426.49
-0.1,0.05,0.38,0,0.03,169.11,442.52
-0.1,0.05,0.38,0,0.04,168.57,458.71
-0.1,0.05,0.38,0.01,0,186.45,394.52
-0.1,0.05,0.38,0.01,0.01,186.14,410.23
-0.1,0.05,0.38,0.01,0.02,185.77,426.06
-0.1,0.05,0.38,0.01,0.03,185.34,442.03
-0.1,0.05,0.38,0.01,0.04,184.85,458.16
-0.1,0.05,0.38,0.02,0,202.38,394.26
-0.1,0.05,0.38,0.02,0.01,202.1,409.91
-0.1,0.05,0.38,0.02,0.02,201.77,425.69
-0.1,0.05,0.38,0.02,0.03,201.39,441.6
-0.1,0.05,0.38,0.02,0.04,200.96,457.68
-0.1,0.05,0.38,0.03,0,218.14,394.02
-0.1,0.05,0.38,0.03,0.01,217.9,409.63
-0.1,0.05,0.38,0.03,0.02,217.62,425.36
-0.1,0.05,0.38,0.03,0.03,217.29,441.22
-0.1,0.05,0.38,0.03,0.04,216.91,457.25
-0.1,0.1,0.38,0,0,168.08,471.92
-0.1,0.1,0.38,0,0.01,167.42,488.45
-0.1,0.1,0.38,0,0.02,166.69,505.2
-0.1,0.1,0.38,0,0.03,165.9,522.18
-0.1,0.1,0.38,0,0.04,165.04,539.43
-0.1,0.1,0.38,0.01,0,184.42,471.32
-0.1,0.1,0.38,0.01,0.01,183.82,487.79
-0.1,0.1,0.38,0.01,0.02,183.17,504.48
-0.1,0.1,0.38,0.01,0.03,182.46,521.4
-0.1,0.1,0.38,0.01,0.04,181.69,538.58
-0.1,0.1,0.38,0.02,0,200.58,470.79
-0.1,0.1,0.38,0.02,0.01,200.05,487.2
-0.1,0.1,0.38,0.02,0.02,199.47,503.83
-0.1,0.1,0.38,0.02,0.03,198.84,520.7
-0.1,0.1,0.38,0.02,0.04,198.16,537.83
-0.1,0.1,0.38,0.03,0,216.58,470.32
-0.1,0.1,0.38,0.03,0.01,216.12,486.69
-0.1,0.1,0.38,0.03,0.02,215.62,503.27
-0.1,0.1,0.38,0.03,0.03,215.07,520.09
-0.05,0,0.38,0.02,0.04,277.18,381
-0.05,0,0.38,0.03,0,292.56,320
-0.05,0,0.38,0.03,0.01,292.55,335.18
-0.05,0,0.38,0.03,0.02,292.53,350.39
-0.05,0,0.38,0.03,0.03,292.5,365.63
-0.05,0,0.38,0.03,0.04,292.46,380.94
-0.05,0.05,0.38,0,0,246.31,393.69
-0.05,0.05,0.38,0,0.01,246.14,409.22
-0.05,0.05,0.38,0,0.02,245.93,424.88
-0.05,0.05,0.38,0,0.03,245.69,440.67
-0.05,0.05,0.38,0,0.04,245.42,456.63
-0.05,0.05,0.38,0.01,0,261.75,393.54
-0.05,0.05,0.38,0.01,0.01,261.61,409.05
-0.05,0.05,0.38,0.01,0.02,261.45,424.68
-0.05,0.05,0.38,0.01,0.03,261.26,440.44
-0.05,0.05,0.38,0.01,0.04,261.05,456.37
-0.05,0.05,0.38,0.02,0,277.11,393.44
-0.05,0.05,0.38,0.02,0.01,277.01,408.92
-0.05,0.05,0.38,0.02,0.02,276.89,424.53
-0.05,0.05,0.38,0.02,0.03,276.75,440.27
-0.05,0.05,0.38,0.02,0.04,276.59,456.17
-0.05,0.05,0.38,0.03,0,292.42,393.36
-0.05,0.05,0.38,0.03,0.01,292.35,408.83
-0.05,0.05,0.38,0.03,0.02,292.27,424.42
-0.05,0.05,0.38,0.03,0.03,292.18,440.15
-0.05,0.05,0.38,0.03,0.04,292.08,456.03
-0.05,0.1,0.38,0,0,245.18,469.64
-0.05,0.1,0.38,0,0.01,244.85,485.94
-0.05,0.1,0.38,0,0.02,244.48,502.45
-0.05,0.1,0.38,0,0.03,244.08,519.2
-0.05,0.1,0.38,0,0.04,243.65,536.21
-0.05,0.1,0.38,0.01,0,260.85,469.36
-0.05,0.1,0.38,0.01,0.01,260.59,485.63
-0.05,0.1,0.38,0.01,0.02,260.3,502.11
-0.05,0.1,0.38,0.01,0.03,259.99,518.83
-0.05,0.1,0.38,0.01,0.04,259.65,535.81
-0.05,0.1,0.38,0.02,0,276.45,469.15
-0.05,0.1,0.38,0.02,0.01,276.26,485.39
-0.05,0.1,0.38,0.02,0.02,276.04,501.85
-0.05,0.1,0.38,0.02,0.03,275.81,518.55
-0.05,0.1,0.38,0.02,0.04,275.56,535.5
-0.05,0.1,0.38,0.03,0,291.99,468.99
-0.05,0.1,0.38,0.03,0.01,291.86,485.22
-0.05,0.1,0.38,0.03,0.02,291.73,501.67
-0.05,0.1,0.38,0.03,0.03,291.58,518.35
0,0,0.38,0.02,0.04,350.47,380.95
0,0,0.38,0.03,0,365.6,320
0,0,0.38,0.03,0.01,365.61,335.2
0,0,0.38,0.03,0.02,365.64,350.43
0,0,0.38,0.03,0.03,365.69,365.69
0,0,0.38,0.03,0.04,365.76,381.02
0,0.05,0.38,0,0,320,393.31
0,0.05,0.38,0,0.01,320,408.77
0,0.05,0.38,0,0.02,320,424.34
0,0.05,0.38,0,0.03,320,440.06
0,0.05,0.38,0,0.04,320,455.93
0,0.05,0.38,0.01,0,335.25,393.32
0,0.05,0.38,0.01,0.01,335.29,408.79
0,0.05,0.38,0.01,0.02,335.33,424.37
0,0.05,0.38,0.01,0.03,335.38,440.08
0,0.05,0.38,0.01,0.04,335.44,455.96
0,0.05,0.38,0.02,0,350.52,393.37
0,0.05,0.38,0.02,0.01,350.6,408.84
0,0.05,0.38,0.02,0.02,350.68,424.43
0,0.05,0.38,0.02,0.03,350.78,440.16
0,0.05,0.38,0.02,0.04,350.89,456.05
0,0.05,0.38,0.03,0,365.84,393.45
0,0.05,0.38,0.03,0.01,365.94,408.94
0,0.05,0.38,0.03,0.02,366.07,424.55
0,0.05,0.38,0.03,0.03,366.22,440.3
0,0.05,0.38,0.03,0.04,366.39,456.2
0,0.1,0.38,0,0,320,468.89
0,0.1,0.38,0,0.01,320,485.1
0,0.1,0.38,0,0.02,320,501.54
0,0.1,0.38,0,0.03,320,518.21
0,0.1,0.38,0,0.04,320,535.14
0,0.1,0.38,0.01,0,335.49,468.92
0,0.1,0.38,0.01,0.01,335.56,485.14
0,0.1,0.38,0.01,0.02,335.63,501.58
0,0.1,0.38,0.01,0.03,335.72,518.25
0,0.1,0.38,0.01,0.04,335.8,535.18
0,0.1,0.38,0.02,0,351,469.02
0,0.1,0.38,0.02,0.01,351.13,485.25
0,0.1,0.38,0.02,0.02,351.29,501.7
0,0.1,0.38,0.02,0.03,351.45,518.38
0,0.1,0.38,0.02,0.04,351.63,535.32
0,0.1,0.38,0.03,0,366.54,469.18
0,0.1,0.38,0.03,0.01,366.75,485.43
0,0.1,0.38,0.03,0.02,366.98,501.89
0,0.1,0.38,0.03,0.03,367.23,518.59
0.05,0,0.38,0.02,0.04,424.71,381.53
0.05,0,0.38,0.03,0,440.06,320
0.05,0,0.38,0.03,0.01,440.08,335.38
0.05,0,0.38,0.03,0.02,440.16,350.78
0.05,0,0.38,0.03,0.03,440.3,366.22
0.05,0,0.38,0.03,0.04,440.48,381.73
0.05,0.05,0.38,0,0,393.69,393.69
0.05,0.05,0.38,0,0.01,393.86,409.22
0.05,0.05,0.38,0,0.02,394.07,424.88
0.05,0.05,0.38,0,0.03,394.31,440.67
0.05,0.05,0.38,0,0.04,394.58,456.63
0.05,0.05,0.38,0.01,0,409.22,393.86
0.05,0.05,0.38,0.01,0.01,409.43,409.43
0.05,0.05,0.38,0.01,0.02,409.68,425.12
0.05,0.05,0.38,0.01,0.03,409.97,440.96
0.05,0.05,0.38,0.01,0.04,410.3,456.95
0.05,0.05,0.38,0.02,0,424.88,394.07
0.05,0.05,0.38,0.02,0.01,425.12,409.68
0.05,0.05,0.38,0.02,0.02,425.42,425.42
0.05,0.05,0.38,0.02,0.03,425.76,441.29
0.05,0.05,0.38,0.02,0.04,426.14,457.33
0.05,0.05,0.38,0.03,0,440.67,394.31
0.05,0.05,0.38,0.03,0.01,440.96,409.97
0.05,0.05,0.38,0.03,0.02,441.29,425.76
0.05,0.05,0.38,0.03,0.03,441.68,441.68
0.05,0.05,0.38,0.03,0.04,442.12,457.76
0.05,0.1,0.38,0,0,394.82,469.64
0.05,0.1,0.38,0,0.01,395.15,485.94
0.05,0.1,0.38,0,0.02,395.52,502.45
0.05,0.1,0.38,0,0.03,395.92,519.2
0.05,0.1,0.38,0,0.04,396.35,536.21
0.05,0.1,0.38,0.01,0,410.6,469.99
0.05,0.1,0.38,0.01,0.01,411,486.32
0.05,0.1,0.38,0.01,0.02,411.44,502.87
0.05,0.1,0.38,0.01,0.03,411.92,519.66
0.05,0.1,0.38,0.01,0.04,412.44,536.7
0.05,0.1,0.38,0.02,0,426.49,470.41
0.05,0.1,0.38,0.02,0.01,426.96,486.78
0.05,0.1,0.38,0.02,0.02,427.47,503.37
0.05,0.1,0.38,0.02,0.03,428.04,520.2
0.05,0.1,0.38,0.02,0.04,428.64,537.29
0.05,0.1,0.38,0.03,0,442.52,470.89
0.05,0.1,0.38,0.03,0.01,443.06,487.31
0.05,0.1,0.38,0.03,0.02,443.65,503.95
0.05,0.1,0.38,0.03,0.03,444.29,520.83
0.1,0,0.38,0.02,0.04,502.17,382.73
0.1,0,0.38,0.03,0,518.21,320
0.1,0,0.38,0.03,0.01,518.25,335.72
0.1,0,0.38,0.03,0.02,518.38,351.45
0.1,0,0.38,0.03,0.03,518.59,367.23
0.1,0,0.38,0.03,0.04,518.9,383.06
0.1,0.05,0.38,0,0,469.64,394.82
0.1,0.05,0.38,0,0.01,469.99,410.6
0.1,0.05,0.38,0,0.02,470.41,426.49
0.1,0.05,0.38,0,0.03,470.89,442.52
0.1,0.05,0.38,0,0.04,471.43,458.71
0.1,0.05,0.38,0.01,0,485.94,395.15
0.1,0.05,0.38,0.01,0.01,486.32,411
0.1,0.05,0.38,0.01,0.02,486.78,426.96
0.1,0.05,0.38,0.01,0.03,487.31,443.06
0.1,0.05,0.38,0.01,0.04,487.91,459.32
0.1,0.05,0.38,0.02,0,502.45,395.52
0.1,0.05,0.38,0.02,0.01,502.87,411.44
0.1,0.05,0.38,0.02,0.02,503.37,427.47
0.1,0.05,0.38,0.02,0.03,503.95,443.65
0.1,0.05,0.38,0.02,0.04,504.61,459.98
0.1,0.05,0.38,0.03,0,519.2,395.92
0.1,0.05,0.38,0.03,0.01,519.66,411.92
0.1,0.05,0.38,0.03,0.02,520.2,428.04
0.1,0.05,0.38,0.03,0.03,520.83,444.29
0.1,0.05,0.38,0.03,0.04,521.54,460.71
0.1,0.1,0.38,0,0,471.92,471.92
0.1,0.1,0.38,0,0.01,472.58,488.45
0.1,0.1,0.38,0,0.02,473.31,505.2
0.1,0.1,0.38,0,0.03,474.1,522.18
0.1,0.1,0.38,0,0.04,474.96,539.43
0.1,0.1,0.38,0.01,0,488.45,472.58
0.1,0.1,0.38,0.01,0.01,489.18,489.18
0.1,0.1,0.38,0.01,0.02,489.99,506
0.1,0.1,0.38,0.01,0.03,490.86,523.05
0.1,0.1,0.38,0.01,0.04,491.81,540.37
0.1,0.1,0.38,0.02,0,505.2,473.31
0.1,0.1,0.38,0.02,0.01,506,489.99
0.1,0.1,0.38,0.02,0.02,506.88,506.88
0.1,0.1,0.38,0.02,0.03,507.84,524.01
0.1,0.1,0.38,0.02,0.04,508.88,541.4
0.1,0.1,0.38,0.03,0,522.18,474.1
0.1,0.1,0.38,0.03,0.01,523.05,490.86
0.1,0.1,0.38,0.03,0.02,524.01,507.84
0.1,0.1,0.38,0.03,0.03,525.05,525.05
-0.1,0,0.39,0.02,0.04,205.67,380.05
-0.1,0,0.39,0.03,0,221.31,320
-0.1,0,0.39,0.03,0.01,221.29,334.92
-0.1,0,0.39,0.03,0.02,221.23,349.86
-0.1,0,0.39,0.03,0.03,221.12,364.84
-0.1,0,0.39,0.03,0.04,220.98,379.87
-0.1,0.05,0.39,0,0,174.38,392.81
-0.1,0.05,0.39,0,0.01,174.06,408.15
-0.1,0.05,0.39,0,0.02,173.67,423.6
-0.1,0.05,0.39,0,0.03,173.23,439.18
-0.1,0.05,0.39,0,0.04,172.73,454.9
-0.1,0.05,0.39,0.01,0,190.02,392.53
-0.1,0.05,0.39,0.01,0.01,189.73,407.82
-0.1,0.05,0.39,0.01,0.02,189.39,423.21
-0.1,0.05,0.39,0.01,0.03,188.99,438.73
-0.1,0.05,0.39,0.01,0.04,188.54,454.39
-0.1,0.05,0.39,0.02,0,205.5,392.29
-0.1,0.05,0.39,0.02,0.01,205.24,407.52
-0.1,0.05,0.39,0.02,0.02,204.94,422.86
-0.1,0.05,0.39,0.02,0.03,204.59,438.33
-0.1,0.05,0.39,0.02,0.04,204.19,453.94
-0.1,0.05,0.39,0.03,0,220.83,392.07
-0.1,0.05,0.39,0.03,0.01,220.61,407.26
-0.1,0.05,0.39,0.03,0.02,220.34,422.55
-0.1,0.05,0.39,0.03,0.03,220.04,437.98
-0.1,0.05,0.39,0.03,0.04,219.69,453.55
-0.1,0.1,0.39,0,0,172.28,467.72
-0.1,0.1,0.39,0,0.01,171.66,483.76
-0.1,0.1,0.39,0,0.02,170.99,500
-0.1,0.1,0.39,0,0.03,170.25,516.47
-0.1,0.1,0.39,0,0.04,169.46,533.17
-0.1,0.1,0.39,0.01,0,188.14,467.17
-0.1,0.1,0.39,0.01,0.01,187.59,483.15
-0.1,0.1,0.39,0.01,0.02,186.98,499.34
-0.1,0.1,0.39,0.01,0.03,186.32,515.74
-0.1,0.1,0.39,0.01,0.04,185.61,532.38
-0.1,0.1,0.39,0.02,0,203.83,466.68
-0.1,0.1,0.39,0.02,0.01,203.34,482.61
-0.1,0.1,0.39,0.02,0.02,202.81,498.74
-0.1,0.1,0.39,0.02,0.03,202.23,515.09
-0.1,0.1,0.39,0.02,0.04,201.6,531.69
-0.1,0.1,0.39,0.03,0,219.38,466.25
-0.1,0.1,0.39,0.03,0.01,218.96,482.13
-0.1,0.1,0.39,0.03,0.02,218.5,498.22
-0.1,0.1,0.39,0.03,0.03,217.99,514.53
-0.05,0,0.39,0.02,0.04,278.29,379.42
-0.05,0,0.39,0.03,0,293.26,320
-0.05,0,0.39,0.03,0.01,293.26,334.79
-0.05,0,0.39,0.03,0.02,293.24,349.61
-0.05,0,0.39,0.03,0.03,293.21,364.46
-0.05,0,0.39,0.03,0.04,293.17,379.36
-0.05,0.05,0.39,0,0,248.24,391.76
-0.05,0.05,0.39,0,0.01,248.08,406.88
-0.05,0.05,0.39,0,0.02,247.89,422.11
-0.05,0.05,0.39,0,0.03,247.67,437.47
-0.05,0.05,0.39,0,0.04,247.42,452.98
-0.05,0.05,0.39,0.01,0,263.27,391.63
-0.05,0.05,0.39,0.01,0.01,263.14,406.72
-0.05,0.05,0.39,0.01,0.02,262.99,421.92
-0.05,0.05,0.39,0.01,0.03,262.82,437.26
-0.05,0.05,0.39,0.01,0.04,262.62,452.74
-0.05,0.05,0.39,0.02,0,278.23,391.53
-0.05,0.05,0.39,0.02,0.01,278.13,406.6
-0.05,0.05,0.39,0.02,0.02,278.02,421.78
-0.05,0.05,0.39,0.02,0.03,277.89,437.09
-0.05,0.05,0.39,0.02,0.04,277.75,452.55
-0.05,0.05,0.39,0.03,0,293.13,391.46
-0.05,0.05,0.39,0.03,0.01,293.07,406.52
-0.05,0.05,0.39,0.03,0.02,293,421.68
-0.05,0.05,0.39,0.03,0.03,292.92,436.98
-0.05,0.05,0.39,0.03,0.04,292.82,452.42
-0.05,0.1,0.39,0,0,247.19,465.62
-0.05,0.1,0.39,0,0.01,246.88,481.44
-0.05,0.1,0.39,0,0.02,246.55,497.47
-0.05,0.1,0.39,0,0.03,246.18,513.71
-0.05,0.1,0.39,0,0.04,245.78,530.19
-0.05,0.1,0.39,0.01,0,262.44,465.36
-0.05,0.1,0.39,0.01,0.01,262.19,481.15
-0.05,0.1,0.39,0.01,0.02,261.93,497.15
-0.05,0.1,0.39,0.01,0.03,261.64,513.36
-0.05,0.1,0.39,0.01,0.04,261.32,529.82
-0.05,0.1,0.39,0.02,0,277.61,465.16
-0.05,0.1,0.39,0.02,0.01,277.43,480.93
-0.05,0.1,0.39,0.02,0.02,277.24,496.91
-0.05,0.1,0.39,0.02,0.03,277.02,513.1
-0.05,0.1,0.39,0.02,0.04,276.79,529.53
-0.05,0.1,0.39,0.03,0,292.74,465.02
-0.05,0.1,0.39,0.03,0.01,292.62,480.78
-0.05,0.1,0.39,0.03,0.02,292.49,496.74
-0.05,0.1,0.39,0.03,0.03,292.36,512.92
0,0,0.39,0.02,0.04,349.69,379.37
0,0,0.39,0.03,0,364.43,320
0,0,0.39,0.03,0.01,364.44,334.81
0,0,0.39,0.03,0.02,364.46,349.64
0,0,0.39,0.03,0.03,364.51,364.51
0,0,0.39,0.03,0.04,364.58,379.44
0,0.05,0.39,0,0,320,391.41
0,0.05,0.39,0,0.01,320,406.46
0,0.05,0.39,0,0.02,320,421.61
0,0.05,0.39,0,0.03,320,436.9
0,0.05,0.39,0,0.04,320,452.33
0,0.05,0.39,0.01,0,334.86,391.42
0,0.05,0.39,0.01,0.01,334.89,406.47
0,0.05,0.39,0.01,0.02,334.93,421.64
0,0.05,0.39,0.01,0.03,334.98,436.92
0,0.05,0.39,0.01,0.04,335.03,452.36
0,0.05,0.39,0.02,0,349.73,391.47
0,0.05,0.39,0.02,0.01,349.8,406.53
0,0.05,0.39,0.02,0.02,349.88,421.7
0,0.05,0.39,0.02,0.03,349.97,437
0,0.05,0.39,0.02,0.04,350.07,452.44
0,0.05,0.39,0.03,0,364.64,391.55
0,0.05,0.39,0.03,0.01,364.74,406.62
0,0.05,0.39,0.03,0.02,364.86,421.81
0,0.05,0.39,0.03,0.03,365,437.12
0,0.05,0.39,0.03,0.04,365.16,452.58
0,0.1,0.39,0,0,320,464.92
0,0.1,0.39,0,0.01,320,480.67
0,0.1,0.39,0,0.02,320,496.62
0,0.1,0.39,0,0.03,320,512.79
0,0.1,0.39,0,0.04,320,529.2
0,0.1,0.39,0.01,0,335.07,464.95
0,0.1,0.39,0.01,0.01,335.14,480.7
0,0.1,0.39,0.01,0.02,335.21,496.66
0,0.1,0.39,0.01,0.03,335.29,512.83
0,0.1,0.39,0.01,0.04,335.37,529.24
0,0.1,0.39,0.02,0,350.17,465.04
0,0.1,0.39,0.02,0.01,350.3,480.8
0,0.1,0.39,0.02,0.02,350.44,496.77
0,0.1,0.39,0.02,0.03,350.59,512.95
0,0.1,0.39,0.02,0.04,350.75,529.37
0,0.1,0.39,0.03,0,365.3,465.19
0,0.1,0.39,0.03,0.01,365.49,480.97
0,0.1,0.39,0.03,0.02,365.7,496.95
0,0.1,0.39,0.03,0.03,365.93,513.15
0.05,0,0.39,0.02,0.04,421.96,379.91
0.05,0,0.39,0.03,0,436.9,320
0.05,0,0.39,0.03,0.01,436.92,334.98
0.05,0,0.39,0.03,0.02,437,349.97
0.05,0,0.39,0.03,0.03,437.12,365
0.05,0,0.39,0.03,0.04,437.29,380.09
0.05,0.05,0.39,0,0,391.76,391.76
0.05,0.05,0.39,0,0.01,391.92,406.88
0.05,0.05,0.39,0,0.02,392.11,422.11
0.05,0.05,0.39,0,0.03,392.33,437.47
0.05,0.05,0.39,0,0.04,392.58,452.98
0.05,0.05,0.39,0.01,0,406.88,391.92
0.05,0.05,0.39,0.01,0.01,407.07,407.07
0.05,0.05,0.39,0.01,0.02,407.3,422.34
0.05,0.05,0.39,0.01,0.03,407.57,437.73
0.05,0.05,0.39,0.01,0.04,407.88,453.27
0.05,0.05,0.39,0.02,0,422.11,392.11
0.05,0.05,0.39,0.02,0.01,422.34,407.3
0.05,0.05,0.39,0.02,0.02,422.61,422.61
0.05,0.05,0.39,0.02,0.03,422.92,438.04
0.05,0.05,0.39,0.02,0.04,423.28,453.62
0.05,0.05,0.39,0.03,0,437.47,392.33
0.05,0.05,0.39,0.03,0.01,437.73,407.57
0.05,0.05,0.39,0.03,0.02,438.04,422.92
0.05,0.05,0.39,0.03,0.03,438.4,438.4
0.05,0.05,0.39,0.03,0.04,438.81,454.03
0.05,0.1,0.39,0,0,392.81,465.62
0.05,0.1,0.39,0,0.01,393.12,481.44
0.05,0.1,0.39,0,0.02,393.45,497.47
0.05,0.1,0.39,0,0.03,393.82,513.71
0.05,0.1,0.39,0,0.04,394.22,530.19
0.05,0.1,0.39,0.01,0,408.15,465.94
0.05,0.1,0.39,0.01,0.01,408.52,481.8
0.05,0.1,0.39,0.01,0.02,408.93,497.85
0.05,0.1,0.39,0.01,0.03,409.37,514.13
0.05,0.1,0.39,0.01,0.04,409.85,530.64
0.05,0.1,0.39,0.02,0,423.6,466.33
0.05,0.1,0.39,0.02,0.01,424.03,482.22
0.05,0.1,0.39,0.02,0.02,424.51,498.32
0.05,0.1,0.39,0.02,0.03,425.03,514.63
0.05,0.1,0.39,0.02,0.04,425.59,531.19
0.05,0.1,0.39,0.03,0,439.18,466.77
0.05,0.1,0.39,0.03,0.01,439.67,482.71
0.05,0.1,0.39,0.03,0.02,440.22,498.85
0.05,0.1,0.39,0.03,0.03,440.82,515.21
0.1,0,0.39,0.02,0.04,497.2,381.02
0.1,0,0.39,0.03,0,512.79,320
0.1,0,0.39,0.03,0.01,512.83,335.29
0.1,0,0.39,0.03,0.02,512.95,350.59
0.1,0,0.39,0.03,0.03,513.15,365.93
0.1,0,0.39,0.03,0.04,513.42,381.33
0.1,0.05,0.39,0,0,465.62,392.81
0.1,0.05,0.39,0,0.01,465.94,408.15
0.1,0.05,0.39,0,0.02,466.33,423.6
0.1,0.05,0.39,0,0.03,466.77,439.18
0.1,0.05,0.39,0,0.04,467.27,454.9
0.1,0.05,0.39,0.01,0,481.44,393.12
0.1,0.05,0.39,0.01,0.01,481.8,408.52
0.1,0.05,0.39,0.01,0.02,482.22,424.03
0.1,0.05,0.39,0.01,0.03,482.71,439.67
0.1,0.05,0.39,0.01,0.04,483.27,455.46
0.1,0.05,0.39,0.02,0,497.47,393.45
0.1,0.05,0.39,0.02,0.01,497.85,408.93
0.1,0.05,0.39,0.02,0.02,498.32,424.51
0.1,0.05,0.39,0.02,0.03,498.85,440.22
0.1,0.05,0.39,0.02,0.04,499.46,456.08
0.1,0.05,0.39,0.03,0,513.71,393.82
0.1,0.05,0.39,0.03,0.01,514.13,409.37
0.1,0.05,0.39,0.03,0.02,514.63,425.03
0.1,0.05,0.39,0.03,0.03,515.21,440.82
0.1,0.05,0.39,0.03,0.04,515.87,456.75
0.1,0.1,0.39,0,0,467.72,467.72
0.1,0.1,0.39,0,0.01,468.34,483.76
0.1,0.1,0.39,0,0.02,469.01,500
0.1,0.1,0.39,0,0.03,469.75,516.47
0.1,0.1,0.39,0,0.04,470.54,533.17
0.1,0.1,0.39,0.01,0,483.76,468.34
0.1,0.1,0.39,0.01,0.01,484.44,484.44
0.1,0.1,0.39,0.01,0.02,485.18,500.75
0.1,0.1,0.39,0.01,0.03,486,517.27
0.1,0.1,0.39,0.01,0.04,486.87,534.03
0.1,0.1,0.39,0.02,0,500,469.01
0.1,0.1,0.39,0.02,0.01,500.75,485.18
0.1,0.1,0.39,0.02,0.02,501.56,501.56
0.1,0.1,0.39,0.02,0.03,502.45,518.15
0.1,0.1,0.39,0.02,0.04,503.41,534.99
0.1,0.1,0.39,0.03,0,516.47,469.75
0.1,0.1,0.39,0.03,0.01,517.27,486
0.1,0.1,0.39,0.03,0.02,518.15,502.45
0.1,0.1,0.39,0.03,0.03,519.12,519.12
-0.1,0,0.4,0.02,0.04,208.61,378.51
-0.1,0,0.4,0.03,0,223.82,320
-0.1,0,0.4,0.03,0.01,223.8,334.54
-0.1,0,0.4,0.03,0.02,223.74,349.1
-0.1,0,0.4,0.03,0.03,223.65,363.69
-0.1,0,0.4,0.03,0.04,223.51,378.34
-0.1,0.05,0.4,0,0,178.19,390.91
-0.1,0.05,0.4,0,0.01,177.89,405.83
-0.1,0.05,0.4,0,0.02,177.54,420.86
-0.1,0.05,0.4,0,0.03,177.12,436.01
-0.1,0.05,0.4,0,0.04,176.66,451.3
-0.1,0.05,0.4,0.01,0,193.4,390.65
-0.1,0.05,0.4,0.01,0.01,193.13,405.52
-0.1,0.05,0.4,0.01,0.02,192.81,420.5
-0.1,0.05,0.4,0.01,0.03,192.44,435.6
-0.1,0.05,0.4,0.01,0.04,192.02,450.83
-0.1,0.05,0.4,0.02,0,208.45,390.42
-0.1,0.05,0.4,0.02,0.01,208.22,405.25
-0.1,0.05,0.4,0.02,0.02,207.94,420.18
-0.1,0.05,0.4,0.02,0.03,207.61,435.23
-0.1,0.05,0.4,0.02,0.04,207.24,450.41
-0.1,0.05,0.4,0.03,0,223.37,390.22
-0.1,0.05,0.4,0.03,0.01,223.17,405.01
-0.1,0.05,0.4,0.03,0.02,222.93,419.9
-0.1,0.05,0.4,0.03,0.03,222.64,434.9
-0.1,0.05,0.4,0.03,0.04,222.32,450.05
-0.1,0.1,0.4,0,0,176.24,463.76
-0.1,0.1,0.4,0,0.01,175.67,479.34
-0.1,0.1,0.4,0,0.02,175.05,495.1
-0.1,0.1,0.4,0,0.03,174.37,511.07
-0.1,0.1,0.4,0,0.04,173.63,527.26
-0.1,0.1,0.4,0.01,0,191.65,463.25
-0.1,0.1,0.4,0.01,0.01,191.14,478.77
-0.1,0.1,0.4,0.01,0.02,190.58,494.48
-0.1,0.1,0.4,0.01,0.03,189.97,510.4
-0.1,0.1,0.4,0.01,0.04,189.31,526.54
-0.1,0.1,0.4,0.02,0,206.91,462.79
-0.1,0.1,0.4,0.02,0.01,206.46,478.27
-0.1,0.1,0.4,0.02,0.02,205.96,493.93
-0.1,0.1,0.4,0.02,0.03,205.42,509.8
-0.1,0.1,0.4,0.02,0.04,204.84,525.89
-0.1,0.1,0.4,0.03,0,222.03,462.39
-0.1,0.1,0.4,0.03,0.01,221.64,477.83
-0.1,0.1,0.4,0.03,0.02,221.21,493.45
-0.1,0.1,0.4,0.03,0.03,220.74,509.28
-0.05,0,0.4,0.02,0.04,279.34,377.92
-0.05,0,0.4,0.03,0,293.93,320
-0.05,0,0.4,0.03,0.01,293.93,334.42
-0.05,0,0.4,0.03,0.02,293.91,348.86
-0.05,0,0.4,0.03,0.03,293.89,363.34
-0.05,0,0.4,0.03,0.04,293.85,377.87
-0.05,0.05,0.4,0,0,250.07,389.93
-0.05,0.05,0.4,0,0.01,249.92,404.66
-0.05,0.05,0.4,0,0.02,249.74,419.49
-0.05,0.05,0.4,0,0.03,249.54,434.43
-0.05,0.05,0.4,0,0.04,249.3,449.52
-0.05,0.05,0.4,0.01,0,264.71,389.81
-0.05,0.05,0.4,0.01,0.01,264.59,404.51
-0.05,0.05,0.4,0.01,0.02,264.45,419.31
-0.05,0.05,0.4,0.01,0.03,264.29,434.24
-0.05,0.05,0.4,0.01,0.04,264.1,449.29
-0.05,0.05,0.4,0.02,0,279.28,389.72
-0.05,0.05,0.4,0.02,0.01,279.2,404.4
-0.05,0.05,0.4,0.02,0.02,279.09,419.18
-0.05,0.05,0.4,0.02,0.03,278.97,434.08
-0.05,0.05,0.4,0.02,0.04,278.84,449.12
-0.05,0.05,0.4,0.03,0,293.81,389.65
-0.05,0.05,0.4,0.03,0.01,293.75,404.32
-0.05,0.05,0.4,0.03,0.02,293.69,419.09
-0.05,0.05,0.4,0.03,0.03,293.61,433.98
-0.05,0.05,0.4,0.03,0.04,293.52,449.01
-0.05,0.1,0.4,0,0,249.09,461.81
-0.05,0.1,0.4,0,0.01,248.81,477.19
-0.05,0.1,0.4,0,0.02,248.5,492.75
-0.05,0.1,0.4,0,0.03,248.16,508.52
-0.05,0.1,0.4,0,0.04,247.79,524.5
-0.05,0.1,0.4,0.01,0,263.94,461.57
-0.05,0.1,0.4,0.01,0.01,263.71,476.92
-0.05,0.1,0.4,0.01,0.02,263.47,492.46
-0.05,0.1,0.4,0.01,0.03,263.2,508.2
-0.05,0.1,0.4,0.01,0.04,262.9,524.16
-0.05,0.1,0.4,0.02,0,278.72,461.38
-0.05,0.1,0.4,0.02,0.01,278.55,476.72
-0.05,0.1,0.4,0.02,0.02,278.37,492.23
-0.05,0.1,0.4,0.02,0.03,278.17,507.95
-0.05,0.1,0.4,0.02,0.04,277.95,523.9
-0.05,0.1,0.4,0.03,0,293.44,461.25
-0.05,0.1,0.4,0.03,0.01,293.34,476.57
-0.05,0.1,0.4,0.03,0.02,293.22,492.08
-0.05,0.1,0.4,0.03,0.03,293.09,507.78
0,0,0.4,0.02,0.04,348.94,377.88
0,0,0.4,0.03,0,363.31,320
0,0,0.4,0.03,0.01,363.32,334.44
0,0,0.4,0.03,0.02,363.35,348.9
0,0,0.4,0.03,0.03,363.39,363.39
0,0,0.4,0.03,0.04,363.45,377.93
0,0.05,0.4,0,0,320,389.61
0,0.05,0.4,0,0.01,320,404.27
0,0.05,0.4,0,0.02,320,419.03
0,0.05,0.4,0,0.03,320,433.9
0,0.05,0.4,0,0.04,320,448.92
0,0.05,0.4,0.01,0,334.48,389.62
0,0.05,0.4,0.01,0.01,334.51,404.28
0,0.05,0.4,0.01,0.02,334.55,419.05
0,0.05,0.4,0.01,0.03,334.59,433.93
0,0.05,0.4,0.01,0.04,334.64,448.95
0,0.05,0.4,0.02,0,348.98,389.66
0,0.05,0.4,0.02,0.01,349.04,404.33
0,0.05,0.4,0.02,0.02,349.12,419.1
0,0.05,0.4,0.02,0.03,349.2,434
0,0.05,0.4,0.02,0.04,349.3,449.02
0,0.05,0.4,0.03,0,363.51,389.73
0,0.05,0.4,0.03,0.01,363.61,404.42
0,0.05,0.4,0.03,0.02,363.72,419.2
0,0.05,0.4,0.03,0.03,363.85,434.11
0,0.05,0.4,0.03,0.04,363.99,449.15
0,0.1,0.4,0,0,320,461.16
0,0.1,0.4,0,0.01,320,476.47
0,0.1,0.4,0,0.02,320,491.97
0,0.1,0.4,0,0.03,320,507.66
0,0.1,0.4,0,0.04,320,523.58
0,0.1,0.4,0.01,0,334.68,461.19
0,0.1,0.4,0.01,0.01,334.74,476.5
0,0.1,0.4,0.01,0.02,334.81,492
0,0.1,0.4,0.01,0.03,334.88,507.7
0,0.1,0.4,0.01,0.04,334.96,523.62
0,0.1,0.4,0.02,0,349.39,461.27
0,0.1,0.4,0.02,0.01,349.5,476.59
0,0.1,0.4,0.02,0.02,349.63,492.1
0,0.1,0.4,0.02,0.03,349.77,507.81
0,0.1,0.4,0.02,0.04,349.93,523.74
0,0.1,0.4,0.03,0,364.12,461.42
0,0.1,0.4,0.03,0.01,364.3,476.75
0,0.1,0.4,0.03,0.02,364.49,492.27
0,0.1,0.4,0.03,0.03,364.71,508
0.05,0,0.4,0.02,0.04,419.34,378.37
0.05,0,0.4,0.03,0,433.9,320
0.05,0,0.4,0.03,0.01,433.93,334.59
0.05,0,0.4,0.03,0.02,434,349.2
0.05,0,0.4,0.03,0.03,434.11,363.85
0.05,0,0.4,0.03,0.04,434.27,378.54
0.05,0.05,0.4,0,0,389.93,389.93
0.05,0.05,0.4,0,0.01,390.08,404.66
0.05,0.05,0.4,0,0.02,390.26,419.49
0.05,0.05,0.4,0,0.03,390.46,434.43
0.05,0.05,0.4,0,0.04,390.7,449.52
0.05,0.05,0.4,0.01,0,404.66,390.08
0.05,0.05,0.4,0.01,0.01,404.84,404.84
0.05,0.05,0.4,0.01,0.02,405.05,419.7
0.05,0.05,0.4,0.01,0.03,405.3,434.67
0.05,0.05,0.4,0.01,0.04,405.58,449.79
0.05,0.05,0.4,0.02,0,419.49,390.26
0.05,0.05,0.4,0.02,0.01,419.7,405.05
0.05,0.05,0.4,0.02,0.02,419.95,419.95
0.05,0.05,0.4,0.02,0.03,420.24,434.96
0.05,0.05,0.4,0.02,0.04,420.57,450.11
0.05,0.05,0.4,0.03,0,434.43,390.46
0.05,0.05,0.4,0.03,0.01,434.67,405.3
0.05,0.05,0.4,0.03,0.02,434.96,420.24
0.05,0.05,0.4,0.03,0.03,435.3,435.3
0.05,0.05,0.4,0.03,0.04,435.68,450.49
0.05,0.1,0.4,0,0,390.91,461.81
0.05,0.1,0.4,0,0.01,391.19,477.19
0.05,0.1,0.4,0,0.02,391.5,492.75
0.05,0.1,0.4,0,0.03,391.84,508.52
0.05,0.1,0.4,0,0.04,392.21,524.5
0.05,0.1,0.4,0.01,0,405.83,462.11
0.05,0.1,0.4,0.01,0.01,406.18,477.52
0.05,0.1,0.4,0.01,0.02,406.56,493.11
0.05,0.1,0.4,0.01,0.03,406.97,508.91
0.05,0.1,0.4,0.01,0.04,407.41,524.93
0.05,0.1,0.4,0.02,0,420.86,462.46
0.05,0.1,0.4,0.02,0.01,421.27,477.91
0.05,0.1,0.4,0.02,0.02,421.71,493.54
0.05,0.1,0.4,0.02,0.03,422.19,509.37
0.05,0.1,0.4,0.02,0.04,422.71,525.43
0.05,0.1,0.4,0.03,0,436.01,462.88
0.05,0.1,0.4,0.03,0.01,436.48,478.36
0.05,0.1,0.4,0.03,0.02,436.98,494.03
0.05,0.1,0.4,0.03,0.03,437.54,509.91
0.1,0,0.4,0.02,0.04,492.51,379.41
0.1,0,0.4,0.03,0,507.66,320
0.1,0,0.4,0.03,0.01,507.7,334.88
0.1,0,0.4,0.03,0.02,507.81,349.77
0.1,0,0.4,0.03,0.03,508,364.71
0.1,0,0.4,0.03,0.04,508.25,379.69
0.1,0.05,0.4,0,0,461.81,390.91
0.1,0.05,0.4,0,0.01,462.11,405.83
0.1,0.05,0.4,0,0.02,462.46,420.86
0.1,0.05,0.4,0,0.03,462.88,436.01
0.1,0.05,0.4,0,0.04,463.34,451.3
0.1,0.05,0.4,0.01,0,477.19,391.19
0.1,0.05,0.4,0.01,0.01,477.52,406.18
0.1,0.05,0.4,0.01,0.02,477.91,421.27
0.1,0.05,0.4,0.01,0.03,478.36,436.48
0.1,0.05,0.4,0.01,0.04,478.88,451.82
0.1,0.05,0.4,0.02,0,492.75,391.5
0.1,0.05,0.4,0.02,0.01,493.11,406.56
0.1,0.05,0.4,0.02,0.02,493.54,421.71
0.1,0.05,0.4,0.02,0.03,494.03,436.98
0.1,0.05,0.4,0.02,0.04,494.6,452.39
0.1,0.05,0.4,0.03,0,508.52,391.84
0.1,0.05,0.4,0.03,0.01,508.91,406.97
0.1,0.05,0.4,0.03,0.02,509.37,422.19
0.1,0.05,0.4,0.03,0.03,509.91,437.54
0.1,0.05,0.4,0.03,0.04,510.52,453.02
0.1,0.1,0.4,0,0,463.76,463.76
0.1,0.1,0.4,0,0.01,464.33,479.34
0.1,0.1,0.4,0,0.02,464.95,495.1
0.1,0.1,0.4,0,0.03,465.63,511.07
0.1,0.1,0.4,0,0.04,466.37,527.26
0.1,0.1,0.4,0.01,0,479.34,464.33
0.1,0.1,0.4,0.01,0.01,479.97,479.97
0.1,0.1,0.4,0.01,0.02,480.66,495.79
0.1,0.1,0.4,0.01,0.03,481.41,511.82
0.1,0.1,0.4,0.01,0.04,482.22,528.07
0.1,0.1,0.4,0.02,0,495.1,464.95
0.1,0.1,0.4,0.02,0.01,495.79,480.66
0.1,0.1,0.4,0.02,0.02,496.55,496.55
0.1,0.1,0.4,0.02,0.03,497.37,512.64
0.1,0.1,0.4,0.02,0.04,498.26,528.95
0.1,0.1,0.4,0.03,0,511.07,465.63
0.1,0.1,0.4,0.03,0.01,511.82,481.41
0.1,0.1,0.4,0.03,0.02,512.64,497.37
0.1,0.1,0.4,0.03,0.03,513.53,513.53
