-0.1,0.05,0.3,0.01,0.04,155.39,492.93
-0.1,0.05,0.3,0.02,0,175.52,412.38
-0.1,0.05,0.3,0.02,0.01,175.52,432.51
-0.1,0.05,0.3,0.02,0.02,175.52,452.65
-0.1,0.05,0.3,0.02,0.03,175.52,472.79
-0.1,0.05,0.3,0.02,0.04,175.52,492.93
-0.1,0.05,0.3,0.03,0,195.66,412.38
-0.1,0.05,0.3,0.03,0.01,195.66,432.51
-0.1,0.05,0.3,0.03,0.02,195.66,452.65
-0.1,0.05,0.3,0.03,0.03,195.66,472.79
-0.1,0.05,0.3,0.03,0.04,195.66,492.93
-0.1,0.1,0.3,0,0,135.25,504.75
-0.1,0.1,0.3,0,0.01,135.25,524.89
-0.1,0.1,0.3,0,0.02,135.25,545.03
-0.1,0.1,0.3,0,0.03,135.25,565.17
-0.1,0.1,0.3,0,0.04,135.25,585.3
-0.1,0.1,0.3,0.01,0,155.39,504.75
-0.1,0.1,0.3,0.01,0.01,155.39,524.89
-0.1,0.1,0.3,0.01,0.02,155.39,545.03
-0.1,0.1,0.3,0.01,0.03,155.39,565.17
-0.1,0.1,0.3,0.01,0.04,155.39,585.3
-0.1,0.1,0.3,0.02,0,175.52,504.75
-0.1,0.1,0.3,0.02,0.01,175.52,524.89
-0.1,0.1,0.3,0.02,0.02,175.52,545.03
-0.1,0.1,0.3,0.02,0.03,175.52,565.17
-0.1,0.1,0.3,0.02,0.04,175.52,585.3
-0.1,0.1,0.3,0.03,0,195.66,504.75
-0.1,0.1,0.3,0.03,0.01,195.66,524.89
-0.1,0.1,0.3,0.03,0.02,195.66,545.03
-0.1,0.1,0.3,0.03,0.03,195.66,565.17
-0.05,0.05,0.3,0.01,0.04,247.76,492.93
-0.05,0.05,0.3,0.02,0,267.9,412.38
-0.05,0.05,0.3,0.02,0.01,267.9,432.51
-0.05,0.05,0.3,0.02,0.02,267.9,452.65
-0.05,0.05,0.3,0.02,0.03,267.9,472.79
-0.05,0.05,0.3,0.02,0.04,267.9,492.93
-0.05,0.05,0.3,0.03,0,288.04,412.38
-0.05,0.05,0.3,0.03,0.01,288.04,432.51
-0.05,0.05,0.3,0.03,0.02,288.04,452.65
-0.05,0.05,0.3,0.03,0.03,288.04,472.79
-0.05,0.05,0.3,0.03,0.04,288.04,492.93
-0.05,0.1,0.3,0,0,227.62,504.75
-0.05,0.1,0.3,0,0.01,227.62,524.89
-0.05,0.1,0.3,0,0.02,227.62,545.03
-0.05,0.1,0.3,0,0.03,227.62,565.17
-0.05,0.1,0.3,0,0.04,227.62,585.3
-0.05,0.1,0.3,0.01,0,247.76,504.75
-0.05,0.1,0.3,0.01,0.01,247.76,524.89
-0.05,0.1,0.3,0.01,0.02,247.76,545.03
-0.05,0.1,0.3,0.01,0.03,247.76,565.17
-0.05,0.1,0.3,0.01,0.04,247.76,585.3
-0.05,0.1,0.3,0.02,0,267.9,504.75
-0.05,0.1,0.3,0.02,0.01,267.9,524.89
-0.05,0.1,0.3,0.02,0.02,267.9,545.03
-0.05,0.1,0.3,0.02,0.03,267.9,565.17
-0.05,0.1,0.3,0.02,0.04,267.9,585.3
-0.05,0.1,0.3,0.03,0,288.04,504.75
-0.05,0.1,0.3,0.03,0.01,288.04,524.89
-0.05,0.1,0.3,0.03,0.02,288.04,545.03
-0.05,0.1,0.3,0.03,0.03,288.04,565.17
0,0.05,0.3,0.01,0.04,340.14,492.93
0,0.05,0.3,0.02,0,360.28,412.38
0,0.05,0.3,0.02,0.01,360.28,432.51
0,0.05,0.3,0.02,0.02,360.28,452.65
0,0.05,0.3,0.02,0.03,360.28,472.79
0,0.05,0.3,0.02,0.04,360.28,492.93
0,0.05,0.3,0.03,0,380.41,412.38
0,0.05,0.3,0.03,0.01,380.41,432.51
0,0.05,0.3,0.03,0.02,380.41,452.65
0,0.05,0.3,0.03,0.03,380.41,472.79
0,0.05,0.3,0.03,0.04,380.41,492.93
0,0.1,0.3,0,0,320,504.75
0,0.1,0.3,0,0.01,320,524.89
0,0.1,0.3,0,0.02,320,545.03
0,0.1,0.3,0,0.03,320,565.17
0,0.1,0.3,0,0.04,320,585.3
0,0.1,0.3,0.01,0,340.14,504.75
0,0.1,0.3,0.01,0.01,340.14,524.89
0,0.1,0.3,0.01,0.02,340.14,545.03
0,0.1,0.3,0.01,0.03,340.14,565.17
0,0.1,0.3,0.01,0.04,340.14,585.3
0,0.1,0.3,0.02,0,360.28,504.75
0,0.1,0.3,0.02,0.01,360.28,524.89
0,0.1,0.3,0.02,0.02,360.28,545.03
0,0.1,0.3,0.02,0.03,360.28,565.17
0,0.1,0.3,0.02,0.04,360.28,585.3
0,0.1,0.3,0.03,0,380.41,504.75
0,0.1,0.3,0.03,0.01,380.41,524.89
0,0.1,0.3,0.03,0.02,380.41,545.03
0,0.1,0.3,0.03,0.03,380.41,565.17
0.05,0.05,0.3,0.01,0.04,432.51,492.93
0.05,0.05,0.3,0.02,0,452.65,412.38
0.05,0.05,0.3,0.02,0.01,452.65,432.51
0.05,0.05,0.3,0.02,0.02,452.65,452.65
0.05,0.05,0.3,0.02,0.03,452.65,472.79
0.05,0.05,0.3,0.02,0.04,452.65,492.93
0.05,0.05,0.3,0.03,0,472.79,412.38
0.05,0.05,0.3,0.03,0.01,472.79,432.51
0.05,0.05,0.3,0.03,0.02,472.79,452.65
0.05,0.05,0.3,0.03,0.03,472.79,472.79
0.05,0.05,0.3,0.03,0.04,472.79,492.93
0.05,0.1,0.3,0,0,412.38,504.75
0.05,0.1,0.3,0,0.01,412.38,524.89
0.05,0.1,0.3,0,0.02,412.38,545.03
0.05,0.1,0.3,0,0.03,412.38,565.17
0.05,0.1,0.3,0,0.04,412.38,585.3
0.05,0.1,0.3,0.01,0,432.51,504.75
0.05,0.1,0.3,0.01,0.01,432.51,524.89
0.05,0.1,0.3,0.01,0.02,432.51,545.03
0.05,0.1,0.3,0.01,0.03,432.51,565.17
0.05,0.1,0.3,0.01,0.04,432.51,585.3
0.05,0.1,0.3,0.02,0,452.65,504.75
0.05,0.1,0.3,0.02,0.01,452.65,524.89
0.05,0.1,0.3,0.02,0.02,452.65,545.03
0.05,0.1,0.3,0.02,0.03,452.65,565.17
0.05,0.1,0.3,0.02,0.04,452.65,585.3
0.05,0.1,0.3,0.03,0,472.79,504.75
0.05,0.1,0.3,0.03,0.01,472.79,524.89
0.05,0.1,0.3,0.03,0.02,472.79,545.03
0.05,0.1,0.3,0.03,0.03,472.79,565.17
0.1,0.05,0.3,0.01,0.04,524.89,492.93
0.1,0.05,0.3,0.02,0,545.03,412.38
0.1,0.05,0.3,0.02,0.01,545.03,432.51
0.1,0.05,0.3,0.02,0.02,545.03,452.65
0.1,0.05,0.3,0.02,0.03,545.03,472.79
0.1,0.05,0.3,0.02,0.04,545.03,492.93
0.1,0.05,0.3,0.03,0,565.17,412.38
0.1,0.05,0.3,0.03,0.01,565.17,432.51
0.1,0.05,0.3,0.03,0.02,565.17,452.65
0.1,0.05,0.3,0.03,0.03,565.17,472.79
0.1,0.05,0.3,0.03,0.04,565.17,492.93
0.1,0.1,0.3,0,0,504.75,504.75
0.1,0.1,0.3,0,0.01,504.75,524.89
0.1,0.1,0.3,0,0.02,504.75,545.03
0.1,0.1,0.3,0,0.03,504.75,565.17
0.1,0.1,0.3,0,0.04,504.75,585.3
0.1,0.1,0.3,0.01,0,524.89,504.75
0.1,0.1,0.3,0.01,0.01,524.89,524.89
0.1,0.1,0.3,0.01,0.02,524.89,545.03
0.1,0.1,0.3,0.01,0.03,524.89,565.17
0.1,0.1,0.3,0.01,0.04,524.89,585.3
0.1,0.1,0.3,0.02,0,545.03,504.75
0.1,0.1,0.3,0.02,0.01,545.03,524.89
0.1,0.1,0.3,0.02,0.02,545.03,545.03
0.1,0.1,0.3,0.02,0.03,545.03,565.17
0.1,0.1,0.3,0.02,0.04,545.03,585.3
0.1,0.1,0.3,0.03,0,565.17,504.75
0.1,0.1,0.3,0.03,0.01,565.17,524.89
0.1,0.1,0.3,0.03,0.02,565.17,545.03
0.1,0.1,0.3,0.03,0.03,565.17,565.17
-0.1,0.05,0.31,0.01,0.04,160.7,487.35
-0.1,0.05,0.31,0.02,0,180.18,409.4
-0.1,0.05,0.31,0.02,0.01,180.18,428.88
-0.1,0.05,0.31,0.02,0.02,180.18,448.37
-0.1,0.05,0.31,0.02,0.03,180.18,467.86
-0.1,0.05,0.31,0.02,0.04,180.18,487.35
-0.1,0.05,0.31,0.03,0,199.67,409.4
-0.1,0.05,0.31,0.03,0.01,199.67,428.88
-0.1,0.05,0.31,0.03,0.02,199.67,448.37
-0.1,0.05,0.31,0.03,0.03,199.67,467.86
-0.1,0.05,0.31,0.03,0.04,199.67,487.35
-0.1,0.1,0.31,0,0,141.21,498.79
-0.1,0.1,0.31,0,0.01,141.21,518.28
-0.1,0.1,0.31,0,0.02,141.21,537.77
-0.1,0.1,0.31,0,0.03,141.21,557.26
-0.1,0.1,0.31,0,0.04,141.21,576.75
-0.1,0.1,0.31,0.01,0,160.7,498.79
-0.1,0.1,0.31,0.01,0.01,160.7,518.28
-0.1,0.1,0.31,0.01,0.02,160.7,537.77
-0.1,0.1,0.31,0.01,0.03,160.7,557.26
-0.1,0.1,0.31,0.01,0.04,160.7,576.75
-0.1,0.1,0.31,0.02,0,180.18,498.79
-0.1,0.1,0.31,0.02,0.01,180.18,518.28
-0.1,0.1,0.31,0.02,0.02,180.18,537.77
-0.1,0.1,0.31,0.02,0.03,180.18,557.26
-0.1,0.1,0.31,0.02,0.04,180.18,576.75
-0.1,0.1,0.31,0.03,0,199.67,498.79
-0.1,0.1,0.31,0.03,0.01,199.67,518.28
-0.1,0.1,0.31,0.03,0.02,199.67,537.77
-0.1,0.1,0.31,0.03,0.03,199.67,557.26
-0.05,0.05,0.31,0.01,0.04,250.09,487.35
-0.05,0.05,0.31,0.02,0,269.58,409.4
-0.05,0.05,0.31,0.02,0.01,269.58,428.88
-0.05,0.05,0.31,0.02,0.02,269.58,448.37
-0.05,0.05,0.31,0.02,0.03,269.58,467.86
-0.05,0.05,0.31,0.02,0.04,269.58,487.35
-0.05,0.05,0.31,0.03,0,289.07,409.4
-0.05,0.05,0.31,0.03,0.01,289.07,428.88
-0.05,0.05,0.31,0.03,0.02,289.07,448.37
-0.05,0.05,0.31,0.03,0.03,289.07,467.86
-0.05,0.05,0.31,0.03,0.04,289.07,487.35
-0.05,0.1,0.31,0,0,230.6,498.79
-0.05,0.1,0.31,0,0.01,230.6,518.28
-0.05,0.1,0.31,0,0.02,230.6,537.77
-0.05,0.1,0.31,0,0.03,230.6,557.26
-0.05,0.1,0.31,0,0.04,230.6,576.75
-0.05,0.1,0.31,0.01,0,250.09,498.79
-0.05,0.1,0.31,0.01,0.01,250.09,518.28
-0.05,0.1,0.31,0.01,0.02,250.09,537.77
-0.05,0.1,0.31,0.01,0.03,250.09,557.26
-0.05,0.1,0.31,0.01,0.04,250.09,576.75
-0.05,0.1,0.31,0.02,0,269.58,498.79
-0.05,0.1,0.31,0.02,0.01,269.58,518.28
-0.05,0.1,0.31,0.02,0.02,269.58,537.77
-0.05,0.1,0.31,0.02,0.03,269.58,557.26
-0.05,0.1,0.31,0.02,0.04,269.58,576.75
-0.05,0.1,0.31,0.03,0,289.07,498.79
-0.05,0.1,0.31,0.03,0.01,289.07,518.28
-0.05,0.1,0.31,0.03,0.02,289.07,537.77
-0.05,0.1,0.31,0.03,0.03,289.07,557.26
0,0.05,0.31,0.01,0.04,339.49,487.35
0,0.05,0.31,0.02,0,358.98,409.4
0,0.05,0.31,0.02,0.01,358.98,428.88
0,0.05,0.31,0.02,0.02,358.98,448.37
0,0.05,0.31,0.02,0.03,358.98,467.86
0,0.05,0.31,0.02,0.04,358.98,487.35
0,0.05,0.31,0.03,0,378.47,409.4
0,0.05,0.31,0.03,0.01,378.47,428.88
0,0.05,0.31,0.03,0.02,378.47,448.37
0,0.05,0.31,0.03,0.03,378.47,467.86
0,0.05,0.31,0.03,0.04,378.47,487.35
0,0.1,0.31,0,0,320,498.79
0,0.1,0.31,0,0.01,320,518.28
0,0.1,0.31,0,0.02,320,537.77
0,0.1,0.31,0,0.03,320,557.26
0,0.1,0.31,0,0.04,320,576.75
0,0.1,0.31,0.01,0,339.49,498.79
0,0.1,0.31,0.01,0.01,339.49,518.28
0,0.1,0.31,0.01,0.02,339.49,537.77
0,0.1,0.31,0.01,0.03,339.49,557.26
0,0.1,0.31,0.01,0.04,339.49,576.75
0,0.1,0.31,0.02,0,358.98,498.79
0,0.1,0.31,0.02,0.01,358.98,518.28
0,0.1,0.31,0.02,0.02,358.98,537.77
0,0.1,0.31,0.02,0.03,358.98,557.26
0,0.1,0.31,0.02,0.04,358.98,576.75
0,0.1,0.31,0.03,0,378.47,498.79
0,0.1,0.31,0.03,0.01,378.47,518.28
0,0.1,0.31,0.03,0.02,378.47,537.77
0,0.1,0.31,0.03,0.03,378.47,557.26
0.05,0.05,0.31,0.01,0.04,428.88,487.35
0.05,0.05,0.31,0.02,0,448.37,409.4
0.05,0.05,0.31,0.02,0.01,448.37,428.88
0.05,0.05,0.31,0.02,0.02,448.37,448.37
0.05,0.05,0.31,0.02,0.03,448.37,467.86
0.05,0.05,0.31,0.02,0.04,448.37,487.35
0.05,0.05,0.31,0.03,0,467.86,409.4
0.05,0.05,0.31,0.03,0.01,467.86,428.88
0.05,0.05,0.31,0.03,0.02,467.86,448.37
0.05,0.05,0.31,0.03,0.03,467.86,467.86
0.05,0.05,0.31,0.03,0.04,467.86,487.35
0.05,0.1,0.31,0,0,409.4,498.79
0.05,0.1,0.31,0,0.01,409.4,518.28
0.05,0.1,0.31,0,0.02,409.4,537.77
0.05,0.1,0.31,0,0.03,409.4,557.26
0.05,0.1,0.31,0,0.04,409.4,576.75
0.05,0.1,0.31,0.01,0,428.88,498.79
0.05,0.1,0.31,0.01,0.01,428.88,518.28
0.05,0.1,0.31,0.01,0.02,428.88,537.77
0.05,0.1,0.31,0.01,0.03,428.88,557.26
0.05,0.1,0.31,0.01,0.04,428.88,576.75
0.05,0.1,0.31,0.02,0,448.37,498.79
0.05,0.1,0.31,0.02,0.01,448.37,518.28
0.05,0.1,0.31,0.02,0.02,448.37,537.77
0.05,0.1,0.31,0.02,0.03,448.37,557.26
0.05,0.1,0.31,0.02,0.04,448.37,576.75
0.05,0.1,0.31,0.03,0,467.86,498.79
0.05,0.1,0.31,0.03,0.01,467.86,518.28
0.05,0.1,0.31,0.03,0.02,467.86,537.77
0.05,0.1,0.31,0.03,0.03,467.86,557.26
0.1,0.05,0.31,0.01,0.04,518.28,487.35
0.1,0.05,0.31,0.02,0,537.77,409.4
0.1,0.05,0.31,0.02,0.01,537.77,428.88
0.1,0.05,0.31,0.02,0.02,537.77,448.37
0.1,0.05,0.31,0.02,0.03,537.77,467.86
0.1,0.05,0.31,0.02,0.04,537.77,487.35
0.1,0.05,0.31,0.03,0,557.26,409.4
0.1,0.05,0.31,0.03,0.01,557.26,428.88
0.1,0.05,0.31,0.03,0.02,557.26,448.37
0.1,0.05,0.31,0.03,0.03,557.26,467.86
0.1,0.05,0.31,0.03,0.04,557.26,487.35
0.1,0.1,0.31,0,0,498.79,498.79
0.1,0.1,0.31,0,0.01,498.79,518.28
0.1,0.1,0.31,0,0.02,498.79,537.77
0.1,0.1,0.31,0,0.03,498.79,557.26
0.1,0.1,0.31,0,0.04,498.79,576.75
0.1,0.1,0.31,0.01,0,518.28,498.79
0.1,0.1,0.31,0.01,0.01,518.28,518.28
0.1,0.1,0.31,0.01,0.02,518.28,537.77
0.1,0.1,0.31,0.01,0.03,518.28,557.26
0.1,0.1,0.31,0.01,0.04,518.28,576.75
0.1,0.1,0.31,0.02,0,537.77,498.79
0.1,0.1,0.31,0.02,0.01,537.77,518.28
0.1,0.1,0.31,0.02,0.02,537.77,537.77
0.1,0.1,0.31,0.02,0.03,537.77,557.26
0.1,0.1,0.31,0.02,0.04,537.77,576.75
0.1,0.1,0.31,0.03,0,557.26,498.79
0.1,0.1,0.31,0.03,0.01,557.26,518.28
0.1,0.1,0.31,0.03,0.02,557.26,537.77
0.1,0.1,0.31,0.03,0.03,557.26,557.26
-0.1,0.05,0.32,0.01,0.04,165.67,482.12
-0.1,0.05,0.32,0.02,0,184.55,406.6
-0.1,0.05,0.32,0.02,0.01,184.55,425.48
-0.1,0.05,0.32,0.02,0.02,184.55,444.36
-0.1,0.05,0.32,0.02,0.03,184.55,463.24
-0.1,0.05,0.32,0.02,0.04,184.55,482.12
-0.1,0.05,0.32,0.03,0,203.43,406.6
-0.1,0.05,0.32,0.03,0.01,203.43,425.48
-0.1,0.05,0.32,0.03,0.02,203.43,444.36
-0.1,0.05,0.32,0.03,0.03,203.43,463.24
-0.1,0.05,0.32,0.03,0.04,203.43,482.12
-0.1,0.1,0.32,0,0,146.79,493.21
-0.1,0.1,0.32,0,0.01,146.79,512.08
-0.1,0.1,0.32,0,0.02,146.79,530.96
-0.1,0.1,0.32,0,0.03,146.79,549.84
-0.1,0.1,0.32,0,0.04,146.79,568.72
-0.1,0.1,0.32,0.01,0,165.67,493.21
-0.1,0.1,0.32,0.01,0.01,165.67,512.08
-0.1,0.1,0.32,0.01,0.02,165.67,530.96
-0.1,0.1,0.32,0.01,0.03,165.67,549.84
-0.1,0.1,0.32,0.01,0.04,165.67,568.72
-0.1,0.1,0.32,0.02,0,184.55,493.21
-0.1,0.1,0.32,0.02,0.01,184.55,512.08
-0.1,0.1,0.32,0.02,0.02,184.55,530.96
-0.1,0.1,0.32,0.02,0.03,184.55,549.84
-0.1,0.1,0.32,0.02,0.04,184.55,568.72
-0.1,0.1,0.32,0.03,0,203.43,493.21
-0.1,0.1,0.32,0.03,0.01,203.43,512.08
-0.1,0.1,0.32,0.03,0.02,203.43,530.96
-0.1,0.1,0.32,0.03,0.03,203.43,549.84
-0.05,0.05,0.32,0.01,0.04,252.28,482.12
-0.05,0.05,0.32,0.02,0,271.16,406.6
-0.05,0.05,0.32,0.02,0.01,271.16,425.48
-0.05,0.05,0.32,0.02,0.02,271.16,444.36
-0.05,0.05,0.32,0.02,0.03,271.16,463.24
-0.05,0.05,0.32,0.02,0.04,271.16,482.12
-0.05,0.05,0.32,0.03,0,290.04,406.6
-0.05,0.05,0.32,0.03,0.01,290.04,425.48
-0.05,0.05,0.32,0.03,0.02,290.04,444.36
-0.05,0.05,0.32,0.03,0.03,290.04,463.24
-0.05,0.05,0.32,0.03,0.04,290.04,482.12
-0.05,0.1,0.32,0,0,233.4,493.21
-0.05,0.1,0.32,0,0.01,233.4,512.08
-0.05,0.1,0.32,0,0.02,233.4,530.96
-0.05,0.1,0.32,0,0.03,233.4,549.84
-0.05,0.1,0.32,0,0.04,233.4,568.72
-0.05,0.1,0.32,0.01,0,252.28,493.21
-0.05,0.1,0.32,0.01,0.01,252.28,512.08
-0.05,0.1,0.32,0.01,0.02,252.28,530.96
-0.05,0.1,0.32,0.01,0.03,252.28,549.84
-0.05,0.1,0.32,0.01,0.04,252.28,568.72
-0.05,0.1,0.32,0.02,0,271.16,493.21
-0.05,0.1,0.32,0.02,0.01,271.16,512.08
-0.05,0.1,0.32,0.02,0.02,271.16,530.96
-0.05,0.1,0.32,0.02,0.03,271.16,549.84
-0.05,0.1,0.32,0.02,0.04,271.16,568.72
-0.05,0.1,0.32,0.03,0,290.04,493.21
-0.05,0.1,0.32,0.03,0.01,290.04,512.08
-0.05,0.1,0.32,0.03,0.02,290.04,530.96
-0.05,0.1,0.32,0.03,0.03,290.04,549.84
0,0.05,0.32,0.01,0.04,338.88,482.12
0,0.05,0.32,0.02,0,357.76,406.6
0,0.05,0.32,0.02,0.01,357.76,425.48
0,0.05,0.32,0.02,0.02,357.76,444.36
0,0.05,0.32,0.02,0.03,357.76,463.24
0,0.05,0.32,0.02,0.04,357.76,482.12
0,0.05,0.32,0.03,0,376.64,406.6
0,0.05,0.32,0.03,0.01,376.64,425.48
0,0.05,0.32,0.03,0.02,376.64,444.36
0,0.05,0.32,0.03,0.03,376.64,463.24
0,0.05,0.32,0.03,0.04,376.64,482.12
0,0.1,0.32,0,0,320,493.21
0,0.1,0.32,0,0.01,320,512.08
0,0.1,0.32,0,0.02,320,530.96
0,0.1,0.32,0,0.03,320,549.84
0,0.1,0.32,0,0.04,320,568.72
0,0.1,0.32,0.01,0,338.88,493.21
0,0.1,0.32,0.01,0.01,338.88,512.08
0,0.1,0.32,0.01,0.02,338.88,530.96
0,0.1,0.32,0.01,0.03,338.88,549.84
0,0.1,0.32,0.01,0.04,338.88,568.72
0,0.1,0.32,0.02,0,357.76,493.21
0,0.1,0.32,0.02,0.01,357.76,512.08
0,0.1,0.32,0.02,0.02,357.76,530.96
0,0.1,0.32,0.02,0.03,357.76,549.84
0,0.1,0.32,0.02,0.04,357.76,568.72
0,0.1,0.32,0.03,0,376.64,493.21
0,0.1,0.32,0.03,0.01,376.64,512.08
0,0.1,0.32,0.03,0.02,376.64,530.96
0,0.1,0.32,0.03,0.03,376.64,549.84
0.05,0.05,0.32,0.01,0.04,425.48,482.12
0.05,0.05,0.32,0.02,0,444.36,406.6
0.05,0.05,0.32,0.02,0.01,444.36,425.48
0.05,0.05,0.32,0.02,0.02,444.36,444.36
0.05,0.05,0.32,0.02,0.03,444.36,463.24
0.05,0.05,0.32,0.02,0.04,444.36,482.12
0.05,0.05,0.32,0.03,0,463.24,406.6
0.05,0.05,0.32,0.03,0.01,463.24,425.48
0.05,0.05,0.32,0.03,0.02,463.24,444.36
0.05,0.05,0.32,0.03,0.03,463.24,463.24
0.05,0.05,0.32,0.03,0.04,463.24,482.12
0.05,0.1,0.32,0,0,406.6,493.21
0.05,0.1,0.32,0,0.01,406.6,512.08
0.05,0.1,0.32,0,0.02,406.6,530.96
0.05,0.1,0.32,0,0.03,406.6,549.84
0.05,0.1,0.32,0,0.04,406.6,568.72
0.05,0.1,0.32,0.01,0,425.48,493.21
0.05,0.1,0.32,0.01,0.01,425.48,512.08
0.05,0.1,0.32,0.01,0.02,425.48,530.96
0.05,0.1,0.32,0.01,0.03,425.48,549.84
0.05,0.1,0.32,0.01,0.04,425.48,568.72
0.05,0.1,0.32,0.02,0,444.36,493.21
0.05,0.1,0.32,0.02,0.01,444.36,512.08
0.05,0.1,0.32,0.02,0.02,444.36,530.96
0.05,0.1,0.32,0.02,0.03,444.36,549.84
0.05,0.1,0.32,0.02,0.04,444.36,568.72
0.05,0.1,0.32,0.03,0,463.24,493.21
0.05,0.1,0.32,0.03,0.01,463.24,512.08
0.05,0.1,0.32,0.03,0.02,463.24,530.96
0.05,0.1,0.32,0.03,0.03,463.24,549.84
0.1,0.05,0.32,0.01,0.04,512.08,482.12
0.1,0.05,0.32,0.02,0,530.96,406.6
0.1,0.05,0.32,0.02,0.01,530.96,425.48
0.1,0.05,0.32,0.02,0.02,530.96,444.36
0.1,0.05,0.32,0.02,0.03,530.96,463.24
0.1,0.05,0.32,0.02,0.04,530.96,482.12
0.1,0.05,0.32,0.03,0,549.84,406.6
0.1,0.05,0.32,0.03,0.01,549.84,425.48
0.1,0.05,0.32,0.03,0.02,549.84,444.36
0.1,0.05,0.32,0.03,0.03,549.84,463.24
0.1,0.05,0.32,0.03,0.04,549.84,482.12
0.1,0.1,0.32,0,0,493.21,493.21
0.1,0.1,0.32,0,0.01,493.21,512.08
0.1,0.1,0.32,0,0.02,493.21,530.96
0.1,0.1,0.32,0,0.03,493.21,549.84
0.1,0.1,0.32,0,0.04,493.21,568.72
0.1,0.1,0.32,0.01,0,512.08,493.21
0.1,0.1,0.32,0.01,0.01,512.08,512.08
0.1,0.1,0.32,0.01,0.02,512.08,530.96
0.1,0.1,0.32,0.01,0.03,512.08,549.84
0.1,0.1,0.32,0.01,0.04,512.08,568.72
0.1,0.1,0.32,0.02,0,530.96,493.21
0.1,0.1,0.32,0.02,0.01,530.96,512.08
0.1,0.1,0.32,0.02,0.02,530.96,530.96
0.1,0.1,0.32,0.02,0.03,530.96,549.84
0.1,0.1,0.32,0.02,0.04,530.96,568.72
0.1,0.1,0.32,0.03,0,549.84,493.21
0.1,0.1,0.32,0.03,0.01,549.84,512.08
0.1,0.1,0.32,0.03,0.02,549.84,530.96
0.1,0.1,0.32,0.03,0.03,549.84,549.84
-0.1,0.05,0.33,0.01,0.04,170.35,477.21
-0.1,0.05,0.33,0.02,0,188.66,403.98
-0.1,0.05,0.33,0.02,0.01,188.66,422.29
-0.1,0.05,0.33,0.02,0.02,188.66,440.59
-0.1,0.05,0.33,0.02,0.03,188.66,458.9
-0.1,0.05,0.33,0.02,0.04,188.66,477.21
-0.1,0.05,0.33,0.03,0,206.97,403.98
-0.1,0.05,0.33,0.03,0.01,206.97,422.29
-0.1,0.05,0.33,0.03,0.02,206.97,440.59
-0.1,0.05,0.33,0.03,0.03,206.97,458.9
-0.1,0.05,0.33,0.03,0.04,206.97,477.21
-0.1,0.1,0.33,0,0,152.04,487.96
-0.1,0.1,0.33,0,0.01,152.04,506.26
-0.1,0.1,0.33,0,0.02,152.04,524.57
-0.1,0.1,0.33,0,0.03,152.04,542.88
-0.1,0.1,0.33,0,0.04,152.04,561.19
-0.1,0.1,0.33,0.01,0,170.35,487.96
-0.1,0.1,0.33,0.01,0.01,170.35,506.26
-0.1,0.1,0.33,0.01,0.02,170.35,524.57
-0.1,0.1,0.33,0.01,0.03,170.35,542.88
-0.1,0.1,0.33,0.01,0.04,170.35,561.19
-0.1,0.1,0.33,0.02,0,188.66,487.96
-0.1,0.1,0.33,0.02,0.01,188.66,506.26
-0.1,0.1,0.33,0.02,0.02,188.66,524.57
-0.1,0.1,0.33,0.02,0.03,188.66,542.88
-0.1,0.1,0.33,0.02,0.04,188.66,561.19
-0.1,0.1,0.33,0.03,0,206.97,487.96
-0.1,0.1,0.33,0.03,0.01,206.97,506.26
-0.1,0.1,0.33,0.03,0.02,206.97,524.57
-0.1,0.1,0.33,0.03,0.03,206.97,542.88
-0.05,0.05,0.33,0.01,0.04,254.33,477.21
-0.05,0.05,0.33,0.02,0,272.64,403.98
-0.05,0.05,0.33,0.02,0.01,272.64,422.29
-0.05,0.05,0.33,0.02,0.02,272.64,440.59
-0.05,0.05,0.33,0.02,0.03,272.64,458.9
-0.05,0.05,0.33,0.02,0.04,272.64,477.21
-0.05,0.05,0.33,0.03,0,290.94,403.98
-0.05,0.05,0.33,0.03,0.01,290.94,422.29
-0.05,0.05,0.33,0.03,0.02,290.94,440.59
-0.05,0.05,0.33,0.03,0.03,290.94,458.9
-0.05,0.05,0.33,0.03,0.04,290.94,477.21
-0.05,0.1,0.33,0,0,236.02,487.96
-0.05,0.1,0.33,0,0.01,236.02,506.26
-0.05,0.1,0.33,0,0.02,236.02,524.57
-0.05,0.1,0.33,0,0.03,236.02,542.88
-0.05,0.1,0.33,0,0.04,236.02,561.19
-0.05,0.1,0.33,0.01,0,254.33,487.96
-0.05,0.1,0.33,0.01,0.01,254.33,506.26
-0.05,0.1,0.33,0.01,0.02,254.33,524.57
-0.05,0.1,0.33,0.01,0.03,254.33,542.88
-0.05,0.1,0.33,0.01,0.04,254.33,561.19
-0.05,0.1,0.33,0.02,0,272.64,487.96
-0.05,0.1,0.33,0.02,0.01,272.64,506.26
-0.05,0.1,0.33,0.02,0.02,272.64,524.57
-0.05,0.1,0.33,0.02,0.03,272.64,542.88
-0.05,0.1,0.33,0.02,0.04,272.64,561.19
-0.05,0.1,0.33,0.03,0,290.94,487.96
-0.05,0.1,0.33,0.03,0.01,290.94,506.26
-0.05,0.1,0.33,0.03,0.02,290.94,524.57
-0.05,0.1,0.33,0.03,0.03,290.94,542.88
0,0.05,0.33,0.01,0.04,338.31,477.21
0,0.05,0.33,0.02,0,356.61,403.98
0,0.05,0.33,0.02,0.01,356.61,422.29
0,0.05,0.33,0.02,0.02,356.61,440.59
0,0.05,0.33,0.02,0.03,356.61,458.9
0,0.05,0.33,0.02,0.04,356.61,477.21
0,0.05,0.33,0.03,0,374.92,403.98
0,0.05,0.33,0.03,0.01,374.92,422.29
0,0.05,0.33,0.03,0.02,374.92,440.59
0,0.05,0.33,0.03,0.03,374.92,458.9
0,0.05,0.33,0.03,0.04,374.92,477.21
0,0.1,0.33,0,0,320,487.96
0,0.1,0.33,0,0.01,320,506.26
0,0.1,0.33,0,0.02,320,524.57
0,0.1,0.33,0,0.03,320,542.88
0,0.1,0.33,0,0.04,320,561.19
0,0.1,0.33,0.01,0,338.31,487.96
0,0.1,0.33,0.01,0.01,338.31,506.26
0,0.1,0.33,0.01,0.02,338.31,524.57
0,0.1,0.33,0.01,0.03,338.31,542.88
0,0.1,0.33,0.01,0.04,338.31,561.19
0,0.1,0.33,0.02,0,356.61,487.96
0,0.1,0.33,0.02,0.01,356.61,506.26
0,0.1,0.33,0.02,0.02,356.61,524.57
0,0.1,0.33,0.02,0.03,356.61,542.88
0,0.1,0.33,0.02,0.04,356.61,561.19
0,0.1,0.33,0.03,0,374.92,487.96
0,0.1,0.33,0.03,0.01,374.92,506.26
0,0.1,0.33,0.03,0.02,374.92,524.57
0,0.1,0.33,0.03,0.03,374.92,542.88
0.05,0.05,0.33,0.01,0.04,422.29,477.21
0.05,0.05,0.33,0.02,0,440.59,403.98
0.05,0.05,0.33,0.02,0.01,440.59,422.29
0.05,0.05,0.33,0.02,0.02,440.59,440.59
0.05,0.05,0.33,0.02,0.03,440.59,458.9
0.05,0.05,0.33,0.02,0.04,440.59,477.21
0.05,0.05,0.33,0.03,0,458.9,403.98
0.05,0.05,0.33,0.03,0.01,458.9,422.29
0.05,0.05,0.33,0.03,0.02,458.9,440.59
0.05,0.05,0.33,0.03,0.03,458.9,458.9
0.05,0.05,0.33,0.03,0.04,458.9,477.21
0.05,0.1,0.33,0,0,403.98,487.96
0.05,0.1,0.33,0,0.01,403.98,506.26
0.05,0.1,0.33,0,0.02,403.98,524.57
0.05,0.1,0.33,0,0.03,403.98,542.88
0.05,0.1,0.33,0,0.04,403.98,561.19
0.05,0.1,0.33,0.01,0,422.29,487.96
0.05,0.1,0.33,0.01,0.01,422.29,506.26
0.05,0.1,0.33,0.01,0.02,422.29,524.57
0.05,0.1,0.33,0.01,0.03,422.29,542.88
0.05,0.1,0.33,0.01,0.04,422.29,561.19
0.05,0.1,0.33,0.02,0,440.59,487.96
0.05,0.1,0.33,0.02,0.01,440.59,506.26
0.05,0.1,0.33,0.02,0.02,440.59,524.57
0.05,0.1,0.33,0.02,0.03,440.59,542.88
0.05,0.1,0.33,0.02,0.04,440.59,561.19
0.05,0.1,0.33,0.03,0,458.9,487.96
0.05,0.1,0.33,0.03,0.01,458.9,506.26
0.05,0.1,0.33,0.03,0.02,458.9,524.57
0.05,0.1,0.33,0.03,0.03,458.9,542.88
0.1,0.05,0.33,0.01,0.04,506.26,477.21
0.1,0.05,0.33,0.02,0,524.57,403.98
0.1,0.05,0.33,0.02,0.01,524.57,422.29
0.1,0.05,0.33,0.02,0.02,524.57,440.59
0.1,0.05,0.33,0.02,0.03,524.57,458.9
0.1,0.05,0.33,0.02,0.04,524.57,477.21
0.1,0.05,0.33,0.03,0,542.88,403.98
0.1,0.05,0.33,0.03,0.01,542.88,422.29
0.1,0.05,0.33,0.03,0.02,542.88,440.59
0.1,0.05,0.33,0.03,0.03,542.88,458.9
0.1,0.05,0.33,0.03,0.04,542.88,477.21
0.1,0.1,0.33,0,0,487.96,487.96
0.1,0.1,0.33,0,0.01,487.96,506.26
0.1,0.1,0.33,0,0.02,487.96,524.57
0.1,0.1,0.33,0,0.03,487.96,542.88
0.1,0.1,0.33,0,0.04,487.96,561.19
0.1,0.1,0.33,0.01,0,506.26,487.96
0.1,0.1,0.33,0.01,0.01,506.26,506.26
0.1,0.1,0.33,0.01,0.02,506.26,524.57
0.1,0.1,0.33,0.01,0.03,506.26,542.88
0.1,0.1,0.33,0.01,0.04,506.26,561.19
0.1,0.1,0.33,0.02,0,524.57,487.96
0.1,0.1,0.33,0.02,0.01,524.57,506.26
0.1,0.1,0.33,0.02,0.02,524.57,524.57
0.1,0.1,0.33,0.02,0.03,524.57,542.88
0.1,0.1,0.33,0.02,0.04,524.57,561.19
0.1,0.1,0.33,0.03,0,542.88,487.96
0.1,0.1,0.33,0.03,0.01,542.88,506.26
0.1,0.1,0.33,0.03,0.02,542.88,524.57
0.1,0.1,0.33,0.03,0.03,542.88,542.88
-0.1,0.05,0.34,0.01,0.04,174.75,472.58
-0.1,0.05,0.34,0.02,0,192.52,401.51
-0.1,0.05,0.34,0.02,0.01,192.52,419.28
-0.1,0.05,0.34,0.02,0.02,192.52,437.05
-0.1,0.05,0.34,0.02,0.03,192.52,454.81
-0.1,0.05,0.34,0.02,0.04,192.52,472.58
-0.1,0.05,0.34,0.03,0,210.29,401.51
-0.1,0.05,0.34,0.03,0.01,210.29,419.28
-0.1,0.05,0.34,0.03,0.02,210.29,437.05
-0.1,0.05,0.34,0.03,0.03,210.29,454.81
-0.1,0.05,0.34,0.03,0.04,210.29,472.58
-0.1,0.1,0.34,0,0,156.98,483.02
-0.1,0.1,0.34,0,0.01,156.98,500.79
-0.1,0.1,0.34,0,0.02,156.98,518.55
-0.1,0.1,0.34,0,0.03,156.98,536.32
-0.1,0.1,0.34,0,0.04,156.98,554.09
-0.1,0.1,0.34,0.01,0,174.75,483.02
-0.1,0.1,0.34,0.01,0.01,174.75,500.79
-0.1,0.1,0.34,0.01,0.02,174.75,518.55
-0.1,0.1,0.34,0.01,0.03,174.75,536.32
-0.1,0.1,0.34,0.01,0.04,174.75,554.09
-0.1,0.1,0.34,0.02,0,192.52,483.02
-0.1,0.1,0.34,0.02,0.01,192.52,500.79
-0.1,0.1,0.34,0.02,0.02,192.52,518.55
-0.1,0.1,0.34,0.02,0.03,192.52,536.32
-0.1,0.1,0.34,0.02,0.04,192.52,554.09
-0.1,0.1,0.34,0.03,0,210.29,483.02
-0.1,0.1,0.34,0.03,0.01,210.29,500.79
-0.1,0.1,0.34,0.03,0.02,210.29,518.55
-0.1,0.1,0.34,0.03,0.03,210.29,536.32
-0.05,0.05,0.34,0.01,0.04,256.26,472.58
-0.05,0.05,0.34,0.02,0,274.03,401.51
-0.05,0.05,0.34,0.02,0.01,274.03,419.28
-0.05,0.05,0.34,0.02,0.02,274.03,437.05
-0.05,0.05,0.34,0.02,0.03,274.03,454.81
-0.05,0.05,0.34,0.02,0.04,274.03,472.58
-0.05,0.05,0.34,0.03,0,291.8,401.51
-0.05,0.05,0.34,0.03,0.01,291.8,419.28
-0.05,0.05,0.34,0.03,0.02,291.8,437.05
-0.05,0.05,0.34,0.03,0.03,291.8,454.81
-0.05,0.05,0.34,0.03,0.04,291.8,472.58
-0.05,0.1,0.34,0,0,238.49,483.02
-0.05,0.1,0.34,0,0.01,238.49,500.79
-0.05,0.1,0.34,0,0.02,238.49,518.55
-0.05,0.1,0.34,0,0.03,238.49,536.32
-0.05,0.1,0.34,0,0.04,238.49,554.09
-0.05,0.1,0.34,0.01,0,256.26,483.02
-0.05,0.1,0.34,0.01,0.01,256.26,500.79
-0.05,0.1,0.34,0.01,0.02,256.26,518.55
-0.05,0.1,0.34,0.01,0.03,256.26,536.32
-0.05,0.1,0.34,0.01,0.04,256.26,554.09
-0.05,0.1,0.34,0.02,0,274.03,483.02
-0.05,0.1,0.34,0.02,0.01,274.03,500.79
-0.05,0.1,0.34,0.02,0.02,274.03,518.55
-0.05,0.1,0.34,0.02,0.03,274.03,536.32
-0.05,0.1,0.34,0.02,0.04,274.03,554.09
-0.05,0.1,0.34,0.03,0,291.8,483.02
-0.05,0.1,0.34,0.03,0.01,291.8,500.79
-0.05,0.1,0.34,0.03,0.02,291.8,518.55
-0.05,0.1,0.34,0.03,0.03,291.8,536.32
0,0.05,0.34,0.01,0.04,337.77,472.58
0,0.05,0.34,0.02,0,355.54,401.51
0,0.05,0.34,0.02,0.01,355.54,419.28
0,0.05,0.34,0.02,0.02,355.54,437.05
0,0.05,0.34,0.02,0.03,355.54,454.81
0,0.05,0.34,0.02,0.04,355.54,472.58
0,0.05,0.34,0.03,0,373.31,401.51
0,0.05,0.34,0.03,0.01,373.31,419.28
0,0.05,0.34,0.03,0.02,373.31,437.05
0,0.05,0.34,0.03,0.03,373.31,454.81
0,0.05,0.34,0.03,0.04,373.31,472.58
0,0.1,0.34,0,0,320,483.02
0,0.1,0.34,0,0.01,320,500.79
0,0.1,0.34,0,0.02,320,518.55
0,0.1,0.34,0,0.03,320,536.32
0,0.1,0.34,0,0.04,320,554.09
0,0.1,0.34,0.01,0,337.77,483.02
0,0.1,0.34,0.01,0.01,337.77,500.79
0,0.1,0.34,0.01,0.02,337.77,518.55
0,0.1,0.34,0.01,0.03,337.77,536.32
0,0.1,0.34,0.01,0.04,337.77,554.09
0,0.1,0.34,0.02,0,355.54,483.02
0,0.1,0.34,0.02,0.01,355.54,500.79
0,0.1,0.34,0.02,0.02,355.54,518.55
0,0.1,0.34,0.02,0.03,355.54,536.32
0,0.1,0.34,0.02,0.04,355.54,554.09
0,0.1,0.34,0.03,0,373.31,483.02
0,0.1,0.34,0.03,0.01,373.31,500.79
0,0.1,0.34,0.03,0.02,373.31,518.55
0,0.1,0.34,0.03,0.03,373.31,536.32
0.05,0.05,0.34,0.01,0.04,419.28,472.58
0.05,0.05,0.34,0.02,0,437.05,401.51
0.05,0.05,0.34,0.02,0.01,437.05,419.28
0.05,0.05,0.34,0.02,0.02,437.05,437.05
0.05,0.05,0.34,0.02,0.03,437.05,454.81
0.05,0.05,0.34,0.02,0.04,437.05,472.58
0.05,0.05,0.34,0.03,0,454.81,401.51
0.05,0.05,0.34,0.03,0.01,454.81,419.28
0.05,0.05,0.34,0.03,0.02,454.81,437.05
0.05,0.05,0.34,0.03,0.03,454.81,454.81
0.05,0.05,0.34,0.03,0.04,454.81,472.58
0.05,0.1,0.34,0,0,401.51,483.02
0.05,0.1,0.34,0,0.01,401.51,500.79
0.05,0.1,0.34,0,0.02,401.51,518.55
0.05,0.1,0.34,0,0.03,401.51,536.32
0.05,0.1,0.34,0,0.04,401.51,554.09
0.05,0.1,0.34,0.01,0,419.28,483.02
0.05,0.1,0.34,0.01,0.01,419.28,500.79
0.05,0.1,0.34,0.01,0.02,419.28,518.55
0.05,0.1,0.34,0.01,0.03,419.28,536.32
0.05,0.1,0.34,0.01,0.04,419.28,554.09
0.05,0.1,0.34,0.02,0,437.05,483.02
0.05,0.1,0.34,0.02,0.01,437.05,500.79
0.05,0.1,0.34,0.02,0.02,437.05,518.55
0.05,0.1,0.34,0.02,0.03,437.05,536.32
0.05,0.1,0.34,0.02,0.04,437.05,554.09
0.05,0.1,0.34,0.03,0,454.81,483.02
0.05,0.1,0.34,0.03,0.01,454.81,500.79
0.05,0.1,0.34,0.03,0.02,454.81,518.55
0.05,0.1,0.34,0.03,0.03,454.81,536.32
0.1,0.05,0.34,0.01,0.04,500.79,472.58
0.1,0.05,0.34,0.02,0,518.55,401.51
0.1,0.05,0.34,0.02,0.01,518.55,419.28
0.1,0.05,0.34,0.02,0.02,518.55,437.05
0.1,0.05,0.34,0.02,0.03,518.55,454.81
0.1,0.05,0.34,0.02,0.04,518.55,472.58
0.1,0.05,0.34,0.03,0,536.32,401.51
0.1,0.05,0.34,0.03,0.01,536.32,419.28
0.1,0.05,0.34,0.03,0.02,536.32,437.05
0.1,0.05,0.34,0.03,0.03,536.32,454.81
0.1,0.05,0.34,0.03,0.04,536.32,472.58
0.1,0.1,0.34,0,0,483.02,483.02
0.1,0.1,0.34,0,0.01,483.02,500.79
0.1,0.1,0.34,0,0.02,483.02,518.55
0.1,0.1,0.34,0,0.03,483.02,536.32
0.1,0.1,0.34,0,0.04,483.02,554.09
0.1,0.1,0.34,0.01,0,500.79,483.02
0.1,0.1,0.34,0.01,0.01,500.79,500.79
0.1,0.1,0.34,0.01,0.02,500.79,518.55
0.1,0.1,0.34,0.01,0.03,500.79,536.32
0.1,0.1,0.34,0.01,0.04,500.79,554.09
0.1,0.1,0.34,0.02,0,518.55,483.02
0.1,0.1,0.34,0.02,0.01,518.55,500.79
0.1,0.1,0.34,0.02,0.02,518.55,518.55
0.1,0.1,0.34,0.02,0.03,518.55,536.32
0.1,0.1,0.34,0.02,0.04,518.55,554.09
0.1,0.1,0.34,0.03,0,536.32,483.02
0.1,0.1,0.34,0.03,0.01,536.32,500.79
0.1,0.1,0.34,0.03,0.02,536.32,518.55
0.1,0.1,0.34,0.03,0.03,536.32,536.32
-0.1,0.05,0.35,0.01,0.04,178.9,468.22
-0.1,0.05,0.35,0.02,0,196.16,399.18
-0.1,0.05,0.35,0.02,0.01,196.16,416.44
-0.1,0.05,0.35,0.02,0.02,196.16,433.7
-0.1,0.05,0.35,0.02,0.03,196.16,450.96
-0.1,0.05,0.35,0.02,0.04,196.16,468.22
-0.1,0.05,0.35,0.03,0,213.42,399.18
-0.1,0.05,0.35,0.03,0.01,213.42,416.44
-0.1,0.05,0.35,0.03,0.02,213.42,433.7
-0.1,0.05,0.35,0.03,0.03,213.42,450.96
-0.1,0.05,0.35,0.03,0.04,213.42,468.22
-0.1,0.1,0.35,0,0,161.64,478.36
-0.1,0.1,0.35,0,0.01,161.64,495.62
-0.1,0.1,0.35,0,0.02,161.64,512.88
-0.1,0.1,0.35,0,0.03,161.64,530.14
-0.1,0.1,0.35,0,0.04,161.64,547.4
-0.1,0.1,0.35,0.01,0,178.9,478.36
-0.1,0.1,0.35,0.01,0.01,178.9,495.62
-0.1,0.1,0.35,0.01,0.02,178.9,512.88
-0.1,0.1,0.35,0.01,0.03,178.9,530.14
-0.1,0.1,0.35,0.01,0.04,178.9,547.4
-0.1,0.1,0.35,0.02,0,196.16,478.36
-0.1,0.1,0.35,0.02,0.01,196.16,495.62
-0.1,0.1,0.35,0.02,0.02,196.16,512.88
-0.1,0.1,0.35,0.02,0.03,196.16,530.14
-0.1,0.1,0.35,0.02,0.04,196.16,547.4
-0.1,0.1,0.35,0.03,0,213.42,478.36
-0.1,0.1,0.35,0.03,0.01,213.42,495.62
-0.1,0.1,0.35,0.03,0.02,213.42,512.88
-0.1,0.1,0.35,0.03,0.03,213.42,530.14
-0.05,0.05,0.35,0.01,0.04,258.08,468.22
-0.05,0.05,0.35,0.02,0,275.34,399.18
-0.05,0.05,0.35,0.02,0.01,275.34,416.44
-0.05,0.05,0.35,0.02,0.02,275.34,433.7
-0.05,0.05,0.35,0.02,0.03,275.34,450.96
-0.05,0.05,0.35,0.02,0.04,275.34,468.22
-0.05,0.05,0.35,0.03,0,292.6,399.18
-0.05,0.05,0.35,0.03,0.01,292.6,416.44
-0.05,0.05,0.35,0.03,0.02,292.6,433.7
-0.05,0.05,0.35,0.03,0.03,292.6,450.96
-0.05,0.05,0.35,0.03,0.04,292.6,468.22
-0.05,0.1,0.35,0,0,240.82,478.36
-0.05,0.1,0.35,0,0.01,240.82,495.62
-0.05,0.1,0.35,0,0.02,240.82,512.88
-0.05,0.1,0.35,0,0.03,240.82,530.14
-0.05,0.1,0.35,0,0.04,240.82,547.4
-0.05,0.1,0.35,0.01,0,258.08,478.36
-0.05,0.1,0.35,0.01,0.01,258.08,495.62
-0.05,0.1,0.35,0.01,0.02,258.08,512.88
-0.05,0.1,0.35,0.01,0.03,258.08,530.14
-0.05,0.1,0.35,0.01,0.04,258.08,547.4
-0.05,0.1,0.35,0.02,0,275.34,478.36
-0.05,0.1,0.35,0.02,0.01,275.34,495.62
-0.05,0.1,0.35,0.02,0.02,275.34,512.88
-0.05,0.1,0.35,0.02,0.03,275.34,530.14
-0.05,0.1,0.35,0.02,0.04,275.34,547.4
-0.05,0.1,0.35,0.03,0,292.6,478.36
-0.05,0.1,0.35,0.03,0.01,292.6,495.62
-0.05,0.1,0.35,0.03,0.02,292.6,512.88
-0.05,0.1,0.35,0.03,0.03,292.6,530.14
0,0.05,0.35,0.01,0.04,337.26,468.22
0,0.05,0.35,0.02,0,354.52,399.18
0,0.05,0.35,0.02,0.01,354.52,416.44
0,0.05,0.35,0.02,0.02,354.52,433.7
0,0.05,0.35,0.02,0.03,354.52,450.96
0,0.05,0.35,0.02,0.04,354.52,468.22
0,0.05,0.35,0.03,0,371.78,399.18
0,0.05,0.35,0.03,0.01,371.78,416.44
0,0.05,0.35,0.03,0.02,371.78,433.7
0,0.05,0.35,0.03,0.03,371.78,450.96
0,0.05,0.35,0.03,0.04,371.78,468.22
0,0.1,0.35,0,0,320,478.36
0,0.1,0.35,0,0.01,320,495.62
0,0.1,0.35,0,0.02,320,512.88
0,0.1,0.35,0,0.03,320,530.14
0,0.1,0.35,0,0.04,320,547.4
0,0.1,0.35,0.01,0,337.26,478.36
0,0.1,0.35,0.01,0.01,337.26,495.62
0,0.1,0.35,0.01,0.02,337.26,512.88
0,0.1,0.35,0.01,0.03,337.26,530.14
0,0.1,0.35,0.01,0.04,337.26,547.4
0,0.1,0.35,0.02,0,354.52,478.36
0,0.1,0.35,0.02,0.01,354.52,495.62
0,0.1,0.35,0.02,0.02,354.52,512.88
0,0.1,0.35,0.02,0.03,354.52,530.14
0,0.1,0.35,0.02,0.04,354.52,547.4
0,0.1,0.35,0.03,0,371.78,478.36
0,0.1,0.35,0.03,0.01,371.78,495.62
0,0.1,0.35,0.03,0.02,371.78,512.88
0,0.1,0.35,0.03,0.03,371.78,530.14
0.05,0.05,0.35,0.01,0.04,416.44,468.22
0.05,0.05,0.35,0.02,0,433.7,399.18
0.05,0.05,0.35,0.02,0.01,433.7,416.44
0.05,0.05,0.35,0.02,0.02,433.7,433.7
0.05,0.05,0.35,0.02,0.03,433.7,450.96
0.05,0.05,0.35,0.02,0.04,433.7,468.22
0.05,0.05,0.35,0.03,0,450.96,399.18
0.05,0.05,0.35,0.03,0.01,450.96,416.44
0.05,0.05,0.35,0.03,0.02,450.96,433.7
0.05,0.05,0.35,0.03,0.03,450.96,450.96
0.05,0.05,0.35,0.03,0.04,450.96,468.22
0.05,0.1,0.35,0,0,399.18,478.36
0.05,0.1,0.35,0,0.01,399.18,495.62
0.05,0.1,0.35,0,0.02,399.18,512.88
0.05,0.1,0.35,0,0.03,399.18,530.14
0.05,0.1,0.35,0,0.04,399.18,547.4
0.05,0.1,0.35,0.01,0,416.44,478.36
0.05,0.1,0.35,0.01,0.01,416.44,495.62
0.05,0.1,0.35,0.01,0.02,416.44,512.88
0.05,0.1,0.35,0.01,0.03,416.44,530.14
0.05,0.1,0.35,0.01,0.04,416.44,547.4
0.05,0.1,0.35,0.02,0,433.7,478.36
0.05,0.1,0.35,0.02,0.01,433.7,495.62
0.05,0.1,0.35,0.02,0.02,433.7,512.88
0.05,0.1,0.35,0.02,0.03,433.7,530.14
0.05,0.1,0.35,0.02,0.04,433.7,547.4
0.05,0.1,0.35,0.03,0,450.96,478.36
0.05,0.1,0.35,0.03,0.01,450.96,495.62
0.05,0.1,0.35,0.03,0.02,450.96,512.88
0.05,0.1,0.35,0.03,0.03,450.96,530.14
0.1,0.05,0.35,0.01,0.04,495.62,468.22
0.1,0.05,0.35,0.02,0,512.88,399.18
0.1,0.05,0.35,0.02,0.01,512.88,416.44
0.1,0.05,0.35,0.02,0.02,512.88,433.7
0.1,0.05,0.35,0.02,0.03,512.88,450.96
0.1,0.05,0.35,0.02,0.04,512.88,468.22
0.1,0.05,0.35,0.03,0,530.14,399.18
0.1,0.05,0.35,0.03,0.01,530.14,416.44
0.1,0.05,0.35,0.03,0.02,530.14,433.7
0.1,0.05,0.35,0.03,0.03,530.14,450.96
0.1,0.05,0.35,0.03,0.04,530.14,468.22
0.1,0.1,0.35,0,0,478.36,478.36
0.1,0.1,0.35,0,0.01,478.36,495.62
0.1,0.1,0.35,0,0.02,478.36,512.88
0.1,0.1,0.35,0,0.03,478.36,530.14
0.1,0.1,0.35,0,0.04,478.36,547.4
0.1,0.1,0.35,0.01,0,495.62,478.36
0.1,0.1,0.35,0.01,0.01,495.62,495.62
0.1,0.1,0.35,0.01,0.02,495.62,512.88
0.1,0.1,0.35,0.01,0.03,495.62,530.14
0.1,0.1,0.35,0.01,0.04,495.62,547.4
0.1,0.1,0.35,0.02,0,512.88,478.36
0.1,0.1,0.35,0.02,0.01,512.88,495.62
0.1,0.1,0.35,0.02,0.02,512.88,512.88
0.1,0.1,0.35,0.02,0.03,512.88,530.14
0.1,0.1,0.35,0.02,0.04,512.88,547.4
0.1,0.1,0.35,0.03,0,530.14,478.36
0.1,0.1,0.35,0.03,0.01,530.14,495.62
0.1,0.1,0.35,0.03,0.02,530.14,512.88
0.1,0.1,0.35,0.03,0.03,530.14,530.14
-0.1,0.05,0.36,0.01,0.04,182.82,464.11
-0.1,0.05,0.36,0.02,0,199.6,396.98
-0.1,0.05,0.36,0.02,0.01,199.6,413.76
-0.1,0.05,0.36,0.02,0.02,199.6,430.54
-0.1,0.05,0.36,0.02,0.03,199.6,447.32
-0.1,0.05,0.36,0.02,0.04,199.6,464.11
-0.1,0.05,0.36,0.03,0,216.38,396.98
-0.1,0.05,0.36,0.03,0.01,216.38,413.76
-0.1,0.05,0.36,0.03,0.02,216.38,430.54
-0.1,0.05,0.36,0.03,0.03,216.38,447.32
-0.1,0.05,0.36,0.03,0.04,216.38,464.11
-0.1,0.1,0.36,0,0,166.04,473.96
-0.1,0.1,0.36,0,0.01,166.04,490.74
-0.1,0.1,0.36,0,0.02,166.04,507.52
-0.1,0.1,0.36,0,0.03,166.04,524.31
-0.1,0.1,0.36,0,0.04,166.04,541.09
-0.1,0.1,0.36,0.01,0,182.82,473.96
-0.1,0.1,0.36,0.01,0.01,182.82,490.74
-0.1,0.1,0.36,0.01,0.02,182.82,507.52
-0.1,0.1,0.36,0.01,0.03,182.82,524.31
-0.1,0.1,0.36,0.01,0.04,182.82,541.09
-0.1,0.1,0.36,0.02,0,199.6,473.96
-0.1,0.1,0.36,0.02,0.01,199.6,490.74
-0.1,0.1,0.36,0.02,0.02,199.6,507.52
-0.1,0.1,0.36,0.02,0.03,199.6,524.31
-0.1,0.1,0.36,0.02,0.04,199.6,541.09
-0.1,0.1,0.36,0.03,0,216.38,473.96
-0.1,0.1,0.36,0.03,0.01,216.38,490.74
-0.1,0.1,0.36,0.03,0.02,216.38,507.52
-0.1,0.1,0.36,0.03,0.03,216.38,524.31
-0.05,0.05,0.36,0.01,0.04,259.8,464.11
-0.05,0.05,0.36,0.02,0,276.58,396.98
-0.05,0.05,0.36,0.02,0.01,276.58,413.76
-0.05,0.05,0.36,0.02,0.02,276.58,430.54
-0.05,0.05,0.36,0.02,0.03,276.58,447.32
-0.05,0.05,0.36,0.02,0.04,276.58,464.11
-0.05,0.05,0.36,0.03,0,293.36,396.98
-0.05,0.05,0.36,0.03,0.01,293.36,413.76
-0.05,0.05,0.36,0.03,0.02,293.36,430.54
-0.05,0.05,0.36,0.03,0.03,293.36,447.32
-0.05,0.05,0.36,0.03,0.04,293.36,464.11
-0.05,0.1,0.36,0,0,243.02,473.96
-0.05,0.1,0.36,0,0.01,243.02,490.74
-0.05,0.1,0.36,0,0.02,243.02,507.52
-0.05,0.1,0.36,0,0.03,243.02,524.31
-0.05,0.1,0.36,0,0.04,243.02,541.09
-0.05,0.1,0.36,0.01,0,259.8,473.96
-0.05,0.1,0.36,0.01,0.01,259.8,490.74
-0.05,0.1,0.36,0.01,0.02,259.8,507.52
-0.05,0.1,0.36,0.01,0.03,259.8,524.31
-0.05,0.1,0.36,0.01,0.04,259.8,541.09
-0.05,0.1,0.36,0.02,0,276.58,473.96
-0.05,0.1,0.36,0.02,0.01,276.58,490.74
-0.05,0.1,0.36,0.02,0.02,276.58,507.52
-0.05,0.1,0.36,0.02,0.03,276.58,524.31
-0.05,0.1,0.36,0.02,0.04,276.58,541.09
-0.05,0.1,0.36,0.03,0,293.36,473.96
-0.05,0.1,0.36,0.03,0.01,293.36,490.74
-0.05,0.1,0.36,0.03,0.02,293.36,507.52
-0.05,0.1,0.36,0.03,0.03,293.36,524.31
0,0.05,0.36,0.01,0.04,336.78,464.11
0,0.05,0.36,0.02,0,353.56,396.98
0,0.05,0.36,0.02,0.01,353.56,413.76
0,0.05,0.36,0.02,0.02,353.56,430.54
0,0.05,0.36,0.02,0.03,353.56,447.32
0,0.05,0.36,0.02,0.04,353.56,464.11
0,0.05,0.36,0.03,0,370.34,396.98
0,0.05,0.36,0.03,0.01,370.34,413.76
0,0.05,0.36,0.03,0.02,370.34,430.54
0,0.05,0.36,0.03,0.03,370.34,447.32
0,0.05,0.36,0.03,0.04,370.34,464.11
0,0.1,0.36,0,0,320,473.96
0,0.1,0.36,0,0.01,320,490.74
0,0.1,0.36,0,0.02,320,507.52
0,0.1,0.36,0,0.03,320,524.31
0,0.1,0.36,0,0.04,320,541.09
0,0.1,0.36,0.01,0,336.78,473.96
0,0.1,0.36,0.01,0.01,336.78,490.74
0,0.1,0.36,0.01,0.02,336.78,507.52
0,0.1,0.36,0.01,0.03,336.78,524.31
0,0.1,0.36,0.01,0.04,336.78,541.09
0,0.1,0.36,0.02,0,353.56,473.96
0,0.1,0.36,0.02,0.01,353.56,490.74
0,0.1,0.36,0.02,0.02,353.56,507.52
0,0.1,0.36,0.02,0.03,353.56,524.31
0,0.1,0.36,0.02,0.04,353.56,541.09
0,0.1,0.36,0.03,0,370.34,473.96
0,0.1,0.36,0.03,0.01,370.34,490.74
0,0.1,0.36,0.03,0.02,370.34,507.52
0,0.1,0.36,0.03,0.03,370.34,524.31
0.05,0.05,0.36,0.01,0.04,413.76,464.11
0.05,0.05,0.36,0.02,0,430.54,396.98
0.05,0.05,0.36,0.02,0.01,430.54,413.76
0.05,0.05,0.36,0.02,0.02,430.54,430.54
0.05,0.05,0.36,0.02,0.03,430.54,447.32
0.05,0.05,0.36,0.02,0.04,430.54,464.11
0.05,0.05,0.36,0.03,0,447.32,396.98
0.05,0.05,0.36,0.03,0.01,447.32,413.76
0.05,0.05,0.36,0.03,0.02,447.32,430.54
0.05,0.05,0.36,0.03,0.03,447.32,447.32
0.05,0.05,0.36,0.03,0.04,447.32,464.11
0.05,0.1,0.36,0,0,396.98,473.96
0.05,0.1,0.36,0,0.01,396.98,490.74
0.05,0.1,0.36,0,0.02,396.98,507.52
0.05,0.1,0.36,0,0.03,396.98,524.31
0.05,0.1,0.36,0,0.04,396.98,541.09
0.05,0.1,0.36,0.01,0,413.76,473.96
0.05,0.1,0.36,0.01,0.01,413.76,490.74
0.05,0.1,0.36,0.01,0.02,413.76,507.52
0.05,0.1,0.36,0.01,0.03,413.76,524.31
0.05,0.1,0.36,0.01,0.04,413.76,541.09
0.05,0.1,0.36,0.02,0,430.54,473.96
0.05,0.1,0.36,0.02,0.01,430.54,490.74
0.05,0.1,0.36,0.02,0.02,430.54,507.52
0.05,0.1,0.36,0.02,0.03,430.54,524.31
0.05,0.1,0.36,0.02,0.04,430.54,541.09
0.05,0.1,0.36,0.03,0,447.32,473.96
0.05,0.1,0.36,0.03,0.01,447.32,490.74
0.05,0.1,0.36,0.03,0.02,447.32,507.52
0.05,0.1,0.36,0.03,0.03,447.32,524.31
0.1,0.05,0.36,0.01,0.04,490.74,464.11
0.1,0.05,0.36,0.02,0,507.52,396.98
0.1,0.05,0.36,0.02,0.01,507.52,413.76
0.1,0.05,0.36,0.02,0.02,507.52,430.54
0.1,0.05,0.36,0.02,0.03,507.52,447.32
0.1,0.05,0.36,0.02,0.04,507.52,464.11
0.1,0.05,0.36,0.03,0,524.31,396.98
0.1,0.05,0.36,0.03,0.01,524.31,413.76
0.1,0.05,0.36,0.03,0.02,524.31,430.54
0.1,0.05,0.36,0.03,0.03,524.31,447.32
0.1,0.05,0.36,0.03,0.04,524.31,464.11
0.1,0.1,0.36,0,0,473.96,473.96
0.1,0.1,0.36,0,0.01,473.96,490.74
0.1,0.1,0.36,0,0.02,473.96,507.52
0.1,0.1,0.36,0,0.03,473.96,524.31
0.1,0.1,0.36,0,0.04,473.96,541.09
0.1,0.1,0.36,0.01,0,490.74,473.96
0.1,0.1,0.36,0.01,0.01,490.74,490.74
0.1,0.1,0.36,0.01,0.02,490.74,507.52
0.1,0.1,0.36,0.01,0.03,490.74,524.31
0.1,0.1,0.36,0.01,0.04,490.74,541.09
0.1,0.1,0.36,0.02,0,507.52,473.96
0.1,0.1,0.36,0.02,0.01,507.52,490.74
0.1,0.1,0.36,0.02,0.02,507.52,507.52
0.1,0.1,0.36,0.02,0.03,507.52,524.31
0.1,0.1,0.36,0.02,0.04,507.52,541.09
0.1,0.1,0.36,0.03,0,524.31,473.96
0.1,0.1,0.36,0.03,0.01,524.31,490.74
0.1,0.1,0.36,0.03,0.02,524.31,507.52
0.1,0.1,0.36,0.03,0.03,524.31,524.31
-0.1,0.05,0.37,0.01,0.04,186.53,460.21
-0.1,0.05,0.37,0.02,0,202.86,394.9
-0.1,0.05,0.37,0.02,0.01,202.86,411.23
-0.1,0.05,0.37,0.02,0.02,202.86,427.56
-0.1,0.05,0.37,0.02,0.03,202.86,443.88
-0.1,0.05,0.37,0.02,0.04,202.86,460.21
-0.1,0.05,0.37,0.03,0,219.19,394.9
-0.1,0.05,0.37,0.03,0.01,219.19,411.23
-0.1,0.05,0.37,0.03,0.02,219.19,427.56
-0.1,0.05,0.37,0.03,0.03,219.19,443.88
-0.1,0.05,0.37,0.03,0.04,219.19,460.21
-0.1,0.1,0.37,0,0,170.2,469.8
-0.1,0.1,0.37,0,0.01,170.2,486.13
-0.1,0.1,0.37,0,0.02,170.2,502.46
-0.1,0.1,0.37,0,0.03,170.2,518.78
-0.1,0.1,0.37,0,0.04,170.2,535.11
-0.1,0.1,0.37,0.01,0,186.53,469.8
-0.1,0.1,0.37,0.01,0.01,186.53,486.13
-0.1,0.1,0.37,0.01,0.02,186.53,502.46
-0.1,0.1,0.37,0.01,0.03,186.53,518.78
-0.1,0.1,0.37,0.01,0.04,186.53,535.11
-0.1,0.1,0.37,0.02,0,202.86,469.8
-0.1,0.1,0.37,0.02,0.01,202.86,486.13
-0.1,0.1,0.37,0.02,0.02,202.86,502.46
-0.1,0.1,0.37,0.02,0.03,202.86,518.78
-0.1,0.1,0.37,0.02,0.04,202.86,535.11
-0.1,0.1,0.37,0.03,0,219.19,469.8
-0.1,0.1,0.37,0.03,0.01,219.19,486.13
-0.1,0.1,0.37,0.03,0.02,219.19,502.46
-0.1,0.1,0.37,0.03,0.03,219.19,518.78
-0.05,0.05,0.37,0.01,0.04,261.43,460.21
-0.05,0.05,0.37,0.02,0,277.76,394.9
-0.05,0.05,0.37,0.02,0.01,277.76,411.23
-0.05,0.05,0.37,0.02,0.02,277.76,427.56
-0.05,0.05,0.37,0.02,0.03,277.76,443.88
-0.05,0.05,0.37,0.02,0.04,277.76,460.21
-0.05,0.05,0.37,0.03,0,294.08,394.9
-0.05,0.05,0.37,0.03,0.01,294.08,411.23
-0.05,0.05,0.37,0.03,0.02,294.08,427.56
-0.05,0.05,0.37,0.03,0.03,294.08,443.88
-0.05,0.05,0.37,0.03,0.04,294.08,460.21
-0.05,0.1,0.37,0,0,245.1,469.8
-0.05,0.1,0.37,0,0.01,245.1,486.13
-0.05,0.1,0.37,0,0.02,245.1,502.46
-0.05,0.1,0.37,0,0.03,245.1,518.78
-0.05,0.1,0.37,0,0.04,245.1,535.11
-0.05,0.1,0.37,0.01,0,261.43,469.8
-0.05,0.1,0.37,0.01,0.01,261.43,486.13
-0.05,0.1,0.37,0.01,0.02,261.43,502.46
-0.05,0.1,0.37,0.01,0.03,261.43,518.78
-0.05,0.1,0.37,0.01,0.04,261.43,535.11
-0.05,0.1,0.37,0.02,0,277.76,469.8
-0.05,0.1,0.37,0.02,0.01,277.76,486.13
-0.05,0.1,0.37,0.02,0.02,277.76,502.46
-0.05,0.1,0.37,0.02,0.03,277.76,518.78
-0.05,0.1,0.37,0.02,0.04,277.76,535.11
-0.05,0.1,0.37,0.03,0,294.08,469.8
-0.05,0.1,0.37,0.03,0.01,294.08,486.13
-0.05,0.1,0.37,0.03,0.02,294.08,502.46
-0.05,0.1,0.37,0.03,0.03,294.08,518.78
0,0.05,0.37,0.01,0.04,336.33,460.21
0,0.05,0.37,0.02,0,352.66,394.9
0,0.05,0.37,0.02,0.01,352.66,411.23
0,0.05,0.37,0.02,0.02,352.66,427.56
0,0.05,0.37,0.02,0.03,352.66,443.88
0,0.05,0.37,0.02,0.04,352.66,460.21
0,0.05,0.37,0.03,0,368.98,394.9
0,0.05,0.37,0.03,0.01,368.98,411.23
0,0.05,0.37,0.03,0.02,368.98,427.56
0,0.05,0.37,0.03,0.03,368.98,443.88
0,0.05,0.37,0.03,0.04,368.98,460.21
0,0.1,0.37,0,0,320,469.8
0,0.1,0.37,0,0.01,320,486.13
0,0.1,0.37,0,0.02,320,502.46
0,0.1,0.37,0,0.03,320,518.78
0,0.1,0.37,0,0.04,320,535.11
0,0.1,0.37,0.01,0,336.33,469.8
0,0.1,0.37,0.01,0.01,336.33,486.13
0,0.1,0.37,0.01,0.02,336.33,502.46
0,0.1,0.37,0.01,0.03,336.33,518.78
0,0.1,0.37,0.01,0.04,336.33,535.11
0,0.1,0.37,0.02,0,352.66,469.8
0,0.1,0.37,0.02,0.01,352.66,486.13
0,0.1,0.37,0.02,0.02,352.66,502.46
0,0.1,0.37,0.02,0.03,352.66,518.78
0,0.1,0.37,0.02,0.04,352.66,535.11
0,0.1,0.37,0.03,0,368.98,469.8
0,0.1,0.37,0.03,0.01,368.98,486.13
0,0.1,0.37,0.03,0.02,368.98,502.46
0,0.1,0.37,0.03,0.03,368.98,518.78
0.05,0.05,0.37,0.01,0.04,411.23,460.21
0.05,0.05,0.37,0.02,0,427.56,394.9
0.05,0.05,0.37,0.02,0.01,427.56,411.23
0.05,0.05,0.37,0.02,0.02,427.56,427.56
0.05,0.05,0.37,0.02,0.03,427.56,443.88
0.05,0.05,0.37,0.02,0.04,427.56,460.21
0.05,0.05,0.37,0.03,0,443.88,394.9
0.05,0.05,0.37,0.03,0.01,443.88,411.23
0.05,0.05,0.37,0.03,0.02,443.88,427.56
0.05,0.05,0.37,0.03,0.03,443.88,443.88
0.05,0.05,0.37,0.03,0.04,443.88,460.21
0.05,0.1,0.37,0,0,394.9,469.8
0.05,0.1,0.37,0,0.01,394.9,486.13
0.05,0.1,0.37,0,0.02,394.9,502.46
0.05,0.1,0.37,0,0.03,394.9,518.78
0.05,0.1,0.37,0,0.04,394.9,535.11
0.05,0.1,0.37,0.01,0,411.23,469.8
0.05,0.1,0.37,0.01,0.01,411.23,486.13
0.05,0.1,0.37,0.01,0.02,411.23,502.46
0.05,0.1,0.37,0.01,0.03,411.23,518.78
0.05,0.1,0.37,0.01,0.04,411.23,535.11
0.05,0.1,0.37,0.02,0,427.56,469.8
0.05,0.1,0.37,0.02,0.01,427.56,486.13
0.05,0.1,0.37,0.02,0.02,427.56,502.46
0.05,0.1,0.37,0.02,0.03,427.56,518.78
0.05,0.1,0.37,0.02,0.04,427.56,535.11
0.05,0.1,0.37,0.03,0,443.88,469.8
0.05,0.1,0.37,0.03,0.01,443.88,486.13
0.05,0.1,0.37,0.03,0.02,443.88,502.46
0.05,0.1,0.37,0.03,0.03,443.88,518.78
0.1,0.05,0.37,0.01,0.04,486.13,460.21
0.1,0.05,0.37,0.02,0,502.46,394.9
0.1,0.05,0.37,0.02,0.01,502.46,411.23
0.1,0.05,0.37,0.02,0.02,502.46,427.56
0.1,0.05,0.37,0.02,0.03,502.46,443.88
0.1,0.05,0.37,0.02,0.04,502.46,460.21
0.1,0.05,0.37,0.03,0,518.78,394.9
0.1,0.05,0.37,0.03,0.01,518.78,411.23
0.1,0.05,0.37,0.03,0.02,518.78,427.56
0.1,0.05,0.37,0.03,0.03,518.78,443.88
0.1,0.05,0.37,0.03,0.04,518.78,460.21
0.1,0.1,0.37,0,0,469.8,469.8
0.1,0.1,0.37,0,0.01,469.8,486.13
0.1,0.1,0.37,0,0.02,469.8,502.46
0.1,0.1,0.37,0,0.03,469.8,518.78
0.1,0.1,0.37,0,0.04,469.8,535.11
0.1,0.1,0.37,0.01,0,486.13,469.8
0.1,0.1,0.37,0.01,0.01,486.13,486.13
0.1,0.1,0.37,0.01,0.02,486.13,502.46
0.1,0.1,0.37,0.01,0.03,486.13,518.78
0.1,0.1,0.37,0.01,0.04,486.13,535.11
0.1,0.1,0.37,0.02,0,502.46,469.8
0.1,0.1,0.37,0.02,0.01,502.46,486.13
0.1,0.1,0.37,0.02,0.02,502.46,502.46
0.1,0.1,0.37,0.02,0.03,502.46,518.78
0.1,0.1,0.37,0.02,0.04,502.46,535.11
0.1,0.1,0.37,0.03,0,518.78,469.8
0.1,0.1,0.37,0.03,0.01,518.78,486.13
0.1,0.1,0.37,0.03,0.02,518.78,502.46
0.1,0.1,0.37,0.03,0.03,518.78,518.78
-0.1,0.05,0.38,0.01,0.04,190.04,456.52
-0.1,0.05,0.38,0.02,0,205.94,392.93
-0.1,0.05,0.38,0.02,0.01,205.94,408.83
-0.1,0.05,0.38,0.02,0.02,205.94,424.73
-0.1,0.05,0.38,0.02,0.03,205.94,440.62
-0.1,0.05,0.38,0.02,0.04,205.94,456.52
-0.1,0.05,0.38,0.03,0,221.84,392.93
-0.1,0.05,0.38,0.03,0.01,221.84,408.83
-0.1,0.05,0.38,0.03,0.02,221.84,424.73
-0.1,0.05,0.38,0.03,0.03,221.84,440.62
-0.1,0.05,0.38,0.03,0.04,221.84,456.52
-0.1,0.1,0.38,0,0,174.14,465.86
-0.1,0.1,0.38,0,0.01,174.14,481.76
-0.1,0.1,0.38,0,0.02,174.14,497.65
-0.1,0.1,0.38,0,0.03,174.14,513.55
-0.1,0.1,0.38,0,0.04,174.14,529.45
-0.1,0.1,0.38,0.01,0,190.04,465.86
-0.1,0.1,0.38,0.01,0.01,190.04,481.76
-0.1,0.1,0.38,0.01,0.02,190.04,497.65
-0.1,0.1,0.38,0.01,0.03,190.04,513.55
-0.1,0.1,0.38,0.01,0.04,190.04,529.45
-0.1,0.1,0.38,0.02,0,205.94,465.86
-0.1,0.1,0.38,0.02,0.01,205.94,481.76
-0.1,0.1,0.38,0.02,0.02,205.94,497.65
-0.1,0.1,0.38,0.02,0.03,205.94,513.55
-0.1,0.1,0.38,0.02,0.04,205.94,529.45
-0.1,0.1,0.38,0.03,0,221.84,465.86
-0.1,0.1,0.38,0.03,0.01,221.84,481.76
-0.1,0.1,0.38,0.03,0.02,221.84,497.65
-0.1,0.1,0.38,0.03,0.03,221.84,513.55
-0.05,0.05,0.38,0.01,0.04,262.97,456.52
-0.05,0.05,0.38,0.02,0,278.87,392.93
-0.05,0.05,0.38,0.02,0.01,278.87,408.83
-0.05,0.05,0.38,0.02,0.02,278.87,424.73
-0.05,0.05,0.38,0.02,0.03,278.87,440.62
-0.05,0.05,0.38,0.02,0.04,278.87,456.52
-0.05,0.05,0.38,0.03,0,294.77,392.93
-0.05,0.05,0.38,0.03,0.01,294.77,408.83
-0.05,0.05,0.38,0.03,0.02,294.77,424.73
-0.05,0.05,0.38,0.03,0.03,294.77,440.62
-0.05,0.05,0.38,0.03,0.04,294.77,456.52
-0.05,0.1,0.38,0,0,247.07,465.86
-0.05,0.1,0.38,0,0.01,247.07,481.76
-0.05,0.1,0.38,0,0.02,247.07,497.65
-0.05,0.1,0.38,0,0.03,247.07,513.55
-0.05,0.1,0.38,0,0.04,247.07,529.45
-0.05,0.1,0.38,0.01,0,262.97,465.86
-0.05,0.1,0.38,0.01,0.01,262.97,481.76
-0.05,0.1,0.38,0.01,0.02,262.97,497.65
-0.05,0.1,0.38,0.01,0.03,262.97,513.55
-0.05,0.1,0.38,0.01,0.04,262.97,529.45
-0.05,0.1,0.38,0.02,0,278.87,465.86
-0.05,0.1,0.38,0.02,0.01,278.87,481.76
-0.05,0.1,0.38,0.02,0.02,278.87,497.65
-0.05,0.1,0.38,0.02,0.03,278.87,513.55
-0.05,0.1,0.38,0.02,0.04,278.87,529.45
-0.05,0.1,0.38,0.03,0,294.77,465.86
-0.05,0.1,0.38,0.03,0.01,294.77,481.76
-0.05,0.1,0.38,0.03,0.02,294.77,497.65
-0.05,0.1,0.38,0.03,0.03,294.77,513.55
0,0.05,0.38,0.01,0.04,335.9,456.52
0,0.05,0.38,0.02,0,351.8,392.93
0,0.05,0.38,0.02,0.01,351.8,408.83
0,0.05,0.38,0.02,0.02,351.8,424.73
0,0.05,0.38,0.02,0.03,351.8,440.62
0,0.05,0.38,0.02,0.04,351.8,456.52
0,0.05,0.38,0.03,0,367.7,392.93
0,0.05,0.38,0.03,0.01,367.7,408.83
0,0.05,0.38,0.03,0.02,367.7,424.73
0,0.05,0.38,0.03,0.03,367.7,440.62
0,0.05,0.38,0.03,0.04,367.7,456.52
0,0.1,0.38,0,0,320,465.86
0,0.1,0.38,0,0.01,320,481.76
0,0.1,0.38,0,0.02,320,497.65
0,0.1,0.38,0,0.03,320,513.55
0,0.1,0.38,0,0.04,320,529.45
0,0.1,0.38,0.01,0,335.9,465.86
0,0.1,0.38,0.01,0.01,335.9,481.76
0,0.1,0.38,0.01,0.02,335.9,497.65
0,0.1,0.38,0.01,0.03,335.9,513.55
0,0.1,0.38,0.01,0.04,335.9,529.45
0,0.1,0.38,0.02,0,351.8,465.86
0,0.1,0.38,0.02,0.01,351.8,481.76
0,0.1,0.38,0.02,0.02,351.8,497.65
0,0.1,0.38,0.02,0.03,351.8,513.55
0,0.1,0.38,0.02,0.04,351.8,529.45
0,0.1,0.38,0.03,0,367.7,465.86
0,0.1,0.38,0.03,0.01,367.7,481.76
0,0.1,0.38,0.03,0.02,367.7,497.65
0,0.1,0.38,0.03,0.03,367.7,513.55
0.05,0.05,0.38,0.01,0.04,408.83,456.52
0.05,0.05,0.38,0.02,0,424.73,392.93
0.05,0.05,0.38,0.02,0.01,424.73,408.83
0.05,0.05,0.38,0.02,0.02,424.73,424.73
0.05,0.05,0.38,0.02,0.03,424.73,440.62
0.05,0.05,0.38,0.02,0.04,424.73,456.52
0.05,0.05,0.38,0.03,0,440.62,392.93
0.05,0.05,0.38,0.03,0.01,440.62,408.83
0.05,0.05,0.38,0.03,0.02,440.62,424.73
0.05,0.05,0.38,0.03,0.03,440.62,440.62
0.05,0.05,0.38,0.03,0.04,440.62,456.52
0.05,0.1,0.38,0,0,392.93,465.86
0.05,0.1,0.38,0,0.01,392.93,481.76
0.05,0.1,0.38,0,0.02,392.93,497.65
0.05,0.1,0.38,0,0.03,392.93,513.55
0.05,0.1,0.38,0,0.04,392.93,529.45
0.05,0.1,0.38,0.01,0,408.83,465.86
0.05,0.1,0.38,0.01,0.01,408.83,481.76
0.05,0.1,0.38,0.01,0.02,408.83,497.65
0.05,0.1,0.38,0.01,0.03,408.83,513.55
0.05,0.1,0.38,0.01,0.04,408.83,529.45
0.05,0.1,0.38,0.02,0,424.73,465.86
0.05,0.1,0.38,0.02,0.01,424.73,481.76
0.05,0.1,0.38,0.02,0.02,424.73,497.65
0.05,0.1,0.38,0.02,0.03,424.73,513.55
0.05,0.1,0.38,0.02,0.04,424.73,529.45
0.05,0.1,0.38,0.03,0,440.62,465.86
0.05,0.1,0.38,0.03,0.01,440.62,481.76
0.05,0.1,0.38,0.03,0.02,440.62,497.65
0.05,0.1,0.38,0.03,0.03,440.62,513.55
0.1,0.05,0.38,0.01,0.04,481.76,456.52
0.1,0.05,0.38,0.02,0,497.65,392.93
0.1,0.05,0.38,0.02,0.01,497.65,408.83
0.1,0.05,0.38,0.02,0.02,497.65,424.73
0.1,0.05,0.38,0.02,0.03,497.65,440.62
0.1,0.05,0.38,0.02,0.04,497.65,456.52
0.1,0.05,0.38,0.03,0,513.55,392.93
0.1,0.05,0.38,0.03,0.01,513.55,408.83
0.1,0.05,0.38,0.03,0.02,513.55,424.73
0.1,0.05,0.38,0.03,0.03,513.55,440.62
0.1,0.05,0.38,0.03,0.04,513.55,456.52
0.1,0.1,0.38,0,0,465.86,465.86
0.1,0.1,0.38,0,0.01,465.86,481.76
0.1,0.1,0.38,0,0.02,465.86,497.65
0.1,0.1,0.38,0,0.03,465.86,513.55
0.1,0.1,0.38,0,0.04,465.86,529.45
0.1,0.1,0.38,0.01,0,481.76,465.86
0.1,0.1,0.38,0.01,0.01,481.76,481.76
0.1,0.1,0.38,0.01,0.02,481.76,497.65
0.1,0.1,0.38,0.01,0.03,481.76,513.55
0.1,0.1,0.38,0.01,0.04,481.76,529.45
0.1,0.1,0.38,0.02,0,497.65,465.86
0.1,0.1,0.38,0.02,0.01,497.65,481.76
0.1,0.1,0.38,0.02,0.02,497.65,497.65
0.1,0.1,0.38,0.02,0.03,497.65,513.55
0.1,0.1,0.38,0.02,0.04,497.65,529.45
0.1,0.1,0.38,0.03,0,513.55,465.86
0.1,0.1,0.38,0.03,0.01,513.55,481.76
0.1,0.1,0.38,0.03,0.02,513.55,497.65
0.1,0.1,0.38,0.03,0.03,513.55,513.55
-0.1,0.05,0.39,0.01,0.04,193.37,453.02
-0.1,0.05,0.39,0.02,0,208.86,391.06
-0.1,0.05,0.39,0.02,0.01,208.86,406.55
-0.1,0.05,0.39,0.02,0.02,208.86,422.04
-0.1,0.05,0.39,0.02,0.03,208.86,437.53
-0.1,0.05,0.39,0.02,0.04,208.86,453.02
-0.1,0.05,0.39,0.03,0,224.36,391.06
-0.1,0.05,0.39,0.03,0.01,224.36,406.55
-0.1,0.05,0.39,0.03,0.02,224.36,422.04
-0.1,0.05,0.39,0.03,0.03,224.36,437.53
-0.1,0.05,0.39,0.03,0.04,224.36,453.02
-0.1,0.1,0.39,0,0,177.88,462.12
-0.1,0.1,0.39,0,0.01,177.88,477.61
-0.1,0.1,0.39,0,0.02,177.88,493.1
-0.1,0.1,0.39,0,0.03,177.88,508.59
-0.1,0.1,0.39,0,0.04,177.88,524.08
-0.1,0.1,0.39,0.01,0,193.37,462.12
-0.1,0.1,0.39,0.01,0.01,193.37,477.61
-0.1,0.1,0.39,0.01,0.02,193.37,493.1
-0.1,0.1,0.39,0.01,0.03,193.37,508.59
-0.1,0.1,0.39,0.01,0.04,193.37,524.08
-0.1,0.1,0.39,0.02,0,208.86,462.12
-0.1,0.1,0.39,0.02,0.01,208.86,477.61
-0.1,0.1,0.39,0.02,0.02,208.86,493.1
-0.1,0.1,0.39,0.02,0.03,208.86,508.59
-0.1,0.1,0.39,0.02,0.04,208.86,524.08
-0.1,0.1,0.39,0.03,0,224.36,462.12
-0.1,0.1,0.39,0.03,0.01,224.36,477.61
-0.1,0.1,0.39,0.03,0.02,224.36,493.1
-0.1,0.1,0.39,0.03,0.03,224.36,508.59
-0.05,0.05,0.39,0.01,0.04,264.43,453.02
-0.05,0.05,0.39,0.02,0,279.92,391.06
-0.05,0.05,0.39,0.02,0.01,279.92,406.55
-0.05,0.05,0.39,0.02,0.02,279.92,422.04
-0.05,0.05,0.39,0.02,0.03,279.92,437.53
-0.05,0.05,0.39,0.02,0.04,279.92,453.02
-0.05,0.05,0.39,0.03,0,295.41,391.06
-0.05,0.05,0.39,0.03,0.01,295.41,406.55
-0.05,0.05,0.39,0.03,0.02,295.41,422.04
-0.05,0.05,0.39,0.03,0.03,295.41,437.53
-0.05,0.05,0.39,0.03,0.04,295.41,453.02
-0.05,0.1,0.39,0,0,248.94,462.12
-0.05,0.1,0.39,0,0.01,248.94,477.61
-0.05,0.1,0.39,0,0.02,248.94,493.1
-0.05,0.1,0.39,0,0.03,248.94,508.59
-0.05,0.1,0.39,0,0.04,248.94,524.08
-0.05,0.1,0.39,0.01,0,264.43,462.12
-0.05,0.1,0.39,0.01,0.01,264.43,477.61
-0.05,0.1,0.39,0.01,0.02,264.43,493.1
-0.05,0.1,0.39,0.01,0.03,264.43,508.59
-0.05,0.1,0.39,0.01,0.04,264.43,524.08
-0.05,0.1,0.39,0.02,0,279.92,462.12
-0.05,0.1,0.39,0.02,0.01,279.92,477.61
-0.05,0.1,0.39,0.02,0.02,279.92,493.1
-0.05,0.1,0.39,0.02,0.03,279.92,508.59
-0.05,0.1,0.39,0.02,0.04,279.92,524.08
-0.05,0.1,0.39,0.03,0,295.41,462.12
-0.05,0.1,0.39,0.03,0.01,295.41,477.61
-0.05,0.1,0.39,0.03,0.02,295.41,493.1
-0.05,0.1,0.39,0.03,0.03,295.41,508.59
0,0.05,0.39,0.01,0.04,335.49,453.02
0,0.05,0.39,0.02,0,350.98,391.06
0,0.05,0.39,0.02,0.01,350.98,406.55
0,0.05,0.39,0.02,0.02,350.98,422.04
0,0.05,0.39,0.02,0.03,350.98,437.53
0,0.05,0.39,0.02,0.04,350.98,453.02
0,0.05,0.39,0.03,0,366.47,391.06
0,0.05,0.39,0.03,0.01,366.47,406.55
0,0.05,0.39,0.03,0.02,366.47,422.04
0,0.05,0.39,0.03,0.03,366.47,437.53
0,0.05,0.39,0.03,0.04,366.47,453.02
0,0.1,0.39,0,0,320,462.12
0,0.1,0.39,0,0.01,320,477.61
0,0.1,0.39,0,0.02,320,493.1
0,0.1,0.39,0,0.03,320,508.59
0,0.1,0.39,0,0.04,320,524.08
0,0.1,0.39,0.01,0,335.49,462.12
0,0.1,0.39,0.01,0.01,335.49,477.61
0,0.1,0.39,0.01,0.02,335.49,493.1
0,0.1,0.39,0.01,0.03,335.49,508.59
0,0.1,0.39,0.01,0.04,335.49,524.08
0,0.1,0.39,0.02,0,350.98,462.12
0,0.1,0.39,0.02,0.01,350.98,477.61
0,0.1,0.39,0.02,0.02,350.98,493.1
0,0.1,0.39,0.02,0.03,350.98,508.59
0,0.1,0.39,0.02,0.04,350.98,524.08
0,0.1,0.39,0.03,0,366.47,462.12
0,0.1,0.39,0.03,0.01,366.47,477.61
0,0.1,0.39,0.03,0.02,366.47,493.1
0,0.1,0.39,0.03,0.03,366.47,508.59
0.05,0.05,0.39,0.01,0.04,406.55,453.02
0.05,0.05,0.39,0.02,0,422.04,391.06
0.05,0.05,0.39,0.02,0.01,422.04,406.55
0.05,0.05,0.39,0.02,0.02,422.04,422.04
0.05,0.05,0.39,0.02,0.03,422.04,437.53
0.05,0.05,0.39,0.02,0.04,422.04,453.02
0.05,0.05,0.39,0.03,0,437.53,391.06
0.05,0.05,0.39,0.03,0.01,437.53,406.55
0.05,0.05,0.39,0.03,0.02,437.53,422.04
0.05,0.05,0.39,0.03,0.03,437.53,437.53
0.05,0.05,0.39,0.03,0.04,437.53,453.02
0.05,0.1,0.39,0,0,391.06,462.12
0.05,0.1,0.39,0,0.01,391.06,477.61
0.05,0.1,0.39,0,0.02,391.06,493.1
0.05,0.1,0.39,0,0.03,391.06,508.59
0.05,0.1,0.39,0,0.04,391.06,524.08
0.05,0.1,0.39,0.01,0,406.55,462.12
0.05,0.1,0.39,0.01,0.01,406.55,477.61
0.05,0.1,0.39,0.01,0.02,406.55,493.1
0.05,0.1,0.39,0.01,0.03,406.55,508.59
0.05,0.1,0.39,0.01,0.04,406.55,524.08
0.05,0.1,0.39,0.02,0,422.04,462.12
0.05,0.1,0.39,0.02,0.01,422.04,477.61
0.05,0.1,0.39,0.02,0.02,422.04,493.1
0.05,0.1,0.39,0.02,0.03,422.04,508.59
0.05,0.1,0.39,0.02,0.04,422.04,524.08
0.05,0.1,0.39,0.03,0,437.53,462.12
0.05,0.1,0.39,0.03,0.01,437.53,477.61
0.05,0.1,0.39,0.03,0.02,437.53,493.1
0.05,0.1,0.39,0.03,0.03,437.53,508.59
0.1,0.05,0.39,0.01,0.04,477.61,453.02
0.1,0.05,0.39,0.02,0,493.1,391.06
0.1,0.05,0.39,0.02,0.01,493.1,406.55
0.1,0.05,0.39,0.02,0.02,493.1,422.04
0.1,0.05,0.39,0.02,0.03,493.1,437.53
0.1,0.05,0.39,0.02,0.04,493.1,453.02
0.1,0.05,0.39,0.03,0,508.59,391.06
0.1,0.05,0.39,0.03,0.01,508.59,406.55
0.1,0.05,0.39,0.03,0.02,508.59,422.04
0.1,0.05,0.39,0.03,0.03,508.59,437.53
0.1,0.05,0.39,0.03,0.04,508.59,453.02
0.1,0.1,0.39,0,0,462.12,462.12
0.1,0.1,0.39,0,0.01,462.12,477.61
0.1,0.1,0.39,0,0.02,462.12,493.1
0.1,0.1,0.39,0,0.03,462.12,508.59
0.1,0.1,0.39,0,0.04,462.12,524.08
0.1,0.1,0.39,0.01,0,477.61,462.12
0.1,0.1,0.39,0.01,0.01,477.61,477.61
0.1,0.1,0.39,0.01,0.02,477.61,493.1
0.1,0.1,0.39,0.01,0.03,477.61,508.59
0.1,0.1,0.39,0.01,0.04,477.61,524.08
0.1,0.1,0.39,0.02,0,493.1,462.12
0.1,0.1,0.39,0.02,0.01,493.1,477.61
0.1,0.1,0.39,0.02,0.02,493.1,493.1
0.1,0.1,0.39,0.02,0.03,493.1,508.59
0.1,0.1,0.39,0.02,0.04,493.1,524.08
0.1,0.1,0.39,0.03,0,508.59,462.12
0.1,0.1,0.39,0.03,0.01,508.59,477.61
0.1,0.1,0.39,0.03,0.02,508.59,493.1
0.1,0.1,0.39,0.03,0.03,508.59,508.59
-0.1,0.05,0.4,0.01,0.04,196.54,449.7
-0.1,0.05,0.4,0.02,0,211.64,389.28
-0.1,0.05,0.4,0.02,0.01,211.64,404.39
-0.1,0.05,0.4,0.02,0.02,211.64,419.49
-0.1,0.05,0.4,0.02,0.03,211.64,434.59
-0.1,0.05,0.4,0.02,0.04,211.64,449.7
-0.1,0.05,0.4,0.03,0,226.75,389.28
-0.1,0.05,0.4,0.03,0.01,226.75,404.39
-0.1,0.05,0.4,0.03,0.02,226.75,419.49
-0.1,0.05,0.4,0.03,0.03,226.75,434.59
-0.1,0.05,0.4,0.03,0.04,226.75,449.7
-0.1,0.1,0.4,0,0,181.44,458.56
-0.1,0.1,0.4,0,0.01,181.44,473.67
-0.1,0.1,0.4,0,0.02,181.44,488.77
-0.1,0.1,0.4,0,0.03,181.44,503.87
-0.1,0.1,0.4,0,0.04,181.44,518.98
-0.1,0.1,0.4,0.01,0,196.54,458.56
-0.1,0.1,0.4,0.01,0.01,196.54,473.67
-0.1,0.1,0.4,0.01,0.02,196.54,488.77
-0.1,0.1,0.4,0.01,0.03,196.54,503.87
-0.1,0.1,0.4,0.01,0.04,196.54,518.98
-0.1,0.1,0.4,0.02,0,211.64,458.56
-0.1,0.1,0.4,0.02,0.01,211.64,473.67
-0.1,0.1,0.4,0.02,0.02,211.64,488.77
-0.1,0.1,0.4,0.02,0.03,211.64,503.87
-0.1,0.1,0.4,0.02,0.04,211.64,518.98
-0.1,0.1,0.4,0.03,0,226.75,458.56
-0.1,0.1,0.4,0.03,0.01,226.75,473.67
-0.1,0.1,0.4,0.03,0.02,226.75,488.77
-0.1,0.1,0.4,0.03,0.03,226.75,503.87
-0.05,0.05,0.4,0.01,0.04,265.82,449.7
-0.05,0.05,0.4,0.02,0,280.92,389.28
-0.05,0.05,0.4,0.02,0.01,280.92,404.39
-0.05,0.05,0.4,0.02,0.02,280.92,419.49
-0.05,0.05,0.4,0.02,0.03,280.92,434.59
-0.05,0.05,0.4,0.02,0.04,280.92,449.7
-0.05,0.05,0.4,0.03,0,296.03,389.28
-0.05,0.05,0.4,0.03,0.01,296.03,404.39
-0.05,0.05,0.4,0.03,0.02,296.03,419.49
-0.05,0.05,0.4,0.03,0.03,296.03,434.59
-0.05,0.05,0.4,0.03,0.04,296.03,449.7
-0.05,0.1,0.4,0,0,250.72,458.56
-0.05,0.1,0.4,0,0.01,250.72,473.67
-0.05,0.1,0.4,0,0.02,250.72,488.77
-0.05,0.1,0.4,0,0.03,250.72,503.87
-0.05,0.1,0.4,0,0.04,250.72,518.98
-0.05,0.1,0.4,0.01,0,265.82,458.56
-0.05,0.1,0.4,0.01,0.01,265.82,473.67
-0.05,0.1,0.4,0.01,0.02,265.82,488.77
-0.05,0.1,0.4,0.01,0.03,265.82,503.87
-0.05,0.1,0.4,0.01,0.04,265.82,518.98
-0.05,0.1,0.4,0.02,0,280.92,458.56
-0.05,0.1,0.4,0.02,0.01,280.92,473.67
-0.05,0.1,0.4,0.02,0.02,280.92,488.77
-0.05,0.1,0.4,0.02,0.03,280.92,503.87
-0.05,0.1,0.4,0.02,0.04,280.92,518.98
-0.05,0.1,0.4,0.03,0,296.03,458.56
-0.05,0.1,0.4,0.03,0.01,296.03,473.67
-0.05,0.1,0.4,0.03,0.02,296.03,488.77
-0.05,0.1,0.4,0.03,0.03,296.03,503.87
0,0.05,0.4,0.01,0.04,335.1,449.7
0,0.05,0.4,0.02,0,350.21,389.28
0,0.05,0.4,0.02,0.01,350.21,404.39
0,0.05,0.4,0.02,0.02,350.21,419.49
0,0.05,0.4,0.02,0.03,350.21,434.59
0,0.05,0.4,0.02,0.04,350.21,449.7
0,0.05,0.4,0.03,0,365.31,389.28
0,0.05,0.4,0.03,0.01,365.31,404.39
0,0.05,0.4,0.03,0.02,365.31,419.49
0,0.05,0.4,0.03,0.03,365.31,434.59
0,0.05,0.4,0.03,0.04,365.31,449.7
0,0.1,0.4,0,0,320,458.56
0,0.1,0.4,0,0.01,320,473.67
0,0.1,0.4,0,0.02,320,488.77
0,0.1,0.4,0,0.03,320,503.87
0,0.1,0.4,0,0.04,320,518.98
0,0.1,0.4,0.01,0,335.1,458.56
0,0.1,0.4,0.01,0.01,335.1,473.67
0,0.1,0.4,0.01,0.02,335.1,488.77
0,0.1,0.4,0.01,0.03,335.1,503.87
0,0.1,0.4,0.01,0.04,335.1,518.98
0,0.1,0.4,0.02,0,350.21,458.56
0,0.1,0.4,0.02,0.01,350.21,473.67
0,0.1,0.4,0.02,0.02,350.21,488.77
0,0.1,0.4,0.02,0.03,350.21,503.87
0,0.1,0.4,0.02,0.04,350.21,518.98
0,0.1,0.4,0.03,0,365.31,458.56
0,0.1,0.4,0.03,0.01,365.31,473.67
0,0.1,0.4,0.03,0.02,365.31,488.77
0,0.1,0.4,0.03,0.03,365.31,503.87
0.05,0.05,0.4,0.01,0.04,404.39,449.7
0.05,0.05,0.4,0.02,0,419.49,389.28
0.05,0.05,0.4,0.02,0.01,419.49,404.39
0.05,0.05,0.4,0.02,0.02,419.49,419.49
0.05,0.05,0.4,0.02,0.03,419.49,434.59
0.05,0.05,0.4,0.02,0.04,419.49,449.7
0.05,0.05,0.4,0.03,0,434.59,389.28
0.05,0.05,0.4,0.03,0.01,434.59,404.39
0.05,0.05,0.4,0.03,0.02,434.59,419.49
0.05,0.05,0.4,0.03,0.03,434.59,434.59
0.05,0.05,0.4,0.03,0.04,434.59,449.7
0.05,0.1,0.4,0,0,389.28,458.56
0.05,0.1,0.4,0,0.01,389.28,473.67
0.05,0.1,0.4,0,0.02,389.28,488.77
0.05,0.1,0.4,0,0.03,389.28,503.87
0.05,0.1,0.4,0,0.04,389.28,518.98
0.05,0.1,0.4,0.01,0,404.39,458.56
0.05,0.1,0.4,0.01,0.01,404.39,473.67
0.05,0.1,0.4,0.01,0.02,404.39,488.77
0.05,0.1,0.4,0.01,0.03,404.39,503.87
0.05,0.1,0.4,0.01,0.04,404.39,518.98
0.05,0.1,0.4,0.02,0,419.49,458.56
0.05,0.1,0.4,0.02,0.01,419.49,473.67
0.05,0.1,0.4,0.02,0.02,419.49,488.77
0.05,0.1,0.4,0.02,0.03,419.49,503.87
0.05,0.1,0.4,0.02,0.04,419.49,518.98
0.05,0.1,0.4,0.03,0,434.59,458.56
0.05,0.1,0.4,0.03,0.01,434.59,473.67
0.05,0.1,0.4,0.03,0.02,434.59,488.77
0.05,0.1,0.4,0.03,0.03,434.59,503.87
0.1,0.05,0.4,0.01,0.04,473.67,449.7
0.1,0.05,0.4,0.02,0,488.77,389.28
0.1,0.05,0.4,0.02,0.01,488.77,404.39
0.1,0.05,0.4,0.02,0.02,488.77,419.49
0.1,0.05,0.4,0.02,0.03,488.77,434.59
0.1,0.05,0.4,0.02,0.04,488.77,449.7
0.1,0.05,0.4,0.03,0,503.87,389.28
0.1,0.05,0.4,0.03,0.01,503.87,404.39
0.1,0.05,0.4,0.03,0.02,503.87,419.49
0.1,0.05,0.4,0.03,0.03,503.87,434.59
0.1,0.05,0.4,0.03,0.04,503.87,449.7
0.1,0.1,0.4,0,0,458.56,458.56
0.1,0.1,0.4,0,0.01,458.56,473.67
0.1,0.1,0.4,0,0.02,458.56,488.77
0.1,0.1,0.4,0,0.03,458.56,503.87
0.1,0.1,0.4,0,0.04,458.56,518.98
0.1,0.1,0.4,0.01,0,473.67,458.56
0.1,0.1,0.4,0.01,0.01,473.67,473.67
0.1,0.1,0.4,0.01,0.02,473.67,488.77
0.1,0.1,0.4,0.01,0.03,473.67,503.87
0.1,0.1,0.4,0.01,0.04,473.67,518.98
0.1,0.1,0.4,0.02,0,488.77,458.56
0.1,0.1,0.4,0.02,0.01,488.77,473.67
0.1,0.1,0.4,0.02,0.02,488.77,488.77
0.1,0.1,0.4,0.02,0.03,488.77,503.87
0.1,0.1,0.4,0.02,0.04,488.77,518.98
0.1,0.1,0.4,0.03,0,503.87,458.56
0.1,0.1,0.4,0.03,0.01,503.87,473.67
0.1,0.1,0.4,0.03,0.02,503.87,488.77
0.1,0.1,0.4,0.03,0.03,503.87,503.87
