-0.1,0.05,0.3,0.02,0.04,161.54,495.13
-0.1,0.05,0.3,0.03,0,189.23,415.02
-0.1,0.05,0.3,0.03,0.01,189.6,436.51
-0.1,0.05,0.3,0.03,0.02,185.47,452.05
-0.1,0.05,0.3,0.03,0.03,183.11,471.36
-0.1,0.05,0.3,0.03,0.04,184.66,495.19
-0.1,0.1,0.3,0,0,127.34,516.3
-0.1,0.1,0.3,0,0.01,119.52,533.2
-0.1,0.1,0.3,0,0.02,119.67,560.07
-0.1,0.1,0.3,0,0.03,121.05,580.29
-0.1,0.1,0.3,0,0.04,117.75,608.28
-0.1,0.1,0.3,0.01,0,143.28,514.01
-0.1,0.1,0.3,0.01,0.01,143.27,536.4
-0.1,0.1,0.3,0.01,0.02,141.52,560.77
-0.1,0.1,0.3,0.01,0.03,136.67,582.45
-0.1,0.1,0.3,0.01,0.04,138.75,604.61
-0.1,0.1,0.3,0.02,0,165.35,516.39
-0.1,0.1,0.3,0.02,0.01,165.44,538.54
-0.1,0.1,0.3,0.02,0.02,161.69,558.12
-0.1,0.1,0.3,0.02,0.03,159.14,574.5
-0.1,0.1,0.3,0.02,0.04,158.41,602.21
-0.1,0.1,0.3,0.03,0,184.65,512.73
-0.1,0.1,0.3,0.03,0.01,178.31,535.61
-0.1,0.1,0.3,0.03,0.02,182,553.64
-0.1,0.1,0.3,0.03,0.03,176.09,576.81
-0.05,0.05,0.3,0.02,0.04,262.13,489.38
-0.05,0.05,0.3,0.03,0,282.96,410.37
-0.05,0.05,0.3,0.03,0.01,285.86,433.43
-0.05,0.05,0.3,0.03,0.02,275.45,451.66
-0.05,0.05,0.3,0.03,0.03,284.51,470.58
-0.05,0.05,0.3,0.03,0.04,283.53,493.58
-0.05,0.1,0.3,0,0,223.63,509.8
-0.05,0.1,0.3,0,0.01,223.81,529.26
-0.05,0.1,0.3,0,0.02,222.81,556.53
-0.05,0.1,0.3,0,0.03,218.05,575.53
-0.05,0.1,0.3,0,0.04,219.97,597.55
-0.05,0.1,0.3,0.01,0,248.69,512.09
-0.05,0.1,0.3,0.01,0.01,240.93,531.45
-0.05,0.1,0.3,0.01,0.02,242.66,552.82
-0.05,0.1,0.3,0.01,0.03,245.79,578.38
-0.05,0.1,0.3,0.01,0.04,243.14,597.45
-0.05,0.1,0.3,0.02,0,257.93,509.61
-0.05,0.1,0.3,0.02,0.01,259.25,527.24
-0.05,0.1,0.3,0.02,0.02,259.44,558.23
-0.05,0.1,0.3,0.02,0.03,262.09,573.96
-0.05,0.1,0.3,0.02,0.04,258.85,594.59
-0.05,0.1,0.3,0.03,0,280.59,507.9
-0.05,0.1,0.3,0.03,0.01,279.48,533.17
-0.05,0.1,0.3,0.03,0.02,278.05,554.14
-0.05,0.1,0.3,0.03,0.03,280.47,571.9
0,0.05,0.3,0.02,0.04,356.8,493.79
0,0.05,0.3,0.03,0,378.34,407.38
0,0.05,0.3,0.03,0.01,378.77,429.91
0,0.05,0.3,0.03,0.02,375.22,450.05
0,0.05,0.3,0.03,0.03,377.2,472.91
0,0.05,0.3,0.03,0.04,375.5,493.74
0,0.1,0.3,0,0,320.39,510.17
0,0.1,0.3,0,0.01,318.39,532.44
0,0.1,0.3,0,0.02,319.19,550.09
0,0.1,0.3,0,0.03,319.75,576.55
0,0.1,0.3,0,0.04,321.78,597.28
0,0.1,0.3,0.01,0,344.09,506.65
0,0.1,0.3,0.01,0.01,339.23,531.35
0,0.1,0.3,0.01,0.02,338.29,551.73
0,0.1,0.3,0.01,0.03,336.89,575.43
0,0.1,0.3,0.01,0.04,339.59,595.85
0,0.1,0.3,0.02,0,357.21,515
0,0.1,0.3,0.02,0.01,356.18,531.91
0,0.1,0.3,0.02,0.02,360.61,550.98
0,0.1,0.3,0.02,0.03,358.72,571.55
0,0.1,0.3,0.02,0.04,361.01,597.03
0,0.1,0.3,0.03,0,377.59,515.55
0,0.1,0.3,0.03,0.01,379.53,531.37
0,0.1,0.3,0.03,0.02,382.14,555.04
0,0.1,0.3,0.03,0.03,380.24,574.53
0.05,0.05,0.3,0.02,0.04,455.55,497.74
0.05,0.05,0.3,0.03,0,468.02,411.95
0.05,0.05,0.3,0.03,0.01,471.79,433.49
0.05,0.05,0.3,0.03,0.02,477.12,452.86
0.05,0.05,0.3,0.03,0.03,469.94,473.81
0.05,0.05,0.3,0.03,0.04,469.57,490.2
0.05,0.1,0.3,0,0,414.41,511.02
0.05,0.1,0.3,0,0.01,416.61,530.59
0.05,0.1,0.3,0,0.02,417.67,556.29
0.05,0.1,0.3,0,0.03,419.55,575.36
0.05,0.1,0.3,0,0.04,418.19,597.01
0.05,0.1,0.3,0.01,0,437.61,506.23
0.05,0.1,0.3,0.01,0.01,438.73,535.69
0.05,0.1,0.3,0.01,0.02,439.21,555.07
0.05,0.1,0.3,0.01,0.03,444.05,578.92
0.05,0.1,0.3,0.01,0.04,442.69,601.55
0.05,0.1,0.3,0.02,0,459.39,516.09
0.05,0.1,0.3,0.02,0.01,457.87,536.71
0.05,0.1,0.3,0.02,0.02,457.4,554.76
0.05,0.1,0.3,0.02,0.03,459.89,587.72
0.05,0.1,0.3,0.02,0.04,460.8,599.46
0.05,0.1,0.3,0.03,0,475.52,517.46
0.05,0.1,0.3,0.03,0.01,481.17,532.78
0.05,0.1,0.3,0.03,0.02,481.57,555.12
0.05,0.1,0.3,0.03,0.03,481.02,576.71
0.1,0.05,0.3,0.02,0.04,560.66,499.7
0.1,0.05,0.3,0.03,0,572.56,421.14
0.1,0.05,0.3,0.03,0.01,574.25,437.88
0.1,0.05,0.3,0.03,0.02,577.07,457.85
0.1,0.05,0.3,0.03,0.03,576.37,478.55
0.1,0.05,0.3,0.03,0.04,578.38,499.41
0.1,0.1,0.3,0,0,512.3,515.91
0.1,0.1,0.3,0,0.01,518.05,542.3
0.1,0.1,0.3,0,0.02,521.64,556.24
0.1,0.1,0.3,0,0.03,521.77,579.87
0.1,0.1,0.3,0,0.04,526.05,602.13
0.1,0.1,0.3,0.01,0,540.35,521.62
0.1,0.1,0.3,0.01,0.01,540.74,539.73
0.1,0.1,0.3,0.01,0.02,540.81,560.6
0.1,0.1,0.3,0.01,0.03,542.35,583.95
0.1,0.1,0.3,0.01,0.04,544.82,610.11
0.1,0.1,0.3,0.02,0,553.71,523.6
0.1,0.1,0.3,0.02,0.01,557.88,542.73
0.1,0.1,0.3,0.02,0.02,562.63,564.2
0.1,0.1,0.3,0.02,0.03,569.01,587.94
0.1,0.1,0.3,0.02,0.04,564.62,603.59
0.1,0.1,0.3,0.03,0,588.82,524.11
0.1,0.1,0.3,0.03,0.01,584.29,541.03
0.1,0.1,0.3,0.03,0.02,586.33,564.57
0.1,0.1,0.3,0.03,0.03,591.74,588.93
-0.1,0.05,0.31,0.02,0.04,168.9,486.12
-0.1,0.05,0.31,0.03,0,192.77,410.53
-0.1,0.05,0.31,0.03,0.01,196.26,431.07
-0.1,0.05,0.31,0.03,0.02,190.1,447.3
-0.1,0.05,0.31,0.03,0.03,190.04,465.6
-0.1,0.05,0.31,0.03,0.04,187.97,485.1
-0.1,0.1,0.31,0,0,130.59,509.72
-0.1,0.1,0.31,0,0.01,126.48,533.24
-0.1,0.1,0.31,0,0.02,126.47,554.08
-0.1,0.1,0.31,0,0.03,126.08,572.35
-0.1,0.1,0.31,0,0.04,126.93,593.17
-0.1,0.1,0.31,0.01,0,149.77,509.87
-0.1,0.1,0.31,0.01,0.01,143.33,529.54
-0.1,0.1,0.31,0.01,0.02,148.32,549.92
-0.1,0.1,0.31,0.01,0.03,144.36,571.96
-0.1,0.1,0.31,0.01,0.04,147.86,589.3
-0.1,0.1,0.31,0.02,0,171.86,507.31
-0.1,0.1,0.31,0.02,0.01,171.8,527.09
-0.1,0.1,0.31,0.02,0.02,165.48,551.52
-0.1,0.1,0.31,0.02,0.03,166.43,576.41
-0.1,0.1,0.31,0.02,0.04,163.03,591.74
-0.1,0.1,0.31,0.03,0,188.06,507.45
-0.1,0.1,0.31,0.03,0.01,187.65,528.08
-0.1,0.1,0.31,0.03,0.02,187.81,550.38
-0.1,0.1,0.31,0.03,0.03,181.53,566.27
-0.05,0.05,0.31,0.02,0.04,266.85,485.73
-0.05,0.05,0.31,0.03,0,282.75,410.78
-0.05,0.05,0.31,0.03,0.01,282.38,432.36
-0.05,0.05,0.31,0.03,0.02,284.87,450.54
-0.05,0.05,0.31,0.03,0.03,285.68,459.72
-0.05,0.05,0.31,0.03,0.04,287.3,490.06
-0.05,0.1,0.31,0,0,224.29,508.33
-0.05,0.1,0.31,0,0.01,225.99,530.06
-0.05,0.1,0.31,0,0.02,226.54,543.07
-0.05,0.1,0.31,0,0.03,229.56,567.79
-0.05,0.1,0.31,0,0.04,229.58,591.34
-0.05,0.1,0.31,0.01,0,244.19,506.75
-0.05,0.1,0.31,0.01,0.01,245.77,523.07
-0.05,0.1,0.31,0.01,0.02,243.03,545.04
-0.05,0.1,0.31,0.01,0.03,241.87,567.3
-0.05,0.1,0.31,0.01,0.04,245.63,586.42
-0.05,0.1,0.31,0.02,0,263.77,506.89
-0.05,0.1,0.31,0.02,0.01,265.17,528.18
-0.05,0.1,0.31,0.02,0.02,263.97,542.88
-0.05,0.1,0.31,0.02,0.03,265.34,561.35
-0.05,0.1,0.31,0.02,0.04,264.19,587.57
-0.05,0.1,0.31,0.03,0,285.97,507.14
-0.05,0.1,0.31,0.03,0.01,282.25,526.65
-0.05,0.1,0.31,0.03,0.02,280.38,544.38
-0.05,0.1,0.31,0.03,0.03,280.19,564.26
0,0.05,0.31,0.02,0.04,356.93,487.05
0,0.05,0.31,0.03,0,373.84,415.33
0,0.05,0.31,0.03,0.01,372.31,429.8
0,0.05,0.31,0.03,0.02,371.99,447.33
0,0.05,0.31,0.03,0.03,375.17,462.62
0,0.05,0.31,0.03,0.04,374.9,483.21
0,0.1,0.31,0,0,315.58,505
0,0.1,0.31,0,0.01,323.7,525.84
0,0.1,0.31,0,0.02,320.9,541.42
0,0.1,0.31,0,0.03,313.21,568.12
0,0.1,0.31,0,0.04,317.15,582.11
0,0.1,0.31,0.01,0,335.56,504.87
0,0.1,0.31,0.01,0.01,336.12,525.97
0,0.1,0.31,0.01,0.02,342.72,540.76
0,0.1,0.31,0.01,0.03,336.15,565.23
0,0.1,0.31,0.01,0.04,340.47,590.59
0,0.1,0.31,0.02,0,355,500.19
0,0.1,0.31,0.02,0.01,355.87,523.13
0,0.1,0.31,0.02,0.02,360.18,543.28
0,0.1,0.31,0.02,0.03,355.6,565.27
0,0.1,0.31,0.02,0.04,358.8,587.25
0,0.1,0.31,0.03,0,378.66,506.02
0,0.1,0.31,0.03,0.01,376.94,527.31
0,0.1,0.31,0.03,0.02,375.55,545.9
0,0.1,0.31,0.03,0.03,376.09,564.58
0.05,0.05,0.31,0.02,0.04,448.27,486.69
0.05,0.05,0.31,0.03,0,470.13,414.57
0.05,0.05,0.31,0.03,0.01,465.85,436.74
0.05,0.05,0.31,0.03,0.02,465.21,449.76
0.05,0.05,0.31,0.03,0.03,469.61,473.73
0.05,0.05,0.31,0.03,0.04,469.24,485.01
0.05,0.1,0.31,0,0,412.89,506.6
0.05,0.1,0.31,0,0.01,413.43,520.68
0.05,0.1,0.31,0,0.02,414.07,545.12
0.05,0.1,0.31,0,0.03,414.52,565.94
0.05,0.1,0.31,0,0.04,419.79,588.38
0.05,0.1,0.31,0.01,0,429.03,508.97
0.05,0.1,0.31,0.01,0.01,434.87,527.2
0.05,0.1,0.31,0.01,0.02,434.18,544.28
0.05,0.1,0.31,0.01,0.03,436.75,567.12
0.05,0.1,0.31,0.01,0.04,440.96,587.25
0.05,0.1,0.31,0.02,0,447.78,505.31
0.05,0.1,0.31,0.02,0.01,453.48,525.02
0.05,0.1,0.31,0.02,0.02,454.19,546.35
0.05,0.1,0.31,0.02,0.03,455.69,568.74
0.05,0.1,0.31,0.02,0.04,456.73,587.1
0.05,0.1,0.31,0.03,0,471.65,508.32
0.05,0.1,0.31,0.03,0.01,473.87,529.76
0.05,0.1,0.31,0.03,0.02,473,548.85
0.05,0.1,0.31,0.03,0.03,468.92,573.78
0.1,0.05,0.31,0.02,0.04,552.77,491.7
0.1,0.05,0.31,0.03,0,567.11,411.74
0.1,0.05,0.31,0.03,0.01,567.95,431.49
0.1,0.05,0.31,0.03,0.02,567.19,452.72
0.1,0.05,0.31,0.03,0.03,566.75,472.66
0.1,0.05,0.31,0.03,0.04,571.09,490.2
0.1,0.1,0.31,0,0,514.24,509.77
0.1,0.1,0.31,0,0.01,513.85,527.17
0.1,0.1,0.31,0,0.02,509.94,553.25
0.1,0.1,0.31,0,0.03,517.19,571.87
0.1,0.1,0.31,0,0.04,517.86,592.1
0.1,0.1,0.31,0.01,0,533.64,511.12
0.1,0.1,0.31,0.01,0.01,527.01,528.5
0.1,0.1,0.31,0.01,0.02,532.85,553.55
0.1,0.1,0.31,0.01,0.03,537.68,570.86
0.1,0.1,0.31,0.01,0.04,538.84,591.29
0.1,0.1,0.31,0.02,0,551.91,514.32
0.1,0.1,0.31,0.02,0.01,553.44,531.81
0.1,0.1,0.31,0.02,0.02,554.46,554.54
0.1,0.1,0.31,0.02,0.03,554.43,579.63
0.1,0.1,0.31,0.02,0.04,556.99,596.36
0.1,0.1,0.31,0.03,0,570.62,513.35
0.1,0.1,0.31,0.03,0.01,580.25,535.96
0.1,0.1,0.31,0.03,0.02,577.7,553.45
0.1,0.1,0.31,0.03,0.03,570.07,577.64
-0.1,0.05,0.32,0.02,0.04,174.66,483.95
-0.1,0.05,0.32,0.03,0,191.69,409.91
-0.1,0.05,0.32,0.03,0.01,195.07,425.26
-0.1,0.05,0.32,0.03,0.02,196.02,443.01
-0.1,0.05,0.32,0.03,0.03,195.19,464.16
-0.1,0.05,0.32,0.03,0.04,194.21,482.01
-0.1,0.1,0.32,0,0,138.57,504.85
-0.1,0.1,0.32,0,0.01,133.02,522.56
-0.1,0.1,0.32,0,0.02,131.89,538.15
-0.1,0.1,0.32,0,0.03,136.59,566.09
-0.1,0.1,0.32,0,0.04,133.65,588.55
-0.1,0.1,0.32,0.01,0,156.11,502.65
-0.1,0.1,0.32,0.01,0.01,153.36,519.5
-0.1,0.1,0.32,0.01,0.02,150.85,539.62
-0.1,0.1,0.32,0.01,0.03,151,561.1
-0.1,0.1,0.32,0.01,0.04,153.94,580.94
-0.1,0.1,0.32,0.02,0,176.66,506.93
-0.1,0.1,0.32,0.02,0.01,172.24,521.85
-0.1,0.1,0.32,0.02,0.02,170.23,541.2
-0.1,0.1,0.32,0.02,0.03,165.92,560.6
-0.1,0.1,0.32,0.02,0.04,170.04,578.52
-0.1,0.1,0.32,0.03,0,199.41,498.33
-0.1,0.1,0.32,0.03,0.01,195.21,524.43
-0.1,0.1,0.32,0.03,0.02,191.5,537.61
-0.1,0.1,0.32,0.03,0.03,190.09,559
-0.05,0.05,0.32,0.02,0.04,267.22,481.3
-0.05,0.05,0.32,0.03,0,285.24,411.05
-0.05,0.05,0.32,0.03,0.01,284.6,423.41
-0.05,0.05,0.32,0.03,0.02,284.82,440.33
-0.05,0.05,0.32,0.03,0.03,285.01,460.96
-0.05,0.05,0.32,0.03,0.04,280.88,478.53
-0.05,0.1,0.32,0,0,230.52,499.34
-0.05,0.1,0.32,0,0.01,231.06,516.04
-0.05,0.1,0.32,0,0.02,227.2,543.32
-0.05,0.1,0.32,0,0.03,231.75,557.8
-0.05,0.1,0.32,0,0.04,228.14,573.54
-0.05,0.1,0.32,0.01,0,250.83,497.98
-0.05,0.1,0.32,0.01,0.01,248.06,518.94
-0.05,0.1,0.32,0.01,0.02,244.94,534.17
-0.05,0.1,0.32,0.01,0.03,244.8,556.01
-0.05,0.1,0.32,0.01,0.04,244.59,580.65
-0.05,0.1,0.32,0.02,0,263.16,499.31
-0.05,0.1,0.32,0.02,0.01,264.66,521.38
-0.05,0.1,0.32,0.02,0.02,266.13,538.24
-0.05,0.1,0.32,0.02,0.03,263.9,556.35
-0.05,0.1,0.32,0.02,0.04,264.86,577.29
-0.05,0.1,0.32,0.03,0,282.25,496.78
-0.05,0.1,0.32,0.03,0.01,285.43,518.02
-0.05,0.1,0.32,0.03,0.02,284.29,537.11
-0.05,0.1,0.32,0.03,0.03,284.07,556.64
0,0.05,0.32,0.02,0.04,355.75,483.3
0,0.05,0.32,0.03,0,372.84,409.17
0,0.05,0.32,0.03,0.01,369.62,429.8
0,0.05,0.32,0.03,0.02,368.28,443
0,0.05,0.32,0.03,0.03,371.34,458.3
0,0.05,0.32,0.03,0.04,374.96,479.72
0,0.1,0.32,0,0,319.43,493.78
0,0.1,0.32,0,0.01,319.1,515.53
0,0.1,0.32,0,0.02,319.61,536.91
0,0.1,0.32,0,0.03,318.27,552.27
0,0.1,0.32,0,0.04,321.66,577.57
0,0.1,0.32,0.01,0,338.85,497.25
0,0.1,0.32,0.01,0.01,338.48,515.64
0,0.1,0.32,0.01,0.02,338.5,536.35
0,0.1,0.32,0.01,0.03,338.53,554.1
0,0.1,0.32,0.01,0.04,333.43,576.7
0,0.1,0.32,0.02,0,354.73,496.23
0,0.1,0.32,0.02,0.01,355.72,522.09
0,0.1,0.32,0.02,0.02,351.86,539.87
0,0.1,0.32,0.02,0.03,355.65,561.39
0,0.1,0.32,0.02,0.04,355.55,578.9
0,0.1,0.32,0.03,0,371.03,497.58
0,0.1,0.32,0.03,0.01,373.15,518.04
0,0.1,0.32,0.03,0.02,370.8,538.2
0,0.1,0.32,0.03,0.03,375.97,557.46
0.05,0.05,0.32,0.02,0.04,448.74,483.95
0.05,0.05,0.32,0.03,0,462.23,407.11
0.05,0.05,0.32,0.03,0.01,462.99,429.54
0.05,0.05,0.32,0.03,0.02,461.6,444.71
0.05,0.05,0.32,0.03,0.03,463.26,469.87
0.05,0.05,0.32,0.03,0.04,466.22,480.59
0.05,0.1,0.32,0,0,411.33,501.72
0.05,0.1,0.32,0,0.01,409.62,520.06
0.05,0.1,0.32,0,0.02,414.1,536.82
0.05,0.1,0.32,0,0.03,412.92,556.53
0.05,0.1,0.32,0,0.04,407.91,576.8
0.05,0.1,0.32,0.01,0,427.93,499.93
0.05,0.1,0.32,0.01,0.01,430.81,522.44
0.05,0.1,0.32,0.01,0.02,431.62,539.86
0.05,0.1,0.32,0.01,0.03,426.49,556.88
0.05,0.1,0.32,0.01,0.04,430.81,581.17
0.05,0.1,0.32,0.02,0,449.65,497.9
0.05,0.1,0.32,0.02,0.01,449.74,521.37
0.05,0.1,0.32,0.02,0.02,449.11,537.94
0.05,0.1,0.32,0.02,0.03,453.45,556.54
0.05,0.1,0.32,0.02,0.04,449.96,582.67
0.05,0.1,0.32,0.03,0,466.4,503.25
0.05,0.1,0.32,0.03,0.01,470.04,521.94
0.05,0.1,0.32,0.03,0.02,468.64,539.84
0.05,0.1,0.32,0.03,0.03,466.8,564.36
0.1,0.05,0.32,0.02,0.04,540.61,483.26
0.1,0.05,0.32,0.03,0,559.24,410.35
0.1,0.05,0.32,0.03,0.01,557.38,430.99
0.1,0.05,0.32,0.03,0.02,553.09,449.42
0.1,0.05,0.32,0.03,0.03,559.25,470.29
0.1,0.05,0.32,0.03,0.04,563.41,480.96
0.1,0.1,0.32,0,0,501.77,502.64
0.1,0.1,0.32,0,0.01,504,523.83
0.1,0.1,0.32,0,0.02,505.65,544.41
0.1,0.1,0.32,0,0.03,507.11,564.01
0.1,0.1,0.32,0,0.04,509.76,587.75
0.1,0.1,0.32,0.01,0,524.03,503.12
0.1,0.1,0.32,0.01,0.01,527.42,520.33
0.1,0.1,0.32,0.01,0.02,523.89,545.75
0.1,0.1,0.32,0.01,0.03,527.71,566.12
0.1,0.1,0.32,0.01,0.04,528.67,584.82
0.1,0.1,0.32,0.02,0,544.48,501.37
0.1,0.1,0.32,0.02,0.01,549.17,521.56
0.1,0.1,0.32,0.02,0.02,549.65,544.26
0.1,0.1,0.32,0.02,0.03,553.29,564.1
0.1,0.1,0.32,0.02,0.04,546.36,587.71
0.1,0.1,0.32,0.03,0,564.87,505.74
0.1,0.1,0.32,0.03,0.01,563.59,526.95
0.1,0.1,0.32,0.03,0.02,564.09,547.66
0.1,0.1,0.32,0.03,0.03,568.35,569.03
-0.1,0.05,0.33,0.02,0.04,177.39,476.92
-0.1,0.05,0.33,0.03,0,197.68,402.87
-0.1,0.05,0.33,0.03,0.01,199.31,418.7
-0.1,0.05,0.33,0.03,0.02,193.53,437.82
-0.1,0.05,0.33,0.03,0.03,198.86,458.13
-0.1,0.05,0.33,0.03,0.04,199.03,477.91
-0.1,0.1,0.33,0,0,142.96,497.4
-0.1,0.1,0.33,0,0.01,144.76,516.81
-0.1,0.1,0.33,0,0.02,141.4,533.21
-0.1,0.1,0.33,0,0.03,134.97,554.25
-0.1,0.1,0.33,0,0.04,139.34,574.8
-0.1,0.1,0.33,0.01,0,162.47,494.53
-0.1,0.1,0.33,0.01,0.01,159.59,513.68
-0.1,0.1,0.33,0.01,0.02,161.2,533.21
-0.1,0.1,0.33,0.01,0.03,159.75,550.43
-0.1,0.1,0.33,0.01,0.04,159.6,573.1
-0.1,0.1,0.33,0.02,0,181.79,491.91
-0.1,0.1,0.33,0.02,0.01,184.97,511.54
-0.1,0.1,0.33,0.02,0.02,181.65,537.94
-0.1,0.1,0.33,0.02,0.03,177.96,552.47
-0.1,0.1,0.33,0.02,0.04,179.83,570.27
-0.1,0.1,0.33,0.03,0,196.51,495.09
-0.1,0.1,0.33,0.03,0.01,197.31,514.92
-0.1,0.1,0.33,0.03,0.02,195.04,533.66
-0.1,0.1,0.33,0.03,0.03,195.99,554.12
-0.05,0.05,0.33,0.02,0.04,266.32,476.7
-0.05,0.05,0.33,0.03,0,280.57,407.72
-0.05,0.05,0.33,0.03,0.01,284.22,421.54
-0.05,0.05,0.33,0.03,0.02,285.35,441.79
-0.05,0.05,0.33,0.03,0.03,289.63,455.96
-0.05,0.05,0.33,0.03,0.04,286.65,474.25
-0.05,0.1,0.33,0,0,231.84,492.93
-0.05,0.1,0.33,0,0.01,231.32,515.1
-0.05,0.1,0.33,0,0.02,236.65,528.26
-0.05,0.1,0.33,0,0.03,236.16,550.47
-0.05,0.1,0.33,0,0.04,230.48,569.39
-0.05,0.1,0.33,0.01,0,249.32,492.85
-0.05,0.1,0.33,0.01,0.01,247.51,511.14
-0.05,0.1,0.33,0.01,0.02,248.18,530.26
-0.05,0.1,0.33,0.01,0.03,249.33,553.14
-0.05,0.1,0.33,0.01,0.04,244.9,567.49
-0.05,0.1,0.33,0.02,0,268,489.29
-0.05,0.1,0.33,0.02,0.01,269.21,510.8
-0.05,0.1,0.33,0.02,0.02,268.69,530.46
-0.05,0.1,0.33,0.02,0.03,272.44,549.46
-0.05,0.1,0.33,0.02,0.04,265.21,564.65
-0.05,0.1,0.33,0.03,0,286.05,492.64
-0.05,0.1,0.33,0.03,0.01,285.73,512.1
-0.05,0.1,0.33,0.03,0.02,284.19,536.02
-0.05,0.1,0.33,0.03,0.03,284.32,548.61
0,0.05,0.33,0.02,0.04,353.37,475.63
0,0.05,0.33,0.03,0,372.74,402.95
0,0.05,0.33,0.03,0.01,369.66,418.77
0,0.05,0.33,0.03,0.02,370.49,439.71
0,0.05,0.33,0.03,0.03,372.11,452.62
0,0.05,0.33,0.03,0.04,375.72,475.18
0,0.1,0.33,0,0,318.18,492.73
0,0.1,0.33,0,0.01,322.3,512.99
0,0.1,0.33,0,0.02,321.54,533.67
0,0.1,0.33,0,0.03,319,551.97
0,0.1,0.33,0,0.04,319.54,572.64
0,0.1,0.33,0.01,0,340.42,495.06
0,0.1,0.33,0.01,0.01,335.24,508.91
0,0.1,0.33,0.01,0.02,333.56,533.56
0,0.1,0.33,0.01,0.03,334.83,548.39
0,0.1,0.33,0.01,0.04,337.73,567.5
0,0.1,0.33,0.02,0,353.87,490.93
0,0.1,0.33,0.02,0.01,358.85,507.88
0,0.1,0.33,0.02,0.02,353.88,529.26
0,0.1,0.33,0.02,0.03,351.05,546.39
0,0.1,0.33,0.02,0.04,353.01,562.54
0,0.1,0.33,0.03,0,374.04,492.48
0,0.1,0.33,0.03,0.01,371.66,515.74
0,0.1,0.33,0.03,0.02,369.84,532.61
0,0.1,0.33,0.03,0.03,372.11,549.04
0.05,0.05,0.33,0.02,0.04,439.94,476.19
0.05,0.05,0.33,0.03,0,457.27,404.94
0.05,0.05,0.33,0.03,0.01,458.03,426.53
0.05,0.05,0.33,0.03,0.02,459.08,443.78
0.05,0.05,0.33,0.03,0.03,460.78,462.04
0.05,0.05,0.33,0.03,0.04,461.27,474.74
0.05,0.1,0.33,0,0,405.38,494.2
0.05,0.1,0.33,0,0.01,408.4,510.93
0.05,0.1,0.33,0,0.02,403.63,532.96
0.05,0.1,0.33,0,0.03,411.85,552.3
0.05,0.1,0.33,0,0.04,410.65,573.54
0.05,0.1,0.33,0.01,0,425.03,491.55
0.05,0.1,0.33,0.01,0.01,425.58,514.83
0.05,0.1,0.33,0.01,0.02,424.7,532.4
0.05,0.1,0.33,0.01,0.03,427.48,554.2
0.05,0.1,0.33,0.01,0.04,427.22,570.73
0.05,0.1,0.33,0.02,0,440.63,492.69
0.05,0.1,0.33,0.02,0.01,445.91,513.55
0.05,0.1,0.33,0.02,0.02,442.4,535.25
0.05,0.1,0.33,0.02,0.03,446.5,550.44
0.05,0.1,0.33,0.02,0.04,447.21,569.18
0.05,0.1,0.33,0.03,0,459.06,494.1
0.05,0.1,0.33,0.03,0.01,463,516.47
0.05,0.1,0.33,0.03,0.02,459.64,533.35
0.05,0.1,0.33,0.03,0.03,464.46,554.43
0.1,0.05,0.33,0.02,0.04,533.21,478
0.1,0.05,0.33,0.03,0,546.11,407.27
0.1,0.05,0.33,0.03,0.01,546.54,428.04
0.1,0.05,0.33,0.03,0.02,552.22,445.55
0.1,0.05,0.33,0.03,0.03,549.76,462.07
0.1,0.05,0.33,0.03,0.04,555.08,479.38
0.1,0.1,0.33,0,0,496.99,495.39
0.1,0.1,0.33,0,0.01,499.01,514.94
0.1,0.1,0.33,0,0.02,500.5,535.98
0.1,0.1,0.33,0,0.03,501.71,553.36
0.1,0.1,0.33,0,0.04,502.48,573.07
0.1,0.1,0.33,0.01,0,518.32,498.3
0.1,0.1,0.33,0.01,0.01,517.32,514.2
0.1,0.1,0.33,0.01,0.02,520.79,532.15
0.1,0.1,0.33,0.01,0.03,517.44,556.5
0.1,0.1,0.33,0.01,0.04,525.4,575.42
0.1,0.1,0.33,0.02,0,535.21,501.16
0.1,0.1,0.33,0.02,0.01,533.32,522.21
0.1,0.1,0.33,0.02,0.02,535.58,538.03
0.1,0.1,0.33,0.02,0.03,538.08,558.41
0.1,0.1,0.33,0.02,0.04,542.56,579.12
0.1,0.1,0.33,0.03,0,557.63,502.58
0.1,0.1,0.33,0.03,0.01,559.1,520.51
0.1,0.1,0.33,0.03,0.02,557.91,538.51
0.1,0.1,0.33,0.03,0.03,559.77,557.01
-0.1,0.05,0.34,0.02,0.04,182.27,472.5
-0.1,0.05,0.34,0.03,0,210.33,401.21
-0.1,0.05,0.34,0.03,0.01,203.25,420.62
-0.1,0.05,0.34,0.03,0.02,208.55,434.16
-0.1,0.05,0.34,0.03,0.03,199.88,454.06
-0.1,0.05,0.34,0.03,0.04,202.13,469.17
-0.1,0.1,0.34,0,0,148.64,489.38
-0.1,0.1,0.34,0,0.01,148.95,507.59
-0.1,0.1,0.34,0,0.02,148.26,527.52
-0.1,0.1,0.34,0,0.03,144.55,544.56
-0.1,0.1,0.34,0,0.04,143,568.92
-0.1,0.1,0.34,0.01,0,169.83,493.68
-0.1,0.1,0.34,0.01,0.01,166.74,510.34
-0.1,0.1,0.34,0.01,0.02,165.28,530.05
-0.1,0.1,0.34,0.01,0.03,167.26,546.08
-0.1,0.1,0.34,0.01,0.04,162.97,563.01
-0.1,0.1,0.34,0.02,0,179.93,485.63
-0.1,0.1,0.34,0.02,0.01,183.58,503.68
-0.1,0.1,0.34,0.02,0.02,181.93,523.49
-0.1,0.1,0.34,0.02,0.03,181.69,544.29
-0.1,0.1,0.34,0.02,0.04,175.21,568.79
-0.1,0.1,0.34,0.03,0,204.41,490.48
-0.1,0.1,0.34,0.03,0.01,199.68,507.29
-0.1,0.1,0.34,0.03,0.02,200.4,524.49
-0.1,0.1,0.34,0.03,0.03,197.18,548.15
-0.05,0.05,0.34,0.02,0.04,271.26,467.81
-0.05,0.05,0.34,0.03,0,286.71,398.64
-0.05,0.05,0.34,0.03,0.01,291.23,421.31
-0.05,0.05,0.34,0.03,0.02,286.42,438.28
-0.05,0.05,0.34,0.03,0.03,282.3,450.56
-0.05,0.05,0.34,0.03,0.04,289.2,467.16
-0.05,0.1,0.34,0,0,236.98,490.81
-0.05,0.1,0.34,0,0.01,236.36,506.85
-0.05,0.1,0.34,0,0.02,233.76,521.11
-0.05,0.1,0.34,0,0.03,231.07,538.77
-0.05,0.1,0.34,0,0.04,232.25,556.93
-0.05,0.1,0.34,0.01,0,251.77,488.23
-0.05,0.1,0.34,0.01,0.01,253.52,502.58
-0.05,0.1,0.34,0.01,0.02,253.61,525.52
-0.05,0.1,0.34,0.01,0.03,254.34,542.44
-0.05,0.1,0.34,0.01,0.04,250.82,559.58
-0.05,0.1,0.34,0.02,0,267.66,487.93
-0.05,0.1,0.34,0.02,0.01,268.2,503.86
-0.05,0.1,0.34,0.02,0.02,269.7,522.78
-0.05,0.1,0.34,0.02,0.03,270.41,540.3
-0.05,0.1,0.34,0.02,0.04,269.17,559.51
-0.05,0.1,0.34,0.03,0,290.04,486.65
-0.05,0.1,0.34,0.03,0.01,287.28,508.88
-0.05,0.1,0.34,0.03,0.02,286.83,522.56
-0.05,0.1,0.34,0.03,0.03,286.94,538.8
0,0.05,0.34,0.02,0.04,356.4,470.33
0,0.05,0.34,0.03,0,369.86,403.85
0,0.05,0.34,0.03,0.01,369.64,415.38
0,0.05,0.34,0.03,0.02,368.45,433.08
0,0.05,0.34,0.03,0.03,371.18,450
0,0.05,0.34,0.03,0.04,367.17,470.43
0,0.1,0.34,0,0,322.81,485.46
0,0.1,0.34,0,0.01,323.34,504.22
0,0.1,0.34,0,0.02,318.69,522.02
0,0.1,0.34,0,0.03,322.38,537.32
0,0.1,0.34,0,0.04,320.11,556.47
0,0.1,0.34,0.01,0,336.11,483.62
0,0.1,0.34,0.01,0.01,340.16,509.49
0,0.1,0.34,0.01,0.02,336.74,521.54
0,0.1,0.34,0.01,0.03,336.47,539.52
0,0.1,0.34,0.01,0.04,337.4,558.67
0,0.1,0.34,0.02,0,352.16,481.15
0,0.1,0.34,0.02,0.01,356.9,507.36
0,0.1,0.34,0.02,0.02,352.49,522.03
0,0.1,0.34,0.02,0.03,356.01,539.92
0,0.1,0.34,0.02,0.04,352.46,559.99
0,0.1,0.34,0.03,0,369.78,486.04
0,0.1,0.34,0.03,0.01,369.53,502.03
0,0.1,0.34,0.03,0.02,364.03,523.66
0,0.1,0.34,0.03,0.03,375.72,542.73
0.05,0.05,0.34,0.02,0.04,439.89,474.46
0.05,0.05,0.34,0.03,0,453.13,402.47
0.05,0.05,0.34,0.03,0.01,459.72,420.67
0.05,0.05,0.34,0.03,0.02,454.39,435.59
0.05,0.05,0.34,0.03,0.03,451.25,450.98
0.05,0.05,0.34,0.03,0.04,459.31,473.15
0.05,0.1,0.34,0,0,402.95,490.4
0.05,0.1,0.34,0,0.01,404.9,502.79
0.05,0.1,0.34,0,0.02,403.22,525.63
0.05,0.1,0.34,0,0.03,406.32,539.72
0.05,0.1,0.34,0,0.04,409.62,563.92
0.05,0.1,0.34,0.01,0,417.88,489
0.05,0.1,0.34,0.01,0.01,422.28,504.22
0.05,0.1,0.34,0.01,0.02,420.82,524.11
0.05,0.1,0.34,0.01,0.03,421.38,545.22
0.05,0.1,0.34,0.01,0.04,427.27,561.47
0.05,0.1,0.34,0.02,0,437.56,490.57
0.05,0.1,0.34,0.02,0.01,436.87,507.24
0.05,0.1,0.34,0.02,0.02,440.1,530.15
0.05,0.1,0.34,0.02,0.03,439.82,542.47
0.05,0.1,0.34,0.02,0.04,439.32,563.09
0.05,0.1,0.34,0.03,0,457.05,493.68
0.05,0.1,0.34,0.03,0.01,462.16,506.82
0.05,0.1,0.34,0.03,0.02,459.31,524.61
0.05,0.1,0.34,0.03,0.03,458.25,546.93
0.1,0.05,0.34,0.02,0.04,527.94,471.24
0.1,0.05,0.34,0.03,0,541.43,405.09
0.1,0.05,0.34,0.03,0.01,547.17,423.88
0.1,0.05,0.34,0.03,0.02,541.25,443.37
0.1,0.05,0.34,0.03,0.03,548.41,457.96
0.1,0.05,0.34,0.03,0.04,547.57,475.68
0.1,0.1,0.34,0,0,489.15,491.41
0.1,0.1,0.34,0,0.01,493.02,508.68
0.1,0.1,0.34,0,0.02,492.3,523.51
0.1,0.1,0.34,0,0.03,492.99,544.86
0.1,0.1,0.34,0,0.04,499.93,565.55
0.1,0.1,0.34,0.01,0,512.82,492
0.1,0.1,0.34,0.01,0.01,506.61,510.09
0.1,0.1,0.34,0.01,0.02,511.32,531.26
0.1,0.1,0.34,0.01,0.03,510.01,548.96
0.1,0.1,0.34,0.01,0.04,514.81,566.82
0.1,0.1,0.34,0.02,0,528.39,493.98
0.1,0.1,0.34,0.02,0.01,528.38,512.38
0.1,0.1,0.34,0.02,0.02,531.09,528.46
0.1,0.1,0.34,0.02,0.03,530.31,551.94
0.1,0.1,0.34,0.02,0.04,528.97,566.02
0.1,0.1,0.34,0.03,0,548,494.68
0.1,0.1,0.34,0.03,0.01,549.31,507.51
0.1,0.1,0.34,0.03,0.02,547.94,531.68
0.1,0.1,0.34,0.03,0.03,550.63,551.15
-0.1,0.05,0.35,0.02,0.04,181.18,468.1
-0.1,0.05,0.35,0.03,0,205.6,398.47
-0.1,0.05,0.35,0.03,0.01,208.53,416.27
-0.1,0.05,0.35,0.03,0.02,207.06,435.58
-0.1,0.05,0.35,0.03,0.03,205.99,454.86
-0.1,0.05,0.35,0.03,0.04,206.53,467.91
-0.1,0.1,0.35,0,0,156.22,487.86
-0.1,0.1,0.35,0,0.01,149.42,503.23
-0.1,0.1,0.35,0,0.02,152.64,523.3
-0.1,0.1,0.35,0,0.03,149.32,539.45
-0.1,0.1,0.35,0,0.04,151.13,557.06
-0.1,0.1,0.35,0.01,0,173.71,485.92
-0.1,0.1,0.35,0.01,0.01,168.85,502.04
-0.1,0.1,0.35,0.01,0.02,166.46,519.47
-0.1,0.1,0.35,0.01,0.03,169.34,539.19
-0.1,0.1,0.35,0.01,0.04,167.79,554.29
-0.1,0.1,0.35,0.02,0,185.44,486.48
-0.1,0.1,0.35,0.02,0.01,186.26,504.59
-0.1,0.1,0.35,0.02,0.02,186.08,515.89
-0.1,0.1,0.35,0.02,0.03,182.99,543.03
-0.1,0.1,0.35,0.02,0.04,187.51,555.36
-0.1,0.1,0.35,0.03,0,202.44,482.15
-0.1,0.1,0.35,0.03,0.01,204.95,498.78
-0.1,0.1,0.35,0.03,0.02,202.53,515.54
-0.1,0.1,0.35,0.03,0.03,195.54,534.72
-0.05,0.05,0.35,0.02,0.04,272.6,464.15
-0.05,0.05,0.35,0.03,0,285.07,397.75
-0.05,0.05,0.35,0.03,0.01,289.53,415.13
-0.05,0.05,0.35,0.03,0.02,290.71,431.65
-0.05,0.05,0.35,0.03,0.03,290.28,450.74
-0.05,0.05,0.35,0.03,0.04,286.06,464.45
-0.05,0.1,0.35,0,0,239.3,482.79
-0.05,0.1,0.35,0,0.01,238.48,500.17
-0.05,0.1,0.35,0,0.02,233.36,517.25
-0.05,0.1,0.35,0,0.03,233.62,535.18
-0.05,0.1,0.35,0,0.04,237.56,551.93
-0.05,0.1,0.35,0.01,0,254.87,482.92
-0.05,0.1,0.35,0.01,0.01,252.72,498.88
-0.05,0.1,0.35,0.01,0.02,252.41,517.52
-0.05,0.1,0.35,0.01,0.03,256.02,536.63
-0.05,0.1,0.35,0.01,0.04,252.78,552.75
-0.05,0.1,0.35,0.02,0,270.31,484.59
-0.05,0.1,0.35,0.02,0.01,270.8,498.54
-0.05,0.1,0.35,0.02,0.02,268.81,516.85
-0.05,0.1,0.35,0.02,0.03,264.92,533.06
-0.05,0.1,0.35,0.02,0.04,271.42,549.42
-0.05,0.1,0.35,0.03,0,290.07,483.2
-0.05,0.1,0.35,0.03,0.01,289.58,498.84
-0.05,0.1,0.35,0.03,0.02,283.29,520.54
-0.05,0.1,0.35,0.03,0.03,286.8,534.95
0,0.05,0.35,0.02,0.04,350.09,464.03
0,0.05,0.35,0.03,0,365.72,394.23
0,0.05,0.35,0.03,0.01,366.79,414.02
0,0.05,0.35,0.03,0.02,368.78,433.17
0,0.05,0.35,0.03,0.03,366.14,452.44
0,0.05,0.35,0.03,0.04,368.87,464.59
0,0.1,0.35,0,0,322.73,481.38
0,0.1,0.35,0,0.01,321.83,501.79
0,0.1,0.35,0,0.02,322.17,517.55
0,0.1,0.35,0,0.03,320.06,531.9
0,0.1,0.35,0,0.04,316.73,555.94
0,0.1,0.35,0.01,0,336.24,484.58
0,0.1,0.35,0.01,0.01,339.09,499.32
0,0.1,0.35,0.01,0.02,337.21,519.95
0,0.1,0.35,0.01,0.03,336.94,532.76
0,0.1,0.35,0.01,0.04,335.05,546.8
0,0.1,0.35,0.02,0,353.38,476.89
0,0.1,0.35,0.02,0.01,352.6,501.06
0,0.1,0.35,0.02,0.02,351.73,518.33
0,0.1,0.35,0.02,0.03,350.07,533.84
0,0.1,0.35,0.02,0.04,352.35,554.33
0,0.1,0.35,0.03,0,365.97,482.18
0,0.1,0.35,0.03,0.01,371.55,501.17
0,0.1,0.35,0.03,0.02,371.13,518.69
0,0.1,0.35,0.03,0.03,368.64,533.05
0.05,0.05,0.35,0.02,0.04,434.2,466.26
0.05,0.05,0.35,0.03,0,451.4,401.54
0.05,0.05,0.35,0.03,0.01,445.52,418.16
0.05,0.05,0.35,0.03,0.02,451.27,431.38
0.05,0.05,0.35,0.03,0.03,451.09,451.22
0.05,0.05,0.35,0.03,0.04,454.54,466.2
0.05,0.1,0.35,0,0,401.56,482.16
0.05,0.1,0.35,0,0.01,404.13,501.82
0.05,0.1,0.35,0,0.02,405.5,522.86
0.05,0.1,0.35,0,0.03,402.89,534.65
0.05,0.1,0.35,0,0.04,403.95,550.35
0.05,0.1,0.35,0.01,0,418.13,480.19
0.05,0.1,0.35,0.01,0.01,419.24,502.27
0.05,0.1,0.35,0.01,0.02,420.35,515.95
0.05,0.1,0.35,0.01,0.03,421.32,534.88
0.05,0.1,0.35,0.01,0.04,417.5,554.37
0.05,0.1,0.35,0.02,0,435.93,484.74
0.05,0.1,0.35,0.02,0.01,438.55,497.03
0.05,0.1,0.35,0.02,0.02,436.27,522.07
0.05,0.1,0.35,0.02,0.03,431.43,536.28
0.05,0.1,0.35,0.02,0.04,436.31,554.25
0.05,0.1,0.35,0.03,0,450.72,486.46
0.05,0.1,0.35,0.03,0.01,450.86,504.65
0.05,0.1,0.35,0.03,0.02,454.99,521.15
0.05,0.1,0.35,0.03,0.03,459.08,538.09
0.1,0.05,0.35,0.02,0.04,516.7,473.47
0.1,0.05,0.35,0.03,0,535.6,402.85
0.1,0.05,0.35,0.03,0.01,531.68,417.98
0.1,0.05,0.35,0.03,0.02,532.6,434.04
0.1,0.05,0.35,0.03,0.03,536.27,458.01
0.1,0.05,0.35,0.03,0.04,536.8,474.12
0.1,0.1,0.35,0,0,483.85,485.24
0.1,0.1,0.35,0,0.01,485.51,506.26
0.1,0.1,0.35,0,0.02,486.8,522.69
0.1,0.1,0.35,0,0.03,485.96,537.3
0.1,0.1,0.35,0,0.04,491.78,557.16
0.1,0.1,0.35,0.01,0,504.64,485.9
0.1,0.1,0.35,0.01,0.01,501.84,503.49
0.1,0.1,0.35,0.01,0.02,506.58,519.87
0.1,0.1,0.35,0.01,0.03,505.28,542.6
0.1,0.1,0.35,0.01,0.04,503.1,561.56
0.1,0.1,0.35,0.02,0,521.46,492.64
0.1,0.1,0.35,0.02,0.01,524.46,507.67
0.1,0.1,0.35,0.02,0.02,528.1,517.79
0.1,0.1,0.35,0.02,0.03,522.52,539.13
0.1,0.1,0.35,0.02,0.04,525.58,559.3
0.1,0.1,0.35,0.03,0,539.04,490.58
0.1,0.1,0.35,0.03,0.01,538,507.31
0.1,0.1,0.35,0.03,0.02,543.65,524.25
0.1,0.1,0.35,0.03,0.03,542.53,544.56
-0.1,0.05,0.36,0.02,0.04,192.1,457.71
-0.1,0.05,0.36,0.03,0,213.05,395.5
-0.1,0.05,0.36,0.03,0.01,207.46,413.26
-0.1,0.05,0.36,0.03,0.02,210.65,436.48
-0.1,0.05,0.36,0.03,0.03,208.53,444.19
-0.1,0.05,0.36,0.03,0.04,211.57,463.7
-0.1,0.1,0.36,0,0,158.78,480.77
-0.1,0.1,0.36,0,0.01,159.31,494.71
-0.1,0.1,0.36,0,0.02,160.63,514.53
-0.1,0.1,0.36,0,0.03,156.35,532.36
-0.1,0.1,0.36,0,0.04,155.68,547.21
-0.1,0.1,0.36,0.01,0,174.3,480.16
-0.1,0.1,0.36,0.01,0.01,178.77,493.2
-0.1,0.1,0.36,0.01,0.02,175.06,510.73
-0.1,0.1,0.36,0.01,0.03,176.65,531.09
-0.1,0.1,0.36,0.01,0.04,172.34,545.17
-0.1,0.1,0.36,0.02,0,192.96,479.42
-0.1,0.1,0.36,0.02,0.01,187.72,501.12
-0.1,0.1,0.36,0.02,0.02,189.14,511.48
-0.1,0.1,0.36,0.02,0.03,194.95,529.65
-0.1,0.1,0.36,0.02,0.04,189.26,552.78
-0.1,0.1,0.36,0.03,0,203.56,480.65
-0.1,0.1,0.36,0.03,0.01,204.99,500.15
-0.1,0.1,0.36,0.03,0.02,205.38,514.84
-0.1,0.1,0.36,0.03,0.03,203.65,538.06
-0.05,0.05,0.36,0.02,0.04,276.68,461.68
-0.05,0.05,0.36,0.03,0,287.87,396.34
-0.05,0.05,0.36,0.03,0.01,287.76,412.72
-0.05,0.05,0.36,0.03,0.02,289.14,428.28
-0.05,0.05,0.36,0.03,0.03,292.18,446.32
-0.05,0.05,0.36,0.03,0.04,286.36,461.97
-0.05,0.1,0.36,0,0,240.67,478.36
-0.05,0.1,0.36,0,0.01,238.89,496.43
-0.05,0.1,0.36,0,0.02,237.65,512.59
-0.05,0.1,0.36,0,0.03,244.41,529.05
-0.05,0.1,0.36,0,0.04,242.59,546.12
-0.05,0.1,0.36,0.01,0,254.45,472.23
-0.05,0.1,0.36,0.01,0.01,251.89,495.42
-0.05,0.1,0.36,0.01,0.02,256.13,510.56
-0.05,0.1,0.36,0.01,0.03,256.54,523.5
-0.05,0.1,0.36,0.01,0.04,254.24,546.56
-0.05,0.1,0.36,0.02,0,275.62,474.68
-0.05,0.1,0.36,0.02,0.01,268.24,494.29
-0.05,0.1,0.36,0.02,0.02,272.21,513.04
-0.05,0.1,0.36,0.02,0.03,273.3,532.03
-0.05,0.1,0.36,0.02,0.04,272.99,547.28
-0.05,0.1,0.36,0.03,0,287.95,479.4
-0.05,0.1,0.36,0.03,0.01,291.22,495.45
-0.05,0.1,0.36,0.03,0.02,290.45,516.04
-0.05,0.1,0.36,0.03,0.03,282.45,527.3
0,0.05,0.36,0.02,0.04,349.69,461.73
0,0.05,0.36,0.03,0,365.24,400.02
0,0.05,0.36,0.03,0.01,362.09,407.38
0,0.05,0.36,0.03,0.02,366.38,429.15
0,0.05,0.36,0.03,0.03,367.04,444.77
0,0.05,0.36,0.03,0.04,364.25,463.47
0,0.1,0.36,0,0,318.39,476.91
0,0.1,0.36,0,0.01,316.75,493.59
0,0.1,0.36,0,0.02,322.9,512.62
0,0.1,0.36,0,0.03,318.47,524.74
0,0.1,0.36,0,0.04,323.25,544.76
0,0.1,0.36,0.01,0,334.73,478.97
0,0.1,0.36,0.01,0.01,334.8,494.12
0,0.1,0.36,0.01,0.02,333.18,509.73
0,0.1,0.36,0.01,0.03,332.11,528.13
0,0.1,0.36,0.01,0.04,338.48,548.72
0,0.1,0.36,0.02,0,351.9,481.35
0,0.1,0.36,0.02,0.01,348.31,496.66
0,0.1,0.36,0.02,0.02,352.48,512.11
0,0.1,0.36,0.02,0.03,350.81,533.84
0,0.1,0.36,0.02,0.04,349.65,545.28
0,0.1,0.36,0.03,0,367.79,476.87
0,0.1,0.36,0.03,0.01,366.26,489.23
0,0.1,0.36,0.03,0.02,366.78,512.46
0,0.1,0.36,0.03,0.03,365.01,528.63
0.05,0.05,0.36,0.02,0.04,435.38,458.12
0.05,0.05,0.36,0.03,0,446.07,397.29
0.05,0.05,0.36,0.03,0.01,446.7,415.93
0.05,0.05,0.36,0.03,0.02,442.4,435.65
0.05,0.05,0.36,0.03,0.03,444.82,442.48
0.05,0.05,0.36,0.03,0.04,445.67,463.99
0.05,0.1,0.36,0,0,401.33,476.86
0.05,0.1,0.36,0,0.01,398.73,498.04
0.05,0.1,0.36,0,0.02,398.95,515.97
0.05,0.1,0.36,0,0.03,404.26,532.04
0.05,0.1,0.36,0,0.04,403.63,544.83
0.05,0.1,0.36,0.01,0,417.2,476.66
0.05,0.1,0.36,0.01,0.01,417.58,498.44
0.05,0.1,0.36,0.01,0.02,413.76,510.51
0.05,0.1,0.36,0.01,0.03,417.07,533.34
0.05,0.1,0.36,0.01,0.04,416.95,548.49
0.05,0.1,0.36,0.02,0,439.01,484.19
0.05,0.1,0.36,0.02,0.01,428.32,495.23
0.05,0.1,0.36,0.02,0.02,432.53,515
0.05,0.1,0.36,0.02,0.03,436.58,528.55
0.05,0.1,0.36,0.02,0.04,437.35,544.05
0.05,0.1,0.36,0.03,0,447.6,478.36
0.05,0.1,0.36,0.03,0.01,448.29,496.99
0.05,0.1,0.36,0.03,0.02,447.68,513.84
0.05,0.1,0.36,0.03,0.03,451.39,530.13
0.1,0.05,0.36,0.02,0.04,516.15,465.51
0.1,0.05,0.36,0.03,0,533.08,401.39
0.1,0.05,0.36,0.03,0.01,530.59,418.05
0.1,0.05,0.36,0.03,0.02,531.35,434.64
0.1,0.05,0.36,0.03,0.03,533.57,451.72
0.1,0.05,0.36,0.03,0.04,530.18,463.92
0.1,0.1,0.36,0,0,479.98,482.51
0.1,0.1,0.36,0,0.01,482.34,496.13
0.1,0.1,0.36,0,0.02,483.35,511.96
0.1,0.1,0.36,0,0.03,486.04,535.43
0.1,0.1,0.36,0,0.04,485.46,550.97
0.1,0.1,0.36,0.01,0,496.8,483.14
0.1,0.1,0.36,0.01,0.01,496.46,502.41
0.1,0.1,0.36,0.01,0.02,498.61,515.36
0.1,0.1,0.36,0.01,0.03,499.54,529.26
0.1,0.1,0.36,0.01,0.04,503.23,553.42
0.1,0.1,0.36,0.02,0,515.65,479.1
0.1,0.1,0.36,0.02,0.01,514.88,496.83
0.1,0.1,0.36,0.02,0.02,515.53,516.75
0.1,0.1,0.36,0.02,0.03,520.3,533.19
0.1,0.1,0.36,0.02,0.04,518.39,553.27
0.1,0.1,0.36,0.03,0,530.11,483.27
0.1,0.1,0.36,0.03,0.01,529.4,499.44
0.1,0.1,0.36,0.03,0.02,532.27,522.53
0.1,0.1,0.36,0.03,0.03,535.98,535.87
-0.1,0.05,0.37,0.02,0.04,196.9,459.13
-0.1,0.05,0.37,0.03,0,212.24,395.68
-0.1,0.05,0.37,0.03,0.01,215.45,411.91
-0.1,0.05,0.37,0.03,0.02,215.14,428.87
-0.1,0.05,0.37,0.03,0.03,211.16,445.91
-0.1,0.05,0.37,0.03,0.04,212.35,456.9
-0.1,0.1,0.37,0,0,164.66,473.92
-0.1,0.1,0.37,0,0.01,163.16,494.54
-0.1,0.1,0.37,0,0.02,167.23,513.42
-0.1,0.1,0.37,0,0.03,166.74,523.85
-0.1,0.1,0.37,0,0.04,163.48,545.37
-0.1,0.1,0.37,0.01,0,179.41,477.6
-0.1,0.1,0.37,0.01,0.01,179.05,488.18
-0.1,0.1,0.37,0.01,0.02,177.62,507.93
-0.1,0.1,0.37,0.01,0.03,179.55,527.01
-0.1,0.1,0.37,0.01,0.04,178.38,545.45
-0.1,0.1,0.37,0.02,0,196.13,473.41
-0.1,0.1,0.37,0.02,0.01,192.43,492.09
-0.1,0.1,0.37,0.02,0.02,197.35,507.31
-0.1,0.1,0.37,0.02,0.03,197.12,527.95
-0.1,0.1,0.37,0.02,0.04,195.26,543.72
-0.1,0.1,0.37,0.03,0,210.51,476.32
-0.1,0.1,0.37,0.03,0.01,212.59,492.13
-0.1,0.1,0.37,0.03,0.02,211.82,504.98
-0.1,0.1,0.37,0.03,0.03,210.71,523.69
-0.05,0.05,0.37,0.02,0.04,274.58,457.55
-0.05,0.05,0.37,0.03,0,283.58,396.79
-0.05,0.05,0.37,0.03,0.01,289.26,408.56
-0.05,0.05,0.37,0.03,0.02,289.21,428.23
-0.05,0.05,0.37,0.03,0.03,289.59,439.23
-0.05,0.05,0.37,0.03,0.04,290.86,452.01
-0.05,0.1,0.37,0,0,243.61,471.66
-0.05,0.1,0.37,0,0.01,242.62,493.29
-0.05,0.1,0.37,0,0.02,242.16,505.15
-0.05,0.1,0.37,0,0.03,247.18,522.23
-0.05,0.1,0.37,0,0.04,245.45,542.63
-0.05,0.1,0.37,0.01,0,260.03,472.66
-0.05,0.1,0.37,0.01,0.01,259.76,490.74
-0.05,0.1,0.37,0.01,0.02,255.88,507.81
-0.05,0.1,0.37,0.01,0.03,253.19,522.67
-0.05,0.1,0.37,0.01,0.04,253.68,539.79
-0.05,0.1,0.37,0.02,0,271.74,474.82
-0.05,0.1,0.37,0.02,0.01,270.52,486.51
-0.05,0.1,0.37,0.02,0.02,275.6,504.66
-0.05,0.1,0.37,0.02,0.03,274.61,518.81
-0.05,0.1,0.37,0.02,0.04,272.67,538.14
-0.05,0.1,0.37,0.03,0,288.42,469.62
-0.05,0.1,0.37,0.03,0.01,290.67,491.11
-0.05,0.1,0.37,0.03,0.02,287.84,505.96
-0.05,0.1,0.37,0.03,0.03,287.19,524.07
0,0.05,0.37,0.02,0.04,349.89,456.66
0,0.05,0.37,0.03,0,364.8,396.18
0,0.05,0.37,0.03,0.01,362.52,414.45
0,0.05,0.37,0.03,0.02,365.96,428.77
0,0.05,0.37,0.03,0.03,358.52,442.5
0,0.05,0.37,0.03,0.04,367.95,458.7
0,0.1,0.37,0,0,318.06,471.42
0,0.1,0.37,0,0.01,322.34,492.09
0,0.1,0.37,0,0.02,321.37,505.41
0,0.1,0.37,0,0.03,323.57,525.68
0,0.1,0.37,0,0.04,320.14,536.96
0,0.1,0.37,0.01,0,335.96,474.59
0,0.1,0.37,0.01,0.01,333.1,486.1
0,0.1,0.37,0.01,0.02,340.22,508.51
0,0.1,0.37,0.01,0.03,331.86,521.39
0,0.1,0.37,0.01,0.04,337.81,538.82
0,0.1,0.37,0.02,0,348.46,473
0,0.1,0.37,0.02,0.01,348.51,488.81
0,0.1,0.37,0.02,0.02,350.4,503.06
0,0.1,0.37,0.02,0.03,345.05,524.12
0,0.1,0.37,0.02,0.04,353.01,537.25
0,0.1,0.37,0.03,0,364.95,472.94
0,0.1,0.37,0.03,0.01,365.03,491.92
0,0.1,0.37,0.03,0.02,369.9,508.34
0,0.1,0.37,0.03,0.03,366.59,524.33
0.05,0.05,0.37,0.02,0.04,430.44,461.74
0.05,0.05,0.37,0.03,0,443.8,398.22
0.05,0.05,0.37,0.03,0.01,442.12,407.38
0.05,0.05,0.37,0.03,0.02,445.66,427.95
0.05,0.05,0.37,0.03,0.03,441.94,441.53
0.05,0.05,0.37,0.03,0.04,444.62,457.5
0.05,0.1,0.37,0,0,395.44,473.92
0.05,0.1,0.37,0,0.01,395.43,491.31
0.05,0.1,0.37,0,0.02,397.39,501.24
0.05,0.1,0.37,0,0.03,399.97,522.94
0.05,0.1,0.37,0,0.04,395.4,541.25
0.05,0.1,0.37,0.01,0,411.43,477.95
0.05,0.1,0.37,0.01,0.01,413.99,490.99
0.05,0.1,0.37,0.01,0.02,414.76,506.98
0.05,0.1,0.37,0.01,0.03,413.03,524.29
0.05,0.1,0.37,0.01,0.04,413.49,537.4
0.05,0.1,0.37,0.02,0,426.24,477.16
0.05,0.1,0.37,0.02,0.01,428.05,491.03
0.05,0.1,0.37,0.02,0.02,434.37,505.89
0.05,0.1,0.37,0.02,0.03,429.86,526.97
0.05,0.1,0.37,0.02,0.04,429.57,539.86
0.05,0.1,0.37,0.03,0,445.08,478.8
0.05,0.1,0.37,0.03,0.01,444.37,490.32
0.05,0.1,0.37,0.03,0.02,445.05,509.61
0.05,0.1,0.37,0.03,0.03,442.71,524.15
0.1,0.05,0.37,0.02,0.04,507.43,462.37
0.1,0.05,0.37,0.03,0,522.08,396.91
0.1,0.05,0.37,0.03,0.01,524.36,415.71
0.1,0.05,0.37,0.03,0.02,523.28,428.77
0.1,0.05,0.37,0.03,0.03,529.59,450.85
0.1,0.05,0.37,0.03,0.04,526.15,461.63
0.1,0.1,0.37,0,0,478.93,477.82
0.1,0.1,0.37,0,0.01,475.49,490.94
0.1,0.1,0.37,0,0.02,480.34,506.68
0.1,0.1,0.37,0,0.03,475.11,526.16
0.1,0.1,0.37,0,0.04,477.8,539.72
0.1,0.1,0.37,0.01,0,494.7,478.09
0.1,0.1,0.37,0.01,0.01,491.92,494.78
0.1,0.1,0.37,0.01,0.02,493.91,512.1
0.1,0.1,0.37,0.01,0.03,493.32,529.18
0.1,0.1,0.37,0.01,0.04,493.12,548.61
0.1,0.1,0.37,0.02,0,506.81,472.39
0.1,0.1,0.37,0.02,0.01,511.42,492.96
0.1,0.1,0.37,0.02,0.02,510.89,515.48
0.1,0.1,0.37,0.02,0.03,509.56,528.41
0.1,0.1,0.37,0.02,0.04,516.3,545.42
0.1,0.1,0.37,0.03,0,525.94,477.88
0.1,0.1,0.37,0.03,0.01,528.03,491.53
0.1,0.1,0.37,0.03,0.02,527.91,510.26
0.1,0.1,0.37,0.03,0.03,527.01,526.76
-0.1,0.05,0.38,0.02,0.04,202.26,454.72
-0.1,0.05,0.38,0.03,0,217.24,398.12
-0.1,0.05,0.38,0.03,0.01,219.24,406.09
-0.1,0.05,0.38,0.03,0.02,217.28,427.03
-0.1,0.05,0.38,0.03,0.03,217.67,438.9
-0.1,0.05,0.38,0.03,0.04,216.1,453.13
-0.1,0.1,0.38,0,0,163.41,472.63
-0.1,0.1,0.38,0,0.01,169.73,491.46
-0.1,0.1,0.38,0,0.02,168.14,501.81
-0.1,0.1,0.38,0,0.03,169.91,522.49
-0.1,0.1,0.38,0,0.04,164.48,538.58
-0.1,0.1,0.38,0.01,0,178.11,469.28
-0.1,0.1,0.38,0.01,0.01,182.77,488.6
-0.1,0.1,0.38,0.01,0.02,182.3,503.62
-0.1,0.1,0.38,0.01,0.03,183.13,519.25
-0.1,0.1,0.38,0.01,0.04,184.85,536.94
-0.1,0.1,0.38,0.02,0,199.46,470.28
-0.1,0.1,0.38,0.02,0.01,203.04,488.78
-0.1,0.1,0.38,0.02,0.02,197.42,500.68
-0.1,0.1,0.38,0.02,0.03,196.79,523.5
-0.1,0.1,0.38,0.02,0.04,199.32,536.44
-0.1,0.1,0.38,0.03,0,214.97,470.52
-0.1,0.1,0.38,0.03,0.01,213.39,484.79
-0.1,0.1,0.38,0.03,0.02,219.07,499.35
-0.1,0.1,0.38,0.03,0.03,212.01,517.99
-0.05,0.05,0.38,0.02,0.04,278.39,453.05
-0.05,0.05,0.38,0.03,0,290.11,396.46
-0.05,0.05,0.38,0.03,0.01,291.98,410.09
-0.05,0.05,0.38,0.03,0.02,288.82,422.02
-0.05,0.05,0.38,0.03,0.03,289.3,438.78
-0.05,0.05,0.38,0.03,0.04,289.59,450.92
-0.05,0.1,0.38,0,0,239.58,470.57
-0.05,0.1,0.38,0,0.01,247.96,484.59
-0.05,0.1,0.38,0,0.02,244.5,503.02
-0.05,0.1,0.38,0,0.03,241.66,517.5
-0.05,0.1,0.38,0,0.04,246.04,537.41
-0.05,0.1,0.38,0.01,0,259.58,470.79
-0.05,0.1,0.38,0.01,0.01,261.86,485.95
-0.05,0.1,0.38,0.01,0.02,265.24,495.35
-0.05,0.1,0.38,0.01,0.03,261.32,515.21
-0.05,0.1,0.38,0.01,0.04,254.72,537.94
-0.05,0.1,0.38,0.02,0,275.66,467.45
-0.05,0.1,0.38,0.02,0.01,274.13,486.12
-0.05,0.1,0.38,0.02,0.02,276.25,500.05
-0.05,0.1,0.38,0.02,0.03,273.51,518.48
-0.05,0.1,0.38,0.02,0.04,278.96,532.49
-0.05,0.1,0.38,0.03,0,288.95,469.96
-0.05,0.1,0.38,0.03,0.01,286.72,481.38
-0.05,0.1,0.38,0.03,0.02,291.3,504.72
-0.05,0.1,0.38,0.03,0.03,287.51,514.96
0,0.05,0.38,0.02,0.04,350.47,455.73
0,0.05,0.38,0.03,0,362.9,395.65
0,0.05,0.38,0.03,0.01,360.29,408.54
0,0.05,0.38,0.03,0.02,363.27,424.34
0,0.05,0.38,0.03,0.03,367.09,438.33
0,0.05,0.38,0.03,0.04,365.08,449.69
0,0.1,0.38,0,0,322.3,470.62
0,0.1,0.38,0,0.01,318.37,481.64
0,0.1,0.38,0,0.02,318.3,499.13
0,0.1,0.38,0,0.03,320.8,515.23
0,0.1,0.38,0,0.04,317.55,526.49
0,0.1,0.38,0.01,0,333.12,467.44
0,0.1,0.38,0.01,0.01,333.46,485.28
0,0.1,0.38,0.01,0.02,337,499.85
0,0.1,0.38,0.01,0.03,335.47,517.53
0,0.1,0.38,0.01,0.04,333.1,531.92
0,0.1,0.38,0.02,0,348.91,467.99
0,0.1,0.38,0.02,0.01,352.18,485.19
0,0.1,0.38,0.02,0.02,349.18,501.5
0,0.1,0.38,0.02,0.03,346.65,518.4
0,0.1,0.38,0.02,0.04,349.68,529.71
0,0.1,0.38,0.03,0,359.89,472.01
0,0.1,0.38,0.03,0.01,366.69,487.61
0,0.1,0.38,0.03,0.02,362.31,502.73
0,0.1,0.38,0.03,0.03,365.12,520.88
0.05,0.05,0.38,0.02,0.04,422.06,454.95
0.05,0.05,0.38,0.03,0,436.71,390.06
0.05,0.05,0.38,0.03,0.01,437.28,411.65
0.05,0.05,0.38,0.03,0.02,441.56,429.68
0.05,0.05,0.38,0.03,0.03,437.96,437.1
0.05,0.05,0.38,0.03,0.04,434.68,455.13
0.05,0.1,0.38,0,0,392.65,468.03
0.05,0.1,0.38,0,0.01,393.34,484.72
0.05,0.1,0.38,0,0.02,390.61,495.4
0.05,0.1,0.38,0,0.03,397.28,516.78
0.05,0.1,0.38,0,0.04,394.98,531.17
0.05,0.1,0.38,0.01,0,409.06,468.34
0.05,0.1,0.38,0.01,0.01,410.25,487.7
0.05,0.1,0.38,0.01,0.02,412.63,499.91
0.05,0.1,0.38,0.01,0.03,407.91,517.75
0.05,0.1,0.38,0.01,0.04,411.5,533.67
0.05,0.1,0.38,0.02,0,423.32,469.49
0.05,0.1,0.38,0.02,0.01,423.51,482.57
0.05,0.1,0.38,0.02,0.02,425.78,502.81
0.05,0.1,0.38,0.02,0.03,425.74,520.75
0.05,0.1,0.38,0.02,0.04,426.13,534.47
0.05,0.1,0.38,0.03,0,441.94,466.45
0.05,0.1,0.38,0.03,0.01,443.43,486.72
0.05,0.1,0.38,0.03,0.02,442.9,501.69
0.05,0.1,0.38,0.03,0.03,444.17,519.96
0.1,0.05,0.38,0.02,0.04,500.26,459.36
0.1,0.05,0.38,0.03,0,517.02,393.5
0.1,0.05,0.38,0.03,0.01,519.85,407.86
0.1,0.05,0.38,0.03,0.02,517.48,426.34
0.1,0.05,0.38,0.03,0.03,522.71,444.14
0.1,0.05,0.38,0.03,0.04,517.02,462.7
0.1,0.1,0.38,0,0,470.6,471.75
0.1,0.1,0.38,0,0.01,474.82,488.26
0.1,0.1,0.38,0,0.02,468.21,506.54
0.1,0.1,0.38,0,0.03,475.2,520.09
0.1,0.1,0.38,0,0.04,477.36,535.99
0.1,0.1,0.38,0.01,0,484.91,471.72
0.1,0.1,0.38,0.01,0.01,490.1,487.81
0.1,0.1,0.38,0.01,0.02,488,503.27
0.1,0.1,0.38,0.01,0.03,490.67,521.77
0.1,0.1,0.38,0.01,0.04,492.47,540.56
0.1,0.1,0.38,0.02,0,507.52,475.61
0.1,0.1,0.38,0.02,0.01,507.05,486.63
0.1,0.1,0.38,0.02,0.02,508.76,511.64
0.1,0.1,0.38,0.02,0.03,505.63,528.39
0.1,0.1,0.38,0.02,0.04,507.04,536.59
0.1,0.1,0.38,0.03,0,514.9,475.26
0.1,0.1,0.38,0.03,0.01,518.03,490.72
0.1,0.1,0.38,0.03,0.02,520.16,508.05
0.1,0.1,0.38,0.03,0.03,524.22,525.46
-0.1,0.05,0.39,0.02,0.04,201.07,452.39
-0.1,0.05,0.39,0.03,0,219.49,394.21
-0.1,0.05,0.39,0.03,0.01,217.19,407.8
-0.1,0.05,0.39,0.03,0.02,214.51,424.32
-0.1,0.05,0.39,0.03,0.03,220.11,438.55
-0.1,0.05,0.39,0.03,0.04,212.56,454.41
-0.1,0.1,0.39,0,0,170.25,469.31
-0.1,0.1,0.39,0,0.01,169.66,481.66
-0.1,0.1,0.39,0,0.02,170.46,496.08
-0.1,0.1,0.39,0,0.03,170.41,512.77
-0.1,0.1,0.39,0,0.04,163.8,532.97
-0.1,0.1,0.39,0.01,0,187.47,466.43
-0.1,0.1,0.39,0.01,0.01,186.25,482.32
-0.1,0.1,0.39,0.01,0.02,184.29,496.34
-0.1,0.1,0.39,0.01,0.03,185.3,516.14
-0.1,0.1,0.39,0.01,0.04,185.31,529.96
-0.1,0.1,0.39,0.02,0,203.88,467.7
-0.1,0.1,0.39,0.02,0.01,199.25,481.51
-0.1,0.1,0.39,0.02,0.02,203.56,497.17
-0.1,0.1,0.39,0.02,0.03,200.59,513.23
-0.1,0.1,0.39,0.02,0.04,198.22,534.03
-0.1,0.1,0.39,0.03,0,219.94,468.73
-0.1,0.1,0.39,0.03,0.01,217.93,484.14
-0.1,0.1,0.39,0.03,0.02,214.48,498.01
-0.1,0.1,0.39,0.03,0.03,216.96,514.32
-0.05,0.05,0.39,0.02,0.04,272.85,448.07
-0.05,0.05,0.39,0.03,0,289.41,392.96
-0.05,0.05,0.39,0.03,0.01,289.55,407.92
-0.05,0.05,0.39,0.03,0.02,291.92,420.68
-0.05,0.05,0.39,0.03,0.03,289.89,435.75
-0.05,0.05,0.39,0.03,0.04,287.06,451.17
-0.05,0.1,0.39,0,0,251.04,462.71
-0.05,0.1,0.39,0,0.01,246,477.61
-0.05,0.1,0.39,0,0.02,241.69,498.44
-0.05,0.1,0.39,0,0.03,242.76,512.64
-0.05,0.1,0.39,0,0.04,246.1,528.97
-0.05,0.1,0.39,0.01,0,260.96,464.95
-0.05,0.1,0.39,0.01,0.01,261.43,480.32
-0.05,0.1,0.39,0.01,0.02,264.37,493.51
-0.05,0.1,0.39,0.01,0.03,258.04,511.46
-0.05,0.1,0.39,0.01,0.04,261.42,527.62
-0.05,0.1,0.39,0.02,0,279.43,467.14
-0.05,0.1,0.39,0.02,0.01,275.51,478.02
-0.05,0.1,0.39,0.02,0.02,278.38,497.83
-0.05,0.1,0.39,0.02,0.03,276.19,512.19
-0.05,0.1,0.39,0.02,0.04,273.97,529.04
-0.05,0.1,0.39,0.03,0,289.5,462.98
-0.05,0.1,0.39,0.03,0.01,288.11,479.55
-0.05,0.1,0.39,0.03,0.02,292.24,497.99
-0.05,0.1,0.39,0.03,0.03,289.73,508.92
0,0.05,0.39,0.02,0.04,348.51,449.05
0,0.05,0.39,0.03,0,364.69,389.84
0,0.05,0.39,0.03,0.01,359.85,405.32
0,0.05,0.39,0.03,0.02,362.69,420.52
0,0.05,0.39,0.03,0.03,358.57,434.84
0,0.05,0.39,0.03,0.04,364.22,450.75
0,0.1,0.39,0,0,316.22,463.43
0,0.1,0.39,0,0.01,318.5,477.63
0,0.1,0.39,0,0.02,319.6,495.56
0,0.1,0.39,0,0.03,321.02,512.32
0,0.1,0.39,0,0.04,317.71,530.25
0,0.1,0.39,0.01,0,335.73,463.67
0,0.1,0.39,0.01,0.01,334.97,479.83
0,0.1,0.39,0.01,0.02,333.66,494.13
0,0.1,0.39,0.01,0.03,338.76,510.06
0,0.1,0.39,0.01,0.04,331.64,522.91
0,0.1,0.39,0.02,0,351.17,466.23
0,0.1,0.39,0.02,0.01,350.38,475.51
0,0.1,0.39,0.02,0.02,349.86,498.06
0,0.1,0.39,0.02,0.03,353.2,512.16
0,0.1,0.39,0.02,0.04,349.59,530.42
0,0.1,0.39,0.03,0,362.46,460.36
0,0.1,0.39,0.03,0.01,359.15,479.86
0,0.1,0.39,0.03,0.02,362.15,496.59
0,0.1,0.39,0.03,0.03,363.97,510.34
0.05,0.05,0.39,0.02,0.04,424.54,451.94
0.05,0.05,0.39,0.03,0,435.16,393.71
0.05,0.05,0.39,0.03,0.01,437.19,406.81
0.05,0.05,0.39,0.03,0.02,440.77,419.59
0.05,0.05,0.39,0.03,0.03,437.95,436.65
0.05,0.05,0.39,0.03,0.04,438.08,446.94
0.05,0.1,0.39,0,0,392.48,465.32
0.05,0.1,0.39,0,0.01,396.09,478.57
0.05,0.1,0.39,0,0.02,390.51,499.72
0.05,0.1,0.39,0,0.03,391.71,509.57
0.05,0.1,0.39,0,0.04,395.48,531.03
0.05,0.1,0.39,0.01,0,409.91,465.78
0.05,0.1,0.39,0.01,0.01,410.11,478.06
0.05,0.1,0.39,0.01,0.02,406.65,496.21
0.05,0.1,0.39,0.01,0.03,409.56,514.2
0.05,0.1,0.39,0.01,0.04,411.83,529.65
0.05,0.1,0.39,0.02,0,419.19,465.51
0.05,0.1,0.39,0.02,0.01,418.04,475.44
0.05,0.1,0.39,0.02,0.02,423.23,493.54
0.05,0.1,0.39,0.02,0.03,423.52,512.11
0.05,0.1,0.39,0.02,0.04,424.89,532.49
0.05,0.1,0.39,0.03,0,439.18,462.63
0.05,0.1,0.39,0.03,0.01,436.02,480.35
0.05,0.1,0.39,0.03,0.02,435.81,495.62
0.05,0.1,0.39,0.03,0.03,435.47,513.22
0.1,0.05,0.39,0.02,0.04,498.75,454.39
0.1,0.05,0.39,0.03,0,512.43,396.18
0.1,0.05,0.39,0.03,0.01,510.73,411.98
0.1,0.05,0.39,0.03,0.02,513.67,425.26
0.1,0.05,0.39,0.03,0.03,513.92,440.66
0.1,0.05,0.39,0.03,0.04,518.87,456.93
0.1,0.1,0.39,0,0,466.28,470.4
0.1,0.1,0.39,0,0.01,467.86,485.68
0.1,0.1,0.39,0,0.02,470,494.92
0.1,0.1,0.39,0,0.03,474.8,515.7
0.1,0.1,0.39,0,0.04,472.58,532.08
0.1,0.1,0.39,0.01,0,483.67,469.44
0.1,0.1,0.39,0.01,0.01,479.92,486.3
0.1,0.1,0.39,0.01,0.02,483.71,496.58
0.1,0.1,0.39,0.01,0.03,488.74,513.74
0.1,0.1,0.39,0.01,0.04,484.67,535.68
0.1,0.1,0.39,0.02,0,498.34,468.88
0.1,0.1,0.39,0.02,0.01,498.24,485.66
0.1,0.1,0.39,0.02,0.02,501.91,502.07
0.1,0.1,0.39,0.02,0.03,503.12,517.27
0.1,0.1,0.39,0.02,0.04,503.71,535.99
0.1,0.1,0.39,0.03,0,512.46,467.85
0.1,0.1,0.39,0.03,0.01,512.55,485.04
0.1,0.1,0.39,0.03,0.02,516.43,500.82
0.1,0.1,0.39,0.03,0.03,511.66,515.36
-0.1,0.05,0.4,0.02,0.04,205.93,448.02
-0.1,0.05,0.4,0.03,0,220.65,389.34
-0.1,0.05,0.4,0.03,0.01,223.19,402.95
-0.1,0.05,0.4,0.03,0.02,219.74,425.02
-0.1,0.05,0.4,0.03,0.03,216.64,433.34
-0.1,0.05,0.4,0.03,0.04,223.52,449.23
-0.1,0.1,0.4,0,0,174.41,464.35
-0.1,0.1,0.4,0,0.01,173.47,479.29
-0.1,0.1,0.4,0,0.02,181.34,494.86
-0.1,0.1,0.4,0,0.03,169.77,510.82
-0.1,0.1,0.4,0,0.04,169.44,526.68
-0.1,0.1,0.4,0.01,0,188.93,468.52
-0.1,0.1,0.4,0.01,0.01,191.21,478.29
-0.1,0.1,0.4,0.01,0.02,185.61,492.16
-0.1,0.1,0.4,0.01,0.03,184.81,509.88
-0.1,0.1,0.4,0.01,0.04,192.12,520.76
-0.1,0.1,0.4,0.02,0,208.07,461.03
-0.1,0.1,0.4,0.02,0.01,201.77,473.62
-0.1,0.1,0.4,0.02,0.02,205.68,491.04
-0.1,0.1,0.4,0.02,0.03,204.72,505.6
-0.1,0.1,0.4,0.02,0.04,204.34,527.31
-0.1,0.1,0.4,0.03,0,220.89,458.33
-0.1,0.1,0.4,0.03,0.01,219.46,479.43
-0.1,0.1,0.4,0.03,0.02,218.19,493.05
-0.1,0.1,0.4,0.03,0.03,217.56,509.2
-0.05,0.05,0.4,0.02,0.04,278.37,451.11
-0.05,0.05,0.4,0.03,0,293.29,393.3
-0.05,0.05,0.4,0.03,0.01,291.47,400.06
-0.05,0.05,0.4,0.03,0.02,288.68,418.78
-0.05,0.05,0.4,0.03,0.03,297.4,434.09
-0.05,0.05,0.4,0.03,0.04,289.2,441.78
-0.05,0.1,0.4,0,0,250.03,461.26
-0.05,0.1,0.4,0,0.01,249.35,475.11
-0.05,0.1,0.4,0,0.02,253.09,493.46
-0.05,0.1,0.4,0,0.03,249.26,507.35
-0.05,0.1,0.4,0,0.04,250.79,526.26
-0.05,0.1,0.4,0.01,0,265.11,459.95
-0.05,0.1,0.4,0.01,0.01,259.77,477.72
-0.05,0.1,0.4,0.01,0.02,263.98,487.35
-0.05,0.1,0.4,0.01,0.03,264.07,504.94
-0.05,0.1,0.4,0.01,0.04,260.89,522.71
-0.05,0.1,0.4,0.02,0,281.6,462.67
-0.05,0.1,0.4,0.02,0.01,280.45,473.35
-0.05,0.1,0.4,0.02,0.02,277.26,487.53
-0.05,0.1,0.4,0.02,0.03,275.56,501.9
-0.05,0.1,0.4,0.02,0.04,276.9,524.5
-0.05,0.1,0.4,0.03,0,291.31,459.23
-0.05,0.1,0.4,0.03,0.01,292.69,476.69
-0.05,0.1,0.4,0.03,0.02,292.5,494.23
-0.05,0.1,0.4,0.03,0.03,292.3,506.73
0,0.05,0.4,0.02,0.04,346.55,442.92
0,0.05,0.4,0.03,0,364.31,388.05
0,0.05,0.4,0.03,0.01,358.67,402.79
0,0.05,0.4,0.03,0.02,365.61,416.14
0,0.05,0.4,0.03,0.03,359.5,430.44
0,0.05,0.4,0.03,0.04,364.34,446.42
0,0.1,0.4,0,0,316.21,460.47
0,0.1,0.4,0,0.01,323.14,475.45
0,0.1,0.4,0,0.02,314.87,491.64
0,0.1,0.4,0,0.03,318.37,504.76
0,0.1,0.4,0,0.04,318.46,522.61
0,0.1,0.4,0.01,0,333.8,460.71
0,0.1,0.4,0.01,0.01,335.81,479.95
0,0.1,0.4,0.01,0.02,337.53,488.51
0,0.1,0.4,0.01,0.03,334.17,506.06
0,0.1,0.4,0.01,0.04,330.77,518.04
0,0.1,0.4,0.02,0,348.6,460.81
0,0.1,0.4,0.02,0.01,340.42,475.36
0,0.1,0.4,0.02,0.02,347.21,493.72
0,0.1,0.4,0.02,0.03,346.88,503.87
0,0.1,0.4,0.02,0.04,346.81,520.43
0,0.1,0.4,0.03,0,365.2,463.64
0,0.1,0.4,0.03,0.01,360.59,476.09
0,0.1,0.4,0.03,0.02,361.66,489.62
0,0.1,0.4,0.03,0.03,366.56,507.4
0.05,0.05,0.4,0.02,0.04,421.72,445.7
0.05,0.05,0.4,0.03,0,430.86,390.97
0.05,0.05,0.4,0.03,0.01,432.43,403.63
0.05,0.05,0.4,0.03,0.02,431.61,420.19
0.05,0.05,0.4,0.03,0.03,433.48,435.64
0.05,0.05,0.4,0.03,0.04,433.49,451.32
0.05,0.1,0.4,0,0,393.18,461.91
0.05,0.1,0.4,0,0.01,389.68,474.92
0.05,0.1,0.4,0,0.02,395.22,491.89
0.05,0.1,0.4,0,0.03,386.69,508.43
0.05,0.1,0.4,0,0.04,389,522.27
0.05,0.1,0.4,0.01,0,404.22,462.08
0.05,0.1,0.4,0.01,0.01,408.09,478.32
0.05,0.1,0.4,0.01,0.02,407.03,494.69
0.05,0.1,0.4,0.01,0.03,407.01,506.6
0.05,0.1,0.4,0.01,0.04,401.91,521.99
0.05,0.1,0.4,0.02,0,422.9,463.06
0.05,0.1,0.4,0.02,0.01,416.52,475.87
0.05,0.1,0.4,0.02,0.02,420.99,492.87
0.05,0.1,0.4,0.02,0.03,419.74,506.24
0.05,0.1,0.4,0.02,0.04,421.22,524.97
0.05,0.1,0.4,0.03,0,435.01,462.81
0.05,0.1,0.4,0.03,0.01,433.09,477.38
0.05,0.1,0.4,0.03,0.02,438.47,496.82
0.05,0.1,0.4,0.03,0.03,436.32,502.6
0.1,0.05,0.4,0.02,0.04,491.96,454.5
0.1,0.05,0.4,0.03,0,505.61,393.62
0.1,0.05,0.4,0.03,0.01,505.98,404
0.1,0.05,0.4,0.03,0.02,503.98,422.68
0.1,0.05,0.4,0.03,0.03,508.52,430.95
0.1,0.05,0.4,0.03,0.04,507.78,450.99
0.1,0.1,0.4,0,0,465.14,469.76
0.1,0.1,0.4,0,0.01,466.86,480.05
0.1,0.1,0.4,0,0.02,465.22,495.3
0.1,0.1,0.4,0,0.03,467.17,511.79
0.1,0.1,0.4,0,0.04,466.36,524.81
0.1,0.1,0.4,0.01,0,478.52,462.56
0.1,0.1,0.4,0.01,0.01,482.27,479.94
0.1,0.1,0.4,0.01,0.02,478.42,498.12
0.1,0.1,0.4,0.01,0.03,482.01,516.27
0.1,0.1,0.4,0.01,0.04,482.49,527.15
0.1,0.1,0.4,0.02,0,495.68,460.5
0.1,0.1,0.4,0.02,0.01,494.77,480.22
0.1,0.1,0.4,0.02,0.02,495.93,492.96
0.1,0.1,0.4,0.02,0.03,496.93,511.16
0.1,0.1,0.4,0.02,0.04,499.01,524.53
0.1,0.1,0.4,0.03,0,510.51,462.44
0.1,0.1,0.4,0.03,0.01,506.22,482.55
0.1,0.1,0.4,0.03,0.02,515.85,498.53
0.1,0.1,0.4,0.03,0.03,512.11,505.98
