-0.1,0.05,0.3,0.03,0.04,190.27,487.98
-0.1,0.1,0.3,0,0,139.65,503.98
-0.1,0.1,0.3,0,0.01,133.13,518.23
-0.1,0.1,0.3,0,0.02,134.7,542.03
-0.1,0.1,0.3,0,0.03,137.61,558.75
-0.1,0.1,0.3,0,0.04,135.98,582.76
-0.1,0.1,0.3,0.01,0,153.31,502.86
-0.1,0.1,0.3,0.01,0.01,154.46,522.72
-0.1,0.1,0.3,0.01,0.02,154,544.14
-0.1,0.1,0.3,0.01,0.03,150.53,562.43
-0.1,0.1,0.3,0.01,0.04,154.11,580.73
-0.1,0.1,0.3,0.02,0,173.43,506.29
-0.1,0.1,0.3,0.02,0.01,174.55,526.01
-0.1,0.1,0.3,0.02,0.02,171.94,542.74
-0.1,0.1,0.3,0.02,0.03,170.62,555.85
-0.1,0.1,0.3,0.02,0.04,171.22,579.8
-0.1,0.1,0.3,0.03,0,191.07,503.55
-0.1,0.1,0.3,0.03,0.01,185.63,524.1
-0.1,0.1,0.3,0.03,0.02,190.32,539.38
-0.1,0.1,0.3,0.03,0.03,185.49,559.36
-0.05,0.05,0.3,0.03,0.04,284.57,488.87
-0.05,0.1,0.3,0,0,227.48,502.1
-0.05,0.1,0.3,0,0.01,228.3,519.37
-0.05,0.1,0.3,0,0.02,228.02,544.04
-0.05,0.1,0.3,0,0.03,224.02,560
-0.05,0.1,0.3,0,0.04,226.77,578.5
-0.05,0.1,0.3,0.01,0,251.54,504.95
-0.05,0.1,0.3,0.01,0.01,244.31,522.17
-0.05,0.1,0.3,0.01,0.02,246.6,541
-0.05,0.1,0.3,0.01,0.03,250.35,563.57
-0.05,0.1,0.3,0.01,0.04,248.36,579.17
-0.05,0.1,0.3,0.02,0,259.94,502.89
-0.05,0.1,0.3,0.02,0.01,261.65,518.43
-0.05,0.1,0.3,0.02,0.02,262.26,546.93
-0.05,0.1,0.3,0.02,0.03,265.38,559.71
-0.05,0.1,0.3,0.02,0.04,262.64,576.91
-0.05,0.1,0.3,0.03,0,281.88,501.5
-0.05,0.1,0.3,0.03,0.01,281.02,524.7
-0.05,0.1,0.3,0.03,0.02,279.87,543.2
-0.05,0.1,0.3,0.03,0.03,282.6,558.05
0,0.05,0.3,0.03,0.04,373.83,488.75
0,0.1,0.3,0,0,320.39,504.02
0,0.1,0.3,0,0.01,318.39,524.24
0,0.1,0.3,0,0.02,319.19,539.45
0,0.1,0.3,0,0.03,319.75,563.02
0,0.1,0.3,0,0.04,321.78,580.38
0,0.1,0.3,0.01,0,343.46,500.43
0,0.1,0.3,0.01,0.01,338.48,523.08
0,0.1,0.3,0.01,0.02,337.39,541.01
0,0.1,0.3,0.01,0.03,335.84,561.82
0,0.1,0.3,0.01,0.04,338.38,578.86
0,0.1,0.3,0.02,0,355.93,508.59
0,0.1,0.3,0.02,0.01,354.64,523.44
0,0.1,0.3,0.02,0.02,358.79,540.04
0,0.1,0.3,0.02,0.03,356.59,557.7
0,0.1,0.3,0.02,0.04,358.54,579.78
0,0.1,0.3,0.03,0,375.58,508.84
0,0.1,0.3,0.03,0.01,377.13,522.56
0,0.1,0.3,0.03,0.02,379.31,543.73
0,0.1,0.3,0.03,0.03,376.95,560.28
0.05,0.05,0.3,0.03,0.04,462.43,482.16
0.05,0.1,0.3,0,0,410.56,503.33
0.05,0.1,0.3,0,0.01,412.11,520.7
0.05,0.1,0.3,0,0.02,412.47,543.8
0.05,0.1,0.3,0,0.03,413.58,559.82
0.05,0.1,0.3,0,0.04,411.38,577.96
0.05,0.1,0.3,0.01,0,432.58,497.86
0.05,0.1,0.3,0.01,0.01,432.93,525.05
0.05,0.1,0.3,0.01,0.02,432.56,541.77
0.05,0.1,0.3,0.01,0.03,436.47,562.51
0.05,0.1,0.3,0.01,0.04,434.11,581.55
0.05,0.1,0.3,0.02,0,452.96,506.92
0.05,0.1,0.3,0.02,0.01,450.55,525.19
0.05,0.1,0.3,0.02,0.02,449.08,540.5
0.05,0.1,0.3,0.02,0.03,450.5,570.27
0.05,0.1,0.3,0.02,0.04,450.24,578.34
0.05,0.1,0.3,0.03,0,467.44,507.36
0.05,0.1,0.3,0.03,0.01,472.05,520.24
0.05,0.1,0.3,0.03,0.02,471.32,539.75
0.05,0.1,0.3,0.03,0.03,469.54,558.05
0.1,0.05,0.3,0.03,0.04,558.37,485.56
0.1,0.1,0.3,0,0,499.98,503.59
0.1,0.1,0.3,0,0.01,504.44,527.33
0.1,0.1,0.3,0,0.02,506.61,538.21
0.1,0.1,0.3,0,0.03,505.2,558.33
0.1,0.1,0.3,0,0.04,507.82,576.61
0.1,0.1,0.3,0.01,0,525.38,508.01
0.1,0.1,0.3,0.01,0.01,524.35,523.34
0.1,0.1,0.3,0.01,0.02,522.86,541.02
0.1,0.1,0.3,0.01,0.03,522.71,560.73
0.1,0.1,0.3,0.01,0.04,523.34,582.78
0.1,0.1,0.3,0.02,0,535.68,508.57
0.1,0.1,0.3,0.02,0.01,538.3,524.78
0.1,0.1,0.3,0.02,0.02,541.34,542.92
0.1,0.1,0.3,0.02,0.03,545.88,562.88
0.1,0.1,0.3,0.02,0.04,539.5,574.28
0.1,0.1,0.3,0.03,0,567.28,507.54
0.1,0.1,0.3,0.03,0.01,561.08,521.38
0.1,0.1,0.3,0.03,0.02,561.27,541.43
0.1,0.1,0.3,0.03,0.03,564.68,561.87
-0.1,0.05,0.31,0.03,0.04,193.05,478.57
-0.1,0.1,0.31,0,0,141.75,498.56
-0.1,0.1,0.31,0,0.01,138.82,519.67
-0.1,0.1,0.31,0,0.02,140.09,537.73
-0.1,0.1,0.31,0,0.03,141.09,552.83
-0.1,0.1,0.31,0,0.04,143.45,570.04
-0.1,0.1,0.31,0.01,0,158.86,499.77
-0.1,0.1,0.31,0.01,0.01,153.48,517.14
-0.1,0.1,0.31,0.01,0.02,159.62,534.85
-0.1,0.1,0.31,0.01,0.03,156.92,553.82
-0.1,0.1,0.31,0.01,0.04,161.77,567.66
-0.1,0.1,0.31,0.02,0,179.18,498.15
-0.1,0.1,0.31,0.02,0.01,180.06,515.74
-0.1,0.1,0.31,0.02,0.02,174.76,537.59
-0.1,0.1,0.31,0.02,0.03,176.83,559.5
-0.1,0.1,0.31,0.02,0.04,174.64,571.43
-0.1,0.1,0.31,0.03,0,193.88,499.13
-0.1,0.1,0.31,0.03,0.01,194.29,517.64
-0.1,0.1,0.31,0.03,0.02,195.36,537.46
-0.1,0.1,0.31,0.03,0.03,190.05,550.45
-0.05,0.05,0.31,0.03,0.04,288.25,485.79
-0.05,0.1,0.31,0,0,227.77,501.35
-0.05,0.1,0.31,0,0.01,230.07,521.1
-0.05,0.1,0.31,0,0.02,231.26,531.75
-0.05,0.1,0.31,0,0.03,234.97,553.71
-0.05,0.1,0.31,0,0.04,235.75,574.07
-0.05,0.1,0.31,0.01,0,246.78,500.27
-0.05,0.1,0.31,0.01,0.01,248.83,514.66
-0.05,0.1,0.31,0.01,0.02,246.61,534.33
-0.05,0.1,0.31,0.01,0.03,246,553.88
-0.05,0.1,0.31,0.01,0.04,250.37,569.85
-0.05,0.1,0.31,0.02,0,265.59,500.8
-0.05,0.1,0.31,0.02,0.01,267.35,520.2
-0.05,0.1,0.31,0.02,0.02,266.53,532.64
-0.05,0.1,0.31,0.02,0.03,268.32,548.44
-0.05,0.1,0.31,0.02,0.04,267.62,571.55
-0.05,0.1,0.31,0.03,0,287.13,501.33
-0.05,0.1,0.31,0.03,0.01,283.64,518.97
-0.05,0.1,0.31,0.03,0.02,282.03,534.47
-0.05,0.1,0.31,0.03,0.03,282.12,551.71
0,0.05,0.31,0.03,0.04,373.39,478.69
0,0.1,0.31,0,0,315.58,499.42
0,0.1,0.31,0,0.01,323.7,518.41
0,0.1,0.31,0,0.02,320.9,531.78
0,0.1,0.31,0,0.03,313.21,555.86
0,0.1,0.31,0,0.04,317.15,566.8
0,0.1,0.31,0.01,0,335,499.24
0,0.1,0.31,0.01,0.01,335.44,518.48
0,0.1,0.31,0.01,0.02,341.91,531.05
0,0.1,0.31,0.01,0.03,335.2,552.89
0,0.1,0.31,0.01,0.04,339.37,575.2
0,0.1,0.31,0.02,0,353.84,494.38
0,0.1,0.31,0.02,0.01,354.48,515.45
0,0.1,0.31,0.02,0.02,358.53,533.36
0,0.1,0.31,0.02,0.03,353.67,552.72
0,0.1,0.31,0.02,0.04,356.57,571.62
0,0.1,0.31,0.03,0,376.83,499.94
0,0.1,0.31,0.03,0.01,374.76,519.33
0,0.1,0.31,0.03,0.02,372.99,535.65
0,0.1,0.31,0.03,0.03,373.11,551.66
0.05,0.05,0.31,0.03,0.04,462.76,477.73
0.05,0.1,0.31,0,0,409.4,499.62
0.05,0.1,0.31,0,0.01,409.35,511.71
0.05,0.1,0.31,0,0.02,409.35,533.8
0.05,0.1,0.31,0,0.03,409.11,551.86
0.05,0.1,0.31,0,0.04,413.62,571.11
0.05,0.1,0.31,0.01,0,424.47,501.38
0.05,0.1,0.31,0.01,0.01,429.61,517.56
0.05,0.1,0.31,0.01,0.02,428.15,532.22
0.05,0.1,0.31,0.01,0.03,429.88,552.25
0.05,0.1,0.31,0.01,0.04,433.19,569.12
0.05,0.1,0.31,0.02,0,441.96,496.99
0.05,0.1,0.31,0.02,0.01,446.84,514.59
0.05,0.1,0.31,0.02,0.02,446.65,533.42
0.05,0.1,0.31,0.02,0.03,447.17,552.93
0.05,0.1,0.31,0.02,0.04,447.16,567.95
0.05,0.1,0.31,0.03,0,464.33,499.16
0.05,0.1,0.31,0.03,0.01,465.61,518.41
0.05,0.1,0.31,0.03,0.02,463.71,534.91
0.05,0.1,0.31,0.03,0.03,458.52,556.87
0.1,0.05,0.31,0.03,0.04,552.95,477.65
0.1,0.1,0.31,0,0,503.08,498.6
0.1,0.1,0.31,0,0.01,501.51,513.6
0.1,0.1,0.31,0,0.02,496.32,536.91
0.1,0.1,0.31,0,0.03,502.18,552.35
0.1,0.1,0.31,0,0.04,501.34,568.97
0.1,0.1,0.31,0.01,0,520.07,498.78
0.1,0.1,0.31,0.01,0.01,512.15,513.65
0.1,0.1,0.31,0.01,0.02,516.58,535.8
0.1,0.1,0.31,0.01,0.03,519.88,549.82
0.1,0.1,0.31,0.01,0.04,519.37,566.52
0.1,0.1,0.31,0.02,0,535.57,500.7
0.1,0.1,0.31,0.02,0.01,535.69,515.54
0.1,0.1,0.31,0.02,0.02,535.17,535.25
0.1,0.1,0.31,0.02,0.03,533.46,556.92
0.1,0.1,0.31,0.02,0.04,534.22,569.79
0.1,0.1,0.31,0.03,0,551.1,498.34
0.1,0.1,0.31,0.03,0.01,559.21,518.15
0.1,0.1,0.31,0.03,0.02,554.99,532.49
0.1,0.1,0.31,0.03,0.03,545.55,553.11
-0.1,0.05,0.32,0.03,0.04,198.83,476.08
-0.1,0.1,0.32,0,0,148.72,494.7
-0.1,0.1,0.32,0,0.01,144.23,510.23
-0.1,0.1,0.32,0,0.02,144.28,523.29
-0.1,0.1,0.32,0,0.03,150.24,548.34
-0.1,0.1,0.32,0,0.04,148.67,567.53
-0.1,0.1,0.32,0.01,0,164.37,493.47
-0.1,0.1,0.32,0.01,0.01,162.59,508.22
-0.1,0.1,0.32,0.01,0.02,161.13,525.92
-0.1,0.1,0.32,0.01,0.03,162.41,544.6
-0.1,0.1,0.32,0.01,0.04,166.59,561.26
-0.1,0.1,0.32,0.02,0,183.32,498.61
-0.1,0.1,0.32,0.02,0.01,179.75,511.53
-0.1,0.1,0.32,0.02,0.02,178.67,528.53
-0.1,0.1,0.32,0.02,0.03,175.38,545.23
-0.1,0.1,0.32,0.02,0.04,180.6,560.05
-0.1,0.1,0.32,0.03,0,204.7,490.77
-0.1,0.1,0.32,0.03,0.01,201.24,514.94
-0.1,0.1,0.32,0.03,0.02,198.35,525.86
-0.1,0.1,0.32,0.03,0.03,197.83,544.62
-0.05,0.05,0.32,0.03,0.04,281.75,474.65
-0.05,0.1,0.32,0,0,233.69,493
-0.05,0.1,0.32,0,0.01,234.76,507.89
-0.05,0.1,0.32,0,0.02,231.49,533.03
-0.05,0.1,0.32,0,0.03,236.67,545
-0.05,0.1,0.32,0,0.04,233.74,557.84
-0.05,0.1,0.32,0.01,0,253.19,492.09
-0.05,0.1,0.32,0.01,0.01,250.84,511.29
-0.05,0.1,0.32,0.01,0.02,248.19,524.42
-0.05,0.1,0.32,0.01,0.03,248.56,543.81
-0.05,0.1,0.32,0.01,0.04,248.9,565.59
-0.05,0.1,0.32,0.02,0,264.82,493.78
-0.05,0.1,0.32,0.02,0.01,266.64,514.13
-0.05,0.1,0.32,0.02,0.02,268.46,528.92
-0.05,0.1,0.32,0.02,0.03,266.61,544.61
-0.05,0.1,0.32,0.02,0.04,267.98,562.72
-0.05,0.1,0.32,0.03,0,283.3,491.5
-0.05,0.1,0.32,0.03,0.01,286.7,511.04
-0.05,0.1,0.32,0.03,0.02,285.79,528.1
-0.05,0.1,0.32,0.03,0.03,285.82,545.22
0,0.05,0.32,0.03,0.04,373.59,475.61
0,0.1,0.32,0,0,319.43,488.71
0,0.1,0.32,0,0.01,319.1,508.77
0,0.1,0.32,0,0.02,319.61,528.14
0,0.1,0.32,0,0.03,318.27,541.12
0,0.1,0.32,0,0.04,321.66,563.65
0,0.1,0.32,0.01,0,338.33,492.12
0,0.1,0.32,0.01,0.01,337.86,508.83
0,0.1,0.32,0.01,0.02,337.77,527.52
0,0.1,0.32,0.01,0.03,337.67,542.88
0,0.1,0.32,0.01,0.04,332.43,562.71
0,0.1,0.32,0.02,0,353.68,490.95
0,0.1,0.32,0.02,0.01,354.45,515.11
0,0.1,0.32,0.02,0.02,350.36,530.85
0,0.1,0.32,0.02,0.03,353.9,549.98
0,0.1,0.32,0.02,0.04,353.52,564.69
0,0.1,0.32,0.03,0,369.37,492.04
0,0.1,0.32,0.03,0.01,371.17,510.78
0,0.1,0.32,0.03,0.02,368.48,528.89
0,0.1,0.32,0.03,0.03,373.26,545.72
0.05,0.05,0.32,0.03,0.04,460.34,473.97
0.05,0.1,0.32,0,0,408.16,495.38
0.05,0.1,0.32,0,0.01,405.92,511.91
0.05,0.1,0.32,0,0.02,409.81,526.53
0.05,0.1,0.32,0,0.03,408,543.73
0.05,0.1,0.32,0,0.04,402.3,561.1
0.05,0.1,0.32,0.01,0,423.79,493.02
0.05,0.1,0.32,0.01,0.01,426.03,513.67
0.05,0.1,0.32,0.01,0.02,426.14,528.9
0.05,0.1,0.32,0.01,0.03,420.25,543.36
0.05,0.1,0.32,0.01,0.04,423.74,564.69
0.05,0.1,0.32,0.02,0,444.35,490.34
0.05,0.1,0.32,0.02,0.01,443.7,511.88
0.05,0.1,0.32,0.02,0.02,442.25,526.18
0.05,0.1,0.32,0.02,0.03,445.71,542.16
0.05,0.1,0.32,0.02,0.04,441.26,565.27
0.05,0.1,0.32,0.03,0,459.74,494.93
0.05,0.1,0.32,0.03,0.01,462.53,511.61
0.05,0.1,0.32,0.03,0.02,460.19,527.17
0.05,0.1,0.32,0.03,0.03,457.35,548.98
0.1,0.05,0.32,0.03,0.04,546.92,469.55
0.1,0.1,0.32,0,0,491.62,492.49
0.1,0.1,0.32,0,0.01,492.79,511.49
0.1,0.1,0.32,0,0.02,493.27,529.55
0.1,0.1,0.32,0,0.03,493.46,546.26
0.1,0.1,0.32,0,0.04,494.74,566.73
0.1,0.1,0.32,0.01,0,511.69,491.91
0.1,0.1,0.32,0.01,0.01,513.91,506.82
0.1,0.1,0.32,0.01,0.02,509.1,529.62
0.1,0.1,0.32,0.01,0.03,511.52,546.99
0.1,0.1,0.32,0.01,0.04,510.98,562.3
0.1,0.1,0.32,0.02,0,529.62,488.98
0.1,0.1,0.32,0.02,0.01,533.03,506.77
0.1,0.1,0.32,0.02,0.02,532.11,526.72
0.1,0.1,0.32,0.02,0.03,534.23,543.46
0.1,0.1,0.32,0.02,0.04,525.66,563.56
0.1,0.1,0.32,0.03,0,547.13,492.09
0.1,0.1,0.32,0.03,0.01,544.46,510.77
0.1,0.1,0.32,0.03,0.02,543.44,528.6
0.1,0.1,0.32,0.03,0.03,546.06,546.73
-0.1,0.05,0.33,0.03,0.04,203.24,472.5
-0.1,0.1,0.33,0,0,152.21,488.14
-0.1,0.1,0.33,0,0.01,154.98,505.56
-0.1,0.1,0.33,0,0.02,152.69,519.66
-0.1,0.1,0.33,0,0.03,147.42,538.07
-0.1,0.1,0.33,0,0.04,153.04,555.63
-0.1,0.1,0.33,0.01,0,170.01,486.15
-0.1,0.1,0.33,0.01,0.01,168,503.4
-0.1,0.1,0.33,0.01,0.02,170.57,520.72
-0.1,0.1,0.33,0.01,0.03,170.17,535.39
-0.1,0.1,0.33,0.01,0.04,171.14,555.15
-0.1,0.1,0.33,0.02,0,187.86,484.32
-0.1,0.1,0.33,0.02,0.01,191.82,502.13
-0.1,0.1,0.33,0.02,0.02,189.35,526.4
-0.1,0.1,0.33,0.02,0.03,186.59,538.45
-0.1,0.1,0.33,0.02,0.04,189.46,553.43
-0.1,0.1,0.33,0.03,0,201.33,488.2
-0.1,0.1,0.33,0.03,0.01,202.81,506.26
-0.1,0.1,0.33,0.03,0.02,201.29,522.94
-0.1,0.1,0.33,0.03,0.03,203.05,541.01
-0.05,0.05,0.33,0.03,0.04,287.44,470.71
-0.05,0.1,0.33,0,0,234.73,487.14
-0.05,0.1,0.33,0,0.01,234.7,507.67
-0.05,0.1,0.33,0,0.02,240.56,518.88
-0.05,0.1,0.33,0,0.03,240.65,538.8
-0.05,0.1,0.33,0,0.04,235.59,555.08
-0.05,0.1,0.33,0.01,0,251.47,487.49
-0.05,0.1,0.33,0.01,0.01,250.05,504.17
-0.05,0.1,0.33,0.01,0.02,251.14,521.38
-0.05,0.1,0.33,0.01,0.03,252.76,542.02
-0.05,0.1,0.33,0.01,0.04,248.82,553.75
-0.05,0.1,0.33,0.02,0,269.52,484.25
-0.05,0.1,0.33,0.02,0.01,271.02,504.19
-0.05,0.1,0.33,0.02,0.02,270.81,521.96
-0.05,0.1,0.33,0.02,0.03,274.91,538.76
-0.05,0.1,0.33,0.02,0.04,268.06,551.37
-0.05,0.1,0.33,0.03,0,287.02,487.83
-0.05,0.1,0.33,0.03,0.01,286.89,505.74
-0.05,0.1,0.33,0.03,0.02,285.56,527.8
-0.05,0.1,0.33,0.03,0.03,285.92,538.2
0,0.05,0.33,0.03,0.04,374.47,471.43
0,0.1,0.33,0,0,318.18,488.1
0,0.1,0.33,0,0.01,322.3,506.84
0,0.1,0.33,0,0.02,321.54,525.67
0,0.1,0.33,0,0.03,319,541.81
0,0.1,0.33,0,0.04,319.54,559.94
0,0.1,0.33,0.01,0,339.95,490.39
0,0.1,0.33,0.01,0.01,334.68,502.7
0,0.1,0.33,0.01,0.02,332.89,525.51
0,0.1,0.33,0.01,0.03,334.05,538.16
0,0.1,0.33,0.01,0.04,336.81,554.74
0,0.1,0.33,0.02,0,352.91,486.11
0,0.1,0.33,0.02,0.01,357.7,501.52
0,0.1,0.33,0.02,0.02,352.51,521.04
0,0.1,0.33,0.02,0.03,349.45,535.99
0,0.1,0.33,0.02,0.04,351.16,549.58
0,0.1,0.33,0.03,0,372.53,487.44
0,0.1,0.33,0.03,0.01,369.86,509.13
0,0.1,0.33,0.03,0.02,367.72,524.11
0,0.1,0.33,0.03,0.03,369.64,538.33
0.05,0.05,0.33,0.03,0.04,455.9,468.7
0.05,0.1,0.33,0,0,402.48,488.42
0.05,0.1,0.33,0,0.01,405.02,503.5
0.05,0.1,0.33,0,0.02,399.72,523.58
0.05,0.1,0.33,0,0.03,407.36,540.63
0.05,0.1,0.33,0,0.04,405.54,559.22
0.05,0.1,0.33,0.01,0,421.25,485.26
0.05,0.1,0.33,0.01,0.01,421.22,506.84
0.05,0.1,0.33,0.01,0.02,419.7,522.41
0.05,0.1,0.33,0.01,0.03,421.79,541.87
0.05,0.1,0.33,0.01,0.04,420.78,555.7
0.05,0.1,0.33,0.02,0,435.8,485.8
0.05,0.1,0.33,0.02,0.01,440.41,504.89
0.05,0.1,0.33,0.02,0.02,436.15,524.53
0.05,0.1,0.33,0.02,0.03,439.44,537.32
0.05,0.1,0.33,0.02,0.04,439.28,553.31
0.05,0.1,0.33,0.03,0,452.99,486.51
0.05,0.1,0.33,0.03,0.01,456.15,507.06
0.05,0.1,0.33,0.03,0.02,451.94,521.81
0.05,0.1,0.33,0.03,0.03,455.84,540.41
0.1,0.05,0.33,0.03,0.04,540.05,468.97
0.1,0.1,0.33,0,0,487.74,486.13
0.1,0.1,0.33,0,0.01,488.78,503.69
0.1,0.1,0.33,0,0.02,489.21,522.43
0.1,0.1,0.33,0,0.03,489.26,537.18
0.1,0.1,0.33,0,0.04,488.79,553.9
0.1,0.1,0.33,0.01,0,507.07,488.08
0.1,0.1,0.33,0.01,0.01,505,501.89
0.1,0.1,0.33,0.01,0.02,507.3,517.44
0.1,0.1,0.33,0.01,0.03,502.68,539.05
0.1,0.1,0.33,0.01,0.04,509.27,554.88
0.1,0.1,0.33,0.02,0,521.66,489.87
0.1,0.1,0.33,0.02,0.01,518.6,508.72
0.1,0.1,0.33,0.02,0.02,519.59,522.04
0.1,0.1,0.33,0.02,0.03,520.7,539.59
0.1,0.1,0.33,0.02,0.04,523.69,557.1
0.1,0.1,0.33,0.03,0,541.45,490.14
0.1,0.1,0.33,0.03,0.01,541.65,505.75
0.1,0.1,0.33,0.03,0.02,539.08,521.13
0.1,0.1,0.33,0.03,0.03,539.44,536.68
-0.1,0.05,0.34,0.03,0.04,205.98,464.22
-0.1,0.1,0.34,0,0,157.1,480.92
-0.1,0.1,0.34,0,0.01,158.3,497.3
-0.1,0.1,0.34,0,0.02,158.58,515.13
-0.1,0.1,0.34,0,0.03,155.93,529.77
-0.1,0.1,0.34,0,0.04,155.52,551.39
-0.1,0.1,0.34,0.01,0,176.72,486.02
-0.1,0.1,0.34,0.01,0.01,174.43,500.94
-0.1,0.1,0.34,0.01,0.02,173.84,518.62
-0.1,0.1,0.34,0.01,0.03,176.78,532.33
-0.1,0.1,0.34,0.01,0.04,173.52,546.61
-0.1,0.1,0.34,0.02,0,185.48,478.69
-0.1,0.1,0.34,0.02,0.01,189.85,495.07
-0.1,0.1,0.34,0.02,0.02,188.97,512.93
-0.1,0.1,0.34,0.02,0.03,189.58,531.48
-0.1,0.1,0.34,0.02,0.04,184.01,553.39
-0.1,0.1,0.34,0.03,0,208.82,484.17
-0.1,0.1,0.34,0.03,0.01,204.72,499.38
-0.1,0.1,0.34,0.03,0.02,206.12,514.69
-0.1,0.1,0.34,0.03,0.03,203.63,536.16
-0.05,0.05,0.34,0.03,0.04,289.91,463.93
-0.05,0.1,0.34,0,0,239.63,485.52
-0.05,0.1,0.34,0,0.01,239.45,500.06
-0.05,0.1,0.34,0,0.02,237.33,512.54
-0.05,0.1,0.34,0,0.03,235.17,528.1
-0.05,0.1,0.34,0,0.04,236.92,543.84
-0.05,0.1,0.34,0.01,0,253.73,483.33
-0.05,0.1,0.34,0.01,0.01,255.84,496.2
-0.05,0.1,0.34,0.01,0.02,256.31,517.4
-0.05,0.1,0.34,0.01,0.03,257.47,532.27
-0.05,0.1,0.34,0.01,0.04,254.41,547.03
-0.05,0.1,0.34,0.02,0,269.04,483.32
-0.05,0.1,0.34,0.02,0.01,269.85,497.81
-0.05,0.1,0.34,0.02,0.02,271.64,515.01
-0.05,0.1,0.34,0.02,0.03,272.67,530.51
-0.05,0.1,0.34,0.02,0.04,271.78,547.36
-0.05,0.1,0.34,0.03,0,290.92,482.25
-0.05,0.1,0.34,0.03,0.01,288.33,503.07
-0.05,0.1,0.34,0.03,0.02,288.09,515.04
-0.05,0.1,0.34,0.03,0.03,288.4,529.29
0,0.05,0.34,0.03,0.04,366.02,467.01
0,0.1,0.34,0,0,322.81,481.23
0,0.1,0.34,0,0.01,323.34,498.59
0,0.1,0.34,0,0.02,318.69,514.71
0,0.1,0.34,0,0.03,322.38,528.03
0,0.1,0.34,0,0.04,320.11,544.86
0,0.1,0.34,0.01,0,335.68,479.34
0,0.1,0.34,0.01,0.01,339.64,503.81
0,0.1,0.34,0.01,0.02,336.13,514.17
0,0.1,0.34,0.01,0.03,335.75,530.17
0,0.1,0.34,0.01,0.04,336.57,547
0,0.1,0.34,0.02,0,351.28,476.75
0,0.1,0.34,0.02,0.01,355.85,501.55
0,0.1,0.34,0.02,0.02,351.24,514.52
0,0.1,0.34,0.02,0.03,354.54,530.41
0,0.1,0.34,0.02,0.04,350.77,548.14
0,0.1,0.34,0.03,0,368.4,481.43
0,0.1,0.34,0.03,0.01,367.88,495.98
0,0.1,0.34,0.03,0.02,362.09,515.89
0,0.1,0.34,0.03,0.03,373.46,532.94
0.05,0.05,0.34,0.03,0.04,454.4,467.63
0.05,0.1,0.34,0,0,400.3,485.11
0.05,0.1,0.34,0,0.01,401.81,496
0.05,0.1,0.34,0,0.02,399.64,517.05
0.05,0.1,0.34,0,0.03,402.21,529.05
0.05,0.1,0.34,0,0.04,404.95,550.84
0.05,0.1,0.34,0.01,0,414.43,483.24
0.05,0.1,0.34,0.01,0.01,418.3,496.91
0.05,0.1,0.34,0.01,0.02,416.25,514.97
0.05,0.1,0.34,0.01,0.03,416.18,533.95
0.05,0.1,0.34,0.01,0.04,421.38,547.73
0.05,0.1,0.34,0.02,0,433.15,484.27
0.05,0.1,0.34,0.02,0.01,431.83,499.33
0.05,0.1,0.34,0.02,0.02,434.38,520.36
0.05,0.1,0.34,0.02,0.03,433.37,530.48
0.05,0.1,0.34,0.02,0.04,432.06,548.58
0.05,0.1,0.34,0.03,0,451.5,486.74
0.05,0.1,0.34,0.03,0.01,455.9,498.21
0.05,0.1,0.34,0.03,0.02,452.27,514.05
0.05,0.1,0.34,0.03,0.03,450.37,534.11
0.1,0.05,0.34,0.03,0.04,533.82,466.16
0.1,0.1,0.34,0,0,480.69,482.94
0.1,0.1,0.34,0,0.01,483.67,498.4
0.1,0.1,0.34,0,0.02,481.98,511.12
0.1,0.1,0.34,0,0.03,481.61,530.07
0.1,0.1,0.34,0,0.04,487.41,548.02
0.1,0.1,0.34,0.01,0,502.53,482.65
0.1,0.1,0.34,0.01,0.01,495.35,498.83
0.1,0.1,0.34,0.01,0.02,498.98,517.81
0.1,0.1,0.34,0.01,0.03,496.52,533.01
0.1,0.1,0.34,0.01,0.04,500.06,548.04
0.1,0.1,0.34,0.02,0,516,483.66
0.1,0.1,0.34,0.02,0.01,514.93,500.05
0.1,0.1,0.34,0.02,0.02,516.47,513.84
0.1,0.1,0.34,0.02,0.03,514.42,534.72
0.1,0.1,0.34,0.02,0.04,511.71,545.88
0.1,0.1,0.34,0.03,0,533.2,483.3
0.1,0.1,0.34,0.03,0.01,533.36,494.02
0.1,0.1,0.34,0.03,0.02,530.73,515.79
0.1,0.1,0.34,0.03,0.03,532.04,532.56
-0.1,0.05,0.35,0.03,0.04,210.06,463.38
-0.1,0.1,0.35,0,0,163.97,480.1
-0.1,0.1,0.35,0,0.01,157.99,493.8
-0.1,0.1,0.35,0,0.02,162.1,511.95
-0.1,0.1,0.35,0,0.03,159.75,525.89
-0.1,0.1,0.35,0,0.04,162.61,540.99
-0.1,0.1,0.35,0.01,0,180.02,478.9
-0.1,0.1,0.35,0.01,0.01,175.9,493.42
-0.1,0.1,0.35,0.01,0.02,174.31,509
-0.1,0.1,0.35,0.01,0.03,178.07,526.59
-0.1,0.1,0.35,0.01,0.04,177.46,539.25
-0.1,0.1,0.35,0.02,0,190.52,480.12
-0.1,0.1,0.35,0.02,0.01,192,496.7
-0.1,0.1,0.35,0.02,0.02,192.53,506.21
-0.1,0.1,0.35,0.02,0.03,190.21,531.28
-0.1,0.1,0.35,0.02,0.04,195.58,541.25
-0.1,0.1,0.35,0.03,0,206.49,476.37
-0.1,0.1,0.35,0.03,0.01,209.56,491.52
-0.1,0.1,0.35,0.03,0.02,207.77,506.56
-0.1,0.1,0.35,0.03,0.03,201.46,523.73
-0.05,0.05,0.35,0.03,0.04,286.72,461.49
-0.05,0.1,0.35,0,0,241.72,477.94
-0.05,0.1,0.35,0,0.01,241.31,493.94
-0.05,0.1,0.35,0,0.02,236.64,509.39
-0.05,0.1,0.35,0,0.03,237.38,525.4
-0.05,0.1,0.35,0,0.04,241.84,539.93
-0.05,0.1,0.35,0.01,0,256.67,478.42
-0.05,0.1,0.35,0.01,0.01,254.85,493.04
-0.05,0.1,0.35,0.01,0.02,254.89,510.08
-0.05,0.1,0.35,0.01,0.03,258.89,527.3
-0.05,0.1,0.35,0.01,0.04,256.07,541.24
-0.05,0.1,0.35,0.02,0,271.58,480.36
-0.05,0.1,0.35,0.02,0.01,272.32,492.99
-0.05,0.1,0.35,0.02,0.02,270.59,509.73
-0.05,0.1,0.35,0.02,0.03,266.99,524.08
-0.05,0.1,0.35,0.02,0.04,273.8,538.29
-0.05,0.1,0.35,0.03,0,290.88,479.17
-0.05,0.1,0.35,0.03,0.01,290.55,493.51
-0.05,0.1,0.35,0.03,0.02,284.43,513.66
-0.05,0.1,0.35,0.03,0.03,288.15,526.23
0,0.05,0.35,0.03,0.04,367.83,461.45
0,0.1,0.35,0,0,322.73,477.5
0,0.1,0.35,0,0.01,321.83,496.63
0,0.1,0.35,0,0.02,322.17,510.85
0,0.1,0.35,0,0.03,320.06,523.38
0,0.1,0.35,0,0.04,316.73,545.3
0,0.1,0.35,0.01,0,335.85,480.66
0,0.1,0.35,0.01,0.01,338.62,494.12
0,0.1,0.35,0.01,0.02,336.65,513.2
0,0.1,0.35,0.01,0.03,336.28,524.19
0,0.1,0.35,0.01,0.04,334.29,536.11
0,0.1,0.35,0.02,0,352.57,472.86
0,0.1,0.35,0.02,0.01,351.63,495.73
0,0.1,0.35,0.02,0.02,350.58,511.44
0,0.1,0.35,0.02,0.03,348.73,525.12
0,0.1,0.35,0.02,0.04,350.8,543.47
0,0.1,0.35,0.03,0,364.7,477.96
0,0.1,0.35,0.03,0.01,370.04,495.63
0,0.1,0.35,0.03,0.02,369.35,511.57
0,0.1,0.35,0.03,0.03,366.57,524.07
0.05,0.05,0.35,0.03,0.04,450.05,461.14
0.05,0.1,0.35,0,0,399.14,477.31
0.05,0.1,0.35,0,0.01,401.3,495.59
0.05,0.1,0.35,0,0.02,402.22,514.99
0.05,0.1,0.35,0,0.03,399.13,524.87
0.05,0.1,0.35,0,0.04,399.67,538.35
0.05,0.1,0.35,0.01,0,414.96,474.92
0.05,0.1,0.35,0.01,0.01,415.59,495.57
0.05,0.1,0.35,0.01,0.02,416.16,507.58
0.05,0.1,0.35,0.01,0.03,416.55,524.54
0.05,0.1,0.35,0.01,0.04,412.11,541.78
0.05,0.1,0.35,0.02,0,431.89,478.96
0.05,0.1,0.35,0.02,0.01,433.93,489.78
0.05,0.1,0.35,0.02,0.02,431.03,513.09
0.05,0.1,0.35,0.02,0.03,425.52,525.29
0.05,0.1,0.35,0.02,0.04,429.66,540.95
0.05,0.1,0.35,0.03,0,445.63,480.1
0.05,0.1,0.35,0.03,0.01,445.12,496.76
0.05,0.1,0.35,0.03,0.02,448.54,511.47
0.05,0.1,0.35,0.03,0.03,451.85,526.34
0.1,0.05,0.35,0.03,0.04,524.2,465.39
0.1,0.1,0.35,0,0,476.09,477.48
0.1,0.1,0.35,0,0.01,476.94,496.83
0.1,0.1,0.35,0,0.02,477.34,511.33
0.1,0.1,0.35,0,0.03,475.53,523.74
0.1,0.1,0.35,0,0.04,480.3,541.09
0.1,0.1,0.35,0.01,0,495.21,477.33
0.1,0.1,0.35,0.01,0.01,491.52,493.17
0.1,0.1,0.35,0.01,0.02,495.28,507.54
0.1,0.1,0.35,0.01,0.03,492.9,527.98
0.1,0.1,0.35,0.01,0.04,489.58,544.35
0.1,0.1,0.35,0.02,0,510.11,483.18
0.1,0.1,0.35,0.02,0.01,512.12,496.37
0.1,0.1,0.35,0.02,0.02,514.7,504.38
0.1,0.1,0.35,0.02,0.03,507.96,523.35
0.1,0.1,0.35,0.02,0.04,509.76,540.84
0.1,0.1,0.35,0.03,0,525.48,480.15
0.1,0.1,0.35,0.03,0.01,523.38,494.94
0.1,0.1,0.35,0.03,0.02,527.87,509.68
0.1,0.1,0.35,0.03,0.03,525.49,527.52
-0.1,0.05,0.36,0.03,0.04,214.81,459.53
-0.1,0.1,0.36,0,0,165.91,473.64
-0.1,0.1,0.36,0,0.01,167.19,486.04
-0.1,0.1,0.36,0,0.02,169.32,504.09
-0.1,0.1,0.36,0,0.03,165.93,519.89
-0.1,0.1,0.36,0,0.04,166.23,532.44
-0.1,0.1,0.36,0.01,0,180.11,473.71
-0.1,0.1,0.36,0.01,0.01,185.25,485.28
-0.1,0.1,0.36,0.01,0.02,182.28,501.11
-0.1,0.1,0.36,0.01,0.03,184.67,519.51
-0.1,0.1,0.36,0.01,0.04,181.23,531.35
-0.1,0.1,0.36,0.02,0,197.63,473.58
-0.1,0.1,0.36,0.02,0.01,192.99,493.86
-0.1,0.1,0.36,0.02,0.02,195.08,502.59
-0.1,0.1,0.36,0.02,0.03,201.59,518.86
-0.1,0.1,0.36,0.02,0.04,196.67,539.81
-0.1,0.1,0.36,0.03,0,207.27,475.34
-0.1,0.1,0.36,0.03,0.01,209.23,493.49
-0.1,0.1,0.36,0.03,0.02,210.19,506.58
-0.1,0.1,0.36,0.03,0.03,209.08,527.96
-0.05,0.05,0.36,0.03,0.04,286.96,459.25
-0.05,0.1,0.36,0,0,242.89,473.91
-0.05,0.1,0.36,0,0.01,241.5,490.71
-0.05,0.1,0.36,0,0.02,240.66,505.36
-0.05,0.1,0.36,0,0.03,247.87,520.06
-0.05,0.1,0.36,0,0.04,246.53,535.1
-0.05,0.1,0.36,0.01,0,256.1,468.09
-0.05,0.1,0.36,0.01,0.01,253.84,490.04
-0.05,0.1,0.36,0.01,0.02,258.41,503.71
-0.05,0.1,0.36,0.01,0.03,259.17,514.93
-0.05,0.1,0.36,0.01,0.04,257.27,535.99
-0.05,0.1,0.36,0.02,0,276.79,470.79
-0.05,0.1,0.36,0.02,0.01,269.63,489.19
-0.05,0.1,0.36,0.02,0.02,273.84,506.5
-0.05,0.1,0.36,0.02,0.03,275.21,523.78
-0.05,0.1,0.36,0.02,0.04,275.18,537.05
-0.05,0.1,0.36,0.03,0,288.69,475.69
-0.05,0.1,0.36,0.03,0.01,292.11,490.55
-0.05,0.1,0.36,0.03,0.02,291.5,509.71
-0.05,0.1,0.36,0.03,0.03,283.68,519.29
0,0.05,0.36,0.03,0.04,363.28,460.58
0,0.1,0.36,0,0,318.39,473.35
0,0.1,0.36,0,0.01,316.75,488.84
0,0.1,0.36,0,0.02,322.9,506.46
0,0.1,0.36,0,0.03,318.47,516.91
0,0.1,0.36,0,0.04,323.25,534.98
0,0.1,0.36,0.01,0,334.37,475.37
0,0.1,0.36,0.01,0.01,334.37,489.34
0,0.1,0.36,0.01,0.02,332.66,503.53
0,0.1,0.36,0.01,0.03,331.5,520.25
0,0.1,0.36,0.01,0.04,337.78,538.89
0,0.1,0.36,0.02,0,351.16,477.64
0,0.1,0.36,0.02,0.01,347.42,491.76
0,0.1,0.36,0.02,0.02,351.43,505.78
0,0.1,0.36,0.02,0.03,349.57,525.83
0,0.1,0.36,0.02,0.04,348.23,535.3
0,0.1,0.36,0.03,0,366.63,472.98
0,0.1,0.36,0.03,0.01,364.87,484.14
0,0.1,0.36,0.03,0.02,365.14,505.92
0,0.1,0.36,0.03,0.03,363.11,520.38
0.05,0.05,0.36,0.03,0.04,441.54,459.34
0.05,0.1,0.36,0,0,399.1,472.4
0.05,0.1,0.36,0,0.01,396.13,492.32
0.05,0.1,0.36,0,0.02,395.94,508.74
0.05,0.1,0.36,0,0.03,400.8,523.06
0.05,0.1,0.36,0,0.04,399.69,533.81
0.05,0.1,0.36,0.01,0,414.3,471.81
0.05,0.1,0.36,0.01,0.01,414.22,492.28
0.05,0.1,0.36,0.01,0.02,409.91,502.81
0.05,0.1,0.36,0.01,0.03,412.69,523.84
0.05,0.1,0.36,0.01,0.04,411.98,536.92
0.05,0.1,0.36,0.02,0,435.3,478.88
0.05,0.1,0.36,0.02,0.01,424.08,488.56
0.05,0.1,0.36,0.02,0.02,427.71,506.74
0.05,0.1,0.36,0.02,0.03,431.14,518.45
0.05,0.1,0.36,0.02,0.04,431.23,531.82
0.05,0.1,0.36,0.03,0,442.92,472.51
0.05,0.1,0.36,0.03,0.01,443.01,489.74
0.05,0.1,0.36,0.03,0.02,441.75,504.95
0.05,0.1,0.36,0.03,0.03,444.74,519.33
0.1,0.05,0.36,0.03,0.04,518.6,455.9
0.1,0.1,0.36,0,0,472.85,475.38
0.1,0.1,0.36,0,0.01,474.46,487.46
0.1,0.1,0.36,0,0.02,474.66,501.53
0.1,0.1,0.36,0,0.03,476.45,522.97
0.1,0.1,0.36,0,0.04,474.91,536.2
0.1,0.1,0.36,0.01,0,488.14,475.26
0.1,0.1,0.36,0.01,0.01,486.97,492.92
0.1,0.1,0.36,0.01,0.02,488.22,504.02
0.1,0.1,0.36,0.01,0.03,488.17,515.82
0.1,0.1,0.36,0.01,0.04,490.8,537.6
0.1,0.1,0.36,0.02,0,505.22,470.41
0.1,0.1,0.36,0.02,0.01,503.55,486.45
0.1,0.1,0.36,0.02,0.02,503.22,504.43
0.1,0.1,0.36,0.02,0.03,506.91,518.69
0.1,0.1,0.36,0.02,0.04,503.85,536.31
0.1,0.1,0.36,0.03,0,517.65,473.68
0.1,0.1,0.36,0.03,0.01,515.96,488.07
0.1,0.1,0.36,0.03,0.02,517.77,509.15
0.1,0.1,0.36,0.03,0.03,520.32,520.21
-0.1,0.05,0.37,0.03,0.04,215.34,453.06
-0.1,0.1,0.37,0,0,171.23,467.36
-0.1,0.1,0.37,0,0.01,170.42,486.56
-0.1,0.1,0.37,0,0.02,175.24,503.81
-0.1,0.1,0.37,0,0.03,175.57,512.37
-0.1,0.1,0.37,0,0.04,173.2,531.77
-0.1,0.1,0.37,0.01,0,184.75,471.66
-0.1,0.1,0.37,0.01,0.01,185.01,480.88
-0.1,0.1,0.37,0.01,0.02,184.27,499.07
-0.1,0.1,0.37,0.01,0.03,186.94,516.34
-0.1,0.1,0.37,0.01,0.04,186.56,532.72
-0.1,0.1,0.37,0.02,0,200.44,468.03
-0.1,0.1,0.37,0.02,0.01,197.29,485.41
-0.1,0.1,0.37,0.02,0.02,202.82,499.12
-0.1,0.1,0.37,0.02,0.03,203.24,518.01
-0.1,0.1,0.37,0.02,0.04,202.08,531.77
-0.1,0.1,0.37,0.03,0,213.94,471.43
-0.1,0.1,0.37,0.03,0.01,216.5,485.99
-0.1,0.1,0.37,0.03,0.02,216.25,497.38
-0.1,0.1,0.37,0.03,0.03,215.72,514.38
-0.05,0.05,0.37,0.03,0.04,291.42,449.5
-0.05,0.1,0.37,0,0,245.66,467.56
-0.05,0.1,0.37,0,0.01,245.02,488.02
-0.05,0.1,0.37,0,0.02,244.94,498.5
-0.05,0.1,0.37,0,0.03,250.36,513.95
-0.05,0.1,0.37,0,0.04,249.08,532.47
-0.05,0.1,0.37,0.01,0,261.56,468.85
-0.05,0.1,0.37,0.01,0.01,261.56,485.8
-0.05,0.1,0.37,0.01,0.02,257.98,501.51
-0.05,0.1,0.37,0.01,0.03,255.62,514.77
-0.05,0.1,0.37,0.01,0.04,256.46,530.05
-0.05,0.1,0.37,0.02,0,272.81,471.24
-0.05,0.1,0.37,0.02,0.01,271.8,481.81
-0.05,0.1,0.37,0.02,0.02,277.1,498.64
-0.05,0.1,0.37,0.02,0.03,276.36,511.22
-0.05,0.1,0.37,0.02,0.04,274.69,528.72
-0.05,0.1,0.37,0.03,0,289.1,466.2
-0.05,0.1,0.37,0.03,0.01,291.49,486.6
-0.05,0.1,0.37,0.03,0.02,288.81,500.13
-0.05,0.1,0.37,0.03,0.03,288.33,516.68
0,0.05,0.37,0.03,0.04,367.06,456.05
0,0.1,0.37,0,0,318.06,468.14
0,0.1,0.37,0,0.01,322.34,487.72
0,0.1,0.37,0,0.02,321.37,499.74
0,0.1,0.37,0,0.03,323.57,518.47
0,0.1,0.37,0,0.04,320.14,527.95
0,0.1,0.37,0.01,0,335.62,471.28
0,0.1,0.37,0.01,0.01,332.7,481.69
0,0.1,0.37,0.01,0.02,339.75,502.8
0,0.1,0.37,0.01,0.03,331.3,514.14
0,0.1,0.37,0.01,0.04,337.16,529.76
0,0.1,0.37,0.02,0,347.78,469.58
0,0.1,0.37,0.02,0.01,347.68,484.29
0,0.1,0.37,0.02,0.02,349.43,497.23
0,0.1,0.37,0.02,0.03,343.92,516.74
0,0.1,0.37,0.02,0.04,351.7,528.06
0,0.1,0.37,0.03,0,363.88,469.36
0,0.1,0.37,0.03,0.01,363.75,487.23
0,0.1,0.37,0.03,0.02,368.4,502.31
0,0.1,0.37,0.03,0.03,364.84,516.73
0.05,0.05,0.37,0.03,0.04,440.82,453.21
0.05,0.1,0.37,0,0,393.39,469.82
0.05,0.1,0.37,0,0.01,393.03,486.04
0.05,0.1,0.37,0,0.02,394.62,494.58
0.05,0.1,0.37,0,0.03,396.78,514.66
0.05,0.1,0.37,0,0.04,391.78,531.1
0.05,0.1,0.37,0.01,0,408.75,473.49
0.05,0.1,0.37,0.01,0.01,410.89,485.32
0.05,0.1,0.37,0.01,0.02,411.21,499.89
0.05,0.1,0.37,0.01,0.03,409,515.55
0.05,0.1,0.37,0.01,0.04,408.92,526.73
0.05,0.1,0.37,0.02,0,422.81,472.27
0.05,0.1,0.37,0.02,0.01,424.14,484.89
0.05,0.1,0.37,0.02,0.02,429.93,498.29
0.05,0.1,0.37,0.02,0.03,424.85,517.67
0.05,0.1,0.37,0.02,0.04,423.94,528.61
0.05,0.1,0.37,0.03,0,440.77,473.41
0.05,0.1,0.37,0.03,0.01,439.51,483.64
0.05,0.1,0.37,0.03,0.02,439.59,501.42
0.05,0.1,0.37,0.03,0.03,436.59,514.21
0.1,0.05,0.37,0.03,0.04,515.48,454.24
0.1,0.1,0.37,0,0,472.36,471.26
0.1,0.1,0.37,0,0.01,468.24,482.96
0.1,0.1,0.37,0,0.02,472.33,497.07
0.1,0.1,0.37,0,0.03,466.28,514.68
0.1,0.1,0.37,0,0.04,468.09,526.11
0.1,0.1,0.37,0.01,0,486.72,470.83
0.1,0.1,0.37,0.01,0.01,483.18,486.04
0.1,0.1,0.37,0.01,0.02,484.34,501.66
0.1,0.1,0.37,0.01,0.03,482.85,516.8
0.1,0.1,0.37,0.01,0.04,481.68,534.04
0.1,0.1,0.37,0.02,0,497.2,464.38
0.1,0.1,0.37,0.02,0.01,500.98,483.39
0.1,0.1,0.37,0.02,0.02,499.54,504.13
0.1,0.1,0.37,0.02,0.03,497.23,515.05
0.1,0.1,0.37,0.02,0.04,502.9,529.79
0.1,0.1,0.37,0.03,0,514.46,469.05
0.1,0.1,0.37,0.03,0.01,515.65,481.06
0.1,0.1,0.37,0.03,0.02,514.55,497.93
0.1,0.1,0.37,0.03,0.03,512.59,512.33
-0.1,0.05,0.38,0.03,0.04,218.85,449.58
-0.1,0.1,0.38,0,0,169.47,466.57
-0.1,0.1,0.38,0,0.01,176.42,484.09
-0.1,0.1,0.38,0,0.02,175.53,492.94
-0.1,0.1,0.38,0,0.03,178.07,511.89
-0.1,0.1,0.38,0,0.04,173.45,526.02
-0.1,0.1,0.38,0.01,0,183.05,463.79
-0.1,0.1,0.38,0.01,0.01,188.28,481.87
-0.1,0.1,0.38,0.01,0.02,188.44,495.44
-0.1,0.1,0.38,0.01,0.03,189.95,509.4
-0.1,0.1,0.38,0.01,0.04,192.4,525.18
-0.1,0.1,0.38,0.02,0,203.43,465.31
-0.1,0.1,0.38,0.02,0.01,207.52,482.61
-0.1,0.1,0.38,0.02,0.02,202.47,493.11
-0.1,0.1,0.38,0.02,0.03,202.43,514.32
-0.1,0.1,0.38,0.02,0.04,205.62,525.41
-0.1,0.1,0.38,0.03,0,218.13,466
-0.1,0.1,0.38,0.03,0.01,216.99,479.12
-0.1,0.1,0.38,0.03,0.02,223.17,492.33
-0.1,0.1,0.38,0.03,0.03,216.63,509.4
-0.05,0.05,0.38,0.03,0.04,290.11,448.6
-0.05,0.1,0.38,0,0,241.47,466.78
-0.05,0.1,0.38,0,0.01,250.17,479.73
-0.05,0.1,0.38,0,0.02,247.06,496.87
-0.05,0.1,0.38,0,0.03,244.6,509.86
-0.05,0.1,0.38,0,0.04,249.39,528.03
-0.05,0.1,0.38,0.01,0,260.99,467.27
-0.05,0.1,0.38,0.01,0.01,263.52,481.38
-0.05,0.1,0.38,0.01,0.02,267.18,489.53
-0.05,0.1,0.38,0.01,0.03,263.57,507.92
-0.05,0.1,0.38,0.01,0.04,257.29,528.94
-0.05,0.1,0.38,0.02,0,276.65,464.15
-0.05,0.1,0.38,0.02,0.01,275.32,481.79
-0.05,0.1,0.38,0.02,0.02,277.65,494.48
-0.05,0.1,0.38,0.02,0.03,275.13,511.47
-0.05,0.1,0.38,0.02,0.04,280.83,523.79
-0.05,0.1,0.38,0.03,0,289.58,466.81
-0.05,0.1,0.38,0.03,0.01,287.48,477.21
-0.05,0.1,0.38,0.03,0.02,292.2,499.33
-0.05,0.1,0.38,0.03,0.03,288.56,508.14
0,0.05,0.38,0.03,0.04,364.26,447.24
0,0.1,0.38,0,0,322.3,467.59
0,0.1,0.38,0,0.01,318.37,477.61
0,0.1,0.38,0,0.02,318.3,493.89
0,0.1,0.38,0,0.03,320.8,508.58
0,0.1,0.38,0,0.04,317.55,518.17
0,0.1,0.38,0.01,0,332.82,464.38
0,0.1,0.38,0.01,0.01,333.09,481.21
0,0.1,0.38,0.01,0.02,336.57,494.58
0,0.1,0.38,0.01,0.03,334.95,510.83
0,0.1,0.38,0.01,0.04,332.5,523.57
0,0.1,0.38,0.02,0,348.28,464.84
0,0.1,0.38,0.02,0.01,351.42,481.02
0,0.1,0.38,0.02,0.02,348.28,496.11
0,0.1,0.38,0.02,0.03,345.61,511.58
0,0.1,0.38,0.02,0.04,348.47,521.23
0,0.1,0.38,0.03,0,358.89,468.71
0,0.1,0.38,0.03,0.01,365.51,483.27
0,0.1,0.38,0.03,0.02,360.92,497.17
0,0.1,0.38,0.03,0.03,363.51,513.87
0.05,0.05,0.38,0.03,0.04,431.16,451.18
0.05,0.1,0.38,0,0,390.76,464.24
0.05,0.1,0.38,0,0.01,391.13,479.85
0.05,0.1,0.38,0,0.02,388.05,489.26
0.05,0.1,0.38,0,0.03,394.34,509.13
0.05,0.1,0.38,0,0.04,391.63,521.8
0.05,0.1,0.38,0.01,0,406.59,464.21
0.05,0.1,0.38,0.01,0.01,407.4,482.47
0.05,0.1,0.38,0.01,0.02,409.36,493.36
0.05,0.1,0.38,0.01,0.03,404.19,509.68
0.05,0.1,0.38,0.01,0.04,407.28,523.83
0.05,0.1,0.38,0.02,0,420.16,464.98
0.05,0.1,0.38,0.02,0.01,419.9,476.9
0.05,0.1,0.38,0.02,0.02,421.68,495.79
0.05,0.1,0.38,0.02,0.03,421.12,512.16
0.05,0.1,0.38,0.02,0.04,420.93,524.08
0.05,0.1,0.38,0.03,0,437.97,461.48
0.05,0.1,0.38,0.03,0.01,438.94,480.55
0.05,0.1,0.38,0.03,0.02,437.85,494.13
0.05,0.1,0.38,0.03,0.03,438.53,510.78
0.1,0.05,0.38,0.03,0.04,507.17,455.89
0.1,0.1,0.38,0,0,464.54,465.69
0.1,0.1,0.38,0,0.01,468.13,480.89
0.1,0.1,0.38,0,0.02,460.82,497.66
0.1,0.1,0.38,0,0.03,467.05,509.49
0.1,0.1,0.38,0,0.04,468.39,523.44
0.1,0.1,0.38,0.01,0,477.54,465.02
0.1,0.1,0.38,0.01,0.01,482.03,479.74
0.1,0.1,0.38,0.01,0.02,479.17,493.63
0.1,0.1,0.38,0.01,0.03,481,510.34
0.1,0.1,0.38,0.01,0.04,481.9,527.12
0.1,0.1,0.38,0.02,0,498.65,468.21
0.1,0.1,0.38,0.02,0.01,497.41,477.8
0.1,0.1,0.38,0.02,0.02,498.28,501.17
0.1,0.1,0.38,0.02,0.03,494.25,516.06
0.1,0.1,0.38,0.02,0.04,494.68,522.17
0.1,0.1,0.38,0.03,0,504.3,467.11
0.1,0.1,0.38,0.03,0.01,506.6,481.05
0.1,0.1,0.38,0.03,0.02,507.83,496.67
0.1,0.1,0.38,0.03,0.03,510.91,512.15
-0.1,0.05,0.39,0.03,0.04,215.11,451.13
-0.1,0.1,0.39,0,0,175.85,463.71
-0.1,0.1,0.39,0,0.01,175.86,474.84
-0.1,0.1,0.39,0,0.02,177.3,487.88
-0.1,0.1,0.39,0,0.03,177.95,502.97
-0.1,0.1,0.39,0,0.04,172.1,521.36
-0.1,0.1,0.39,0.01,0,192.04,461.35
-0.1,0.1,0.39,0.01,0.01,191.34,476.09
-0.1,0.1,0.39,0.01,0.02,189.97,488.77
-0.1,0.1,0.39,0.01,0.03,191.61,507.03
-0.1,0.1,0.39,0.01,0.04,192.3,519.09
-0.1,0.1,0.39,0.02,0,207.56,463.1
-0.1,0.1,0.39,0.02,0.01,203.4,475.8
-0.1,0.1,0.39,0.02,0.02,208.22,490.17
-0.1,0.1,0.39,0.02,0.03,205.81,504.74
-0.1,0.1,0.39,0.02,0.04,204.05,523.83
-0.1,0.1,0.39,0.03,0,222.86,464.55
-0.1,0.1,0.39,0.03,0.01,221.27,478.89
-0.1,0.1,0.39,0.03,0.02,218.27,491.52
-0.1,0.1,0.39,0.03,0.03,221.24,506.38
-0.05,0.05,0.39,0.03,0.04,287.53,449.02
-0.05,0.1,0.39,0,0,252.79,459.21
-0.05,0.1,0.39,0,0.01,248.04,473.11
-0.05,0.1,0.39,0,0.02,244.05,492.76
-0.05,0.1,0.39,0,0.03,245.48,505.57
-0.05,0.1,0.39,0,0.04,249.19,520.3
-0.05,0.1,0.39,0.01,0,262.26,461.7
-0.05,0.1,0.39,0.01,0.01,262.97,476.1
-0.05,0.1,0.39,0.01,0.02,266.17,488.13
-0.05,0.1,0.39,0.01,0.03,260.11,504.72
-0.05,0.1,0.39,0.01,0.04,263.79,519.3
-0.05,0.1,0.39,0.02,0,280.34,464.09
-0.05,0.1,0.39,0.02,0.01,276.6,474.01
-0.05,0.1,0.39,0.02,0.02,279.67,492.68
-0.05,0.1,0.39,0.02,0.03,277.69,505.7
-0.05,0.1,0.39,0.02,0.04,275.69,520.99
-0.05,0.1,0.39,0.03,0,290.08,460.07
-0.05,0.1,0.39,0.03,0.01,288.81,475.69
-0.05,0.1,0.39,0.03,0.02,293.07,493.01
-0.05,0.1,0.39,0.03,0.03,290.7,502.62
0,0.05,0.39,0.03,0.04,363.47,448.48
0,0.1,0.39,0,0,316.22,460.62
0,0.1,0.39,0,0.01,318.5,473.9
0,0.1,0.39,0,0.02,319.6,490.72
0,0.1,0.39,0,0.03,321.02,506.16
0,0.1,0.39,0,0.04,317.71,522.56
0,0.1,0.39,0.01,0,335.45,460.84
0,0.1,0.39,0.01,0.01,334.63,476.07
0,0.1,0.39,0.01,0.02,333.25,489.26
0,0.1,0.39,0.01,0.03,338.28,503.86
0,0.1,0.39,0.01,0.04,331.09,515.18
0,0.1,0.39,0.02,0,350.59,463.31
0,0.1,0.39,0.02,0.01,349.68,471.65
0,0.1,0.39,0.02,0.02,349.03,493.09
0,0.1,0.39,0.02,0.03,352.23,505.86
0,0.1,0.39,0.02,0.04,348.47,522.57
0,0.1,0.39,0.03,0,361.54,457.3
0,0.1,0.39,0.03,0.01,358.06,475.85
0,0.1,0.39,0.03,0.02,360.86,491.44
0,0.1,0.39,0.03,0.03,362.47,503.85
0.05,0.05,0.39,0.03,0.04,434.82,443.29
0.05,0.1,0.39,0,0,390.72,461.82
0.05,0.1,0.39,0,0.01,394.05,474.07
0.05,0.1,0.39,0,0.02,388.14,494.03
0.05,0.1,0.39,0,0.03,388.99,502.5
0.05,0.1,0.39,0,0.04,392.38,522.35
0.05,0.1,0.39,0.01,0,407.62,461.96
0.05,0.1,0.39,0.01,0.01,407.47,473.22
0.05,0.1,0.39,0.01,0.02,403.62,490.16
0.05,0.1,0.39,0.01,0.03,406.12,506.73
0.05,0.1,0.39,0.01,0.04,407.93,520.54
0.05,0.1,0.39,0.02,0,416.26,461.33
0.05,0.1,0.39,0.02,0.01,414.7,470.2
0.05,0.1,0.39,0.02,0.02,419.44,487.05
0.05,0.1,0.39,0.02,0.03,419.24,504.17
0.05,0.1,0.39,0.02,0.04,420.08,522.87
0.05,0.1,0.39,0.03,0,435.51,458.03
0.05,0.1,0.39,0.03,0.01,431.87,474.65
0.05,0.1,0.39,0.03,0.02,431.15,488.63
0.05,0.1,0.39,0.03,0.03,430.24,504.73
0.1,0.05,0.39,0.03,0.04,509.76,450.63
0.1,0.1,0.39,0,0,460.67,464.79
0.1,0.1,0.39,0,0.01,461.66,478.87
0.1,0.1,0.39,0,0.02,463.16,486.71
0.1,0.1,0.39,0,0.03,467.26,505.9
0.1,0.1,0.39,0,0.04,464.28,520.46
0.1,0.1,0.39,0.01,0,476.85,463.25
0.1,0.1,0.39,0.01,0.01,472.46,478.84
0.1,0.1,0.39,0.01,0.02,475.54,487.66
0.1,0.1,0.39,0.01,0.03,479.79,503.17
0.1,0.1,0.39,0.01,0.04,474.9,523.24
0.1,0.1,0.39,0.02,0,490.14,462.04
0.1,0.1,0.39,0.02,0.01,489.33,477.49
0.1,0.1,0.39,0.02,0.02,492.23,492.39
0.1,0.1,0.39,0.02,0.03,492.59,505.86
0.1,0.1,0.39,0.02,0.04,492.27,522.65
0.1,0.1,0.39,0.03,0,502.66,460.31
0.1,0.1,0.39,0.03,0.01,501.98,476.09
0.1,0.1,0.39,0.03,0.02,505.03,490.29
0.1,0.1,0.39,0.03,0.03,499.35,503.04
-0.1,0.05,0.4,0.03,0.04,225.89,446.19
-0.1,0.1,0.4,0,0,179.61,459.16
-0.1,0.1,0.4,0,0.01,179.21,472.98
-0.1,0.1,0.4,0,0.02,187.67,487.25
-0.1,0.1,0.4,0,0.03,176.76,501.73
-0.1,0.1,0.4,0,0.04,177.13,515.91
-0.1,0.1,0.4,0.01,0,193.16,463.82
-0.1,0.1,0.4,0.01,0.01,195.94,472.52
-0.1,0.1,0.4,0.01,0.02,190.88,485.14
-0.1,0.1,0.4,0.01,0.03,190.65,501.44
-0.1,0.1,0.4,0.01,0.04,198.59,510.69
-0.1,0.1,0.4,0.02,0,211.48,456.77
-0.1,0.1,0.4,0.02,0.01,205.61,468.33
-0.1,0.1,0.4,0.02,0.02,210.01,484.56
-0.1,0.1,0.4,0.02,0.03,209.57,497.73
-0.1,0.1,0.4,0.02,0.04,209.75,517.85
-0.1,0.1,0.4,0.03,0,223.6,454.46
-0.1,0.1,0.4,0.03,0.01,222.56,474.57
-0.1,0.1,0.4,0.03,0.02,221.7,487.04
-0.1,0.1,0.4,0.03,0.03,221.52,501.84
-0.05,0.05,0.4,0.03,0.04,289.64,439.79
-0.05,0.1,0.4,0,0,251.66,458.01
-0.05,0.1,0.4,0,0.01,251.25,470.94
-0.05,0.1,0.4,0,0.02,255.29,488.19
-0.05,0.1,0.4,0,0.03,251.78,500.8
-0.05,0.1,0.4,0,0.04,253.66,518.22
-0.05,0.1,0.4,0.01,0,266.32,456.94
-0.05,0.1,0.4,0.01,0.01,261.2,473.81
-0.05,0.1,0.4,0.01,0.02,265.64,482.36
-0.05,0.1,0.4,0.01,0.03,266,498.69
-0.05,0.1,0.4,0.01,0.04,263.1,515
-0.05,0.1,0.4,0.02,0,282.44,459.84
-0.05,0.1,0.4,0.02,0.01,281.46,469.63
-0.05,0.1,0.4,0.02,0.02,278.45,482.76
-0.05,0.1,0.4,0.02,0.03,276.95,495.89
-0.05,0.1,0.4,0.02,0.04,278.5,517.05
-0.05,0.1,0.4,0.03,0,291.85,456.52
-0.05,0.1,0.4,0.03,0.01,293.34,473.11
-0.05,0.1,0.4,0.03,0.02,293.27,489.61
-0.05,0.1,0.4,0.03,0.03,293.2,500.89
0,0.05,0.4,0.03,0.04,363.64,444.32
0,0.1,0.4,0,0,316.21,457.87
0,0.1,0.4,0,0.01,323.14,471.99
0,0.1,0.4,0,0.02,314.87,487.15
0,0.1,0.4,0,0.03,318.37,499.05
0,0.1,0.4,0,0.04,318.46,515.48
0,0.1,0.4,0.01,0,333.53,458.08
0,0.1,0.4,0.01,0.01,335.49,476.46
0,0.1,0.4,0.01,0.02,337.15,483.99
0,0.1,0.4,0.01,0.03,333.73,500.32
0,0.1,0.4,0.01,0.04,330.26,510.87
0,0.1,0.4,0.02,0,348.06,458.11
0,0.1,0.4,0.02,0.01,339.77,471.79
0,0.1,0.4,0.02,0.02,346.45,489.11
0,0.1,0.4,0.02,0.03,345.99,498.02
0,0.1,0.4,0.02,0.04,345.77,513.16
0,0.1,0.4,0.03,0,364.36,460.81
0,0.1,0.4,0.03,0.01,359.58,472.37
0,0.1,0.4,0.03,0.02,360.46,484.85
0,0.1,0.4,0.03,0.03,365.17,501.39
0.05,0.05,0.4,0.03,0.04,430.47,447.93
0.05,0.1,0.4,0,0,391.56,458.66
0.05,0.1,0.4,0,0.01,387.79,470.75
0.05,0.1,0.4,0,0.02,393.03,486.62
0.05,0.1,0.4,0,0.03,384.17,501.87
0.05,0.1,0.4,0,0.04,386.13,514.23
0.05,0.1,0.4,0.01,0,402.1,458.55
0.05,0.1,0.4,0.01,0.01,405.64,473.84
0.05,0.1,0.4,0.01,0.02,404.22,489.08
0.05,0.1,0.4,0.01,0.03,403.82,499.67
0.05,0.1,0.4,0.01,0.04,398.29,513.55
0.05,0.1,0.4,0.02,0,420.19,459.19
0.05,0.1,0.4,0.02,0.01,413.43,471.01
0.05,0.1,0.4,0.02,0.02,417.48,486.86
0.05,0.1,0.4,0.02,0.03,415.78,498.87
0.05,0.1,0.4,0.02,0.04,416.77,516.06
0.05,0.1,0.4,0.03,0,431.6,458.55
0.05,0.1,0.4,0.03,0.01,429.24,472.09
0.05,0.1,0.4,0.03,0.02,434.14,490.33
0.05,0.1,0.4,0.03,0.03,431.47,494.73
0.1,0.05,0.4,0.03,0.04,499.33,445.14
0.1,0.1,0.4,0,0,459.95,464.57
0.1,0.1,0.4,0,0.01,461.12,473.74
0.1,0.1,0.4,0,0.02,458.88,487.69
0.1,0.1,0.4,0,0.03,460.18,502.7
0.1,0.1,0.4,0,0.04,458.67,514.05
0.1,0.1,0.4,0.01,0,472.21,456.82
0.1,0.1,0.4,0.01,0.01,475.35,473.03
0.1,0.1,0.4,0.01,0.02,470.85,489.86
0.1,0.1,0.4,0.01,0.03,473.72,506.47
0.1,0.1,0.4,0.01,0.04,473.43,515.62
0.1,0.1,0.4,0.02,0,488.07,454.16
0.1,0.1,0.4,0.02,0.01,486.51,472.65
0.1,0.1,0.4,0.02,0.02,486.95,483.98
0.1,0.1,0.4,0.02,0.03,487.17,500.59
0.1,0.1,0.4,0.02,0.04,488.41,512.16
0.1,0.1,0.4,0.03,0,501.42,455.45
0.1,0.1,0.4,0.03,0.01,496.42,474.26
0.1,0.1,0.4,0.03,0.02,505.28,488.77
0.1,0.1,0.4,0.03,0.03,500.7,494.56
